id,stem,options,answer,answer_detail,label_id,label_name,source,topic,question_no,question_page,answer_page,section,ocr_note,source_file
1,1.假说—演绎法是科学研究中常用的方法，包括“提出问题、作出假说、演绎推理、实验验证、得出结论”五个基本环节，利用该方法，孟德尔发现了两大遗传定律.下列关于孟德尔研究过程的分析，错误的是(　　),"A.孟德尔所作假说的核心内容是“F1产生两种配子的比例是1∶1”
B.孟德尔依据减数分裂的相关原理进行了“演绎推理”的过程
C.为了验证作出的假说是否正确，孟德尔设计并完成了测交实验
D.测交后代性状比例为1∶1，可以从个体水平上说明基因分离定律的实质",B,"答案　B
解析　孟德尔依据假说的内容进行了“演绎推理”的过程，B错误.",1,1,模块检测试卷\模块检测试卷(一)（教师版）.docx,,,,,,,word补充习题一套_题目答案知识标注.xlsx
2,2.羊的毛色由一对等位基因控制，一对白毛羊产生的后代中出现了黑毛羊，这种现象的遗传学名称以及产生的原因依次是(　　),"A.性状分离　基因分离定律和基因自由组合定律
B.性状分离　基因的分离定律和受精的随机性
C.性状重组　基因的分离定律和基因突变
D.性状重组　伴性遗传和减数分裂",B,"答案　B
解析　一对白毛羊产生的后代中出现了黑毛羊，这种现象叫作性状分离，同时说明该对白毛羊均为杂合子.该对杂合子的白毛羊在减数分裂形成配子的过程中，等位基因随同源染色体的分开而分离，各产生了两种比例相等的配子；在受精过程中，雌、雄配子的随机结合，导致后代中出现了黑毛羊，即后代中黑毛羊产生的原因是基因的分离定律和受精的随机性，B符合题意.",2,2,模块检测试卷\模块检测试卷(一)（教师版）.docx,,,,,,,word补充习题一套_题目答案知识标注.xlsx
3,3.(2023·福建福州高一检测)某研究小组利用如下装置进行了二倍体生物性状分离比的模拟实验:甲、乙两个容器中各放置两种小球，球上标记的A、a、B、b代表基因，每次从甲、乙两个容器中各随机抽出一个小球，记录组合情况，重复多次实验并计算各种组合间的比例.下列说法错误的是(　　),"A.甲、乙两个容器中的小球可能分别代表雌、雄配子
B.每个容器中的两种小球数量之比应为1∶1
C.该实验模拟了同源染色体上等位基因的分离
D.该实验模拟了两对同源染色体上非等位基因的自由组合",A,"答案　A
解析　甲、乙两个容器里面的小球代表同源染色体上的等位基因，A错误；每个容器中两种小球的数量需相等，且甲、乙两个容器中小球的总数也要相等，B正确；该实验模拟的是减数分裂过程中同源染色体上等位基因的分离和非同源染色体上非等位基因的自由组合，C、D正确.",14,14,模块检测试卷\模块检测试卷(一)（教师版）.docx,,,,,,,word补充习题一套_题目答案知识标注.xlsx
4,4.某植物花的红色对白色为显性，受一对等位基因控制，现选择亲本为开红色花的植株自由交配获得子一代，性状分离比为红色花∶白色花＝48∶1，则亲本中纯合子所占的比例为(　　),A.2/3 B.1/9 C.3/4 D.5/7,D,"答案　D
解析　根据题干信息分析，开红色花的植株与开红色花的植株杂交，后代出现了开白色花的植株，说明红色花是显性性状，白色花是隐性性状.设相关基因用A、a表示，后代中红色花∶白色花＝48∶1，说明开白色花的植株(aa)占1/49，则a的基因频率＝1/7，A的基因频率＝6/7，亲本的基因型为AA和Aa，假设亲本中纯合子所占的比例为x，则杂合子所占的比例为1－x，则a的基因频率＝1/2×(1－x)＝1/7，计算出x＝5/7，故亲本中纯合子所占的比例为5/7.",0,0,模块检测试卷\模块检测试卷(一)（教师版）.docx,,,,,,,word补充习题一套_题目答案知识标注.xlsx
5,5.如图表示孟德尔揭示两个遗传定律时所选用的豌豆植株及其体内相关基因控制的性状、显隐性及其在染色体上的分布.下列叙述错误的是(　　),"A.图甲、乙、丙、丁所示个体都可以作为验证基因分离定律的材料
B.图丁所示个体自交后代中表型及比例为黄皱∶绿皱＝3∶1
C.图甲、乙所示个体减数分裂时，不能揭示基因的自由组合定律的实质
D.图丙所示个体自交，子代表型比例为9∶3∶3∶1，属于假说—演绎的验证阶段",D,"答案　D
解析　图丙所示个体自交，子代表型比例为9∶3∶3∶1，属于观察现象阶段，D错误.",1,1,模块检测试卷\模块检测试卷(一)（教师版）.docx,,,,,,,word补充习题一套_题目答案知识标注.xlsx
6,6.(2023·河北沧州高一质检)如图甲表示某生物(2n＝8)细胞分裂过程中的一条染色体(质)的变化过程，图乙表示该生物细胞分裂时有关物质或结构数量的相关曲线.下列叙述正确的是(　　),"A.a时不可能发生非等位基因的自由组合
B.图甲可表示一次细胞分裂过程中完整的染色体形态变化
C.若图乙曲线表示减数分裂中染色体数目变化的部分曲线，则n＝8
D.若图乙表示每条染色体的DNA数量变化，则图乙ab段可表示图甲③过程",D,"答案　D
解析　a可表示减数分裂Ⅰ，在减数分裂Ⅰ前期和后期都可能发生非等位基因的自由组合，A错误；图甲不能表示一次细胞分裂过程中完整的染色体形态变化，因为染色体还要解螺旋形成染色质，B错误；若图乙曲线表示减数分裂中染色体数目变化的部分曲线，则n＝4，C错误；若图乙表示每条染色体的DNA数量变化，则图乙ab段形成的原因是着丝粒分裂，可表示图甲③过程，D正确.",1,1,模块检测试卷\模块检测试卷(一)（教师版）.docx,,,,,,,word补充习题一套_题目答案知识标注.xlsx
7,7.果蝇的灰身和黑身由一对等位基因(A、a)控制，灰身对黑身为显性.让一只纯合的灰身雌果蝇与一只黑身雄果蝇交配得到子一代，子一代的雌、雄个体随机交配得到子二代.为了确定基因A、a是位于常染色体上，还是位于X染色体上，可观察和统计子二代的下列指标，其中不能达到目的的是(　　),"A.雌蝇中灰身与黑身的比例
B.黑身果蝇中雌性与雄性的比例
C.雄蝇中灰身与黑身的比例
D.灰身果蝇与黑身果蝇的比例",D,"答案　D
解析　若A、a基因位于常染色体上，子二代雌、雄果蝇中灰身与黑身的比例是相同的，都是3∶1，若A、a基因位于X染色体上，则子二代中雌性全部为灰身，雄性灰身∶黑身＝1∶1，A、B、C不符合题意；若A、a基因位于常染色体上，子二代灰身∶黑身＝3∶1，若A、a基因位于X染色体上，子二代灰身∶黑身＝3∶1，无法达到目的，D符合题意.",2,2,模块检测试卷\模块检测试卷(一)（教师版）.docx,,,,,,,word补充习题一套_题目答案知识标注.xlsx
8,8.西瓜的瓜重是由基因(用A、B、C……表示)控制的，每增加一个显性基因增重1千克，用瓜重为6千克的西瓜植株与瓜重为4千克的西瓜植株杂交，F1瓜重均为5千克，F2中又出现了瓜重为2千克与8千克的西瓜植株，各占1/64.下列叙述正确的是(　　),"A.西瓜的瓜重是由两对等位基因控制的
B.瓜重为6千克的西瓜植株有5种基因型
C.亲本的基因型可能为AAbbcc×aaBBCC
D.瓜重分别为2千克与8千克的西瓜植株杂交，子代的瓜重为4千克",C,"答案　C
解析　由题干中“F2中又出现了瓜重为2千克和8千克的西瓜植株，各占1/64”可知，西瓜的瓜重这一性状由三对等位基因控制，且这三对等位基因分别位于三对同源染色体上，A错误；瓜重为6千克的西瓜应含有4个显性基因，基因型大于5种，B错误；两亲本分别为4千克(含2个显性基因)和6千克(含4个显性基因)，基因型组合可能为AAbbcc×aaBBCC，C正确；瓜重为2千克的西瓜(不含显性基因)的基因型为aabbcc,8千克的西瓜(含6个显性基因)的基因型为AABBCC，二者杂交，子代基因型为AaBbCc，含有三个显性基因，瓜重为2＋3＝5(千克)，D错误.",0,0,模块检测试卷\模块检测试卷(一)（教师版）.docx,,,,,,,word补充习题一套_题目答案知识标注.xlsx
9,9.将S型肺炎链球菌注入小鼠体内，会引起小鼠患败血症死亡.下列有关肺炎链球菌的转化实验的叙述，正确的是(　　),"A.S型细菌利用小鼠细胞的核糖体合成细菌的蛋白质
B.无毒的R型细菌转化为有毒的S型细菌属于基因突变
C.在培养R型细菌的培养基中添加S型细菌的DNA酶后出现的只有S型细菌
D.艾弗里的实验证实加热致死的S型细菌体内存在的转化因子是DNA",D,"答案　D
解析　S型细菌利用自身的核糖体合成细菌的蛋白质，A错误；无毒的R型细菌转化为有毒的S型细菌属于基因重组，B错误；在培养R型细菌的培养基中添加S型细菌的DNA酶后出现的只有R型细菌，C错误.",7,7,模块检测试卷\模块检测试卷(一)（教师版）.docx,,,,,,,word补充习题一套_题目答案知识标注.xlsx
10,10.下列关于真核细胞中DNA分子结构和复制的叙述，错误的是(　　),"A.DNA分子的两条核苷酸链反向平行，构成双螺旋结构
B.一条核苷酸链上相邻两个碱基通过氢键相连
C.在DNA复制的过程中，解旋和复制同时进行
D.DNA连续复制4次，含最初模板链的DNA占1/8",B,"答案　B
解析　一条核苷酸链上相邻两个碱基通过“－脱氧核糖－磷酸－脱氧核糖－”相连，B错误.",4,4,模块检测试卷\模块检测试卷(一)（教师版）.docx,,,,,,,word补充习题一套_题目答案知识标注.xlsx
11,11.下列对甲、乙、丙三个与DNA分子有关的图示的说法，正确的是(　　),"A.图甲DNA放在含15N的培养液中复制2代，子代含15N的DNA单链占总链的1/8
B.图甲②处的碱基缺失将导致基因突变，若图乙表示逆转录，图中显示有7种核苷酸
C.图丙中所示的生理过程为转录和翻译，图甲中的比例能表现DNA分子的特异性
D.图丙所示的过程可发生在细菌中，根尖细胞中能进行图乙所示生理过程的结构有细胞核、线粒体",D,"答案　D
解析　图甲DNA中一条链含有14N，另一条链含有15N，放在含15N的培养液中复制2代，共形成4个DNA分子，含8条DNA单链，其中含15N的DNA单链占总链的7/8，A错误；若图乙表示逆转录，DNA含有4种脱氧核苷酸，RNA含有4种核糖核苷酸，则共有8种核苷酸，B错误；双链DNA分子中A＝T、C＝G，所以＝1，不能表现出DNA分子的特异性，C错误；图丙中转录和翻译同时进行，说明该生物为原核生物，故可以表示细菌的转录和翻译，根尖细胞没有叶绿体，转录只能发生在细胞核和线粒体中，D正确.",7,7,模块检测试卷\模块检测试卷(一)（教师版）.docx,,,,,,,word补充习题一套_题目答案知识标注.xlsx
12,12.范可尼贫血是一种罕见的儿科疾病，科学家已经找到了与范可尼贫血相关的13个基因，当这些基因发生突变时就会引发疾病.下列关于该遗传病的叙述，正确的是(　　),"A.分析异常基因的碱基种类可以确定变异的类型
B.调查该病的发病率应在自然人群中随机取样调查并计算
C.该遗传病一定会遗传给子代个体
D.基因突变可能造成某个基因的缺失，引起该遗传病",B,"答案　B
解析　所有基因中碱基种类都相同，因此分析异常基因的碱基种类不能确定变异的类型，A错误；调查该病的发病率应在自然人群中随机取样调查并计算，且调查的人数要足够多，B正确；范可尼贫血是基因突变引起的一种儿科疾病，不一定会遗传给子代个体，C错误；基因突变可能造成某个基因结构的改变，但是不会导致该基因的缺失，D错误.",14,14,模块检测试卷\模块检测试卷(一)（教师版）.docx,,,,,,,word补充习题一套_题目答案知识标注.xlsx
13,13.(2023·河北邢台高一期中)如图a～d分别表示发生染色体变异的细胞或结构模式图，下列相关叙述错误的是(　　),"A.a属于染色体数目变异，21三体综合征形成与其类似
B.b为染色体结构变异，可用显微镜观察到
C.c所示的细胞是三倍体，一般不可育
D.猫叫综合征的形成过程与d所示变异原理相似",C,"答案　C
解析　c所示的细胞含有三个染色体组，也可能来自单倍体，一般不可育，C错误.",8,8,模块检测试卷\模块检测试卷(一)（教师版）.docx,,,,,,,word补充习题一套_题目答案知识标注.xlsx
14,14.如图为人类的某种单基因遗传病系谱图.在不考虑X、Y染色体同源区段的情况下，下列相关叙述正确的是(　　),"A.此病致病基因在常染色体或X染色体上
B.若此病为显性遗传病，则Ⅲ3为杂合子的概率为1/2
C.若Ⅲ6患病，此病一定为伴X染色体隐性遗传病
D.若此病为隐性遗传病，则图中所有正常个体均为杂合子",D,"答案　D
解析　分析图示可知，患病的个体有女性，说明不是伴Y染色体遗传，男患者的女儿有正常个体，说明不是伴X染色体显性遗传，女患者的儿子不都患病，说明不是伴X染色体隐性遗传，则可能为常染色体显性遗传或常染色体隐性遗传，A、C错误；若此病为显性遗传病，则为常染色体显性遗传病，由于Ⅲ3的母亲为正常个体，不含致病基因，所以Ⅲ3为杂合子的概率是1，B错误；若此病为隐性遗传病，则为常染色体隐性遗传病，题图中所有正常个体均有患病的父、母或子、女，故所有正常个体均为杂合子，D正确.",2,2,模块检测试卷\模块检测试卷(一)（教师版）.docx,,,,,,,word补充习题一套_题目答案知识标注.xlsx
15,15.某地区人群每10 000人当中有一个白化病患者，若一女性患者与该地一个表现正常的男子结婚，则他们生育一患白化病男孩的概率约为(　　),"A.1% B.0.5%
C.12.5% D.25%",B,"答案　B
解析　白化病是常染色体隐性遗传病，设相关基因为A、a，女性患者(aa)与男性携带者(Aa)婚配才可能生出患病的孩子，根据某地区人群每10 000人当中有一个白化病患者可知，a基因的基因频率为1%，A基因的基因频率为1－1%＝99%，故该地区基因型为Aa的个体占2×99%×1%，基因型为AA的个体占99%×99%，所以该正常男子是携带者的概率为(2×99%×1%)÷(2×99%×1%＋99%×99%)≈2%，他们生一个患白化病男孩的概率约为2%×1/2×1/2＝0.5%.",9,9,模块检测试卷\模块检测试卷(一)（教师版）.docx,,,,,,,word补充习题一套_题目答案知识标注.xlsx
16,16.(2022·江苏连云港高一期末)小鼠的正常体型和矮小体型分别受常染色体上等位基因A、a控制.小鼠体型遗传过程中，有一种有趣的“基因印迹”现象，来自某一亲本的基因A被“印迹”而不能表达.下列叙述错误的是(　　),"A.正常体型小鼠和矮小体型小鼠均可能是杂合子
B.基因型为Aa的雌雄小鼠交配，子代性状分离比为3∶1
C.可通过测交实验判断被“印迹”基因A来自哪个亲本
D.若“印迹”基因A来自母本，母本不一定是正常体型",B,答案　B,0,0,模块检测试卷\模块检测试卷(一)（教师版）.docx,,,,,,,word补充习题一套_题目答案知识标注.xlsx
17,17.(2023·山西运城高一质检)菜豆种皮的颜色由两对非等位基因A/a和B/b控制.A基因控制黑色素的合成(A—显性基因—出现色素，AA和Aa的效应相同)，B基因为修饰基因，淡化颜色的深度(B—显性基因—修饰效应出现，BB使色素颜色完全消失，Bb使色素颜色淡化)，现有亲代种子P1(纯种、白色)和P2(纯种、黑色)，杂交实验如图所示.则下列有关推断不正确的是(　　),"A.P1和P2的基因型分别为AABB和aabb
B.F2种皮为黑色的个体其基因型有2种
C.F1的基因型是AaBb
D.F2种皮为白色的个体其基因型有5种",A,"答案　A
解析　由于BB使色素颜色完全消失，Bb使色素颜色淡化，又因为F1为黄褐色，所以亲代种子P1(纯种白色)的基因型只能是aaBB，P2(纯种黑色)的基因型只能是AAbb，A错误；F2种皮是黑色的个体其基因型有2种，分别是AAbb和Aabb，B正确；亲代种子P1(纯种白色)的基因型是aaBB，P2(纯种黑色)的基因型是AAbb，因此F1的基因型为AaBb，C正确；F2种皮为白色的个体其基因型有5种，分别是AABB、AaBB、aaBB、aaBb、aabb，D正确.",0,0,模块检测试卷\模块检测试卷(一)（教师版）.docx,,,,,,,word补充习题一套_题目答案知识标注.xlsx
18,18.(2023·江苏无锡高一期末)DNA上含有的一段能被RNA聚合酶识别、结合并驱动基因转录的序列称为启动子，如果启动子序列的某些碱基被甲基化修饰，其将不能被RNA聚合酶识别.拟南芥种子的萌发依赖于NIC基因的表达，该基因启动子中的甲基基团能够被R基因编码的D酶切除.如图表示NIC基因转录和翻译的过程，下列叙述错误的是(　　),"A.种子萌发受R基因和NIC基因共同控制
B.R基因缺失突变体细胞中的NIC基因可能不会发生图示过程
C.图甲中合成C链的原料是脱氧核苷酸，另外还需能量供应
D.若图乙中mRNA上的密码子碱基发生替换，肽链中氨基酸种类不一定会发生改变",C,"答案　C
解析　种子萌发依赖于NIC基因的表达，而NIC基因的转录需要R基因编码D酶将该基因的启动子中的甲基基团切除，所以，种子萌发受R基因和NIC基因共同调控，A正确；R基因缺失，NIC基因的启动子不能被RNA聚合酶识别，无法发生转录，B正确；图甲合成中的C链(mRNA)的原料是核糖核苷酸，需要能量供应，C错误；若图乙中mRNA上的密码子碱基发生替换，但由于密码子的简并性等原因，编码的氨基酸序列不一定会发生改变，D正确.",5,5,模块检测试卷\模块检测试卷(一)（教师版）.docx,,,,,,,word补充习题一套_题目答案知识标注.xlsx
19,19.(2022·山东烟台高一期末)棉花的长绒和短绒由A/a基因控制，白色和红色由B/b基因控制.育种专家对长绒深红棉植株M的萌发种子进行电离辐射处理，得到了长绒浅红棉植株M1，M1自交后代出现了新型白色棉.据图分析，下列说法不正确的是(　　),"A.人类猫叫综合征和M1的变异类型相同
B.电离辐射使M萌发的种子发生基因重组
C.M1突变株自交后代中长绒浅红棉植株占3/8
D.M1突变株自交后代中白色棉体细胞不含b基因",B,"答案　B
解析　据图分析可知，电离辐射导致M萌发的种子发生染色体部分缺失，属于染色体变异，与人类猫叫综合征的变异类型相同，A正确，B错误；M1的基因型为AabO(O表示片段缺失的染色体)，其自交后，产生的长绒浅红棉植株(A_bO)占3/4×1/2＝3/8，C正确；M1自交后代产生的新型白色棉(A_OO或aaOO)体细胞中不含b基因，D正确.",8,8,模块检测试卷\模块检测试卷(一)（教师版）.docx,,,,,,,word补充习题一套_题目答案知识标注.xlsx
20,20.中国国宝大熊猫最开始是一种食肉动物，大熊猫经过漫长的进化，其主要食物都来源于竹子，大熊猫的食性与B、b的基因频率有关.现有一个较大的大熊猫种群中雌雄数量相等，且雌雄之间可以自由交配，该种群中B的基因频率为60%，b的基因频率为40%，则下列有关说法正确的是(　　),"A.如果环境条件相对稳定，则B和b的基因频率一定不会发生改变
B.大熊猫食性的改变是与其他生物及无机环境协同进化的结果
C.如果B和b位于常染色体，则显性性状个体中杂合子的概率是48%
D.如果将该大熊猫种群人为隔开，则一定会形成两个新的物种",B,"答案　B
解析　环境条件不变一般不会因为自然选择而使基因频率发生改变，但生物变异会导致基因频率改变，A错误；如果B和b位于常染色体，则显性性状个体中杂合子的概率是(2×60%×40%)/[1－(40%)2]＝4/7，C错误；人为将大熊猫种群产生地理隔离，也不一定会导致新物种的形成，D错误.
二、非选择题(本题包括4小题，共50分)",13,13,模块检测试卷\模块检测试卷(一)（教师版）.docx,,,,,,,word补充习题一套_题目答案知识标注.xlsx
21,"21.(15分)RNA编辑是某些RNA，特别是mRNA前体的一种加工方式，如插入、删除或取代一些核苷酸，导致DNA所编码的mRNA发生改变.载脂蛋白B(apoB)是负责脂类转运的蛋白质.在人体中主要有两种亚型，一种为肝、肾细胞分泌的apoB—100蛋白，另一种为肠道分泌的apoB—48蛋白.如图表示apoB基因在不同细胞中表达出apoB—100蛋白和apoB—48蛋白的过程.请回答下列问题:
(1)RNA编辑________(填“属于”或“不属于”)基因突变，该实例说明__________________
_______________________________________________________________________________.
(2)过程①中能与DNA的特殊部位相结合的物质是____________________，该过程中碱基互补配对的方式有________________________________________________________________.
(3)过程②需要的原料是__________________________________________________________.
人体肝、肾细胞合成apoB—100蛋白时，过程①和②进行的场所分别是________和________.
(4)apoB—48蛋白的氨基酸数目比apoB—100蛋白少的原因是___________________________
_______________________________________________________________________________.
若apoB基因中发生碱基的替换，但合成的相应载脂蛋白并没有发生改变，原因是___________
_______________________________________________________________________________.
(5)上述事例说明基因控制性状的途径之一为通过控制______________直接控制生物体的性状.此外基因还可以通过控制______________________，进而控制生物体的性状.",,(1)不属于　相同基因可能会表达出不同的蛋白质　(2)RNA聚合酶　A－U、G－C、C－G、T－A　(3)氨基酸　细胞核　核糖体　(4)在小肠细胞中经过脱氨酶的作用，mRNA上的一个碱基C变成了U，导致终止密码子提前出现　一种氨基酸可能由多种密码子编码(或碱基的替换发生在基因的非编码区)　(5)蛋白质的结构　酶的合成来控制代谢过程,"答案　(1)不属于　相同基因可能会表达出不同的蛋白质　(2)RNA聚合酶　A－U、G－C、C－G、T－A　(3)氨基酸　细胞核　核糖体　(4)在小肠细胞中经过脱氨酶的作用，mRNA上的一个碱基C变成了U，导致终止密码子提前出现　一种氨基酸可能由多种密码子编码(或碱基的替换发生在基因的非编码区)　(5)蛋白质的结构　酶的合成来控制代谢过程
解析　(1)基因突变是指DNA分子中发生碱基的增添、缺失或替换，而引起的基因结构的改变，RNA编辑导致DNA所编码的mRNA发生改变，不属于基因突变.根据题干信息，RNA编辑后会导致相同基因可能会表达出不同的蛋白质.(2)过程①是转录过程，其中能与DNA的特殊部位相结合的物质是RNA聚合酶，该过程中碱基互补配对的方式有A－U、G－C、C－G、T－A(或A－U、G－C、T－A或A－U、C－G、T－A).(3)过程②为翻译过程，需要的原料是氨基酸.人体肝、肾细胞合成apoB—100蛋白时，过程①是转录，过程②是翻译，进行的场所分别是细胞核和核糖体.(4)因为在小肠细胞中经过脱氨酶的作用，mRNA上的一个碱基C变成了U，导致终止密码子提前出现，所以apoB—48蛋白的氨基酸数目比apoB—100蛋白少.又因为一种氨基酸可能由多种密码子编码(或碱基的替换发生在基因的非编码区)，所以apoB基因中发生碱基的替换，但合成的相应载脂蛋白并没有发生改变.(5)上述事例说明基因控制性状的途径之一为通过控制蛋白质的结构直接控制生物体的性状.此外基因还可以通过控制酶的合成来控制代谢过程，进而控制生物体的性状.",7,7,模块检测试卷\模块检测试卷(一)（教师版）.docx,,,,,,,word补充习题一套_题目答案知识标注.xlsx
22,"22.(13分)(2023·江苏淮安高一质检)下列图甲、乙、丙、丁分别是某生物细胞分裂图和分裂过程中物质或结构变化的相关模式图.请据图回答下列问题:
(1)图甲细胞所处的分裂时期为________________，含四分体____个.图丙细胞中含同源染色体________对.图乙的细胞名称为__________________________________________________.
图乙能代表图甲分裂产生的子细胞之一吗？________(填“能”或“不能”).
(2)图丁a、b、c中表示核DNA分子的是________，图中细胞对应图丁Ⅱ时期的细胞是________.
(3)研究表明，cAMP对初级卵母细胞完成减数分裂Ⅰ有抑制作用，大致机理如图戊所示.请回答下列问题:
由图戊可知，被激活的酶A能催化ATP水解生成________，进而使酶P活化后抑制初级卵母细胞分裂.据图戊可推测，进入青春期后女性的初级卵母细胞恢复分裂的信号途径是________________________________________________________________________________
_______________________________________________________________________________，
细胞内的cAMP浓度降低，活化的酶P减少，解除了对减数分裂Ⅰ的抑制作用.",,(1)减数分裂Ⅰ后期　0　0　次级卵母细胞或极体　不能　(2)c　甲　(3)PPi和cAMP　信号分子2作用于S2蛋白，通过G2蛋白抑制酶A的作用，进而导致cAMP的含量下降,"答案　(1)减数分裂Ⅰ后期　0　0　次级卵母细胞或极体　不能　(2)c　甲　(3)PPi和cAMP　信号分子2作用于S2蛋白，通过G2蛋白抑制酶A的作用，进而导致cAMP的含量下降
解析　(3)据图戊可知，被激活的酶A能催化ATP的水解，ATP水解的产物是PPi和cAMP；图中信号分子2作用于S2蛋白，通过G2蛋白抑制酶A，导致细胞内的cAMP浓度降低，活化的酶P减少，解除了对减数分裂Ⅰ的抑制作用，即进入青春期后女性的初级卵母细胞会恢复分裂的途径是信号分子2作用于S2蛋白，通过G2蛋白抑制酶A的作用，进而导致cAMP的含量下降.",1,1,模块检测试卷\模块检测试卷(一)（教师版）.docx,,,,,,,word补充习题一套_题目答案知识标注.xlsx
23,"23.(10分)如图为某学习小组的同学在调查中发现的某患者家族系谱图，该家族有两种遗传病(α-海洋性贫血症由基因A/a控制，红绿色盲由基因B/b控制).请回答下列问题:
(1)α-海洋性贫血症的遗传方式为________________________.
(2)若Ⅲ－9和Ⅲ－7结婚，生育的子女中发病的概率是________，若Ⅲ－9和Ⅲ－7生了一个患两种遗传病的孩子，那么他们再生一个儿子健康的概率为________.妻子再次怀孕，其避免生出患病小孩的措施是________________________.
(3)据本题(2)分析我国法律规定禁止近亲结婚的理由是________________________________.",,(1)常染色体隐性遗传　(2)5/12　1/4　对胎儿进行基因检测(或产前诊断)　(3)降低隐性遗传病的发病率,"答案　(1)常染色体隐性遗传　(2)5/12　1/4　对胎儿进行基因检测(或产前诊断)　(3)降低隐性遗传病的发病率
解析　(1)根据Ⅱ－3和Ⅱ－4表现正常，但其女儿Ⅲ－8患病，可知α-海洋性贫血症为常染色体隐性遗传病.(2)红绿色盲为伴X染色体隐性遗传病，Ⅱ－5和Ⅱ－6的儿子患红绿色盲，因此Ⅱ－6携带b基因，又因为Ⅲ－9患α-海洋性贫血症，所以可知Ⅲ－9基因型为1/2 aaXBXB、1/2 aaXBXb；Ⅱ－3和Ⅱ－4的女儿患α-海洋性贫血症，因此Ⅱ－3和Ⅱ－4均携带a基因，因此Ⅲ－7基因型为1/3 AAXBY、2/3AaXBY.Ⅲ－9和Ⅲ－7结婚，生育的子女中患α-海洋性贫血症的概率为2/3×1/2＝1/3，不患α-海洋性贫血症的概率为2/3，患红绿色盲的概率为1/2×1/4＝1/8，不患红绿色盲的概率为7/8，因此生育的子女中发病的概率是1－2/3×7/8＝5/12.若Ⅲ－9和Ⅲ－7生了一个患两种遗传病的孩子，则Ⅲ－9的基因型为aaXBXb，Ⅲ－7的基因型为AaXBY，他们再生一个儿子健康的概率为1/2×1/2＝1/4.妻子再次怀孕，为避免生出患病小孩，可对胎儿进行基因检测(或产前诊断).(3)近亲带有相同隐性遗传病致病基因的可能性较大，近亲结婚所生的孩子患有隐性遗传病的可能性较大，因此禁止近亲结婚可有效地降低隐性遗传病的发病率，有利于优生.",2,2,模块检测试卷\模块检测试卷(一)（教师版）.docx,,,,,,,word补充习题一套_题目答案知识标注.xlsx
24,"24.(12分)(2022·河南信阳高一期中)高粱叶片叶绿素的合成受其7号染色体上一对等位基因(B、b)的控制，同时也受光照的影响.在高粱植株中，基因型为BB的植株在正常光照下叶片呈深绿色，遮光条件下呈黄色；基因型为Bb的植株，在正常光照下叶片呈浅绿色，遮光条件下呈黄色；基因型为bb的植株，在正常光照和遮光下叶片均呈黄色，会在幼苗期后死亡.回答下列问题:
(1)上述资料表明:________________调控着生物的性状.
(2)若要验证高粱叶片叶绿素的合成受核基因控制，与细胞质基因无关，应选用的实验方法是________(填“自交”“测交”或“正反交”).
(3)正常光照下，在浅绿色植株体内某些正常细胞中含有2个B基因，原因是________________________________________________________________________________
_______________________________________________________________________________.
(4)现有一浅绿色突变体成熟植株甲，其体细胞(如图所示)中一条7号染色体片段m发生缺失，记为q；另一条正常的染色体记为p.片段m缺失的花粉会失去受精活力，且胚囊中卵细胞若无B或b基因则不能完成受精作用.有人推测植株甲的B或b基因不会在片段m上，你认为他的推测正确吗？
________，请做出判断并说明理由:__________________________________________________
_______________________________________________________________________________.
(5)为进一步确定植株甲的基因B、b在染色体p、q上的分布，在正常光照下将植株甲进行自交得到F1，待F1长成成熟植株后，观察并统计F1表型及比例.
①若F1____________________，则植株甲体细胞中基因B位于q上，基因b位于p上.
②若F1____________________，则植株甲体细胞中基因B位于p上，基因b位于q上.",,(1)基因和环境　(2)正反交　(3)这些细胞正在进行细胞分裂，基因已完成了复制但还未平分到两个子细胞中去　(4)正确　因为B或b基因若在m段，不可能出现浅绿色植株(Bb)　(5)①全为浅绿色植株　②深绿色植株∶浅绿色植株＝1∶1,"答案　(1)基因和环境　(2)正反交　(3)这些细胞正在进行细胞分裂，基因已完成了复制但还未平分到两个子细胞中去　(4)正确　因为B或b基因若在m段，不可能出现浅绿色植株(Bb)　(5)①全为浅绿色植株　②深绿色植株∶浅绿色植株＝1∶1
解析　(1)高粱叶片叶绿素的合成受其7号染色体上一对等位基因(B、b)的控制，同时也受光照的影响.上述资料表明:基因通过控制蛋白质的合成从而调控生物体的性状，同时生物性状受环境因素光照的影响.(2)验证高粱叶片叶绿素的合成受核基因控制，与细胞质基因无关，应选用正交和反交的方法:如果正交与反交后代的表型相同，说明是细胞核基因控制的，如果正交与反交后代的表型都与母本相同，说明是由细胞质基因控制的.(3)由题意可知，浅绿色的基因型是Bb，如果正常光照下，在浅绿色植株体内某些正常细胞中含有2个B基因，原因是这些细胞正在进行细胞分裂，基因已完成了复制但还未平分到两个子细胞中去.(4)分析题意可知，浅绿色突变体成熟植株甲的体细胞基因型为Bb，如果基因B或b在缺失片段m上，则q染色体上没有基因B、b，又因为含有这样的q染色体的花粉或卵细胞都不能完成受精作用，则植株甲不能产生，因此，植株甲的B或b基因不会在片段m上.(5)为进一步确定植株甲的基因B、b在染色体p、q上的分布，可将植株甲进行自交得到F1，待F1长成成熟植株后，观察并统计F1表型及比例:①若植株甲体细胞中基因B位于q上，基因b位于p上，由于片段m缺失的花粉会失去受精活力，所以有受精活力的精子类型只有含b一种；片段m缺失的卵细胞受精无影响，所以有受精活力的卵细胞有含B和含b两种，因此F1全为浅绿色植株(体细胞没有B的植株叶片呈黄色，会在幼苗期后死亡).②若植株甲体细胞中基因B位于p上，基因b位于q上，则有受精活力的精子类型只有含B一种，而有受精活力的卵细胞有含B和含b两种，因此F1深绿色植株(BB)∶浅绿色植株(Bb)＝1∶1.",1,1,模块检测试卷\模块检测试卷(一)（教师版）.docx,,,,,,,word补充习题一套_题目答案知识标注.xlsx
25,1.下列有关孟德尔一对相对性状杂交实验的说法，错误的是(　　),"A.提出假说是建立在豌豆纯合亲本杂交和F 1 自交的实验基础上的
B.孟德尔所作假说的核心内容是“性状是由位于染色体上的基因控制的”
C.“演绎”是预测F1测交后代出现两种表型，且比例接近
D.验证假说阶段完成的实验是让F1与隐性纯合子杂交",B,"答案　B
解析　孟德尔提出的“假说”的内容:生物的性状是由遗传因子决定的；在体细胞中，遗传因子是成对存在的；生物体在形成生殖细胞——配子时，成对的遗传因子彼此分离；受精时，雌雄配子的结合是随机的.孟德尔所作假说的核心内容是“生物体在形成生殖细胞——配子时，成对的遗传因子彼此分离”，B错误.",0,0,模块检测试卷\模块检测试卷(二)（教师版）.docx,,,,,,,word补充习题一套_题目答案知识标注.xlsx
26,2.在小鼠体细胞培养过程中，发现细胞分为3种类型:甲类细胞核DNA量为4a，乙类细胞核DNA量为2a，丙类细胞核DNA量为2a～4a.下列推测错误的是(　　),"A.甲类细胞和乙类细胞中都含有同源染色体
B.用药物抑制细胞DNA的复制，乙类细胞的比例将增加
C.乙类细胞中可能存在DNA解开双螺旋的现象
D.甲类细胞内同源染色体可能发生联会配对",D,"答案　D
解析　小鼠体细胞进行的是有丝分裂，有丝分裂不同时期细胞中都含有同源染色体，A正确；用药物抑制细胞DNA的复制，使细胞核中DNA含量不能加倍，会导致乙类细胞的比例增加，B正确；由题干信息可知，培养的是小鼠的体细胞，甲类细胞不会出现同源染色体联会配对现象，D错误.",4,4,模块检测试卷\模块检测试卷(二)（教师版）.docx,,,,,,,word补充习题一套_题目答案知识标注.xlsx
27,"3.(2022·山东济南高一期中)番茄果实的颜色由一对等位基因A、a控制.关于番茄果实颜色的三个杂交实验及其结果如下.下列分析正确的是(　　)
实验1:红果×黄果→F1中红果(492)、黄果(504)
实验2:红果×黄果→F1中红果(997)、黄果(0)
实验3:红果×红果→F1中红果(1 511)、黄果(508)","A.根据三个实验均可判断红果对黄果为显性
B.以上三个实验中的亲本红果均既有纯合子也有杂合子
C.实验3的F1中红果自由交配，产生的子代中红果∶黄果＝8∶1
D.以上三个实验均可验证基因的分离定律",C,"答案　C
解析　实验1相当于测交实验，不能用其判断性状的显隐性，A错误；根据实验2所得的F1中只有红果可知，红果对黄果为显性；实验1后代性状比例约为1∶1，则亲本的基因型组合为Aa(红果)×aa(黄果)；实验2亲本的基因型组合为AA(红果)×aa(黄果)；实验3后代性状分离比约为3∶1，则亲本的基因型均为Aa(红果)，B错误；实验3的亲本基因型均为Aa(红果)，F1的红果基因型及比例为AA∶Aa＝1∶2，故F1中红果自由交配，产生的子代中黄果所占比例为(2/3)×(2/3)×(1/4)＝1/9，所以F1产生的子代中红果∶黄果＝8∶1，C正确；实验2亲本均为纯合子，不能验证基因的分离定律，D错误.",0,0,模块检测试卷\模块检测试卷(二)（教师版）.docx,,,,,,,word补充习题一套_题目答案知识标注.xlsx
28,4.一对正常的夫妇生了一个患某种病的孩子，已知该病为伴性遗传病，据此判断(　　),"A.该病致病基因位于Y染色体上
B.这个孩子的外祖父不可能是该病的患者
C.这对夫妇想再要一个孩子，应建议生男孩
D.这个孩子的致病基因来自其母亲",D,"答案　D
解析　这对夫妇表现正常，生出一个患某种病的孩子，且该病为伴性遗传病，则该病为伴X染色体隐性遗传病，该夫妇中的母亲为致病基因携带者，后代患病者均为男孩，A错误，D正确；该母亲的致病基因是从这个孩子的外祖父或外祖母中遗传过来的，B错误；如果这对夫妇想再要一个孩子，应建议生女儿，女儿的表型都是正常的，C错误.",2,2,模块检测试卷\模块检测试卷(二)（教师版）.docx,,,,,,,word补充习题一套_题目答案知识标注.xlsx
29,5.已知玉米的高秆(D)对矮秆(d)为显性，抗病(R)对易感病(r)为显性.纯合品种甲与纯合品种乙杂交得 F1，再让 F1与玉米丙(ddRr)杂交，所得子代的表型及比例如图所示.下列分析错误的是(　　),"A.D/d、R/r 基因分别遵循分离定律
B.甲、乙可能是 DDRR 与 ddrr 组合或 DDrr 与 ddRR 组合
C.子二代中纯合子占 1/4，且全部表现为矮秆
D.若子一代自交，其子代中基因型不同于子一代的个体占 9/16",D,"答案　D
解析　由子二代比例可知，两对等位基因遵循自由组合定律，D/d、R/r基因位于两对同源染色体上，A正确；两对性状分开考虑，子二代中高秆∶矮秆＝1∶1，抗病∶易感病＝3∶1，丙的基因型为ddRr，可推知F1的基因型为DdRr，由甲和乙都是纯合子可进一步推知甲和乙的基因型为DDRR与ddrr或DDrr与ddRR，B正确；由子二代表型可推出子一代的基因型为DdRr，子二代中纯合子的基因型为ddRR和ddrr，占1/4，且全部表现为矮秆，C正确；若让子一代自交，则子二代中基因型不同于子一代的个体占3/4，D错误.",0,0,模块检测试卷\模块检测试卷(二)（教师版）.docx,,,,,,,word补充习题一套_题目答案知识标注.xlsx
30,6.如图甲是肺炎链球菌的体内转化实验，图乙是T2噬菌体侵染大肠杆菌的实验.下列关于这两个实验的分析，正确的是(　　),"A.图甲中将R型活细菌和S型死细菌的混合物注射到小鼠体内，R型细菌向S型细菌发生了转化，转化的原理是基因重组
B.图乙中搅拌的目的是提供给大肠杆菌更多的氧气，离心的目的是促进大肠杆菌和T2噬菌体分离
C.用32P、35S标记的T2噬菌体，分别侵染未被标记的大肠杆菌，离心后放射性分别主要分布于上清液、沉淀物中
D.若用无放射性标记的T2噬菌体，侵染体内含35S标记的大肠杆菌，离心后放射性主要分布在上清液中",A,"答案　A
解析　R型细菌向S型细菌转化的原因是S型细菌的DNA进入到R型细菌中，并表达了S型细菌的遗传性状，转化的原理是基因重组，A正确；搅拌的目的是使吸附在细菌上的噬菌体与细菌分离，离心的目的是让上清液中析出质量较轻的T2噬菌体颗粒，B错误；用32P、35S标记的T2噬菌体，分别侵染未被标记的大肠杆菌，离心后放射性分别主要分布于沉淀物、上清液中，C错误；若用无放射性的T2噬菌体，侵染体内含35S标记的大肠杆菌，离心后放射性主要分布在沉淀物中，D错误.",7,7,模块检测试卷\模块检测试卷(二)（教师版）.docx,,,,,,,word补充习题一套_题目答案知识标注.xlsx
31,7.如图为大肠杆菌的DNA片段模式图，①②③④代表相应的物质，下列叙述正确的是(　　),"A.DNA是大肠杆菌的主要遗传物质
B.①②的交替排列是DNA多样性的原因之一
C.若α链中③占该链碱基数的比例为a，则β链中④占β链碱基数的比例为(0.5－a)
D.图示中编号所代表的物质，在RNA中唯一不能找到的是②",D,"答案　D
解析　生物体的遗传物质是DNA或RNA，一切由细胞构成的生物的遗传物质都是DNA，故大肠杆菌的遗传物质是DNA，A错误；DNA分子中①(磷酸)和②(脱氧核糖)的交替排列是不变的，不属于DNA多样性的原因，B错误；由于③与④互补配对，故β链中④的比例等于α链中③的比例，C错误；与DNA相比，RNA中不含脱氧核糖和碱基T，图中③④之间有三个氢键，应为G－C碱基对，因此题图中编号所代表的物质中没有碱基T，故图中编号所代表的物质，在RNA中唯一不能找到的是②脱氧核糖，D正确.",4,4,模块检测试卷\模块检测试卷(二)（教师版）.docx,,,,,,,word补充习题一套_题目答案知识标注.xlsx
32,8.(2023·河北秦皇岛高一检测)如图为科学家设计的DNA合成的同位素标记实验，利用大肠杆菌来探究DNA的复制方式，下列说法正确的是(　　),"A.从获得试管①到试管③，细胞内的染色体复制了两次
B.用T2噬菌体代替大肠杆菌进行实验，提取DNA更方便
C.试管③中含有14N的DNA占3/4
D.本实验是科学家对DNA复制方式假设的验证",D,"答案　D
解析　大肠杆菌是原核生物，细胞内没有染色体，A错误；T2噬菌体是病毒，无细胞结构专营寄生生活，不能在该培养液中繁殖，所以不能代替大肠杆菌进行实验，B错误；试管③中的大肠杆菌的DNA都含有14N，含有14N 的DNA 占100%，C错误；本实验是科学家对DNA 复制方式假设的验证，实验结果说明了DNA分子的复制方式是半保留复制，D正确.",4,4,模块检测试卷\模块检测试卷(二)（教师版）.docx,,,,,,,word补充习题一套_题目答案知识标注.xlsx
33,9.(2023·山西朔州高一期末)PM2.5是大气中主要的环境污染物，是造成心血管疾病(CVD)的环境因素.PM2.5进入人体后可通过影响DNA甲基化水平导致CVD的发生，在CVD病变出现前就有DNA甲基化水平的改变.下列相关叙述错误的是(　　),"A.DNA甲基化不改变DNA分子中的碱基序列
B.DNA甲基化水平异常不会遗传给下一代
C.DNA甲基化水平的改变可能会影响细胞分化的方向
D.DNA甲基化水平可为CVD临床早期诊断提供依据",B,"答案　B
解析　DNA甲基化只是对碱基进行甲基化修饰，不会改变DNA的碱基序列，A正确；DNA甲基化水平异常可以遗传给下一代，B错误；DNA甲基化会影响基因的表达因此可能会影响细胞分化的方向，C正确；由于CVD病变出现前就有DNA甲基化水平的改变，因此DNA甲基化水平可为CVD临床早期诊断提供依据，D正确.",6,6,模块检测试卷\模块检测试卷(二)（教师版）.docx,,,,,,,word补充习题一套_题目答案知识标注.xlsx
34,"10.(2023·湖北咸宁高一期中)下列有关“低温诱导植物细胞染色体数目的变化”的实验条件和试剂使用的叙述中，不正确的一组是(　　)
①低温:与“多倍体育种”中“秋水仙素”的作用机理相同
②酒精:在该实验中先后用到两次且使用目的相同
③卡诺氏液:对细胞进行解离，使细胞分散开来
④甲紫溶液:可以用“醋酸洋红液”来代替进行染色体着色",A.①② B.①④ C.②③ D.③④,C,答案　C,8,8,模块检测试卷\模块检测试卷(二)（教师版）.docx,,,,,,,word补充习题一套_题目答案知识标注.xlsx
35,11.(2023·河南洛阳高一检测)果蝇的直毛与非直毛是一对相对性状，由基因A、a控制，为了判断这对性状的显隐性及基因A、a是在常染色体上还是仅位于X染色体上，某同学设计了相关实验.下列叙述正确的是(　　),"A.仅让雌、雄果蝇进行一次杂交实验不能判断该性状的显隐性
B.一对表型不同的果蝇杂交，若后代雌、雄个体的表型及比例都相同，则基因A、a一定位于常染色体上
C.纯合的直毛雌果蝇和非直毛雄果蝇杂交，若后代都为直毛，则可判断基因A、a位于常染色体上
D.选用表型不同的雌、雄果蝇正反交可确定基因A、a是在常染色体上还是仅位于X染色体上",D,"答案　D
解析　若让两只表型不同的纯合雌、雄果蝇交配，后代仅有一种表型，则此时后代的表型即为显性性状，A错误；一对表型不同的果蝇杂交，若后代雌、雄个体的表型及比例都相同，则基因A、a也可能仅位于X染色体上，如基因型为XAXa的果蝇与基因型为XaY的果蝇杂交，后代雌、雄个体的表型及比例都为直毛∶非直毛＝1∶1，B错误；纯合的直毛雌果蝇和非直毛雄果蝇杂交，若后代都为直毛，说明直毛是显性性状，不论基因A、a是位于常染色体上还是仅位于X染色体上都会出现该现象，所以无法判断基因A、a的位置，C错误；选用表型不同的纯种雌、雄果蝇正反交，如果后代表型均与性别无关，则可判断基因A、a位于常染色体上，反之则可判断基因A、a仅位于X染色体上，D正确.",2,2,模块检测试卷\模块检测试卷(二)（教师版）.docx,,,,,,,word补充习题一套_题目答案知识标注.xlsx
36,12.鸡羽毛的颜色受两对等位基因控制，芦花羽基因B对全色羽基因b为显性，位于Z染色体上，且W染色体上无相应的等位基因；常染色体上基因T的存在是B或b表现的前提，基因型tt表现为白色羽.一只芦花羽雄鸡与一只全色羽雌鸡交配，子代中出现了芦花羽、全色羽和白色羽鸡，则两个亲本的基因型组合为(　　),"A.TtZBZb×TtZbW B.TTZBZb×TtZbW
C.TtZBZB×TtZbW D.TtZBZb×TTZbW",A,"答案　A
解析　一只芦花羽雄鸡(T_ZBZ_)与一只全色羽雌鸡(T_ZbW)交配，由于后代出现白色羽，则两个亲本基因型为TtZBZ－、TtZbW，又由于后代同时出现芦花羽和全色羽，则两个亲本的基因型组合为TtZBZb×TtZbW.",0,0,模块检测试卷\模块检测试卷(二)（教师版）.docx,,,,,,,word补充习题一套_题目答案知识标注.xlsx
37,13.磷酸烯醇式丙酮酸(PEP)是某油料作物细胞中的一种中间代谢产物，在两对独立遗传的基因(A和a、B和b)的控制下，可转化为脂肪或蛋白质.某科研小组通过RNA干扰的方式获得了产油率更高的品种，基本原理如图所示.下列说法正确的是(　　),"A.产油率高植株和产蛋白质高植株的基因型分别为AAbb、aaBB
B.图示中过程①与过程②所需要的嘧啶碱基数量一定相同
C.该研究通过抑制基因B表达过程中的翻译阶段来提高产油率
D.图示表明基因是通过控制蛋白质和脂质的合成来控制性状的",C,"答案　C
解析　据题图可知，产油率高植株和产蛋白质高植株的基因型分别为A_bb、aaB_，A错误；图示中过程①和过程②分别由基因B中的链1、链2为模板进行转录，因此过程①②所需要的嘧啶碱基数量不一定相同，B错误；诱导基因B的链1转录形成的RNA与mRNA形成双链，从而抑制翻译合成酶b，PEP在酶a的催化作用下形成脂肪，提高了作物的产油率，C正确；图示表明基因是通过控制酶的合成来控制代谢过程，进而控制生物体的性状，D错误.",5,5,模块检测试卷\模块检测试卷(二)（教师版）.docx,,,,,,,word补充习题一套_题目答案知识标注.xlsx
38,"14.任何一个物种都不是单独进化的，而是协同进化的.下列现象属于协同进化的是(　　)
①光合生物的出现使大气成分发生了变化，这为好氧生物的出现创造了条件　②草原上狼的绝灭造成鹿的数量在一定时期内激增　③群居生活的蚂蚁通过分工合作共同维护群体的生存　④在某一时期，恐龙因不适应环境的变化而绝灭　⑤自然选择对斑马种群中肌肉发达、动作敏捷的个体有利，同样也对猎豹种群中跑得快的个体有利","A.①⑤ B.②③
C.①②④ D.③④⑤",A,"答案　A
解析　①所述内容属于生物与无机环境之间在相互影响中不断进化和发展的例子，符合题意；②草原上狼的绝灭造成鹿的数量激增不属于协同进化，由于鹿群没有捕食者的选择作用，很可能会导致退化，不符合题意；③所述内容体现的是种内关系，不符合题意；④所述内容不属于进化，不符合题意；⑤所述内容属于不同物种之间在相互影响中不断进化和发展的例子，符合题意.",13,13,模块检测试卷\模块检测试卷(二)（教师版）.docx,,,,,,,word补充习题一套_题目答案知识标注.xlsx
39,15.雕鹗(鹰类)的性状分别由位于两对常染色体上的两对等位基因控制，分别用A、a和B、b表示.其中基因A具有纯合致死效应.已知绿色条纹雕鹗与黄色无纹雕鹗交配，F1为绿色无纹和黄色无纹，比例为1∶1.当F1的绿色无纹雕鹗彼此交配时，其后代F2表型及比例为绿色无纹∶黄色无纹∶绿色条纹∶黄色条纹＝6∶3∶2∶1.下列叙述错误的是(　　),"A.控制绿色的基因是A，控制无纹的基因是B
B.F1的绿色无纹雕鹗彼此交配的后代中致死基因型有3种，占其后代的比例为1/4
C.让F2中黄色无纹的个体彼此交配，则出现黄色条纹个体的概率为1/9
D.让F2中绿色无纹个体分别和黄色条纹个体杂交，则后代中有4种表型，其比例为1∶1∶1∶1",D,"答案　D
解析　根据F1、F2的表型及比例，可以判断绿色对黄色为显性，无纹对条纹为显性，A正确；由题干信息可知，绿色存在显性纯合致死现象，则F2中致死基因型有AABB、AABb、AAbb，占F2的比例为1/4，B正确；F2中黄色无纹的个体(1aaBB、2aaBb)彼此交配，则出现黄色条纹个体(aabb)的概率为2/3×2/3×1/4＝1/9，C正确；F2中绿色无纹个体(2AaBB、4AaBb)分别和黄色条纹个体(aabb)杂交，后代中有4种表型，绿色无纹∶黄色无纹∶绿色条纹∶黄色条纹＝2∶2∶1∶1，D错误.",0,0,模块检测试卷\模块检测试卷(二)（教师版）.docx,,,,,,,word补充习题一套_题目答案知识标注.xlsx
40,16.如图为某家族遗传系谱图，下列分析正确的是(　　),"A.致病基因位于X染色体上
B.该遗传病在男性和女性群体中发病率不同
C.Ⅰ2与Ⅱ6的基因型不同
D.若 Ⅲ7和Ⅲ8结婚，则子女患病的概率为2/3",D,"答案　D
解析　该遗传病为常染色体显性遗传病，A错误；由于该遗传病为常染色体遗传病，所以该遗传病在男性和女性群体中发病率相同，B错误；设关于该病的基因为A、a，由于Ⅱ4、Ⅲ9表现正常，所以Ⅰ2与Ⅱ6的基因型都是Aa，C错误；由于Ⅲ9表现正常，所以Ⅱ5的基因型是Aa，则Ⅲ8的基因型为1/3AA、2/3Aa；又由于Ⅲ7表现正常，则其基因型为aa，所以Ⅲ7与Ⅲ8结婚，子女患病的概率为1/3×1＋2/3×1/2＝2/3，D正确.",2,2,模块检测试卷\模块检测试卷(二)（教师版）.docx,,,,,,,word补充习题一套_题目答案知识标注.xlsx
41,17.科学家为癌症“量身”定做了一种新型药物——WEHI－539，这种药物可与细胞内一种叫作BCL－XL的蛋白质结合并遏制其作用.BCL－XL能促进癌细胞生存，让许多抗癌措施效果不佳.下列相关叙述错误的是(　　),"A.癌细胞的产生与原癌基因有关，该基因在正常细胞中也存在
B.癌细胞中存在与细胞凋亡有关的基因
C.在癌细胞中，控制BCL－XL合成的基因可能大量表达
D.BCL－XL的作用在于诱发某单一原癌基因或抑癌基因突变，从而赋予细胞癌变特征",D,"答案　D
解析　BCL－XL能促进癌细胞生存，因此癌细胞中控制BCL－XL合成的基因可能大量表达，C正确；细胞癌变是多个基因突变累积的结果，D错误.",7,7,模块检测试卷\模块检测试卷(二)（教师版）.docx,,,,,,,word补充习题一套_题目答案知识标注.xlsx
42,18.(2023·江苏徐州高一期末)动态突变是指基因中的3个相邻核苷酸重复序列的拷贝数发生倍增而产生的变异，这类变异会导致人类发生多种疾病，且重复拷贝数越多，病情越严重.下列关于动态突变的叙述，正确的是(　　),"A.可借助光学显微镜观察
B.只发生在生长发育的特定时期
C.会导致染色体上基因的数量有所增加
D.翻译产物中某个氨基酸可能会重复出现",D,"答案　D
解析　基因突变是指DNA分子中发生碱基的替换、增添或缺失，而引起的基因碱基序列的改变，在光学显微镜下是看不到的，A错误；基因突变可以发生在生物个体生长发育的任何时期，B错误；基因突变是基因碱基序列的改变，而基因的数量不变，故不会导致染色体上基因的数量有所增加，C错误；动态突变是指基因中的3个相邻核苷酸重复序列的拷贝数发生倍增而产生的变异，则其翻译产物中某个氨基酸可能会重复出现，D正确.",5,5,模块检测试卷\模块检测试卷(二)（教师版）.docx,,,,,,,word补充习题一套_题目答案知识标注.xlsx
43,19.某精原细胞(2n＝8)的DNA分子双链均用15N标记后置于含14N的培养基中培养，经过连续两次细胞分裂后，检测子细胞中的情况.下列推断不正确的是(　　),"A.若进行有丝分裂，则含15N染色体的子细胞比例不唯一，至少占50%
B.若进行减数分裂，则减数分裂Ⅱ后期每个细胞中含15N的染色体有8条
C.若子细胞中部分染色体含15N，则分裂过程中可能会发生同源染色体的分离
D.若子细胞中染色体都含15N，则分裂过程中可能会发生非同源染色体的自由组合",C,"答案　C
解析　如果细胞进行两次有丝分裂，含15N染色体的子细胞比例为50%或75%或100%，A正确；若子细胞中部分染色体含15N，则进行的是有丝分裂，所以分裂过程中不可能会发生同源染色体的分离，C错误；若子细胞中染色体都含15N，则进行的是减数分裂，所以分裂过程中可能会发生非同源染色体的自由组合，D正确.",1,1,模块检测试卷\模块检测试卷(二)（教师版）.docx,,,,,,,word补充习题一套_题目答案知识标注.xlsx
44,"20.如表是四种人类遗传病的亲本组合及优生指导，其中不正确的是(　　)
选项
遗传病
遗传方式
夫妻基因型
优生指导
A
抗维生素D佝偻病
伴X染色体显性遗传
XaXa×XAY
选择生男孩
B
红绿色盲
伴X染色体隐性遗传
XbXb×XBY
选择生女孩
C
并指
常染色体显性遗传
Tt×tt
产前诊断
D
白化病
常染色体隐性遗传
Aa×Aa
选择生女孩",,D,"答案　D
解析　由于抗维生素D佝偻病是伴X染色体显性遗传病，基因型为XaXa与XAY的夫妻，后代中女孩都患病，男孩不患病，因此应该选择生男孩，A正确；红绿色盲症是伴X染色体隐性遗传病，基因型为XbXb与XBY的夫妻，后代中女孩不患病，男孩患病，因此应该选择生女孩，B正确；并指症是常染色体显性遗传病，发病概率与性别无关，可以通过基因检测等产前诊断的方式进行优生指导，C正确；白化病是常染色体隐性遗传病，发病概率与性别无关，不能通过选择性别避免后代遗传病的发生，D错误.
二、非选择题(本题包括4小题，共50分)",2,2,模块检测试卷\模块检测试卷(二)（教师版）.docx,,,,,,,word补充习题一套_题目答案知识标注.xlsx
45,"21.(13分)(2022·河北衡水高一期末)果蝇的灰身、黑身由一对等位基因A/a控制，位于常染色体上；红眼与白眼由另一对等位基因B/b控制.研究人员用相关果蝇做了如下实验，结果如表所示.请回答下列问题:
实验
杂交组合
子代
一
灰身白眼雄果蝇×黑身红眼雌果蝇
灰身红眼
二
实验一子代中的雄果蝇×黑身白眼雌果蝇
灰身红眼∶灰身白眼∶黑身红眼∶黑身白眼＝1∶1∶1∶1
(1)两对相对性状中属于隐性性状的是________.由实验二________(填“能”或“否”)判断A/a与B/b遵循自由组合定律，理由是__________________________________________.
(2)为了确定控制红眼与白眼基因的位置，需要分析实验二中红眼、白眼果蝇的性别，若________________________________________________________________________
________________________________________________________________________，则B/b位于X染色体上；
若________________________________________________________________________，
则B/b位于常染色体上.
(3)若B/b位于X染色体上，取实验一子代雌、雄个体杂交，后代中灰身白眼雄果蝇的概率是________.",,(1)黑身、白眼　能　根据实验二的结果可判断:实验一子代中的雄果蝇能产生4种比例相等的配子　(2)红眼均为雌性，白眼均为雄性　红眼既有雌性又有雄性(白眼既有雌性又有雄性)　(3)3/16,"答案　(1)黑身、白眼　能　根据实验二的结果可判断:实验一子代中的雄果蝇能产生4种比例相等的配子　(2)红眼均为雌性，白眼均为雄性　红眼既有雌性又有雄性(白眼既有雌性又有雄性)　(3)3/16
解析　(1)在实验一中，亲本灰身雄果蝇与黑身雌果蝇杂交，子代均为灰身，说明黑身为隐性性状；亲本白眼雄果蝇与红眼雌果蝇杂交，子代均为红眼，说明白眼为隐性性状；在实验二中，实验一子代中的雄果蝇与黑身白眼雌果蝇(双隐性纯合子，只产生一种雌配子)杂交，子代四种表型的数量比相等，说明实验一子代中的雄果蝇产生了四种比例相等的雄配子，进而说明A/a与B/b分别位于两对同源染色体上，它们的遗传遵循基因的自由组合定律.(2)若B/b位于X染色体上，则实验一中的亲本白眼雄果蝇与红眼雌果蝇的基因型分别为XbY与XBXB，二者杂交所得子代的基因型为XBY与XBXb.在实验二中，实验一子代中的雄果蝇(XBY)与白眼雌果蝇(XbXb)杂交，子代的基因型为XbY与XBXb，红眼均为雌性，白眼均为雄性.若B/b位于常染色体上，则实验一中的亲本白眼雄果蝇与红眼雌果蝇的基因型分别为bb与BB，二者杂交所得子代的基因型均为Bb.在实验二中，实验一子代中的雄果蝇(Bb)与白眼雌果蝇(bb)杂交，子代的基因型及比例为Bb∶bb＝1∶1，红眼既有雌性又有雄性，白眼也是既有雌性又有雄性.(3)若B/b位于X染色体上，则实验一亲本灰身白眼雄果蝇与黑身红眼雌果蝇的基因型分别为AAXbY与aaXBXB，子代雌、雄个体的基因型分别为AaXBXb与AaXBY.取实验一子代雌、雄个体杂交，在所得后代中，灰身白眼雄果蝇的概率是3/4A_×1/4XbY＝3/16.",2,2,模块检测试卷\模块检测试卷(二)（教师版）.docx,,,,,,,word补充习题一套_题目答案知识标注.xlsx
46,"22.(12分)如图甲、乙、丙分别表示在生物体的细胞中发生的3种生物大分子的合成过程，请据图回答下列问题:
(1)请写出图中所示遗传信息的传递途径________(用文字和箭头表示).
(2)能使图甲、乙中DNA双螺旋的两条链解开的酶分别为________________、________________.
(3)图中丙过程能特异性识别mRNA上密码子的分子是________，后者所携带的分子是________.
(4)DNA甲基化是指DNA中的某些碱基被添加甲基基团，此种变化可影响基因的表达，对细胞分化具有调控作用.基因启动子(RNA聚合酶识别的区域)被甲基化后，会抑制该基因的________过程，如图所示.研究发现，多种类型的癌细胞中发生了抑癌基因的过量甲基化，说明甲基化的启动子区____(填“更易”或“不易”)暴露转录模板链序列.",,(1),"答案　(1)
(2)解旋酶　RNA聚合酶　(3)tRNA(转运RNA)　氨基酸　(4)转录　不易
解析　(4)由题意可知，被甲基化的部位是基因启动子的部位，该部位是RNA聚合酶识别区域，RNA聚合酶是转录过程中的酶，所以基因启动子(RNA聚合酶识别的区域)被甲基化后，会抑制该基因的转录过程.正常情况下，启动子和RNA聚合酶结合后，启动基因的转录，又因为基因启动子区域被甲基化后，会抑制该基因的转录，因此甲基化的启动子不易暴露转录模板链的碱基序列.",6,6,模块检测试卷\模块检测试卷(二)（教师版）.docx,,,,,,,word补充习题一套_题目答案知识标注.xlsx
47,"23.(12分)玉米籽粒黄色基因T与白色基因t是位于9号染色体上的一对等位基因，已知无正常9号染色体的花粉不能参与受精作用.现有基因型为Tt的黄色籽粒植株A，其细胞中9号染色体如图一所示，请回答下列问题:
(1)该黄色籽粒植株的变异类型属于染色体结构变异中的________.
(2)为了确定植株A的T基因位于正常染色体还是异常染色体上，让其进行自交产生F1，实验结果为F1表型及比例为____________________________，说明T基因位于异常染色体上.
(3)以植株A为父本(T基因在异常染色体上)，正常的白色籽粒植株为母本杂交产生的F1中，发现了一株黄色籽粒植株B，其染色体及基因组成如图二所示.分析该植株出现的原因是________(填“父本”或“母本”)减数分裂过程中_________________未分离.
(4)若(3)中得到的植株B在减数分裂Ⅰ过程中3条9号染色体会随机地移向细胞两极并最终形成含1条和2条9号染色体的配子，那么以植株B为父本进行测交，后代的表型及比例为________________，其中得到的染色体异常植株占_____________________________________
______.",,(1)缺失　(2)籽粒黄色∶籽粒白色＝1∶1,"答案　(1)缺失　(2)籽粒黄色∶籽粒白色＝1∶1
(3)父本　同源染色体　(4)籽粒黄色∶籽粒白色＝2∶3　3/5
解析　(4)植株B能形成3种可育雄配子，基因型及比例为Tt∶t∶tt＝2∶2∶1，以植株B为父本进行测交，即与tt个体进行杂交，后代的表型及比例为籽粒黄色(2Ttt)∶籽粒白色(2tt、1ttt)＝2∶3，其中染色体异常植株(Ttt、ttt)占3/5.",8,8,模块检测试卷\模块检测试卷(二)（教师版）.docx,,,,,,,word补充习题一套_题目答案知识标注.xlsx
48,"24.(13分)(2023·河南商丘高一检测)图 1 为某地区中某种老鼠原种群被一条河分割成甲、乙两个种群后的进化过程示意图，图 2 为在某段时间内，种群甲中A的基因频率的变化情况.请回答下列问题:
(1)图1中a是由于河流产生________将原种群分为甲、乙两个种群，经过长期的过程b 产生品系1 和品系2，过程b的实质是___________________________________________________
_______________________________________________________________________________，
物种1 和物种2 形成的标志c是____________.
(2)假设图2中种群无基因突变，个体间自由交配，则该种群在________时间段内发生了进化，在Y3～Y4时间段内该种群中Aa的基因型频率为______，在Y4时________(填“是”“否”或“不一定”)形成新物种.
(3)若时间单位为年，在某年时种群甲中A的基因频率为50%，若种群甲生存环境发生改变，种群中基因型为AA、Aa的个体数量在一年后各增加20%，基因型为aa 的个体数量减少20%，则一年后基因型为 aa的个体的比例约为________(结果均保留 2位小数).
(4)已知种群乙中小鼠的一对相对性状由一对等位基因(B、b)控制，其中b 基因在纯合时使胚胎致死(bb、XbXb、XbY等均为纯合子).现有一对小鼠杂交，F1小鼠共 98只，其中雄鼠 32只，则 F1小鼠自由交配所得F2成活个体中，B的基因频率为______(分数形式表示).",,(1)地理隔离　定向改变种群的基因频率　生殖隔离　(2)Y1～Y3　18%　不一定,"答案　(1)地理隔离　定向改变种群的基因频率　生殖隔离　(2)Y1～Y3　18%　不一定
(3)18.18%　(4)10/11
解析　(1)图1中a是由于河流产生了地理隔离将原种群分为甲、乙两个种群，经过长期的过程b产生品系1和品系2，此时还是同一物种，所以过程b的实质是定向改变种群的基因频率，而物种1和物种2形成的标志c是生殖隔离.(2)假设图2中种群无基因突变，个体间自由交配，分析图2可知，在Y1～Y3阶段种群A的基因频率在改变，所以在此段时间内发生了生物的进化.在Y3～Y4时间段内A的基因频率为0.9，则a的基因频率为0.1，推知该种群中Aa 的基因型频率为2×0.9×0.1×100%＝18%，在 Y4时不一定形成了新物种.(3)若时间单位为年，在某年时种群甲中A的基因频率为50%，则可知a的基因频率为50%，种群甲AA、Aa和aa的基因型频率分别为25%、50%和25%，假设种群甲的个体数量为100个，AA、Aa和aa分别为25、50、25个，若种群甲生存的环境发生改变，使得aa个体每年减少20%，AA和Aa个体每年增加20%，则下一年时种群中aa为(25－25×20%)＝20(个)，AA为25＋25×20%＝30(个)，Aa为50＋50×20%＝60(个)，基因型为 aa 的个体的比例约为20÷110×100%≈18.18%.(4)已知种群乙中小鼠的一对相对性状由一对等位基因(B、b)控制，其中 b 基因在纯合时使胚胎致死(bb、 XbXb、XbY 等均为纯合子)，由题意知，一对小鼠杂交，F1代小鼠共98只，其中雄小鼠32只，雌性个体(66)∶雄性个体(32)≈2∶1，说明雄鼠中有致死个体XbY，说明小鼠的这一对等位基因位于X染色体上，亲本的基因型为XBXb、XBY，F1中，雌性个体的基因型为XBXb∶XBXB＝1∶1，则产生的卵细胞的基因型及比例为XB∶Xb＝3∶1，雄性个体的基因型为XBY，产生的精子的基因型及比例为XB∶Y＝1∶1，因此F1代小鼠自由交配所得F2的基因型及比例为XBXB∶XBXb∶XBY∶XbY＝3∶1∶3∶1，其中XbY死亡，所以成活个体中的基因型及比例为XBXB∶XBXb∶XBY＝3∶1∶3；B的基因频率＝(3×2＋1＋3)÷(3×2＋1×2＋3)＝10/11.",11,11,模块检测试卷\模块检测试卷(二)（教师版）.docx,,,,,,,word补充习题一套_题目答案知识标注.xlsx
49,"[例1] 豌豆花为两性花且自花传粉，自然状态均进行自交.玉米为雌雄同株，异花传粉，自然状态下可进行自交也可进行杂交.现有一株高茎(Dd)豌豆和一株黄粒(Ee)玉米，二者分别在自然状态下生长2代.
(1)豌豆子二代中，高茎与矮茎的分离比是多少？
(2)玉米子二代中，黄粒与白粒的分离比是多少？",,(1)高茎∶矮茎＝5∶3　(2)黄粒∶白粒＝3∶1,"答案　(1)高茎∶矮茎＝5∶3　(2)黄粒∶白粒＝3∶1
解析　(1)豌豆自然状态均为自交，Dd个体连续自交2代，则子二代中Dd所占比例为1/4，DD和dd所占比例分别为(1－1/4)/2＝3/8，故子二代中高茎∶矮茎＝5∶3.
(2)玉米子一代为1/4EE、2/4Ee、1/4ee；玉米自然状态为自由交配，此时可采用配子法进行计算，子一代所产生配子的种类及比例为E∶e＝1∶1，则子二代中EE＝1/2×1/2＝1/4、Ee＝2×1/2×1/2＝1/2、ee＝1/2×1/2＝1/4，故黄粒∶白粒＝3∶1.",0,0,第1章　遗传因子的发现\微专题1　分离定律的拓展应用.doc,,,,,,,word补充习题一套_题目答案知识标注.xlsx
50,[例2] 小麦有芒对无芒为显性(由一对遗传因子A、a控制)，现有纯合有芒小麦与无芒小麦杂交得到F1，F1再自交得到F2，F2中有芒小麦随机交配，产生的F3中纯合子占总数的比例为(　　),"A.1/2 B.2/3
C.4/9 D.5/9",D,"答案　D
解析　依据题意可知，F1为杂合子，其自交得F2，F2中有芒小麦随机交配，即1/3AA和2/3Aa随机交配，其产生的配子种类为2/3A、1/3a，则子代中纯合子AA所占比例为4/9，aa所占比例为1/9，故选D.",0,0,第1章　遗传因子的发现\微专题1　分离定律的拓展应用.doc,,,,,,,word补充习题一套_题目答案知识标注.xlsx
51,[例3] 若让某杂合子连续自交，那么能表示自交代数和纯合子比例关系的是(　　),,D,"答案　D
解析　杂合子连续自交几代，纯合子所占比例为(1－1/2n)，随自交代数的增加，比值越来越接近1，但永远达不到1.
[题后反思]　杂合子Aa连续自交，且逐代淘汰隐性个体，自交n代后，显性个体中，纯合子和杂合子的比例分别是多少？
答案　纯合子比例为，杂合子比例为.
解题过程
每一代中，PAA＋PAa＝1；
由于F1中PAa＝2/3，F2中PAa＝2/5，F3中PAa＝2/9，利用不完全归纳法，可知:
Fn中，PAa＝2/(2n＋1)，
PAA＝1－2/(2n＋1)＝(2n－1)/(2n＋1)
重点题型2　分离定律中特殊遗传现象分析",0,0,第1章　遗传因子的发现\微专题1　分离定律的拓展应用.doc,,,,,,,word补充习题一套_题目答案知识标注.xlsx
52,[例4] 金鱼草的花色由一对遗传因子控制.选择红花植株(RR)与白花植株(rr)进行杂交实验，如图所示.下列叙述正确的是(　　),"A.F2的性状表现不能反映它的遗传因子组合类型
B.F2中粉红色花所占比例的理论值为1/3
C.遗传因子R对遗传因子r为完全显性
D.金鱼草花色的遗传符合分离定律",D,"答案　D
解析　亲本红花植株(RR)与白花植株(rr)进行杂交，F1的遗传因子组合类型为Rr，性状表现为粉红色花，说明为不完全显性遗传.F1自交，F2的性状表现及比例为红花∶粉红色花∶白花＝1∶2∶1，一种遗传因子组成对应一种性状表现，F2的性状表现能反映它的遗传因子组成，A错误；F2中粉红色花所占比例的理论值为1/2，B错误；遗传因子R对遗传因子r为不完全显性，C错误；金鱼草花色的遗传符合分离定律，D正确.",0,0,第1章　遗传因子的发现\微专题1　分离定律的拓展应用.doc,,,,,,,word补充习题一套_题目答案知识标注.xlsx
53,[例5] 猫的有尾与无尾是一对相对性状，相关遗传因子为D、d.让无尾猫自由交配多代，发现每一代中总会出现1/3的有尾猫，其余均为无尾猫.无尾猫的遗传因子组成是什么？,,均为Dd.无尾猫自由交配后代出现有尾猫，说明无尾为显性性状；子代性状分离比为2∶1，而不是3∶1，说明无尾猫中可能存在显性纯合(DD)致死现象，无尾猫均为杂合子(Dd).,答案　均为Dd.无尾猫自由交配后代出现有尾猫，说明无尾为显性性状；子代性状分离比为2∶1，而不是3∶1，说明无尾猫中可能存在显性纯合(DD)致死现象，无尾猫均为杂合子(Dd).,0,0,第1章　遗传因子的发现\微专题1　分离定律的拓展应用.doc,,,,,,,word补充习题一套_题目答案知识标注.xlsx
54,"[例6] 某种植物的花色受一组复等位基因的控制，纯合子和杂合子的表型如表所示，若APAS与ASa杂交，子代表型的种类及比例分别是(　　)
纯合子
杂合子
AA
红色
A与任一等位基因
红色
aa
纯白色
AP与AS、a
红斑白花
ASAS
红条白花
AS与a
红条白花
APAP
红斑白花","A.3种，2∶1∶1 B.4种，1∶1∶1∶1
C.2种，1∶1 D.2种，3∶1",C,"答案　C
解析　APAS与ASa杂交，产生的配子随机组合，共产生四种基因型，分别是APAS、APa、ASAS和ASa.根据基因的显隐性关系，它们的表型分别是红斑白花、红斑白花、红条白花和红条白花，比例为1∶1∶1∶1.因此，APAS与ASa杂交，子代表型的种类及比例是红斑白花∶红条白花＝1∶1.",0,0,第1章　遗传因子的发现\微专题1　分离定律的拓展应用.doc,,,,,,,word补充习题一套_题目答案知识标注.xlsx
55,"[例7] 果蝇的腹部有斑与无斑是一对相对性状(其表型与遗传因子组成的关系如下表).现用无斑雌蝇与有斑雄蝇进行杂交，产生的子代有①有斑雌蝇、②无斑雄蝇、③无斑雌蝇、④有斑雄蝇.以下分析错误的是(　　)
AA
Aa
aa
雄性
有斑
有斑
无斑
雌性
有斑
无斑
无斑","A.有斑为显性性状
B.①与有斑雄蝇的杂交后代不可能有无斑果蝇
C.亲本无斑雌蝇的遗传因子组成为Aa
D.②与③杂交产生有斑果蝇的概率为1/6",B,"答案　B
解析　根据题表可知，有斑为显性性状；无斑雌蝇(_a)与有斑雄蝇(A_)进行杂交，产生的子代有①有斑雌蝇(AA)、②无斑雄蝇(aa)、③无斑雌蝇(_a)、④有斑雄蝇(A_)，则亲本无斑雌蝇和有斑雄蝇的遗传因子组成均为Aa，①有斑雌蝇的遗传因子组成为AA，与有斑雄蝇(A_)杂交，后代可能出现无斑雌蝇(Aa)；③无斑雌蝇(_a)的遗传因子组成为2/3Aa、1/3aa，②无斑雄蝇(aa)与③无斑雌蝇(_a)杂交，后代产生有斑雄蝇的概率为2/3×1/2×1/2＝1/6，没有有斑雌蝇.",0,0,第1章　遗传因子的发现\微专题1　分离定律的拓展应用.doc,,,,,,,word补充习题一套_题目答案知识标注.xlsx
56,[例1] 番茄的果实颜色有红色、黄色和白色三种，由两对等位基因A/a和B/b控制，两株纯合的红番茄植株杂交，F1均为黄番茄，F1自交得F2，F2中出现了黄番茄、红番茄和白番茄，且比例为9∶6∶1.下列有关叙述错误的是(　　),"A.两亲本红番茄的基因型不同
B.F2红番茄中纯合子所占的比例为1/3
C.让F2中的黄番茄测交，后代中出现白番茄的概率是1/9
D.让F2中的黄番茄自交，后代中出现白番茄的概率是1/6",D,"答案　D
解析　F2中出现了黄番茄、红番茄和白番茄，且比例为9∶6∶1，可知黄番茄的基因型为A_B_，红番茄的基因型为A_bb、aaB_，白番茄的基因型为aabb.F1的基因型为AaBb，故两亲本红番茄的基因型为AAbb和aaBB，A正确；F2中红番茄所占比例为3/8，纯合红番茄所占比例为1/8，故F2红番茄中纯合子所占的比例为1/3，B正确；F2中黄番茄的基因型为1/9AABB、4/9AaBb、2/9AaBB、2/9AABb，其产生基因型为ab的配子的概率是1/9，故其测交后代中出现白番茄(aabb)的概率是1/9，C正确；让F2中的黄番茄自交，只有基因型为AaBb的黄番茄植株自交，其后代中才会出现白番茄，出现白番茄的概率是4/9×1/4×1/4＝1/36，D错误.",0,0,第1章　遗传因子的发现\微专题2　自由组合定律的拓展应用.doc,,,,,,,word补充习题一套_题目答案知识标注.xlsx
57,[例2] 家蚕结黄茧和白茧分别由一对等位基因Y、y控制，并受另一对等位基因I、i影响.当基因I存在时，基因Y的作用不能显现出来.现有下面两组杂交实验，下列分析错误的是(　　),"A.基因Y与基因I的遗传遵循自由组合定律
B.实验二两亲本的基因型可能是YYIi×YyIi
C.若实验一的F2中结黄茧个体自由交配，后代中纯合子占5/9
D.若实验一的F1与F2中结黄茧杂合子杂交，理论上后代结白茧家蚕中纯合子占2/5",D,"答案　D
解析　实验一显示，F2中白茧∶黄茧＝13∶3(是9∶3∶3∶1的变式)，因此两对等位基因遵循自由组合定律，所以F1白茧的基因型是YyIi，A正确；Y_I_、yyI_、yyii都表现为白茧，Y_ii表现为黄茧，因此实验一中亲本黄茧的基因型是YYii，白茧基因型是yyII；实验二中，白茧与白茧杂交，F1中白茧∶黄茧＝3∶1，因此两亲本的基因型可能是YYIi×YyIi，也可能是YyIi×yyii或YYIi×YYIi或YYIi×yyIi，B正确；实验一的F2中，结黄茧个体的基因型及概率为1/3YYii、2/3Yyii，产生的配子为2/3Yi、1/3yi，这些结黄茧个体自由交配，后代中纯合子占2/3Yi×2/3Yi＋1/3yi×1/3yi＝5/9，C正确；实验一的F1基因型为YyIi，F2中结黄茧杂合子基因型为Yyii，二者杂交后代结黄茧家蚕(Y_ii)的概率为3/4×1/2＝3/8，则结白茧家蚕的概率为5/8，后代结白茧家蚕纯合子(yyii)的概率为1/4×1/2＝1/8，因此理论上后代结白茧家蚕中纯合子占1/5，D错误.
性状分离比9∶3∶3∶1的变式题解题步骤",0,0,第1章　遗传因子的发现\微专题2　自由组合定律的拓展应用.doc,,,,,,,word补充习题一套_题目答案知识标注.xlsx
58,[例3] 控制某动物体长的三对等位基因A、a，B、b和C、c分别位于不同对的染色体上，其中显性基因A/B/C对体长的作用相等，且显性基因越多会使该种动物体长越长.让基因型为AABBCC(体长14 cm)和基因型为aabbcc(体长8 cm)的该种动物交配产生F1，F1的雌雄个体随机交配获得F2.如果F2个体数量足够多，则下列叙述错误的是(　　),"A.这三对等位基因的遗传符合自由组合定律
B.F1的雌雄配子结合方式有64种
C.F2中体长为13 cm的基因型有6种
D.F2个体的体长最大值是14 cm",C,"答案　C
解析　由于三对等位基因A、a，B、b和C、c分别位于不同对的染色体上，所以这三对等位基因的遗传符合自由组合定律，A正确；由题意可知，F1的基因型为AaBbCc，且三对等位基因分别位于不同对的染色体上，所以F1产生的雌雄配子种类各有23＝8(种)，雌雄配子结合方式有8×8＝64(种)，B正确；由题干信息可知，基因型中有1个显性基因，体长较隐性纯合子增加1 cm，故体长为13 cm的个体中含有5个显性基因，所以F2中体长为13 cm的基因型有AABBCc、AABbCC、AaBBCC共3种，C错误；F1的基因型为AaBbCc，F1自交产生的F2的基因型中含显性基因最多的个体(基因型为AABBCC)其体长最长，为14 cm，D正确.
重点题型2　致死问题
致死现象的常见情况有四种:
(1)若有一对显性基因纯合致死，例如AA致死，Aa与Aa的子代表型比例为2∶1，Bb与Bb的子代表型比例为3∶1，则9∶3∶3∶1的变式为6∶2∶3∶1.
(2)若两对显性基因纯合都致死，例如AA致死、BB也致死，Aa与Aa的子代表型比例为2∶1，Bb与Bb的子代表型比例也为2∶1，则9∶3∶3∶1的变式为4∶2∶2∶1.
(3)若有一对隐性基因纯合致死，例如aa致死，Aa与Aa的子代表型全为显性，Bb与Bb的子代表型比例为3∶1，则9∶3∶3∶1的变式为3∶1.
(4)配子致死:指致死基因在配子时期发生作用，从而不能形成有活力的配子的现象.可分为含某种基因的雄配子致死和雌配子致死.",1,1,第1章　遗传因子的发现\微专题2　自由组合定律的拓展应用.doc,,,,,,,word补充习题一套_题目答案知识标注.xlsx
59,[例4] 某雌雄同株植物高茎对矮茎为显性，由于某种原因使携带矮茎遗传因子的花粉只有1/3能够成活.现用多株纯合高茎植株作母本、矮茎植株作父本进行杂交，F1植株自交，F2的性状分离比为(　　),"A.3∶1 B.7∶1
C.5∶1 D.8∶1",B,"答案　B
解析　设植物的高茎和矮茎分别受遗传因子A和a控制.根据题意可知，用多株纯合高茎植株(AA)作母本、矮茎植株(aa)作父本进行杂交，由于父本基因型为aa，产生的花粉粒很多，因此携带矮茎遗传因子的花粉只有的成活率并不影响产生的后代的数目和比例，则杂交产生的F1均为Aa，因此F1产生的雌配子的遗传因子组成为A、a，而产生的雄配子的遗传因子组成为A、a，产生的F2中aa＝×＝，因此F2性状分离比为7∶1.",0,0,第1章　遗传因子的发现\微专题2　自由组合定律的拓展应用.doc,,,,,,,word补充习题一套_题目答案知识标注.xlsx
60,[例5] 雕鹗的羽毛绿色与黄色、条纹和无纹分别由两对常染色体上的两对等位基因控制，其中某一对显性基因纯合会出现致死现象.绿色条纹与黄色无纹雕鹗交配，F1绿色无纹和黄色无纹雕鹗的比例为1∶1.F1绿色无纹雕鹗相互交配后，F2中绿色无纹∶黄色无纹∶绿色条纹∶黄色条纹＝6∶3∶2∶1.据此作出的判断错误的是(　　),"A.绿色对黄色是显性，无纹对条纹是显性，绿色基因纯合致死
B.F1绿色无纹个体相互交配，后代有3种基因型的个体致死
C.F2黄色无纹的个体随机交配，后代中黄色条纹个体的比例为1/8
D.F2某绿色无纹个体和黄色条纹个体杂交，后代表型比例可能不是1∶1∶1∶1",C,"答案　C
解析　绿色条纹与黄色无纹雕鹗交配，F1为绿色无纹和黄色无纹，F1绿色无纹雕鹗相互交配后，F2表型及比例为绿色无纹∶黄色无纹∶绿色条纹∶黄色条纹＝6∶3∶2∶1，是9∶3∶3∶1的变式，可以说明绿色、无纹是显性，用A、a代表绿色与黄色基因，用B、b代表无纹与有纹基因，则F1中的绿色无纹个体都是AaBb，根据F2中绿色∶黄色＝2∶1，可说明绿色基因纯合致死，A正确；F1中的绿色无纹个体的基因型都是AaBb，绿色基因纯合致死，则F2中致死基因型有AABB、AABb、AAbb共3种，B正确；让F2中黄色无纹个体(1/3aaBB、2/3aaBb)随机交配，则后代出现黄色条纹个体(aabb)的概率为2/3×2/3×1/4＝1/9，C错误；由于绿色基因纯合致死，所以F2中绿色无纹个体存在两种基因型AaBb和AaBB，其中AaBb和黄色条纹个体(aabb)杂交，后代表型和比例为绿色无纹∶黄色无纹∶绿色条纹∶黄色条纹＝1∶1∶1∶1；AaBB和黄色条纹个体(aabb)杂交，后代表型和比例为绿色无纹∶黄色无纹＝1∶1，D正确.
解答致死类问题的方法技巧
(1)从每对相对性状分离比角度分析，如:
6∶3∶2∶1⇒(2∶1)(3∶1)⇒一对显性基因纯合致死.
4∶2∶2∶1⇒(2∶1)(2∶1)⇒两对显性基因纯合致死.
(2)从F2每种性状的基因型种类及比例分析，如BB致死:
重点题型3　基因位置的确定
通过验证是否遵循自由组合定律来确定两对细胞核内基因的位置(以AaBb为例)
(1)真核生物有性生殖时，位于不同对染色体上的非等位基因遵循自由组合定律.
图示位置
配子种类
4种(AB、Ab、aB、ab)
自交
基因型:9种
表型:4种
9A_B_∶3A_bb∶3aaB_∶1aabb
测交
基因型:4种
表型:4种
1AaBb∶1Aabb∶1aaBb∶1aabb
(2)若A、a、B、b位于一对染色体上，则不遵循自由组合定律.
图示
位置
配子
种类
2种(AB、ab)
2种(Ab、aB)
自交
基因型:3种
1AABB∶2AaBb∶
1aabb
表型:2种
3A_B_∶1aabb
基因型:3种
1AAbb∶2AaBb∶
1aaBB
表型:3种
1A_bb∶2A_B_∶1aaB_
测交
基因型:2种
1AaBb∶1aabb
表型:2种
1AaBb∶1aabb
基因型:2种
1Aabb∶1aaBb
表型:2种
1Aabb∶1aaBb",0,0,第1章　遗传因子的发现\微专题2　自由组合定律的拓展应用.doc,,,,,,,word补充习题一套_题目答案知识标注.xlsx
61,[例6] 已知三对基因在染色体上的位置情况如图所示，且三对基因分别单独控制三对相对性状(不考虑基因突变)，则下列说法正确的是(　　),"A.三对基因的遗传遵循基因的自由组合定律
B.基因型为AaDd的个体与基因型为aaDd的个体杂交的后代会出现4种表型，比例为3∶3∶1∶1
C.如果基因型为AaBb的个体在产生配子时没有发生互换，则它只产生4种配子
D.基因型为AaBb的个体自交后代会出现4种表型，比例为9∶3∶3∶1",B,"答案　B
解析　图中A和B、a和b基因位于一对染色体上，属于连锁基因，不遵循基因的自由组合定律，A错误；基因A/a与D/d的遗传遵循自由组合定律，因此基因型为AaDd的个体与基因型为aaDd的个体杂交的后代会出现4种表型，比例为(1∶1)×(3∶1)＝3∶3∶1∶1，B正确；如果基因型为AaBb的个体在产生配子时没有发生互换，则它只产生2种配子，为AB和ab两种配子，C错误；图中A和B、a和b基因位于一对染色体上，不遵循基因的自由组合定律，因此AaBb的个体自交后代不会出现9∶3∶3∶1的性状分离比，D错误.",10,10,第1章　遗传因子的发现\微专题2　自由组合定律的拓展应用.doc,,,,,,,word补充习题一套_题目答案知识标注.xlsx
62,[例1] 下列有关相对性状的叙述正确的是(　　),"A.梨的果皮光滑和桃的果皮有毛是相对性状
B.番茄的红色果实和圆形果实是相对性状
C.家兔的黑色毛、白色毛和棕色毛是相对性状
D.生物的同一性状的不同表现形式就是相对性状",C,"答案　C
解析　梨和桃为两种生物，A错误；番茄的红色果实和圆形果实，为一种生物(番茄)的两种性状(果实的颜色，果实的形状)，B错误；家兔的黑色毛、白色毛和棕色毛，均为一种生物(家兔)同一性状(毛色)的不同表现类型，属于相对性状，C正确；如果不是同一种生物，即使是同一性状的不同表现形式也不属于相对性状，D错误.",0,0,第1章　遗传因子的发现\第1节　孟德尔的豌豆杂交实验(一)\第1课时　一对相对性状的杂交实验过程和解释.doc,,,,,,,word补充习题一套_题目答案知识标注.xlsx
63,"[例2] 下列遗传实例中，属于性状分离的是(　　)
①高茎豌豆与矮茎豌豆杂交，子代全为高茎豌豆
②圆粒豌豆自交，后代圆粒豌豆∶皱粒豌豆＝3∶1
③开粉色花的茉莉自交，后代出现红色花、粉色花和白色花
④矮茎豌豆自交，后代全为矮茎","A.①② B.③④
C.①③ D.②③",D,"答案　D
解析　性状分离是指杂种后代中同时出现显性性状和隐性性状的现象.
探究点二　对分离现象的解释
下面是孟德尔用纯合亲本高茎DD与矮茎(dd)杂交得到的子一代(F1)自交获得子二代(F2)的实验遗传图解，回答相关问题:
(1)图中D、d两种雄配子的数目是否相等？雄配子D与雌配子D数目是否相等？
提示　D、d两种雄配子的数目是相等的；但是由于雄配子的数目要远多于雌配子，所以雄配子D的数目要远多于雌配子D.
(2)表中①②③的遗传因子组成和性状表现分别是怎样的？
提示　①和②的遗传因子组成均为Dd，性状表现为高茎；③的遗传因子组成为dd，性状表现为矮茎.
(3)F2中纯合子和杂合子所占的比例分别是多少？F2的高茎豌豆中纯合子和杂合子所占比例又分别是多少？
提示　F2中纯合子和杂合子所占比例分别是1/2和1/2；F2的高茎豌豆中纯合子和杂合子所占比例分别是1/3和2/3.
F1自交后代出现3∶1的性状分离比所必须满足的理想条件
(1)F1产生的雌、雄配子分别有两种类型，这两种类型的配子数量完全相等.
(2)不同类型雌、雄配子之间的结合机会均相等.
(3)每一个受精卵都能正常发育为成熟的个体.
(4)显性遗传因子对隐性遗传因子的显性作用是完全的.",0,0,第1章　遗传因子的发现\第1节　孟德尔的豌豆杂交实验(一)\第1课时　一对相对性状的杂交实验过程和解释.doc,,,,,,,word补充习题一套_题目答案知识标注.xlsx
64,[例3] 盘状南瓜自交，后代中盘状∶球状＝3∶1.下列相关叙述错误的是(　　),"A.盘状为显性性状、球状为隐性性状
B.亲本中盘状南瓜应为杂合子
C.子代中盘状南瓜全为杂合子
D.子代中球状南瓜全为纯合子",C,"答案　C
解析　根据后代盘状∶球状＝3∶1可判断，盘状为显性性状、球状为隐性性状，且亲本盘状南瓜为杂合子，子代中盘状南瓜有纯合子也有杂合子，子代中球状南瓜全为纯合子；所以A、B、D正确，C错误.",0,0,第1章　遗传因子的发现\第1节　孟德尔的豌豆杂交实验(一)\第1课时　一对相对性状的杂交实验过程和解释.doc,,,,,,,word补充习题一套_题目答案知识标注.xlsx
65,[例4] 孟德尔在观察和统计分析的基础上通过严谨的推理和大胆的想象，对分离现象的原因提出了假说，下列说法属于假说内容的是(　　),"A.生物的性状是由基因决定的
B.体细胞的基因成对存在于同源染色体上
C.形成配子时，成对的基因分离，进入不同的配子
D.受精时，雌配子和雄配子的结合是随机的",D,"答案　D
解析　孟德尔所在的年代还没有“基因”一词，也没有认为基因位于染色体上，孟德尔认为遗传因子在体细胞中成对存在，A、B错误；孟德尔认为生物体在形成配子时，成对的遗传因子彼此分离，分别进入不同的配子中，C错误；孟德尔认为受精时，雌、雄配子的结合是随机的，属于假说的内容，D正确.
思维导图
晨读必背",1,1,第1章　遗传因子的发现\第1节　孟德尔的豌豆杂交实验(一)\第1课时　一对相对性状的杂交实验过程和解释.doc,,,,,,,word补充习题一套_题目答案知识标注.xlsx
66,1.玉米的高秆和矮秆是一对相对性状，由一对遗传因子控制，下列现象属于性状分离的是(　　),"A.高秆玉米自交后代出现高秆和矮秆
B.矮秆玉米自交后代全部表现为矮秆
C.高秆玉米自交后代全部表现为高秆
D.高秆玉米和矮秆玉米杂交，后代全部表现为高秆",A,"答案　A
解析　性状分离是指杂种后代中同时出现显性性状和隐性性状的现象，A符合题意.",0,0,第1章　遗传因子的发现\第1节　孟德尔的豌豆杂交实验(一)\第1课时　一对相对性状的杂交实验过程和解释.doc,,,,,,,word补充习题一套_题目答案知识标注.xlsx
67,2.下列与生物学概念相关的叙述，正确的是(　　),"A.后代出现显性性状和隐性性状的现象就叫性状分离
B.纯合子杂交产生的子一代所表现出的性状就是显性性状
C.兔的白毛和黑毛，狗的长毛和卷毛都是相对性状
D.同一种生物的同一性状的不同表现类型称为相对性状",D,"答案　D
解析　杂种后代同时出现显性性状和隐性性状的现象，叫性状分离；在完全显性的条件下，具有相对性状的两个纯合子杂交产生的子一代表现出的性状才是显性性状；狗的长毛和卷毛不是相对性状.",0,0,第1章　遗传因子的发现\第1节　孟德尔的豌豆杂交实验(一)\第1课时　一对相对性状的杂交实验过程和解释.doc,,,,,,,word补充习题一套_题目答案知识标注.xlsx
68,3.对于孟德尔所做的豌豆的一对相对性状的遗传实验，不必具备的条件是(　　),"A.选用的一对相对性状要有明显的差异
B.实验选用的两个亲本，一定是纯种
C.要让显性亲本作父本，隐性亲本作母本
D.要让两个亲本之间进行有性杂交",C,"答案　C
解析　无论用显性亲本作父本，还是作母本，杂交后产生的子一代总是表现出显性性状.",0,0,第1章　遗传因子的发现\第1节　孟德尔的豌豆杂交实验(一)\第1课时　一对相对性状的杂交实验过程和解释.doc,,,,,,,word补充习题一套_题目答案知识标注.xlsx
69,4.遗传因子组成为Aa的某植物自交，对其F1的不同性状表现进行数量统计，出现了3∶1的分离比.下列各项中，不属于该分离比出现的必备条件的是(　　),"A.遗传因子A与a不会相互融合
B.雌雄配子的存活率相同
C.AA与Aa的性状表现相同
D.所统计的子代数量足够多",B,"答案　B
解析　遗传因子A与a不会相互融合，保证了后代会出现性状分离，是子代出现3∶1的必备条件，A不符合题意；雌配子中A、a的比例相等，雄配子中A、a的比例相等是子代出现3∶1的必备条件，一般来说，生物产生的雄配子的数量远远多于雌配子，雌雄配子存活率相同不是出现3∶1的必备条件，B符合题意；AA和Aa的表现相同是该分离比出现的必备条件，C不符合题意；实验的群体足够大，个体数目足够多，这样可以避免偶然性，减少实验误差，这是F1出现3∶1分离比的条件之一，D不符合题意.
课后·分层训练
(时间:30分钟)
知识点1　豌豆用作实验材料的优点",1,1,第1章　遗传因子的发现\第1节　孟德尔的豌豆杂交实验(一)\第1课时　一对相对性状的杂交实验过程和解释.doc,,,,,,,word补充习题一套_题目答案知识标注.xlsx
70,1.孟德尔选用豌豆作为遗传实验材料的理由不包括(　　),"A.豌豆是自花传粉植物
B.豌豆的性状易于区分
C.豌豆的子代数量较多
D.豌豆的经济价值很高",D,"答案　D
解析　孟德尔选用豌豆作为遗传实验材料与豌豆的经济价值高低无关，D符合题意.",0,0,第1章　遗传因子的发现\第1节　孟德尔的豌豆杂交实验(一)\第1课时　一对相对性状的杂交实验过程和解释.doc,,,,,,,word补充习题一套_题目答案知识标注.xlsx
71,2.如图表示孟德尔杂交实验操作过程，下列叙述正确的是(　　),"A.②操作后要对b套上纸袋
B.①和②的操作不能同时进行
C.a为父本，b为母本
D.①和②是在花开后进行的",B,"答案　B
解析　①为去雄，②为采集花粉，①操作后要对a套上纸袋；①在雌花未成熟前，②在雌花成熟后；a为母本，b为父本.",0,0,第1章　遗传因子的发现\第1节　孟德尔的豌豆杂交实验(一)\第1课时　一对相对性状的杂交实验过程和解释.doc,,,,,,,word补充习题一套_题目答案知识标注.xlsx
72,3.下列各组中属于相对性状的是(　　),"A.李清照描写海棠的词句“应是绿肥红瘦”中的“绿肥”与“红瘦”
B.新疆棉花中的长绒棉与彩色棉
C.“雄兔脚扑朔，雌兔眼迷离”中的“脚扑朔”与“眼迷离”
D.兔的长毛和短毛",D,"答案　D
解析　“应是绿肥红瘦”中的“绿肥”用来形容海棠花的绿叶，“红瘦”用来形容海棠花的红花，不是“同一性状”，A错误；新疆棉花中的长绒棉与彩色棉，分别为棉的长度及颜色，不是“同一性状”，B错误；“雄兔脚扑朔，雌兔眼迷离”中的“脚扑朔”与“眼迷离”是指雄兔的脚喜欢扑腾，雌兔的眼老是眯着，不是“同一性状”，C错误；兔的长毛和短毛符合“同种生物”和“同一性状”，属于相对性状，D正确.
知识点2　一对相对性状的杂交实验",0,0,第1章　遗传因子的发现\第1节　孟德尔的豌豆杂交实验(一)\第1课时　一对相对性状的杂交实验过程和解释.doc,,,,,,,word补充习题一套_题目答案知识标注.xlsx
73,4.某一红花植株自交，后代既有红花植株也有白花植株，且比例接近3∶1.这种现象在遗传学上称为 (　　),"A.性状分离
B.成对的遗传因子分离
C.一对相对性状杂交
D.遗传因子重组",A,"答案　A
解析　红花豌豆自交，子代出现红花和白花两种类型，比例接近3∶1，这种在杂种后代中，同时出现显性性状和隐性性状的现象称作性状分离.",0,0,第1章　遗传因子的发现\第1节　孟德尔的豌豆杂交实验(一)\第1课时　一对相对性状的杂交实验过程和解释.doc,,,,,,,word补充习题一套_题目答案知识标注.xlsx
74,"5.玉米的甜和非甜为一对相对性状，下列杂交实验能单独判断性状显隐性关系的是(　　)
①甜×非甜→非甜
②甜×非甜→100甜＋98非甜
③甜×甜→甜
④非甜×非甜→312非甜＋106甜","A.①和② B.①和④
C.②和③ D.③和④",B,"答案　B
解析　①甜×非甜→非甜，可以判断非甜为显性性状，①符合题意；②甜×非甜→100甜＋98非甜，子代表现为1∶1，无法判断显隐性，②不符合题意；③甜×甜→甜，甜可能为显性性状，也可能是隐性性状，③不符合题意；④非甜×非甜→312非甜＋106甜，子代表现为3∶1，非甜为显性性状，④符合题意.",0,0,第1章　遗传因子的发现\第1节　孟德尔的豌豆杂交实验(一)\第1课时　一对相对性状的杂交实验过程和解释.doc,,,,,,,word补充习题一套_题目答案知识标注.xlsx
75,6.下列有关豌豆高茎杂合子的说法，错误的是(　　),"A.豌豆杂合子的形成一般是杂交的结果
B.豌豆高茎杂合子中含有隐性遗传因子
C.豌豆高茎杂合子自交后代不会出现杂合子
D.豌豆高茎杂合子与显性纯合子性状表现相同",C,"答案　C
解析　豌豆自然状态下通常是纯种，其杂合子的形成一般是杂交的结果，A正确；豌豆高茎杂合子中同时含有显性遗传因子和隐性遗传因子，B正确；豌豆高茎杂合子自交后代会出现一定比例的杂合子，C错误；豌豆高茎杂合子与显性纯合子均表现为高茎，D正确.
知识点3　对分离现象的解释",0,0,第1章　遗传因子的发现\第1节　孟德尔的豌豆杂交实验(一)\第1课时　一对相对性状的杂交实验过程和解释.doc,,,,,,,word补充习题一套_题目答案知识标注.xlsx
76,7.下列有关孟德尔对豌豆自交和杂交结果作出的解释，错误的是(　　),"A.生物的性状是由遗传因子决定的
B.体细胞中遗传因子是成对存在的
C.雌雄配子中只含一对遗传因子
D.雌雄配子的结合是随机的",C,"答案　C
解析　孟德尔对豌豆自交和杂交结果作出的解释的主要内容有:生物的性状是由遗传因子决定的；体细胞中遗传因子是成对存在的；雌雄配子中只含成对遗传因子中的一个；雌雄配子结合的机会是随机的，C错误.",1,1,第1章　遗传因子的发现\第1节　孟德尔的豌豆杂交实验(一)\第1课时　一对相对性状的杂交实验过程和解释.doc,,,,,,,word补充习题一套_题目答案知识标注.xlsx
77,8.进行豌豆杂交实验时，孟德尔选择的一对性状是子叶颜色，豌豆子叶黄色(Y)对绿色(y)为显性.下表是孟德尔用杂交法得到的子一代(F1)分别作父本、母本进行杂交的实验结果，下列说法正确的是(　　),"A.图示雌配子Y与雄配子Y数目相等
B.③的子叶颜色与F1相同
C.①和②都是黄色子叶、③是绿色子叶
D.产生F1的亲本一定是YY(♀)和yy(♂)",C,"答案　C
解析　由表可推知，F2中①②③的遗传因子组成分别是Yy、Yy、yy，故①②的子叶颜色为黄色，③的子叶颜色为绿色.豌豆产生的雄配子数目多于雌配子；产生F1的亲本的遗传因子组成可以是YY(♀)和yy(♂)，也可以是YY(♂)和yy(♀).",1,1,第1章　遗传因子的发现\第1节　孟德尔的豌豆杂交实验(一)\第1课时　一对相对性状的杂交实验过程和解释.doc,,,,,,,word补充习题一套_题目答案知识标注.xlsx
78,9.有关如图所示遗传图解的说法，错误的是(　　),"A.①②只能发生在有性生殖过程中
B.③表示雌雄配子随机结合的过程
C.亲代Aa产生的雄配子∶雌配子＝1∶1
D.子代中，Aa个体在显性个体中所占的比例为2/3",C,"答案　C
解析　分析图示，①②为亲本形成配子的过程，只有有性生殖才能产生雌、雄配子；③表示雌、雄配子随机结合的过程；每个遗传因子组成为Aa的亲本产生的配子类型及比例为A∶a＝1∶1，但雄配子数目远远多于雌配子数目；子代中，Aa个体在显性个体(AA∶Aa＝1∶2)中所占的比例为2/3.",1,1,第1章　遗传因子的发现\第1节　孟德尔的豌豆杂交实验(一)\第1课时　一对相对性状的杂交实验过程和解释.doc,,,,,,,word补充习题一套_题目答案知识标注.xlsx
79,"10.在香水玫瑰的花色遗传中，红花、白花是一对相对性状，受一对遗传因子的控制(用R、r表示).从下表的杂交实验中得出的推论正确的是(　　)
杂交组合
后代性状
一
红花A×白花B
全部为红花
二
红花C×红花D
红花∶白花＝3∶1","A.红花A的遗传因子组成为Rr
B.红花为显性性状
C.红花C与红花D的遗传因子组成不同
D.白花B的遗传因子组成为Rr",B,"答案　B
解析　杂交组合一的亲本为红花和白花，而杂交后代只有红花，说明亲本红花A为纯合子，其遗传因子组成为RR，A错误；分析可知，红花为显性性状，白花为隐性性状，B正确；红花C与红花D的遗传因子组成相同，都是Rr，C错误；白花为隐性性状，白花B的遗传因子组成为rr，D错误.",0,0,第1章　遗传因子的发现\第1节　孟德尔的豌豆杂交实验(一)\第1课时　一对相对性状的杂交实验过程和解释.doc,,,,,,,word补充习题一套_题目答案知识标注.xlsx
80,11.下列遗传实例中，属于性状分离现象的是(　　),"A.某非糯性水稻产生的花粉既有糯性的又有非糯性的
B.对某未知遗传因子组成的个体进行测交后子代的性状表现
C.一对性状表现正常的夫妇生了一个正常的女儿和红绿色盲的儿子
D.纯合红花和纯合白花的植物杂交，所得F1的花色表现为粉红花",C,"答案　C
解析　性状分离是指在杂种后代中，同时显现出显性性状和隐性性状的现象，也就是说只有亲本表型一致，子代出现不同性状时方可称作性状分离，选项C中的亲本表现为一个性状，后代两种性状，符合性状分离的概念，C正确；选项A中，某非糯性水稻产生的花粉既有糯性的又有非糯性的能直接证明孟德尔的基因分离定律，但不属于性状分离现象.",2,2,第1章　遗传因子的发现\第1节　孟德尔的豌豆杂交实验(一)\第1课时　一对相对性状的杂交实验过程和解释.doc,,,,,,,word补充习题一套_题目答案知识标注.xlsx
81,"12.牛的黑色(B)对红色(b)是显性.良种场现有两栏圈养牛，栏里的牛进行自由交配.甲栏全为黑色，乙栏既有黑色又有红色.甲、乙两栏牛是亲子代关系，来场参观的生物兴趣小组同学，有的说乙栏牛是甲栏牛的亲代，有的说乙栏牛是甲栏牛的子代.请你根据分离定律的知识，分析回答下列问题:
(1)若甲栏牛为乙栏牛的亲代，且甲栏黑色牛只有一种遗传因子组成，则甲栏牛的遗传因子组成为________，乙栏牛的遗传因子组成为________；让乙栏中的黑色牛与异性红色牛交配，子代性状表现类型及比例为________.
(2)若乙栏牛为甲栏牛的亲代，且乙栏黑色牛只有一种遗传因子组成，则乙栏牛的遗传因子组成为________，甲栏牛的遗传因子组成为________；甲栏中没有红色牛的原因是________________________________________________________
________________________________________________________.",,(1)Bb　BB、Bb和bb　黑色∶红色＝2∶1　(2)BB和bb　Bb或BB和Bb　乙栏中黑色牛只有B一种配子，且红色牛均为同一性别,"答案　(1)Bb　BB、Bb和bb　黑色∶红色＝2∶1　(2)BB和bb　Bb或BB和Bb　乙栏中黑色牛只有B一种配子，且红色牛均为同一性别
解析　(1)若甲栏牛为乙栏牛的亲代，即甲栏黑色牛杂交出现性状分离，且甲栏黑色牛只有一种遗传因子组成，则甲栏中牛的遗传因子组成为Bb，则其子代乙栏中牛的遗传因子组成为BB、Bb、bb；让乙栏中的黑色牛(1BB、2Bb)与异性红色牛(bb)交配，子代表现的性状及比例为黑色∶红色＝(1/3＋2/3×1/2)∶(2/3×1/2)＝2∶1.(2)若乙栏牛为甲栏牛的亲代，且乙栏黑色牛只有一种遗传因子组成，则乙栏中的牛均为纯合子，遗传因子组成为BB和bb.由于甲栏牛全为黑色，所以亲代可以是BB和bb杂交，也可以是BB和BB交配.因此，子代甲栏中牛的遗传因子组成为Bb或BB和Bb.乙栏为甲栏的亲代，且甲栏中没有红牛，说明乙栏黑色牛为纯合子，且栏中红色个体均为同一性别，彼此不能交配.",0,0,第1章　遗传因子的发现\第1节　孟德尔的豌豆杂交实验(一)\第1课时　一对相对性状的杂交实验过程和解释.doc,,,,,,,word补充习题一套_题目答案知识标注.xlsx
82,"13.玉米是一种雌雄同株的植物，其顶部开雄花，下部开雌花.在一个育种实验中，采用A、B两棵植株进行如下图所示的杂交实验:
实验Ⅰ:将植株A的花粉粒转移到同一植株的雌花上，受粉后，雌花发育成穗轴上的玉米粒.
实验Ⅱ:将植株B的花粉粒转移到同一植株的雌花上，进行受粉.
实验Ⅲ:将植株A的花粉粒转移到植株B的另一雌花上进行受粉.
上述三组实验所获得玉米粒的颜色如下表所示:
实验
紫红色玉米粒
黄色玉米粒
Ⅰ
587
196
Ⅱ
0
823
Ⅲ
412
396
(1)在玉米粒颜色这一对相对性状中，隐性性状是________，判断的理由是_______________________________________________________________
______________________________________________________________.
(2)用G代表决定显性性状的遗传因子，g代表决定隐性性状的遗传因子，则植株A的遗传因子组成为________，植株B的遗传因子组成为________.实验Ⅰ的子代中，紫红色玉米粒的遗传因子组成为________.
(3)实验Ⅰ的子代中，紫红色玉米粒中杂合子所占比例为________.",,(1)黄色　实验Ⅰ中子代出现了3∶1的性状分离比，即紫红色玉米粒∶黄色玉米粒≈3∶1　(2)Gg　gg　Gg或GG　(3)2/3,"答案　(1)黄色　实验Ⅰ中子代出现了3∶1的性状分离比，即紫红色玉米粒∶黄色玉米粒≈3∶1　(2)Gg　gg　Gg或GG　(3)2/3
解析　(1)从实验Ⅰ可知，植株A自交，后代发生性状分离，且性状分离比为紫红色玉米粒∶黄色玉米粒≈3∶1，说明黄色为隐性性状.(3)实验Ⅰ为Gg自交，后代紫红色玉米粒为1/3GG、2/3Gg，即紫红色玉米粒中杂合子所占比例为2/3.",0,0,第1章　遗传因子的发现\第1节　孟德尔的豌豆杂交实验(一)\第1课时　一对相对性状的杂交实验过程和解释.doc,,,,,,,word补充习题一套_题目答案知识标注.xlsx
83,[例1] 在“性状分离比的模拟实验”中，老师准备了①～⑤ 5个小桶，在每个小桶中放置了10个小球，小球颜色表示不同遗传因子类型的配子，若某同学在进行“一对相对性状的杂交实验”中，模拟F1雌、雄个体产生配子的随机结合时，他选择的组合应该为(　　),"A.雌①、雄② B.雌④、雄⑤
C.雌③、雄⑤ D.雌⑤、雄⑤",D,"答案　D
解析　根据题图分析可知:①中只有A，②中只有a，③中A∶a＝6∶4，④中B∶b＝7∶3，⑤中A∶a＝5∶5.故模拟F1雌、雄个体产生配子的随机结合时，他选择的组合应该为雌⑤和雄⑤，即小桶中含有两种配子，且两种配子的比例为1∶1.",14,14,第1章　遗传因子的发现\第1节　孟德尔的豌豆杂交实验(一)\第2课时　性状分离比的模拟实验及分离定律的应用.doc,,,,,,,word补充习题一套_题目答案知识标注.xlsx
84,[例2] 在性状分离比的模拟实验中，某同学在两个小罐中分别放了20个两种不同颜色的玻璃球、50个两种不同颜色的玻璃球.下列叙述正确的是(　　),"A.他的这种做法一定会影响配子出现的概率，从而导致实验结果误差增大
B.两个小罐中玻璃球数量不同，会影响实验结果
C.每次从罐中抓出来的玻璃球不能再放回罐内
D.玻璃球数量多的小罐可代表雄性生殖器官",D,"答案　D
解析　虽然两个小罐中的玻璃球数量不同，但只要每个罐内两种颜色的玻璃球的数量相等就不会影响配子出现的概率，也不会影响实验结果，A、B错误；每次抓取的玻璃球在统计后一定要再放回原来的小罐内，这样可以保证每次抓取每种配子的机会相等，C错误；在生物体的生殖过程中，一般是雄配子的数量远多于雌配子的数量，因此玻璃球数量少的小罐可代表雌性生殖器官，玻璃球数量多的小罐可代表雄性生殖器官，D正确.
探究点二　对分离现象解释的验证及其科学方法",14,14,第1章　遗传因子的发现\第1节　孟德尔的豌豆杂交实验(一)\第2课时　性状分离比的模拟实验及分离定律的应用.doc,,,,,,,word补充习题一套_题目答案知识标注.xlsx
85,[例3] 下列有关一对性状杂交实验的几组比例，最能直接体现分离定律实质的是(　　),"A.F2中表现出来的性状的比例为3∶1
B.F1产生配子的比例为1∶1
C.F2遗传因子组成的比例为1∶2∶1
D.测交后代中表现出来的性状的比例为1∶1",B,"答案　B
解析　F2中表现出来的性状的比例为3∶1是性状分离比，不能说明分离定律的实质；F1产生配子的比例为1∶1，最能说明分离定律的实质；F2遗传因子组成的比例为1∶2∶1，只能体现F2的遗传因子组成种类及比例，不能说明分离定律的实质；测交后代中表现出来的性状的比例为1∶1，说明F1产生配子的比例为1∶1，可间接说明分离定律的实质.",14,14,第1章　遗传因子的发现\第1节　孟德尔的豌豆杂交实验(一)\第2课时　性状分离比的模拟实验及分离定律的应用.doc,,,,,,,word补充习题一套_题目答案知识标注.xlsx
86,[例4] 一匹家系来源不明的雄性黑马与若干匹雌性红马杂交，生出20匹红马和22匹黑马，你认为这两种亲本马的遗传因子组成可能是(　　),"A.黑马为显性纯合子，红马为隐性纯合子
B.黑马为杂合子，红马为显性纯合子
C.黑马为隐性纯合子，红马为显性纯合子
D.黑马为杂合子，红马为隐性纯合子",D,"答案　D
解析　显、隐性纯合子杂交后代均为显性；显性纯合子与杂合子杂交后代均为显性；杂合子与隐性纯合子杂交，后代显、隐性之比为1∶1.
探究点三　分离定律的应用
题型1　遗传概率的计算
2只白羊生了2只白羊和1只黑羊，如果它们再生1只小羊，其毛色为白色的概率是多少？是黑色的概率是多少？
提示　两只白羊所生的后代中出现了性状分离，则新出现的黑色为隐性性状，且双亲均为杂合子.设用B、b表示相应遗传因子，则双亲的遗传因子组成均为Bb，子代白羊的遗传因子组成为BB或Bb，黑羊的遗传因子组成为bb.
①方法一:用分离比直接推出.
P　　　　　　　Bb×Bb
↓
F1
♂
♀
B
b
B
BB(白羊)
Bb(白羊)
b
Bb(白羊)
bb(黑羊)
由上表可知，两只白羊再生一只小羊，该小羊表现为白毛的概率是，表现为黑毛的概率是.
用分离比计算，也可参照以下思路:
白毛后代概率＝1－黑毛后代概率；或黑毛后代概率＝1－白毛后代概率.
②方法二:用配子的概率计算.
先计算出亲本产生每种配子的概率，再根据题意要求用相关的两种配子的概率相乘.
Bb亲本产生B、b配子的概率都是.
a.后代为bb的概率＝b(♀)概率×b(♂)概率＝×＝.
b.后代为BB的概率＝B(♀)概率×B(♂)概率＝×＝.
c.后代为Bb的概率＝b(♀)概率×B(♂)概率＋b(♂)概率×B(♀)概率＝×＋×＝.
还可参考这样的思路:Bb的概率＝1－BB概率－bb概率.",14,14,第1章　遗传因子的发现\第1节　孟德尔的豌豆杂交实验(一)\第2课时　性状分离比的模拟实验及分离定律的应用.doc,,,,,,,word补充习题一套_题目答案知识标注.xlsx
87,[例5] 一株杂合的红花豌豆自花传粉共结出4粒种子，有3粒种子长成的植株开红花.第4粒种子长成的植株开红花的概率是 (　　),"A.0 B.3/4
C.1/2 D.1/4",B,"答案　B
解析　假设决定红花的遗传因子为A，则一株杂合的红花豌豆的遗传因子组成是Aa，其自交产生的后代的遗传因子组合类型及其比例为AA∶Aa∶aa＝1∶2∶1，性状分离比为红花∶白花＝3∶1，即每一粒种子长成的植株开红花的可能性都是3/4，开白花的可能性都是1/4，因此第4粒种子长成的植株开红花的概率是3/4，与前面3粒种子长成的植株开什么颜色的花没有关系，故选B.",14,14,第1章　遗传因子的发现\第1节　孟德尔的豌豆杂交实验(一)\第2课时　性状分离比的模拟实验及分离定律的应用.doc,,,,,,,word补充习题一套_题目答案知识标注.xlsx
88,[例6] 糖原沉积病Ⅰ型是受一对遗传因子控制的遗传病.一对表现正常的夫妇生了一个患糖原沉积病Ⅰ型的女儿和一个正常的儿子.若这个儿子与一个糖原沉积病Ⅰ型携带者的女性结婚，他们所生子女中，理论上患糖原沉积病Ⅰ型女儿的可能性是(　　),"A.1/12 B.1/8
C.1/6 D.1/3",A,"答案　A
解析　设致病遗传因子为a，根据题述分析可知，双亲的遗传因子组成均为Aa，他们的正常儿子的遗传因子组成为1/3AA、2/3Aa.若这个儿子与一个糖原沉积病Ⅰ型携带者的女性(Aa)结婚，则子代为aa的概率为2/3×1/4＝1/6.因此他们所生子女中，理论上患糖原沉积病Ⅰ型女儿的可能性是1/6×1/2＝1/12.
题型2　一对相对性状亲子代遗传因子组成和性状表现的推断
番茄果实的颜色由一对遗传因子A、a控制，下表是关于番茄果实颜色的3个杂交实验及其结果.下列分析正确的是 (　　)
实验组
亲本性状表现
F1的性状表现和植株数目
红果
黄果
1
红果×黄果
492
504
2
红果×黄果
997
0
3
红果×红果
1 511
508
A.番茄的果实颜色中，黄色为显性性状
B.实验1的亲本遗传因子组成:红果为AA，黄果为aa
C.实验2的后代红果番茄均为杂合子
D.实验3的后代中黄果番茄的遗传因子组成可能是Aa或AA
答案　C
提示　由实验3可知，双亲都为红果，后代出现红果∶黄果≈3∶1的性状分离比，说明红果为显性性状，后代中红果的遗传因子组成可能是AA或Aa；实验1的后代性状表现及其比例为红果∶黄果≈1∶1，故亲本遗传因子组成分别为红果Aa、黄果aa；实验2的后代均为红果，说明亲本红果为显性纯合子，后代中红果的遗传因子组成为Aa.",14,14,第1章　遗传因子的发现\第1节　孟德尔的豌豆杂交实验(一)\第2课时　性状分离比的模拟实验及分离定律的应用.doc,,,,,,,word补充习题一套_题目答案知识标注.xlsx
89,[例7] 萝卜的花有红色的、紫色的、白色的，由一对遗传因子控制.现选用紫花植株分别与红花、白花、紫花植株杂交，F1中红花、白花、紫花的数量比例分别如图①②③所示，相关遗传因子用A和a表示.下列相关叙述错误的是(　　),"A.紫花植株一定是杂合子
B.图①中的红花植株遗传因子组成一定是AA
C.图②中的白花植株自交，后代全部是白花
D.图③中的紫花植株自交，子代的性状表现及比例与图③相同",B,"答案　B
解析　图③中紫花植株与紫花植株杂交，后代中红花、白花、紫花的数量比例为1∶1∶2，说明紫花植株一定是杂合子，A正确；图①中的红花植株遗传因子组成可能是AA或aa，B错误；白花萝卜为纯合子，图②中的白花植株自交，后代不发生性状分离，全部是白花，C正确；图③中的紫花植株为杂合子，自交子代的性状表现及比例与图③相同，仍为红花∶白花∶紫花＝1∶1∶2，D正确.
思维导图
晨读必背",14,14,第1章　遗传因子的发现\第1节　孟德尔的豌豆杂交实验(一)\第2课时　性状分离比的模拟实验及分离定律的应用.doc,,,,,,,word补充习题一套_题目答案知识标注.xlsx
90,1.下列有关性状分离比的模拟实验的叙述，正确的是(　　),"A.两个小桶内的彩球分别代表雌、雄配子
B.两个小桶内的彩球数量必须相等
C.抓取四次，一定有两次表现为杂合子
D.从两个小桶内各抓取一个彩球，组合后不必放回原小桶",A,"答案　A
解析　该实验用甲、乙两个小桶分别代表雌、雄生殖器官，甲、乙小桶内的彩球分别代表雌、雄配子，A正确；两个小桶内的彩球数量可以不相等，B错误；由于抓取的次数过少，不一定符合理论值，C错误；从两个小桶内各抓取一个彩球，组合后必须放回原小桶，以保证每个小桶内两种颜色的彩球的数量相等，D错误.",14,14,第1章　遗传因子的发现\第1节　孟德尔的豌豆杂交实验(一)\第2课时　性状分离比的模拟实验及分离定律的应用.doc,,,,,,,word补充习题一套_题目答案知识标注.xlsx
91,2.两只黑毛豚鼠，生了一只白毛豚鼠，若再生两只豚鼠，它们都是白色毛的概率是 (　　),"A.1/16 B.1/8
C.1/4 D.1/2",A,"答案　A
解析　两只黑毛豚鼠，生了一只白毛豚鼠，可判断白色为隐性性状，且双亲均为杂合子，再生两只豚鼠，它们都是白色毛的概率是1/4×1/4＝1/16，选A.",14,14,第1章　遗传因子的发现\第1节　孟德尔的豌豆杂交实验(一)\第2课时　性状分离比的模拟实验及分离定律的应用.doc,,,,,,,word补充习题一套_题目答案知识标注.xlsx
92,3.鸡的毛腿(B)对光腿(b)为显性.现让毛腿雌鸡甲、乙分别与光腿雄鸡丙交配，甲的后代既有毛腿又有光腿，数量比为1∶1；乙的后代全部是毛腿.则甲、乙、丙的遗传因子组成依次是(　　),"A.BB、Bb、bb B.bb、Bb、BB
C.Bb、BB、bb D.Bb、bb、BB",C,"答案　C
解析　毛腿雌鸡甲(B_)与光腿雄鸡丙(bb)交配，甲的后代既有毛腿(B_)，又有光腿(bb)，数量比为1∶1，符合测交后代的比例，由此确定甲的遗传因子组成为Bb；毛腿雌鸡乙(B_)与光腿雄鸡丙(bb)交配，乙的后代全部是毛腿(B_)，由此确定乙的遗传因子组成为BB.",14,14,第1章　遗传因子的发现\第1节　孟德尔的豌豆杂交实验(一)\第2课时　性状分离比的模拟实验及分离定律的应用.doc,,,,,,,word补充习题一套_题目答案知识标注.xlsx
93,4.下列鉴定生物遗传特性的方法中，不合理的是(　　),"A.鉴定一只具有显性性状的灰毛兔是否是纯合子用测交
B.区分纯种狗的长毛与短毛的显隐性关系用杂交
C.不断提高小麦抗病系的纯度宜用连续自交
D.鉴定高茎豌豆的遗传因子组成，最简便的方法是测交",D,"答案　D
解析　鉴定一只具有显性性状的动物是否是纯合子可用测交法，若是纯合子，后代只有显性性状；若为杂合子，则后代出现显性性状和隐性性状，A正确；区分纯种狗的长毛与短毛的显隐性关系可用杂交法，后代出现的性状为显性性状，B正确；用自交法可不断提高小麦抗病品种的纯度，因为杂合子自交后代能出现显性纯合子，并淘汰隐性个体，C正确；鉴定高茎豌豆的遗传因子组成最简便的方法是自交，若全为高茎，则为纯合子，若出现矮茎，则为杂合子，D错误.
课后·分层训练
(时间:30分钟)
知识点1　性状分离比的模拟实验",14,14,第1章　遗传因子的发现\第1节　孟德尔的豌豆杂交实验(一)\第2课时　性状分离比的模拟实验及分离定律的应用.doc,,,,,,,word补充习题一套_题目答案知识标注.xlsx
94,1.有位同学做“性状分离比的模拟”实验，以下叙述错误的是(　　),"A.两只小桶内的小球总数必须一样多
B.同一只小桶内的两种颜色的小球数量必须一样多
C.重复20次后，统计的Dd组合的概率大约为50%
D.重复20次后，统计的dd组合的概率大约为25%",A,"答案　A
解析　两只小桶内的小球总数可以不一样多，但同一只小桶内的两种颜色的小球数量必须一样多.重复足够多的次数后，出现Dd组合的概率约为50%，出现dd组合和DD组合的概率均约为25%.",14,14,第1章　遗传因子的发现\第1节　孟德尔的豌豆杂交实验(一)\第2课时　性状分离比的模拟实验及分离定律的应用.doc,,,,,,,word补充习题一套_题目答案知识标注.xlsx
95,2.用甲、乙两个桶及两种不同颜色的小球进行“性状分离比的模拟实验”，下列叙述正确的是(　　),"A.甲、乙两桶中都有两种不同颜色的小球，一种颜色代表来自父方或母方
B.此实验需要重复多次进行，预期得到的结果为AA∶Aa∶aa＝2∶1∶1
C.甲、乙两桶中的小球数量可以不相等，但每桶中的A与a小球数量一定相等
D.从甲、乙两桶中各抓取一个小球进行组合，该过程代表雌雄配子的形成",C,"答案　C
解析　该实验中，甲、乙两桶中都有两种不同颜色的小球，两桶分别代表来自母方或来自父方，A错误；此实验需要重复多次进行，预期得到的结果为AA∶Aa∶aa＝1∶2∶1，B错误；甲、乙两桶中的小球数量可以不相等，但每桶中的A与a小球数量一定要相等，C正确；从甲、乙两桶中各抓取一个小球进行组合，该过程代表雌雄配子的随机结合，D错误.
知识点2　对分离现象解释的验证及其科学方法",14,14,第1章　遗传因子的发现\第1节　孟德尔的豌豆杂交实验(一)\第2课时　性状分离比的模拟实验及分离定律的应用.doc,,,,,,,word补充习题一套_题目答案知识标注.xlsx
96,"3.孟德尔的一对相对性状的遗传实验中，具有1∶1比例的有(　　)
①F1产生的不同类型配子的比例　②F2的性状分离比　③F1测交后代性状分离比　④F1产生的雌、雄配子比例　⑤F1产生的不同类型的雌配子数量的比例　⑥F1产生的不同类型的雄配子数量的比例","A.①②④⑤⑥ B.①③⑤⑥
C.①③④⑤ D.①③④⑥",B,"答案　B
解析　孟德尔的一对相对性状的遗传实验中涉及多个比例:①F1产生的不同类型的配子比例是1∶1；②F1自交，F2的性状分离比为3∶1；③F1测交，后代性状分离比为1∶1；④自然界中进行有性生殖的生物，不论植物还是动物，其雄配子数通常远远大于雌配子数；⑤F1产生配子时，不同类型的雌配子数量的比例为1∶1；⑥F1产生的不同类型的雄配子数量的比例也是1∶1.",14,14,第1章　遗传因子的发现\第1节　孟德尔的豌豆杂交实验(一)\第2课时　性状分离比的模拟实验及分离定律的应用.doc,,,,,,,word补充习题一套_题目答案知识标注.xlsx
97,4.测交是用F1与矮茎豌豆杂交.下列关于测交的说法不正确的是(　　),"A.孟德尔对分离现象解释后，预期了测交结果才进行杂交实验
B.测交实验过程中需要进行去雄的操作
C.测交不能用矮茎豌豆作母本
D.测交过程中需要两次套纸袋的操作",C,"答案　C
解析　测交过程F1与隐性纯合子无论哪个作母本结果都相同，即正反交结果相同，C错误.",14,14,第1章　遗传因子的发现\第1节　孟德尔的豌豆杂交实验(一)\第2课时　性状分离比的模拟实验及分离定律的应用.doc,,,,,,,word补充习题一套_题目答案知识标注.xlsx
98,5.孟德尔在探索遗传规律的过程中运用了“假说—演绎法”，下列相关叙述错误的是(　　),"A.“生物的性状是由遗传因子决定的”，属于假说内容
B.运用统计学分析实验结果是孟德尔获得成功的原因之一
C.孟德尔通过演绎推理证明了其假说是正确的
D.“体细胞中控制同一性状的遗传因子成对存在，不相融合”，属于假说内容",C,"答案　C
解析　测交实验证明了假说的正确性，C错误.
知识点3　分离定律的应用",14,14,第1章　遗传因子的发现\第1节　孟德尔的豌豆杂交实验(一)\第2课时　性状分离比的模拟实验及分离定律的应用.doc,,,,,,,word补充习题一套_题目答案知识标注.xlsx
99,6.水稻的高秆对矮秆是显性，现有一株高秆水稻，欲知其是否是纯合子，通常采用的最为简单的方法是(　　),"A.与一株矮秆水稻测交，观察后代的遗传因子组成
B.与一株矮秆水稻杂交，观察后代的性状表现
C.与一株高秆水稻杂交，观察后代的性状表现
D.自花受粉，观察后代的性状表现",D,"答案　D
解析　自花传粉，观察后代的性状表现可免去大量繁琐的操作，是最简单的方法，D正确.",14,14,第1章　遗传因子的发现\第1节　孟德尔的豌豆杂交实验(一)\第2课时　性状分离比的模拟实验及分离定律的应用.doc,,,,,,,word补充习题一套_题目答案知识标注.xlsx
100,7.某植物的红花对白花为显性，且受一对遗传因子A和a控制.为确定某红花植株的遗传因子组成，让其与另一白花植株进行杂交，得到足够多的杂交后代.下列相关叙述错误的是(　　),"A.待测红花植株与白花植株的杂交方式属于测交
B.如果后代均为红花，则待测红花植株的遗传因子组成为AA
C.如果后代出现白花，则待测红花植株的遗传因子组成为Aa
D.如果后代出现白花，则后代中白花植株的比例为1/4",D,"答案　D
解析　待测红花植株与白花植株的杂交方式属于测交，A正确；如果测交后代均为红花，说明待测红花植株的遗传因子组成为AA，B正确；如果测交后代出现白花，说明待测红花植株的遗传因子组成为Aa，C正确；遗传因子组成为Aa、aa的植株杂交，后代中aa植株的比例为1/2，D错误.",14,14,第1章　遗传因子的发现\第1节　孟德尔的豌豆杂交实验(一)\第2课时　性状分离比的模拟实验及分离定律的应用.doc,,,,,,,word补充习题一套_题目答案知识标注.xlsx
101,"8.在香水玫瑰的花色遗传中，红花、白花为一对相对性状，受一对遗传因子(R、r)控制.从下面的杂交实验中可以得出的正确结论是(　　)
杂交组合
后代性状
一
红花甲×白花乙
全为红花
二
红花丙×红花丁
红花∶白花＝3∶1","A.红花是显性性状
B.甲的遗传因子组成为Rr
C.丙的遗传因子组成为RR
D.丁的遗传因子组成为rr",A,"答案　A
解析　组合一中，亲本为红花和白花，而杂交后代只有红花，说明红花为显性性状，白花为隐性性状，则红花甲的遗传因子组成为RR；组合二中，亲本都为红花，杂交后代出现了性状分离且性状分离比为3∶1，说明亲本都是杂合子，则丙、丁的遗传因子组成均为Rr.",14,14,第1章　遗传因子的发现\第1节　孟德尔的豌豆杂交实验(一)\第2课时　性状分离比的模拟实验及分离定律的应用.doc,,,,,,,word补充习题一套_题目答案知识标注.xlsx
102,9.水稻的晚熟和早熟是一对相对性状，晚熟受显性遗传因子(E)控制.现有纯合的晚熟水稻和早熟水稻杂交，下列说法错误的是(　　),"A.F1的遗传因子组成是Ee，性状表现为晚熟
B.F1自交时产生的雌、雄配子数量之比为1∶1
C.F1自交后得F2，F2的遗传因子组成可能为EE、Ee和ee，其比例为1∶2∶1
D.F2的性状分离比为3∶1",B,"答案　B
解析　在数量上，雄配子数远大于雌配子数，但F1自交时产生的两种雄配子数量之比或两种雌配子数量之比均为1∶1.",14,14,第1章　遗传因子的发现\第1节　孟德尔的豌豆杂交实验(一)\第2课时　性状分离比的模拟实验及分离定律的应用.doc,,,,,,,word补充习题一套_题目答案知识标注.xlsx
103,10.“假说—演绎法”是现代科学研究中常用的一种方法.下列属于孟德尔在发现基因分离定律时的“演绎”过程的是(　　),"A.让F1测交，结果产生了两种性状的子代，比例接近1∶1
B.由F2出现了“3∶1”推测，生物体产生配子时成对遗传因子彼此分离
C.若F1产生配子时成对遗传因子分离，则测交后代会出现两种性状，比例接近1∶1
D.若F1产生配子时成对遗传因子分离，则F2中三种遗传因子组成个体比接近1∶2∶1",C,"答案　C
解析　“让F1测交，结果产生了两种性状的子代，比例接近1∶1”这属于验证内容，A不符合题意；由F2出现了“3∶1”推测，生物体产生配子时成对遗传因子彼此分离，这属于假说内容，B不符合题意；演绎推理内容是若F1产生配子时成对遗传因子分离，则测交后代会出现两种性状，比例接近1∶1，再设计测交实验对分离定律进行验证，C符合题意；若F1产生配子时成对遗传因子分离，雌雄配子随机结合，则F2中三种遗传因子组成个体比接近1∶2∶1，这属于假说内容，D不符合题意.",14,14,第1章　遗传因子的发现\第1节　孟德尔的豌豆杂交实验(一)\第2课时　性状分离比的模拟实验及分离定律的应用.doc,,,,,,,word补充习题一套_题目答案知识标注.xlsx
104,"11.若某对相对性状由一对遗传因子控制，后代个体足够多，则下列对应关系错误的是(　　)
选项
子代
亲本
A
全为隐性个体
均为隐性纯合子
B
全为显性个体
至少有一方是隐性纯合子
C
显性个体∶隐性个体＝1∶1
一方为杂合子，一方为隐性纯合子
D
显性个体∶隐性个体＝3∶1
均为杂合子",,B,"答案　B
解析　假设该对遗传因子用A、a表示.若后代全为隐性个体，则亲本均为隐性纯合子，遗传因子组成的组合为aa×aa，A正确；若后代全为显性个体，则亲本中至少有一个是显性纯合子，遗传因子组成的组合为AA× _ _，B错误；若后代表现为显性个体∶隐性个体＝1∶1，则亲本一方为杂合子，一方为隐性纯合子，遗传因子组成的组合为Aa×aa，C正确；若后代表现为显性个体∶隐性个体＝3∶1，则双亲均为杂合子，遗传因子组成的组合为Aa×Aa，D正确.",14,14,第1章　遗传因子的发现\第1节　孟德尔的豌豆杂交实验(一)\第2课时　性状分离比的模拟实验及分离定律的应用.doc,,,,,,,word补充习题一套_题目答案知识标注.xlsx
105,12.南瓜的花色是由一对遗传因子(A和a)控制的，用一株开黄花的南瓜和一株开白花的南瓜杂交，子代(F1)既有开黄花的，也有开白花的.让F1自交产生F2，表现类型如图所示.下列说法错误的是(　　),"A.由①不可推知花色的显隐性关系
B.由③可知白花是显性性状
C.F1中白花的遗传因子组成是Aa
D.F2中开白花与开黄花的南瓜的理论比是5∶3",D,"答案　D
解析　③过程中，白花南瓜自交后代发生性状分离，说明该白花的遗传因子组成是Aa，同时可知白花是显性性状，黄花是隐性性状.在F2中开白花所占的比例为(1/2)×(3/4)＝3/8，开黄花所占的比例为1/2＋(1/2)×(1/4)＝5/8，所以开黄花与开白花的理论比为5∶3.",14,14,第1章　遗传因子的发现\第1节　孟德尔的豌豆杂交实验(一)\第2课时　性状分离比的模拟实验及分离定律的应用.doc,,,,,,,word补充习题一套_题目答案知识标注.xlsx
106,"13.已知豌豆种子中子叶的黄色与绿色是由一对遗传因子Y、y控制的，现用豌豆进行下列遗传实验，具体情况如下:
实验一　　　　　　　　实验二
P黄色子叶(甲)×绿色子叶(乙)　　P　黄色子叶(丁)
↓　　　　　 　　　　　　↓⊗
F1黄色子叶(丙)　绿色子叶　F1黄色子叶(戊)　绿色子叶
1　∶　1　　　　　　　　　3　∶　1
请分析回答以下问题:
(1)用豌豆作遗传实验容易取得成功的原因之一是豌豆是自花传粉且闭花受粉植物.故自然状态下一般都是________.
(2)从实验________可判断这对相对性状中________是隐性性状.
(3)实验一子代中出现黄色子叶与绿色子叶的比例为1∶1，主要原因是黄色子叶甲产生的配子种类及其比例为________.
(4)实验二黄色子叶戊的遗传因子组成为________，其中杂合子占________.若黄色子叶戊植株自交，所获得的子代中绿色子叶植株占________.
(5)实验一中黄色子叶丙与实验二中黄色子叶戊杂交，所获得的子代中黄色子叶植株占________.",,(1)纯种(纯合子)　(2)二　绿色　(3)Y∶y＝1∶1　(4)YY或Yy　2/3　1/6,"答案　(1)纯种(纯合子)　(2)二　绿色　(3)Y∶y＝1∶1　(4)YY或Yy　2/3　1/6
(5)5/6
解析　(1)豌豆花为两性花，豌豆进行自花传粉，且是闭花受粉，故自然状态下一般都是纯种，这是其常被用作遗传实验材料的原因之一.(2)依据实验结果可知，实验二中黄色子叶植株自交后代出现性状分离，由此可判断这对相对性状中绿色是隐性性状，黄色是显性性状.(3)绿色是隐性性状，黄色是显性性状，依据实验结果可知，实验一为测交，根据子代性状表现，即黄色子叶与绿色子叶的比例为1∶1，可推知亲本黄色子叶甲的遗传因子组成为Yy，其产生配子的种类及比例为Y∶y＝1∶1.(4)根据实验二中亲子代的性状表现可知，黄色子叶戊的遗传因子组成为YY或Yy，且比例为1∶2，可知杂合子占2/3.若黄色子叶戊植株自交，即YY、Yy分别自交，可得子代中绿色子叶植株所占比例为2/3×1/4＝1/6.(5)依据性状显隐性及子代性状表现可知，实验一中黄色子叶丙的遗传因子组成为Yy，实验二中黄色子叶戊的遗传因子组成为1/3YY、2/3Yy，二者杂交，所获得的子代中黄色子叶个体占1/3×1＋2/3×3/4＝5/6.",14,14,第1章　遗传因子的发现\第1节　孟德尔的豌豆杂交实验(一)\第2课时　性状分离比的模拟实验及分离定律的应用.doc,,,,,,,word补充习题一套_题目答案知识标注.xlsx
107,[例1] 下列有关孟德尔两对相对性状的杂交实验的叙述，正确的是(　　),"A.在豌豆开花时对亲本进行去雄和传粉
B.F1的性状表现与亲本中的黄色圆粒作为母本还是父本无关
C.F1产生的雌雄配子的结合方式有9种
D.F1自交得到的F2的遗传因子组成有4种，比例为9∶3∶3∶1",B,"答案　B
解析　应在豌豆开花前对母本未成熟花进行去雄，A错误；F1的性状表现与亲本中的黄色圆粒作为母本还是父本无关，B正确；F1产生的雌雄配子的结合是随机的，雌雄配子各4种，结合方式有16种，C错误；F1自交得到的F2的性状表现有4种，遗传因子组成有9种，D错误.",1,1,第1章　遗传因子的发现\第2节　孟德尔的豌豆杂交实验(二)\第1课时　两对相对性状的杂交实验过程、解释及验证.doc,,,,,,,word补充习题一套_题目答案知识标注.xlsx
108,[例2] 在孟德尔两对相对性状独立遗传的实验中，F2代能稳定遗传的个体和重组型个体(即和亲本P性状表现不同的类型)所占比例分别为(　　),"A.9/16和1/2 B.1/16和3/16
C.9/16和3/16 D.1/4和3/8",D,"答案　D
解析　纯合子能稳定遗传，则F2代中能稳定遗传的遗传因子组成及比例为:YYRR(1/16)、YYrr(1/16)、yyRR(1/16)、yyrr(1/16)，因此F2代中能稳定遗传的个体所占的比例为1/4；F2代中黄色皱粒(Y_rr)和绿色圆粒(yyR_)属于重组类型，因此F2代中性状重组型个体所占的比例为3/16＋3/16＝3/8.
探究点二　对自由组合现象的解释
如图为孟德尔对自由组合现象的解释.请分析回答下列问题:
(1)自由组合现象发生在图中哪一过程？
提示　 F1在形成配子时，Y、y与R、r之间自由组合.
(2)F2的遗传因子组成共有9种，其中纯合子有哪些，在F2中所占的比例各是多少？
提示　F2中纯合子有4种，即YYRR、YYrr、yyRR、yyrr，各占F2总数的1/16.
(3)F2的黄色圆粒豌豆中，包含几种遗传因子的组成类型，其中双杂合子所占的比例是多少？
提示　F2的黄色圆粒豌豆中，包含4种遗传因子的组成类型，即YYRR、YYRr、YyRR、YyRr，其中双杂合子(YyRr)所占的比例是4/9.
两对相对性状杂交实验中F2遗传因子组成和性状表现的种类及比例",0,0,第1章　遗传因子的发现\第2节　孟德尔的豌豆杂交实验(二)\第1课时　两对相对性状的杂交实验过程、解释及验证.doc,,,,,,,word补充习题一套_题目答案知识标注.xlsx
109,[例3] 孟德尔通过做两对相对性状的杂交实验，发现了自由组合定律.他选用纯合黄色圆粒豌豆种子和纯合绿色皱粒豌豆种子为亲本杂交得到F1，F1种子全为黄色圆粒.F1自交得到F2，F2种子有4种表现类型:黄色圆粒、黄色皱粒、绿色圆粒、绿色皱粒，其比例为9∶3∶3∶1.有关该实验的说法不正确的是(　　),"A.实验中黄色和绿色、圆粒和皱粒的遗传均符合分离定律
B.F2出现了不同于亲本的性状组合
C.F2黄色皱粒种子中纯合子占1/16
D.F2中杂合黄色圆粒种子占1/2",C,"答案　C
解析　F2黄色皱粒种子中纯合子占1/3.",0,0,第1章　遗传因子的发现\第2节　孟德尔的豌豆杂交实验(二)\第1课时　两对相对性状的杂交实验过程、解释及验证.doc,,,,,,,word补充习题一套_题目答案知识标注.xlsx
110,"[例4] 番茄的高茎对矮茎为显性，红果对黄果为显性.现有高茎黄果的纯合子(TTrr)和矮茎红果的纯合子(ttRR)杂交，按自由组合定律遗传.请回答下列有关问题:
(1)F2中出现的重组型个体占总数的________.
(2)F2中高茎红果番茄占总数的________，矮茎红果番茄占总数的________，高茎黄果中纯合子占________.
(3)若F2共收获800个番茄，其中黄果番茄约有________个.",,(1)5/8　(2)9/16　3/16　1/3　(3)200,"答案　(1)5/8　(2)9/16　3/16　1/3　(3)200
解析　(1)重组类型为高茎红果(T_R_)和矮茎黄果(ttrr)，占F2的比例为9/16＋1/16＝5/8.(2)亲本杂交获得的F1基因型为TtRr，F1自交，F2中高茎红果番茄(T_R_)占9/16.矮茎红果番茄(ttR_)占3/16，高茎黄果番茄(T_rr)占3/16，高茎黄果番茄中纯合子(TTrr)占1/16÷3/16＝1/3.(3)F2中黄果占1/4，故F2中黄果番茄的个数约为1/4×800＝200(个).
亲本不同，F2中重组类型及其比例也不同
(1)当亲本基因型为YYRR和yyrr时，F2中重组性状所占比例是3/16＋3/16＝6/16.
(2)当亲本基因型为YYrr和yyRR时，F2中重组性状所占比例是1/16＋9/16＝10/16.
探究点三　自由组合定律的验证与实质",0,0,第1章　遗传因子的发现\第2节　孟德尔的豌豆杂交实验(二)\第1课时　两对相对性状的杂交实验过程、解释及验证.doc,,,,,,,word补充习题一套_题目答案知识标注.xlsx
111,[例5] 已知豌豆的黄色(Y)对绿色(y)为显性，圆粒(R)对皱粒(r)为显性.控制两对相对性状的遗传因子独立遗传.现有黄色皱粒与绿色圆粒两品种杂交，其后代出现黄色圆粒70株、绿色圆粒68株、黄色皱粒73株和绿色皱粒71株，则两亲本的遗传因子组成是(　　),"A.YYrr和yyRr B.YYrr和yyRR
C.Yyrr和yyRR D.Yyrr和yyRr",D,"答案　D
解析　亲本为黄色皱粒与绿色圆粒，则可以首先确定亲本黄色皱粒的遗传因子组成为Y_rr，绿色圆粒的遗传因子组成为yyR_.又已知后代中有黄色和绿色，说明亲本的相关遗传因子组成是Yy、yy；后代中有圆粒和皱粒，说明亲本的相关遗传因子组成是Rr、rr.因此，亲本的遗传因子组成是Yyrr和yyRr.",0,0,第1章　遗传因子的发现\第2节　孟德尔的豌豆杂交实验(二)\第1课时　两对相对性状的杂交实验过程、解释及验证.doc,,,,,,,word补充习题一套_题目答案知识标注.xlsx
112,[例6] 自由组合定律发生于下图中的哪个过程(　　),"A.① B.②
C.③ D.④",A,"答案　A
解析　自由组合定律发生在配子形成时，故选A.
思维导图
晨读必背",0,0,第1章　遗传因子的发现\第2节　孟德尔的豌豆杂交实验(二)\第1课时　两对相对性状的杂交实验过程、解释及验证.doc,,,,,,,word补充习题一套_题目答案知识标注.xlsx
113,1.下列有关孟德尔的两对相对性状的杂交实验的叙述，正确的是(　　),"A.F1自交产生的F2中有9种性状表现
B.F1产生的雄配子中，YR和yr的比例为1∶1
C.F1产生的遗传因子组成为YR的雌雄配子数量相等
D.自由组合定律中的自由组合指F1产生的4种雌配子和4种雄配子自由组合",B,"答案　B
解析　在孟德尔两对相对性状的杂交实验中，F1自交产生的F2中有4种性状表现，A错误；F1产生配子时，控制不同性状的遗传因子的分离和组合是互不干扰的，形成的配子种类和比例是YR∶Yr∶yR∶yr＝1∶1∶1∶1，B正确；F1产生的雌配子数量比雄配子数量少很多，C错误；自由组合定律中的自由组合指F1产生配子过程中控制不同性状的遗传因子自由组合，D错误.",1,1,第1章　遗传因子的发现\第2节　孟德尔的豌豆杂交实验(二)\第1课时　两对相对性状的杂交实验过程、解释及验证.doc,,,,,,,word补充习题一套_题目答案知识标注.xlsx
114,2.孟德尔利用黄色圆粒豌豆和绿色皱粒豌豆进行杂交实验时，下列哪一项会导致子二代的性状分离比不符合9∶3∶3∶1(　　),"A.显性基因相对于隐性基因为完全显性
B.统计的子代个体数目足够多，子代个体的存活率相等
C.子一代产生的雄配子活力有差异，雌配子活力无差异
D.遗传因子在杂交过程中保持完整性和独立性",C,"答案　C
解析　子一代产生的雌雄配子中4种类型配子活力都相同，子二代才会出现9∶3∶3∶1性状分离比，如果子一代产生的雄配子活力有差异，雌配子活力无差异，会导致子二代的性状分离比不符合9∶3∶3∶1.",1,1,第1章　遗传因子的发现\第2节　孟德尔的豌豆杂交实验(二)\第1课时　两对相对性状的杂交实验过程、解释及验证.doc,,,,,,,word补充习题一套_题目答案知识标注.xlsx
115,3.大鼠的毛色由独立遗传的两对等位基因(A、a，B、b)控制.用黄色大鼠与黑色大鼠进行杂交实验，结果如图所示.据图判断，下列叙述正确的是(　　),"A.黄色为显性性状，黑色为隐性性状
B.F1与黄色亲本杂交，后代有两种表型
C.F1和F2中灰色大鼠均为杂合子
D.F2黑色大鼠与米色大鼠杂交，其后代中出现米色大鼠的概率为1/4",B,"答案　B
解析　因F2中分离比为9∶3∶3∶1，灰色占9份，所以灰色为双显性状，米色占1份，所以米色为双隐性状，黄色、黑色为单显性状，A错误；F1为双杂合子(AaBb)，与黄色亲本(aaBB或AAbb)杂交，后代有两种表型，B正确；F2出现性状分离，体色由两对等位基因控制，则F2灰色大鼠中有1/9为纯合子(AABB)，其余为杂合子，C错误；F2黑色大鼠中纯合子(AAbb或aaBB)所占比例为1/3，与米色大鼠(aabb)杂交不会产生米色大鼠，杂合子(Aabb或aaBb)所占比例为2/3，与米色大鼠(aabb)交配，产生米色大鼠的概率为2/3×1×1/2＝1/3，D错误.",0,0,第1章　遗传因子的发现\第2节　孟德尔的豌豆杂交实验(二)\第1课时　两对相对性状的杂交实验过程、解释及验证.doc,,,,,,,word补充习题一套_题目答案知识标注.xlsx
116,"4.如图表示孟德尔的豌豆两对相对性状的杂交实验，已知控制黄色、绿色和圆粒、皱粒的遗传因子分别为Y、y和R、r.请回答下列相关问题:
(1)进行豌豆杂交实验时，去雄和人工授粉不能同时进行的原因是_______________________________________________________________
_________________________________________________________________.
(2)根据图示，请写出判断豌豆种子形状显隐性的两个依据:①_______________________________________________________________；
②_______________________________________________________________.
(3)F2中新出现的性状组合所占的比例是________，其中的纯合子杂交，得到的子代再自交，后代的性状类型及比例为________.
(4)若F2中杂合的黄色皱粒豌豆有104粒，则杂合的黄色圆粒豌豆约有________粒，其中数量最多的是遗传因子组成为________的豌豆.",,(1)去雄是在花蕾期进行的，此时雌蕊的发育还不成熟，需等雌蕊成熟后再授以成熟的花粉(答案合理即可),"答案　(1)去雄是在花蕾期进行的，此时雌蕊的发育还不成熟，需等雌蕊成熟后再授以成熟的花粉(答案合理即可)
(2)①亲本纯合圆粒豌豆与纯合皱粒豌豆杂交，F1均为圆粒豌豆，故圆粒为显性性状　②F1圆粒豌豆自交，F2的性状类型及比例为圆粒∶皱粒＝3∶1，所占比例小的为隐性性状(或F1圆粒豌豆自交，F2中出现了皱粒豌豆，故皱粒为隐性性状)
(3)6/16(或3/8)　黄色圆粒∶绿色圆粒∶黄色皱粒∶绿色皱粒＝9∶3∶3∶1
(4)416　YyRr
解析　(1)进行豌豆杂交实验时，去雄是在花蕾期进行的，此时雌蕊的发育还不成熟，需等雌蕊成熟后再授以成熟的花粉，因此去雄和人工授粉不能同时进行.(2)根据图示，亲本纯合圆粒豌豆与纯合皱粒豌豆杂交，F1均为圆粒豌豆，则圆粒为显性性状；F1的圆粒豌豆自交，F2的性状类型及比例为圆粒∶皱粒＝3∶1，出现性状分离，比例小的为隐性性状；F1圆粒豌豆自交，F2中出现了皱粒豌豆，故皱粒为隐性性状.据此，可判断豌豆种子形状的显隐性.(3)F2中新出现的性状组合为绿色圆粒和黄色皱粒，所占的比例是6/16(或3/8)，其中的纯合子为YYrr、yyRR，二者杂交，F1的遗传因子组成为YyRr，自交后代的性状类型及比例为黄色圆粒∶绿色圆粒∶黄色皱粒∶绿色皱粒＝9∶3∶3∶1.(4)F2中杂合的黄色皱粒豌豆(Yyrr)所占比例为2/16，杂合的黄色圆粒豌豆所占的比例为8/16，若杂合的黄色皱粒豌豆有104粒，则杂合的黄色圆粒豌豆约有104÷2×8＝416粒，其中数量最多的是遗传因子组成为YyRr的豌豆.
课后·分层训练
(时间:30分钟)
知识点1　两对相对性状的杂交实验",0,0,第1章　遗传因子的发现\第2节　孟德尔的豌豆杂交实验(二)\第1课时　两对相对性状的杂交实验过程、解释及验证.doc,,,,,,,word补充习题一套_题目答案知识标注.xlsx
117,1.如图表示豌豆杂交实验时F1自交产生F2的结果统计.对此说法不正确的是(　　),"A.这个结果能够说明黄色和圆粒是显性性状
B.这两对相对性状的遗传只遵循分离定律
C.F1的性状表现和遗传因子组成能确定
D.亲本的性状表现和遗传因子组成不能确定",B,"答案　B
解析　在F2中，黄色圆粒∶绿色圆粒∶黄色皱粒∶绿色皱粒≈9∶3∶3∶1，说明黄色和圆粒是显性性状，而且这两对相对性状的遗传遵循自由组合定律，A正确，B错误；若Y和y分别控制黄色和绿色，R和r分别控制圆粒和皱粒，则F1的遗传因子组成为YyRr，性状表现为黄色圆粒，C正确；亲本的遗传因子组成可能为YYRR和yyrr，或者为YYrr和yyRR，性状表现为黄色圆粒和绿色皱粒，或者为黄色皱粒和绿色圆粒，因此亲本的性状表现和遗传因子组成不能确定，D正确.",0,0,第1章　遗传因子的发现\第2节　孟德尔的豌豆杂交实验(二)\第1课时　两对相对性状的杂交实验过程、解释及验证.doc,,,,,,,word补充习题一套_题目答案知识标注.xlsx
118,2.孟德尔用豌豆做两对相对性状的杂交实验不必考虑的是(　　),"A.亲本的双方都必须是纯合子
B.两对相对性状各自要有显隐性关系
C.对母本去雄，授以父本花粉
D.显性亲本作父本，隐性亲本作母本",D,"答案　D
解析　孟德尔的豌豆杂交实验正反交的结果是一样的.",0,0,第1章　遗传因子的发现\第2节　孟德尔的豌豆杂交实验(二)\第1课时　两对相对性状的杂交实验过程、解释及验证.doc,,,,,,,word补充习题一套_题目答案知识标注.xlsx
119,3.白色盘状南瓜与黄色球状南瓜杂交，F1全是白色盘状南瓜，若F1自交得到的F2中白色球状南瓜有4 000株，则黄色盘状南瓜有(　　),"A.1 333株 B.2 000株
C.4 000株 D.8 000株",C,"答案　C
解析　具有两对相对性状的南瓜杂交，F1只表现白色盘状，说明白色对黄色为显性，盘状对球状为显性.F1为双杂合子，自交结果为9(白色盘状)∶3(白色球状)∶3(黄色盘状)∶1(黄色球状)，F2中白色球状南瓜有4 000株，则黄色盘状南瓜理论上也应该有4 000株.
知识点2　对自由组合现象的解释和验证",0,0,第1章　遗传因子的发现\第2节　孟德尔的豌豆杂交实验(二)\第1课时　两对相对性状的杂交实验过程、解释及验证.doc,,,,,,,word补充习题一套_题目答案知识标注.xlsx
120,"4.下表是由具有两对相对性状的杂交实验得到的子二代的遗传因子组成，其中部分遗传因子组成未列出，而是用数字表示.下列选项错误的是(　　)
雄配子
雌配子
YR
Yr
yR
yr
YR
1
3
YyRR
YyRr
Yr
YYRr
YYrr
4
Yyrr
yR
2
YyRr
yyRR
yyRr
yr
YyRr
Yyrr
yyRr
yyrr","A.“1”、“2”、“3”、“4”的表型都一样
B.表格中YYRR只出现1次
C.表格中YyRr共出现4次
D.数字“4”代表的遗传因子组成出现的概率最小",D,"答案　D
解析　图中1、2、3、4的遗传因子组成分别是YYRR、YyRR、YYRr、YyRr，表型都是双显性个体，A正确；分析表格遗传因子组成，YYRR只出现一次，YyRr共出现四次，B、C正确；图中1、2、3、4的遗传因子组成及比例分别是YYRR 1/16、YyRR 2/16、YYRr 2/16、YyRr 4/16，因此遗传因子组成出现概率的大小顺序为4>2＝3>1，即数字“4”代表的基因型出现的概率最大，D错误.",1,1,第1章　遗传因子的发现\第2节　孟德尔的豌豆杂交实验(二)\第1课时　两对相对性状的杂交实验过程、解释及验证.doc,,,,,,,word补充习题一套_题目答案知识标注.xlsx
121,5.孟德尔对自由组合现象的解释不包括(　　),"A.两对相对性状由两对遗传因子控制
B.F1在形成配子时，同一对遗传因子分离，不同对的遗传因子可以自由组合
C.受精时，雌雄配子的结合是随机的
D.杂合子和隐性纯合子杂交，后代会出现4种性状表现，且比例为1∶1∶1∶1",D,"答案　D
解析　杂合子和隐性纯合子杂交，后代会出现4种性状表现，且比例为1∶1∶1∶1，这个是演绎推理的描述.",1,1,第1章　遗传因子的发现\第2节　孟德尔的豌豆杂交实验(二)\第1课时　两对相对性状的杂交实验过程、解释及验证.doc,,,,,,,word补充习题一套_题目答案知识标注.xlsx
122,"6.孟德尔的两对相对性状的遗传实验中，具有1∶1∶1∶1比例的是(　　)
①F1产生配子类型的比例　②F2性状表现类型的比例　③F1测交后代性状表现类型的比例　④F1性状表现类型的比例　⑤F2遗传因子组成的比例","A.②④ B.①③
C.④⑤ D.②⑤",B,"答案　B
解析　孟德尔的两对相对性状的遗传实验中，F1遗传因子组成为YyRr，性状表现类型只有一种，F1产生的配子为YR、Yr、yR、yr，比例为1∶1∶1∶1；F1测交后代遗传因子组成为YyRr、Yyrr、yyRr、yyrr 4种，性状表现类型也为4种，比例为1∶1∶1∶1；F1自交得F2，其性状表现类型为4种，比例为9∶3∶3∶1，遗传因子组成为9种，比例为4∶2∶2∶2∶2∶1∶1∶1∶1.",1,1,第1章　遗传因子的发现\第2节　孟德尔的豌豆杂交实验(二)\第1课时　两对相对性状的杂交实验过程、解释及验证.doc,,,,,,,word补充习题一套_题目答案知识标注.xlsx
123,7.某哺乳动物的毛色有白色和灰色两种，由一对遗传因子控制，毛长有长毛和短毛两种，由另一对遗传因子控制，两对遗传因子独立遗传.现让纯合白色长毛个体与纯合灰色短毛个体杂交，F1全部表现为白色短毛，F1雌雄个体自由交配得F2.下列有关叙述错误的是(　　),"A.毛色和毛长这两对相对性状中的显性性状分别为白色和短毛
B.F1中所有个体的遗传因子组成均相同
C.F2中灰色短毛个体约占1/16
D.F2中有9种遗传因子组成和4种性状类型",C,"答案　C
解析　由题可知，让纯合白色长毛个体与纯合灰色短毛个体杂交，F1全部表现为白色短毛，说明白色对灰色为显性，短毛对长毛为显性，A正确；假设与毛色有关的遗传因子为A、a，与毛长有关的遗传因子为B、b，则亲本的遗传因子组成分别为AAbb、aaBB，F1的遗传因子组成为AaBb，即F1中所有个体的遗传因子组成均相同，B正确；F2中灰色短毛个体(1aaBB、2aaBb)所占比例为3/16，C错误；F2的性状类型有2×2＝4种，遗传因子组成有3×3＝9种，D正确.",0,0,第1章　遗传因子的发现\第2节　孟德尔的豌豆杂交实验(二)\第1课时　两对相对性状的杂交实验过程、解释及验证.doc,,,,,,,word补充习题一套_题目答案知识标注.xlsx
124,8.已知水稻的高秆(D)对矮秆(d)为显性，抗瘟病(R)对易染病(r)为显性.现有一高秆抗瘟病的亲本水稻和矮秆易染病的亲本水稻杂交，产生的F1再和隐性类型进行测交，结果如图所示(两对遗传因子独立遗传)，请问F1的遗传因子组成为 (　　),"A.DdRR和ddRr B.DdRr和ddRr
C.DdRr和Ddrr D.ddRr",C,"答案　C
解析　单独分析高秆和矮秆这一对相对性状，测交后代高秆∶矮秆＝1∶1，说明F1的遗传因子组成为Dd；单独分析抗瘟病与易染病这一对相对性状，测交后代抗瘟病∶易染病＝1∶3，说明F1中有两种遗传因子组成，即Rr和rr，且比例为1∶1.综合以上分析可判断出F1的遗传因子组成为DdRr、Ddrr.
知识点3　自由组合定律",0,0,第1章　遗传因子的发现\第2节　孟德尔的豌豆杂交实验(二)\第1课时　两对相对性状的杂交实验过程、解释及验证.doc,,,,,,,word补充习题一套_题目答案知识标注.xlsx
125,9.自由组合定律中的“自由组合”是指(　　),"A.带有不同基因的雌雄配子间的组合
B.决定同一性状的成对的遗传因子的组合
C.两亲本间的组合
D.决定不同性状的遗传因子的自由组合",D,"答案　D
解析　自由组合定律的实质是生物在产生配子时，决定不同性状的遗传因子自由组合.",1,1,第1章　遗传因子的发现\第2节　孟德尔的豌豆杂交实验(二)\第1课时　两对相对性状的杂交实验过程、解释及验证.doc,,,,,,,word补充习题一套_题目答案知识标注.xlsx
126,10.基因A、a和基因B、b的遗传遵循自由组合定律.一个亲本与aabb测交，子代基因型为AaBb和Aabb，分离比为1∶1，则这个亲本基因型为 (　　),A.AABb B.AaBb C.AAbb D.AaBB,A,"答案　A
解析　基因型为aabb的个体只能产生基因型为ab的配子，所以，要产生基因型为AaBb和Aabb的个体且比例为1∶1，还需要AB和Ab两种配子，而且其比例为1∶1，该亲本的基因型只能是AABb.",0,0,第1章　遗传因子的发现\第2节　孟德尔的豌豆杂交实验(二)\第1课时　两对相对性状的杂交实验过程、解释及验证.doc,,,,,,,word补充习题一套_题目答案知识标注.xlsx
127,11.遗传因子组成为YyRr的黄色圆粒豌豆自交，后代中至少有一对基因为显性纯合的个体占 (　　),"A.3/16 B. 5/16
C. 7/16 D.9/16",C,"答案　C
解析　遗传因子组成为YyRr的黄色圆粒豌豆自交，后代性状表现和遗传因子组成及比例如下:
性状表现
遗传因子组成及比例
双显性
1/16YYRR、2/16YyRR、
2/16YYRr、4/16YyRr
单显性
1/16YYrr、2/16Yyrr
1/16yyRR、2/16yyRr
双隐性
1/16yyrr
则后代中至少有一对基因为显性纯合的个体为1/16YYRR、2/16YyRR、2/16YYRr、1/16YYrr、1/16yyRR，占7/16.",0,0,第1章　遗传因子的发现\第2节　孟德尔的豌豆杂交实验(二)\第1课时　两对相对性状的杂交实验过程、解释及验证.doc,,,,,,,word补充习题一套_题目答案知识标注.xlsx
128,12.豌豆的两对相对性状杂交实验中，F1黄色圆粒豌豆(YyRr)自交产生F2.下列叙述正确的是(　　),"A.控制两对相对性状的基因位于一对染色体上
B.F1产生基因型YR的雌配子和基因型为YR的雄配子数量之比为1∶1
C.F2中出现表型不同于亲本的重组类型的概率是3/8或5/8
D.自由组合定律是指产生的4种类型的雌雄配子可以自由组合",C,"答案　C
解析　控制子叶颜色和种子形状的两对基因位于两对染色体上，A错误；雌雄配子的比例不是1∶1，B错误；亲本可能是YYRR和yyrr或者YYrr和yyRR，故F2中重组性状占3/8或5/8，C正确；自由组合指减数分裂产生配子时，Y、y与R、r可以自由组合，D错误.",1,1,第1章　遗传因子的发现\第2节　孟德尔的豌豆杂交实验(二)\第1课时　两对相对性状的杂交实验过程、解释及验证.doc,,,,,,,word补充习题一套_题目答案知识标注.xlsx
129,"13.小麦种子的毛颖和光颖是一对相对性状(由A和a控制)，抗锈病与感锈病是另一对相对性状(由B和b控制)，两对遗传因子遵循自由组合定律.用纯种毛颖感锈病植株(甲)和纯种光颖抗锈病植株(乙)为亲本进行杂交，F1均为毛颖抗锈病植株(丙).再用F1与丁进行杂交，所得后代有四种性状表现，对每对相对性状的植株数目进行统计，结果如下表:
性状
毛颖
光颖
抗锈病
感锈病
植株数目
102
100
153
49
(1)两对相对性状中，显性性状分别是________、________.
(2)亲本甲、乙的遗传因子组成分别是________、________；丁的遗传因子组成是________.
(3)F1形成的配子有________种，比例为________.
(4)丙和丁的后代中遗传因子组成为aaBB的个体所占的比例为________，光颖抗锈病植株所占的比例是________.",,(1)毛颖　抗锈病　(2)AAbb　aaBB　aaBb　(3)4　1∶1∶1∶1　(4)1/8　3/8,"答案　(1)毛颖　抗锈病　(2)AAbb　aaBB　aaBb　(3)4　1∶1∶1∶1　(4)1/8　3/8
解析　(1)用纯种毛颖感锈病植株(甲)和纯种光颖抗锈病植株(乙)为亲本进行杂交，F1均为毛颖抗锈病植株(丙)，说明毛颖相对于光颖是显性性状，抗锈病相对于感锈病是显性性状.(2)由于亲本为纯种，则亲本甲、乙的遗传因子组成分别是AAbb、aaBB.由(1)分析可知F1(丙)的遗传因子组成为AaBb.对于抗锈病和感锈病这一对相对性状，F2中抗锈病∶感锈病≈3∶1，说明丙和丁都是杂合子，即丙和丁的遗传因子组成均为Bb；对于毛颖和光颖这一对相对性状，F2中毛颖∶光颖≈1∶1，属于测交类型，则丙和丁的遗传因子组成为Aa×aa，故丁的遗传因子组成是aaBb.(3)F1(丙)的遗传因子组成为AaBb，根据自由组合定律，其形成的配子种类有AB、Ab、aB、ab，比例为1∶1∶1∶1.(4)F1(丙)的遗传因子组成为AaBb，丁的遗传因子组成是aaBb，根据自由组合定律，丙和丁的后代中遗传因子组成为aaBB的
个体所占的比例为1/2×1/4＝1/8，光颖抗锈病(aaB_)植株所占的比例是1/2×3/4＝3/8.",1,1,第1章　遗传因子的发现\第2节　孟德尔的豌豆杂交实验(二)\第1课时　两对相对性状的杂交实验过程、解释及验证.doc,,,,,,,word补充习题一套_题目答案知识标注.xlsx
130,"14.水稻的抗病和易感病是一对相对性状，由遗传因子D、d控制；晚熟和早熟是一对相对性状，由遗传因子R、r控制，两对遗传因子独立遗传.现有抗病晚熟和易感病早熟的两亲本杂交，F1全为抗病晚熟.F1自交，F2出现4种性状:抗病晚熟、抗病早熟、易感病晚熟、易感病早熟.根据上述信息，回答下列问题:
(1)F1产生的配子类型为________，F2四种性状的比例为________.
(2)亲本的遗传因子组成组合是________，F2中与亲本遗传因子组成相同的个体所占比例为________，抗病晚熟植株中能稳定遗传的占 ________.
(3)从F2中选取一株抗病早熟的植株和一株易感病早熟的植株杂交，后代出现易感病早熟植株的概率是________.",,(1)DR、Dr、dR、dr　9∶3∶3∶1　(2)DDRR×ddrr　1/8　1/9　(3)1/3,"答案　(1)DR、Dr、dR、dr　9∶3∶3∶1　(2)DDRR×ddrr　1/8　1/9　(3)1/3
解析　(1)根据题意，两对遗传因子独立遗传，即遵循自由组合定律，抗病晚熟和易感病早熟的两亲本杂交，F1全为抗病晚熟，说明抗病对易感病为显性，晚熟对早熟为显性，即F1遗传因子组成为DdRr，则F1产生的配子类型及比例为DR∶Dr∶dR∶dr＝1∶1∶1∶1；F1自交，F2出现4种性状:抗病晚熟、抗病早熟、易感病晚熟、易感病早熟，则F2四种性状的比例为9∶3∶3∶1.(2)根据上述分析可知，亲本的遗传因子组成组合是DDRR×ddrr，F2中与亲本DDRR遗传因子组成相同的概率为1/16，与亲本ddrr遗传因子组成相同的概率为1/16，因此F2中与亲本遗传因子组成相同的个体所占比例为1/8.抗病晚熟植株(D_R_)中能稳定遗传(DDRR)的占1/9.(3)根据上述分析可知，F2中抗病早熟植株的遗传因子组成种类及比例是DDrr∶Ddrr＝1∶2，若从F2中选取一株抗病早熟的植株和一株易感病早熟(ddrr)的植株杂交，则后代出现易感病早熟植株的概率是2/3×1/2＝1/3.",1,1,第1章　遗传因子的发现\第2节　孟德尔的豌豆杂交实验(二)\第1课时　两对相对性状的杂交实验过程、解释及验证.doc,,,,,,,word补充习题一套_题目答案知识标注.xlsx
131,"[例1] 水稻的高秆(D)对矮秆(d)为显性，抗病(T)对易感病(t)为显性，利用纯合的高秆抗病水稻(DDTT)和矮秆易感病水稻(ddtt)，某研究小组培育出了矮秆抗病水稻(ddTT)的优良品种.请回答下列问题:
(1)该研究小组采用的育种方法最可能为________；该育种方法中选育从F2开始的原因是______________________________________________________.
(2)请给出培育矮秆抗病水稻优良新品种的过程图(用遗传图解表示).",,(1)杂交育种　F2开始发生性状分离,"答案　(1)杂交育种　F2开始发生性状分离
(2)如图
探究点二　用分离定律解决自由组合问题",0,0,第1章　遗传因子的发现\第2节　孟德尔的豌豆杂交实验(二)\第2课时　孟德尔遗传定律的应用.doc,,,,,,,word补充习题一套_题目答案知识标注.xlsx
132,"[例2] 已知基因型为AaBbCc与AaBbCC的个体杂交，求:
(1)杂交后代的基因型与表型的种类数分别为________、________.
(2)杂交后代中AAbbCc与aaBbCC出现的概率分别是________、________.
(3)杂交后代中基因型为A_bbC_与aaB_C_的概率分别是________、________.",,(1)18种　4种　(2)1/32　1/16　(3)3/16　3/16,"答案　(1)18种　4种　(2)1/32　1/16　(3)3/16　3/16
解析　(1)AaBbCc×AaBbCC，后代中有3×3×2＝18(种)基因型，有2×2×1＝4(种)表型.(2)AaBbCc与AaBbCC的个体杂交，后代中AAbbCc出现的概率为1/4×1/4×1/2＝1/32，aaBbCC出现的概率为1/4×1/2×1/2＝1/16.(3)杂交后代中基因型为A_bbC_的概率是3/4×1/4×1＝3/16，基因型为aaB_C_的概率是1/4×3/4×1＝3/16.",0,0,第1章　遗传因子的发现\第2节　孟德尔的豌豆杂交实验(二)\第2课时　孟德尔遗传定律的应用.doc,,,,,,,word补充习题一套_题目答案知识标注.xlsx
133,"[例3] 一个正常的女人与一个并指(Bb)的男人结婚，他们生了一个白化病且手指正常的孩子.若他们再生一个孩子:
(1)只患并指的概率是________.
(2)只患白化病的概率是________.
(3)既患白化病又患并指的男孩的概率是________.
(4)只患一种病的概率是________.
(5)患病的概率是________.",,(1)3/8　(2)1/8　(3)1/16　(4)1/2　(5)5/8,"答案　(1)3/8　(2)1/8　(3)1/16　(4)1/2　(5)5/8
解析　由题意可知，第1个孩子的基因型应为aabb(与白化病相关的基因用A/a表示)，则该夫妇基因型应分别为妇:Aabb；夫:AaBb.依据该夫妇基因型可知，孩子中并指的概率应为1/2(非并指概率为1/2)，白化病的概率应为1/4(非白化病概率应为3/4)，则:(1)再生一个只患并指孩子的概率为并指概率－并指又白化概率＝1/2－1/2×1/4＝3/8.(2)只患白化病孩子的概率为白化病概率－白化又并指的概率＝1/4－1/2×1/4＝1/8.(3)生一个既患白化又患并指的男孩的概率为男孩出生率×白化病概率×并指概率＝1/2×1/4×1/2＝1/16.(4)后代只患一种病的概率为并指概率×非白化病概率＋白化病概率×非并指概率＝＝1/2×3/4＋1/4×1/2＝1/2.(5)后代中患病的概率为1－全正常(非并指、非白化)＝1－1/2×3/4＝5/8.
求两种遗传病的患病概率还可以用“十字交叉法”
①表示甲、乙两病都患的概率:m×n.
②表示患甲病但不患乙病的概率:m×(1－n).
③表示不患甲病但患乙病的概率:(1－m)×n.
④表示甲、乙两病都不患的概率:(1－m)×(1－n).",9,9,第1章　遗传因子的发现\第2节　孟德尔的豌豆杂交实验(二)\第2课时　孟德尔遗传定律的应用.doc,,,,,,,word补充习题一套_题目答案知识标注.xlsx
134,[例4] 基因型为AAbbCC与基因型为aaBBcc的小麦进行杂交，这3对等位基因可以自由组合，F1杂种形成的配子种类数和F2的基因型种类数分别是 (　　),"A.4和9 B.4和27
C.8和27 D.32和81",C,"答案　C
解析　基因型为AAbbCC与aaBBcc的小麦杂交，F1基因型为AaBbCc.根据乘积法，F1杂种形成的配子种类数为2×2×2＝8，F2的基因型种类数为3×3×3＝27.
思维导图
晨读必背",1,1,第1章　遗传因子的发现\第2节　孟德尔的豌豆杂交实验(二)\第2课时　孟德尔遗传定律的应用.doc,,,,,,,word补充习题一套_题目答案知识标注.xlsx
135,1.以下关于表型和基因型的叙述，正确的是 (　　),"A.表型都能通过眼睛观察出来，如高茎和矮茎
B.基因型不能通过眼睛观察，必须使用电子显微镜
C.在相同环境条件下，表型相同，基因型一定相同
D.基因型相同，表型不一定相同",D,"答案　D
解析　表型是指生物个体表现出来的性状，是可以观察和测量的，但不一定都能通过眼观察出来，A错误；基因型不能通过肉眼来推知，不能通过电子显微镜观察，B错误；在相同环境条件下，表型相同，基因型不一定相同，如高茎的基因型可能是DD或Dd，C错误；表型是基因型与环境条件共同作用的结果，因此，基因型相同，表型不一定相同，D正确.",0,0,第1章　遗传因子的发现\第2节　孟德尔的豌豆杂交实验(二)\第2课时　孟德尔遗传定律的应用.doc,,,,,,,word补充习题一套_题目答案知识标注.xlsx
136,2.在孟德尔之前，也有不少学者做过动物和植物的杂交实验，也观察到了生物遗传中的性状分离现象，但都未能总结出遗传的规律.下列不属于孟德尔成功原因的是(　　),"A.运用了完全归纳法分析和解决问题
B.对实验结果进行统计学分析
C.抽象出科学概念并运用符号予以表达
D.选用豌豆作为杂交实验的材料",A,"答案　A
解析　孟德尔分析了豌豆部分性状的遗传，不属于完全归纳法.",0,0,第1章　遗传因子的发现\第2节　孟德尔的豌豆杂交实验(二)\第2课时　孟德尔遗传定律的应用.doc,,,,,,,word补充习题一套_题目答案知识标注.xlsx
137,3.已知A与a、B与b、C与c 3对等位基因自由组合，基因型分别为AaBbCc、AabbCc的两个体进行杂交.下列关于杂交后代的推测，正确的是(　　),"A.表型有8种，AaBbCc个体的比例为1/16
B.表型有4种，aaBbcc个体的比例为1/16
C.表型有8种，Aabbcc个体的比例为1/8
D.表型有8种，aaBbCc个体的比例为1/16",D,"答案　D
解析　3对基因的遗传遵循自由组合定律，其中每对基因的遗传仍遵循分离定律，故Aa×Aa杂交后代表型有2种，Aa出现的概率为1/2，aa出现的概率为1/4；Bb×bb杂交后代表型有2种，Bb出现的概率为1/2，bb出现的概率为1/2；Cc×Cc杂交后代表型有2种，Cc出现的概率为1/2，cc出现的概率为1/4，所以AaBbCc×AabbCc两个体杂交后代表型有2×2×2＝8种，AaBbCc个体的比例为1/2×1/2×1/2＝1/8，aaBbcc个体的比例为1/4×1/2×1/4＝1/32，Aabbcc个体的比例为1/2×1/2×1/4＝1/16，aaBbCc个体的比例为1/4×1/2×1/2＝1/16.",0,0,第1章　遗传因子的发现\第2节　孟德尔的豌豆杂交实验(二)\第2课时　孟德尔遗传定律的应用.doc,,,,,,,word补充习题一套_题目答案知识标注.xlsx
138,4.水稻高秆(D)对矮秆(d)为显性，抗稻瘟病(R)对易感稻瘟病(r)为显性，两对性状独立遗传，用一个纯合易感病的矮秆(抗倒伏)品种与一个纯合抗病高秆(易倒伏)品种杂交.下列说法中错误的是(　　),"A.F2中既抗病又抗倒伏的基因型为ddRR和ddRr
B.F2中既抗病又抗倒伏的个体占3/16
C.上述育种方法叫杂交育种
D.从F2中可以直接选育出矮秆抗病新品种",D,"答案　D
解析　纯合易感病的矮秆基因型是ddrr，纯合抗病高秆的基因型是DDRR，二者杂交的F1为高秆抗病(DdRr)，F1自交产生的F2中出现性状分离，出现既抗病又抗倒伏的新类型占3/16，基因型有ddRR和ddRr，上述育种方法属于杂交育种，F1(DdRr)的花药有4种，A、B、C正确；从F2中不能直接选育出矮秆抗病新品种，D错误.
课后·分层训练
(时间:30分钟)
知识点1　孟德尔实验方法的启示和遗传规律的再发现",0,0,第1章　遗传因子的发现\第2节　孟德尔的豌豆杂交实验(二)\第2课时　孟德尔遗传定律的应用.doc,,,,,,,word补充习题一套_题目答案知识标注.xlsx
139,1.孟德尔发现了基因的分离定律和自由组合定律，他获得成功的原因不包括(　　),"A.正确地选用实验材料
B.先分析一对相对性状的遗传，再分析两对相对性状的遗传
C.先研究基因的行为变化，后研究性状分离现象
D.在观察和分析的基础上提出问题，然后提出假说并进行验证",C,"答案　C
解析　正确地选用豌豆作为实验材料是孟德尔获得成功的首要条件，A正确；孟德尔在研究过程中先分析一对相对性状的遗传，再分析两对相对性状的遗传，B正确；孟德尔采用了假说—演绎法进行研究，即在观察和分析(性状分离现象)的基础上提出问题，然后通过推理和想象提出解释问题的假说并进行验证，C错误、D正确.",0,0,第1章　遗传因子的发现\第2节　孟德尔的豌豆杂交实验(二)\第2课时　孟德尔遗传定律的应用.doc,,,,,,,word补充习题一套_题目答案知识标注.xlsx
140,2.下列有关基因、基因型、表型、等位基因的说法中，错误的是 (　　),"A.基因的概念是由丹麦生物学家约翰逊提出的
B.黄色圆粒豌豆的基因型有四种
C.黄色皱粒豌豆的基因型均相同
D.Y与y是等位基因，Y与r是非等位基因",C,"答案　C
解析　黄色皱粒豌豆的基因型有2种，C错误.
知识点2　孟德尔遗传规律的应用",0,0,第1章　遗传因子的发现\第2节　孟德尔的豌豆杂交实验(二)\第2课时　孟德尔遗传定律的应用.doc,,,,,,,word补充习题一套_题目答案知识标注.xlsx
141,3.下列有关孟德尔遗传规律的叙述，正确的是(　　),"A.由基因控制的性状的遗传都遵循孟德尔遗传规律
B.孟德尔遗传规律可以解释有性生殖生物的所有遗传现象
C.F1自交产生的F2出现了性状分离，说明F1同时含有显性基因和隐性基因
D.两亲本杂交得到的子代若在性状表现上符合要求，则可直接用于扩大栽培",C,"答案　C
解析　并不是所有由基因控制的性状的遗传都遵循孟德尔遗传规律，如原核生物中基因控制的性状的遗传，A错误；孟德尔遗传规律不能解释有性生殖生物的所有遗传现象，如线粒体中基因的遗传，B错误；F2出现性状分离的原因是发生了等位基因的分离，说明F1中同时含有显性基因和隐性基因，C正确；一般来说，直接用于扩大栽培的个体除性状表现要符合要求之外，还要能够稳定遗传，D错误.",0,0,第1章　遗传因子的发现\第2节　孟德尔的豌豆杂交实验(二)\第2课时　孟德尔遗传定律的应用.doc,,,,,,,word补充习题一套_题目答案知识标注.xlsx
142,4.利用杂交育种方法，可培育出具有两种优良性状的作物新品种.下列说法中错误的是(　　),"A.所选的原始材料分别具有某种优良性状且能稳定遗传
B.杂交一次，得到F1，若F1在性状上符合要求，则可直接用于扩大栽培
C.让F1自交，得到F2，从F2中初步选取性状上符合要求的类型
D.把初步选出的类型进一步隔离自交和汰劣留良，直到确认不再发生性状分离为止",B,"答案　B
解析　所选的原始材料应分别具有某种优良性状且能稳定遗传，通过杂交育种可以将不同个体的优良性状集中到一个个体上，A正确；直接用于扩大栽培的个体除了性状上符合要求外，还要能稳定遗传，B错误；杂交育种的过程是杂交一次，得到F1，让F1自交，得到F2，从F2中初步选取性状上符合要求的类型，再把初步选出的类型进一步隔离自交和汰劣留良，直到性状不再分离为止，C、D正确.",0,0,第1章　遗传因子的发现\第2节　孟德尔的豌豆杂交实验(二)\第2课时　孟德尔遗传定律的应用.doc,,,,,,,word补充习题一套_题目答案知识标注.xlsx
143,5.已知玉米高秆(D)对矮秆(d)为显性，抗病(R)对易感病(r)为显性，两对基因独立遗传.现用两个纯种的玉米品种甲(DDRR)和乙(ddrr)杂交得F1，再用F1与玉米丙杂交(如图1)，结果如图2所示，分析玉米丙的基因型为(　　),"A.DdRr B.ddRR
C.ddRr D.Ddrr",C,"答案　C
解析　从图1可推知F1基因型为DdRr，利用图2分析，高秆∶矮秆＝(75＋25)∶(75＋25)＝1∶1，符合分离定律测交后代分离比，可推测丙的高、矮秆的基因组成为dd；抗病∶易感病＝(75＋75)∶(25＋25)＝3∶1，符合分离定律杂合子自交后代分离比，可推测控制丙的抗病、易感病的基因组成为Rr.故丙的基因型为ddRr，C正确.",0,0,第1章　遗传因子的发现\第2节　孟德尔的豌豆杂交实验(二)\第2课时　孟德尔遗传定律的应用.doc,,,,,,,word补充习题一套_题目答案知识标注.xlsx
144,6.牵牛花的红花A对白花a为显性，阔叶B对窄叶b为显性，两对性状独立遗传.纯合红花窄叶和纯合白花阔叶牵牛花杂交获得F1，F1与“某植株”杂交其后代中红花阔叶、红花窄叶、白花阔叶、白花窄叶的比例依次是3∶1∶3∶1.“某植株”的基因型是 (　　),"A.aaBb B.aaBB
C.AaBb D.AAbb",A,"答案　A
解析　根据后代中红花∶白花＝1∶1，可知亲本对应的基因型为Aa×aa；根据后代中阔叶∶窄叶＝3∶1可知，亲本对应的基因型为Bb×Bb，所以亲本基因型为AaBb×aaBb，则“某植株”的基因型为aaBb.",0,0,第1章　遗传因子的发现\第2节　孟德尔的豌豆杂交实验(二)\第2课时　孟德尔遗传定律的应用.doc,,,,,,,word补充习题一套_题目答案知识标注.xlsx
145,7.人类多指基因(T)对手指正常(t)是显性，白化病基因(a)对肤色正常(A)为隐性，基因都位于常染色体上，而且都是独立遗传.一个家庭中，父亲患多指，母亲正常，他们有一个白化病但手指正常的孩子.则再生一个孩子只患一种病的概率是(　　),"A.1/8 B.1/2
C.1/4 D.3/8",B,"答案　B
解析　由双亲生有一个白化病但手指正常的孩子可知，双亲关于控制肤色的基因型均为Aa；因为有手指正常的孩子，所以父亲关于控制多指的基因型只能是Tt，否则子代全患多指.由此推得双亲的基因型是TtAa和ttAa.这对夫妇的后代若只考虑手指这一性状，患多指的概率为1/2，正常指的概率为1/2；若只考虑白化病这一性状，患白化病的概率为1/4，正常的概率为3/4，因此再生一个孩子只患一种病的概率为1/2＋1/4－2×1/2×1/4＝1/2.也可通过其他计算式1/2×3/4＋1/4×1/2或1－(1/2×1/4＋1/2×3/4)，求出再生一个孩子只患一种病的概率为1/2.",9,9,第1章　遗传因子的发现\第2节　孟德尔的豌豆杂交实验(二)\第2课时　孟德尔遗传定律的应用.doc,,,,,,,word补充习题一套_题目答案知识标注.xlsx
146,8.遗传因子组成为AaBb的个体与遗传因子组成为aaBb的个体杂交，两对遗传因子独立遗传，且A对a、B对b为完全显性，则后代中(　　),"A.性状表现有4种，比例为3∶1∶3∶1；遗传因子组成有6种
B.性状表现有2种，比例为1∶1；遗传因子组成有6种
C.性状表现有4种，比例为1∶1∶1∶1；遗传因子组成有4种
D.性状表现有3种，比例为1∶2∶1；遗传因子组成有4种",A,"答案　A
解析　根据两对遗传因子独立遗传，可以将遗传因子组成为AaBb的个体与遗传因子组成为aaBb的个体杂交，拆分成Aa与aa杂交、Bb与Bb杂交进行分析，其中Aa与aa杂交，后代有两种遗传因子组成，即Aa与aa，比例为1∶1，则两种性状表现比例也为1∶1；Bb与Bb杂交，后代有三种遗传因子组成，即BB、Bb和bb，比例为1∶2∶1，则性状表现有两种，比例为3∶1.因此遗传因子组成为AaBb的个体与遗传因子组成为aaBb的个体杂交，后代中性状表现有2×2＝4(种)，比例为(1∶1)×(3∶1)＝3∶1∶3∶1，遗传因子组成有2×3＝6(种).",0,0,第1章　遗传因子的发现\第2节　孟德尔的豌豆杂交实验(二)\第2课时　孟德尔遗传定律的应用.doc,,,,,,,word补充习题一套_题目答案知识标注.xlsx
147,9.一对正常夫妇，双方都有耳垂，结婚后生了一个白化且无耳垂的孩子，若这对夫妇再生一个孩子，为有耳垂但患白化病的概率是(两种遗传病独立遗传)(　　),"A.3/8 B.3/16
C.3/32 D.5/16",B,"答案　B
解析　假设控制白化病的基因用A/a表示，控制耳垂的基因用C/c表示.由于正常夫妇都有耳垂，结婚后生了一个白化(aa)且无耳垂(cc)的孩子，说明两人基因型均为AaCc，则再生一个孩子为有耳垂但患白化病(aaC_)的概率是1/4×3/4＝3/16.",9,9,第1章　遗传因子的发现\第2节　孟德尔的豌豆杂交实验(二)\第2课时　孟德尔遗传定律的应用.doc,,,,,,,word补充习题一套_题目答案知识标注.xlsx
148,10.玉米籽粒的颜色有白色、红色和紫色，相关物质的合成途径如图所示.控制玉米颜色的3对等位基因遵循自由组合定律，现有一红色籽粒玉米植株自交，后代籽粒的性状分离比为紫色∶红色∶白色＝0∶3∶1.则该植株的基因型可能为(　　),"A.MMNNEE B.MmNNee
C.MmNnEE D.MmNnee",B,"答案　B
解析　由代谢途径可知，玉米籽粒的颜色由3对等位基因控制，且遵循自由组合定律，且mm_ _ _ _ 、M_nn_ _为白色，M_N_ee为红色，M _N_ E_为紫色.因红色籽粒玉米自交后代紫色∶红色∶白色＝0∶3∶1，即没有紫色个体，且红色∶白色＝3∶1，相当于一对相对性状的杂合子自交，因此亲本红色玉米的基因型可能是MmNNee或MMNnee.",0,0,第1章　遗传因子的发现\第2节　孟德尔的豌豆杂交实验(二)\第2课时　孟德尔遗传定律的应用.doc,,,,,,,word补充习题一套_题目答案知识标注.xlsx
149,11.某种家兔的毛色有灰色、黑色和白色三种，由A/a和B/b两对独立遗传的等位基因控制，其中，基因A决定黑色素的形成，基因B决定黑色素在皮毛内的分布.以纯合的灰色兔和纯合的白色兔为亲本进行的杂交实验如图所示，下列有关叙述正确的是(　　),"A.F2灰色兔中与F1基因型相同的占1/4
B.纯合的黑色兔与纯合的白色兔杂交，后代可能全部是灰色兔
C.F2中白色兔的基因型有aaBb和aabb两种
D.F2中黑色雌雄兔杂交，后代全部表现为黑色",B,"答案　B
解析　由题分析可知，灰色兔的基因型为A_B_，黑色兔的基因型为A_bb，白色兔的基因型为aa_ _.亲本灰色兔的基因型为AABB，白色兔的基因型为aabb，F1的基因型为AaBb，F2灰色兔中与F1基因型相同的占2/3×2/3＝4/9，A错误；纯合的黑色兔与纯合的白色兔杂交，其基因型组合为AAbb×aabb或AAbb×aaBB，前者的后代全部是黑色兔，后者的后代全部是灰色兔，B正确；F2中白色兔的基因型有aabb、aaBB和aaBb三种，C错误；F2中黑色兔的基因型有AAbb和Aabb两种，黑色雌雄兔杂交，后代中会出现白色兔，D错误.",0,0,第1章　遗传因子的发现\第2节　孟德尔的豌豆杂交实验(二)\第2课时　孟德尔遗传定律的应用.doc,,,,,,,word补充习题一套_题目答案知识标注.xlsx
150,"12.某种兔的毛色有黑色(B)和褐色(b)两种，毛长有短毛(E)和长毛(e)两种，两对相对性状独立遗传.某养殖场只有纯种的黑色短毛兔和褐色长毛兔，现想培育出能稳定遗传的黑色长毛兔.请回答下列问题:
(1)黑色长毛是该养殖场中没有的性状组合，若要得到能稳定遗传的黑色长毛兔，则可利用纯种的黑色短毛兔与褐色长毛兔杂交得F1，F1雌雄个体相互交配得F2.理论上F2中出现黑色长毛兔的概率为________，其基因型有________种，该种培育新品种的方法称为________.
(2)F2中出现的黑色长毛兔中纯合子所占比例为________，杂合子占F2总数的________.
(3)为了检验F2中出现的黑色长毛兔是否能稳定遗传，可让F2中的黑色长毛兔与________兔进行杂交，若后代________________，则该黑色长毛兔能稳定遗传.",,(1)3/16　两　杂交育种　(2)1/3 　1/8　(3)褐色长毛　全部为黑色长毛兔(或不出现褐色长毛兔),"答案　(1)3/16　两　杂交育种　(2)1/3 　1/8　(3)褐色长毛　全部为黑色长毛兔(或不出现褐色长毛兔)
解析　(1)纯种的黑色短毛兔与褐色长毛兔杂交，F1的基因型为BbEe，F1雌雄个体相互交配，理论上F2的基因型(表型)及比例为B_E_(黑色短毛)∶B_ee(黑色长毛)∶bbE_(褐色短毛)∶bbee(褐色长毛)＝9∶3∶3∶1，F2中黑色长毛兔出现的概率为3/16，基因型有BBee、Bbee两种.题中培育新品种的方法称为杂交育种.(2)F2中出现的黑色长毛兔(BBee、Bbee)中，纯合子所占比例为1/3，杂合子占F2总数的2/16，即1/8.(3)为了检验F2中出现的黑色长毛兔是否能稳定遗传，可利用测交的方法，即让F2中的黑色长毛兔与褐色长毛兔(bbee)进行测交，若后代全部为黑色长毛兔(或不出现褐色长毛兔)，则该黑色长毛兔能稳定遗传.",0,0,第1章　遗传因子的发现\第2节　孟德尔的豌豆杂交实验(二)\第2课时　孟德尔遗传定律的应用.doc,,,,,,,word补充习题一套_题目答案知识标注.xlsx
151,"13.番茄是自花受粉植物，已知红果(R)对黄果(r)为显性，正常果形(F)对多棱果(f)为显性.以上两对基因按自由组合定律遗传.现有红色多棱果品种、黄色正常果形品种和黄色多棱果品种(三个品种均为纯合子)，育种专家期望获得红色正常果形的新品种，为此进行杂交.请回答下列问题:
(1)应选用________和________作为杂交亲本.
(2)上述两亲本杂交产生的F1的基因型为________，性状为________________.
(3)在F2中表型为红色正常果形植株出现的概率为________，F2中能稳定遗传的红色正常果形植株出现的概率为________.",,(1)红色多棱果品种　黄色正常果形品种　(2)RrFf　红色正常果形　(3)　,"答案　(1)红色多棱果品种　黄色正常果形品种　(2)RrFf　红色正常果形　(3)　
解析　(1)根据显隐性关系推知三个亲本的基因型分别为RRff、rrFF、rrff；题目要求获得红色正常果形的新品种，则所用的亲代中必然含有R和F基因，所以应用红色多棱果品种和黄色正常果形品种作为亲本.(2)纯合的红色多棱果和纯合的黄色正常果形的基因型分别为RRff和rrFF，它们杂交产生的F1的基因型是RrFf，性状为红色正常果形.(3)F1自交得到的F2中红色正常果形(R_F_)占×＝，其中能稳定遗传的RRFF在F2中占×＝.",0,0,第1章　遗传因子的发现\第2节　孟德尔的豌豆杂交实验(二)\第2课时　孟德尔遗传定律的应用.doc,,,,,,,word补充习题一套_题目答案知识标注.xlsx
152,"1.山羊黑毛和白毛是一对相对性状，受一对遗传因子控制，下列是几组杂交实验及其结果:
实验分组
亲本
后代
母本
父本
黑色
白色
Ⅰ
黑色
白色
82
78
Ⅱ
黑色
黑色
118
39
Ⅲ
白色
白色
0
50
Ⅳ
黑色
白色
74
0
如果让实验Ⅳ的黑色雌羊亲本与实验Ⅱ的黑色雄羊亲本交配，下列4种情况最可能是 (　　)","A.所有后代都是黑色的
B.所有后代都是白色的
C.后代中的一半是黑色的
D.后代中1/4是黑色的，或者后代中1/4是白色的",A,"答案　A
解析　根据杂交实验Ⅱ，具有相同性状的亲本(黑色)杂交后代出现性状分离，判断黑色是显性性状，且亲本黑色全是杂合子.根据杂交实验Ⅳ，具有相对性状的两个亲本杂交，后代只表现一种性状(黑色)，判断亲本中的黑色雌山羊最可能是显性纯合子.杂交实验Ⅳ的黑色雌山羊(显性纯合子)与实验Ⅱ的黑色雄山羊(杂合子)杂交，后代全是黑色.",0,0,第1章　遗传因子的发现\重难突破1　分离定律的应用.doc,,,,,,,word补充习题一套_题目答案知识标注.xlsx
153,2.人眼的虹膜有褐色和蓝色，褐色由显性遗传因子B控制，蓝色由隐性遗传因子b控制.一对褐眼的夫妇生了一个蓝眼男孩，这对夫妇再生一个蓝眼男孩的可能性是(　　),"A.1/2 B.1/4
C.1/6 D.1/8",D,"答案　D
解析　由题意可知，褐眼的夫妇生了一个蓝眼男孩，可推出夫妇的遗传因子组成为Bb×Bb，后代的遗传因子组成及比例可能为BB∶Bb∶bb＝1∶2∶1，故再生一个蓝眼(bb)小孩的概率为1/4，生男孩概率为1/2，因此这对夫妇再生一个蓝眼男孩的可能性是1/8.",0,0,第1章　遗传因子的发现\重难突破1　分离定律的应用.doc,,,,,,,word补充习题一套_题目答案知识标注.xlsx
154,3.有一对表现正常的夫妇，男方的父亲是白化病患者，女方的弟弟也是白化病患者，但女方双亲表现正常.这对夫妇生出白化病孩子的概率是(　　),"A.1/2 B.2/3
C.1/6 D.1/4",C,"答案　C
解析　根据题意分析可知，白化病是由隐性遗传因子(用a表示)控制的一种遗传病.一对表现正常的夫妇，男方的遗传因子组成为Aa，女方的遗传因子组成及概率为1/3AA、2/3Aa.因此，这对正常夫妇生出白化病孩子的概率是2/3×1/4＝1/6.",9,9,第1章　遗传因子的发现\重难突破1　分离定律的应用.doc,,,,,,,word补充习题一套_题目答案知识标注.xlsx
155,4.茉莉在自然状态下可随机传粉，其花的颜色有紫色、粉色和白色三种，由一对遗传因子控制，让纯合的紫色茉莉与纯合的白色茉莉杂交，F1均表现为粉色.现让某茉莉群体中的紫色茉莉和粉色茉莉随机传粉，子代中紫色、粉色和白色茉莉的比例为9∶6∶1则亲本中紫色和粉色茉莉的数量比为(　　),"A.1∶1 B.4∶3
C.5∶4 D.3∶2",A,"答案　A
解析　假设茉莉花的紫色为显性性状，与茉莉花色有关的遗传因子为R、r.由题分析可知，紫色茉莉的遗传因子组成为RR，粉色茉莉的遗传因子组成为Rr，白色茉莉的遗传因子组成为rr，紫色茉莉和粉色茉莉随机传粉，子代中紫色、粉色和白色茉莉的比例为9∶6∶1，则遗传因子组成为rr的个体占1/16，说明亲本产生的含有遗传因子r的配子占1/4，含有遗传因子R的配子占3/4，因此亲本中紫色和粉色茉莉的数量比为1∶1.假设茉莉花的白色为显性性状，按照上述分析，亲本中紫色和粉色茉莉的数量比仍为1∶1.综上所述，A符合题意.",0,0,第1章　遗传因子的发现\重难突破1　分离定律的应用.doc,,,,,,,word补充习题一套_题目答案知识标注.xlsx
156,5.将遗传因子组成为Aa的玉米自交一代的种子全部种下，待其长成幼苗，并分成两组，第一组全部让其自交，第二组让其自由传粉.下列相关说法正确的是(　　),"A.若干代后，第一组中杂合子的比例将逐渐下降
B.若干代后，第二组中杂合子的比例将逐渐下降
C.若人工去除隐性纯合子，则第一组的第三代中，隐性纯合子的概率为1/4
D.若人工去除隐性纯合子，则第二组的第三代中，隐性纯合子的概率为1/4",A,"答案　A
解析　 基因型为Aa的玉米自交一代的种子遗传因子组成及概率为1/4AA、2/4Aa、1/4aa，待其长成幼苗，并分成两组，第一组全部让其自交，第二组让其自由传粉(即自由交配).第一组是连续多代自交，若干代后第一组中杂合子的比例将逐渐下降，A正确；第二组让其自由传粉，遗传因子A的频率为1/2，遗传因子a的频率为1/2，若干代后，第二组中杂合子的比例不会逐渐下降，将维持2×1/2×1/2＝1/2，B错误；若人工去除隐性纯合子aa，则第一组的第一代AA为1/3，Aa为2/3，第二代中，AA为3/5，Aa为2/5，则第三代中AA为7/10，Aa为2/10，aa为1/10，C错误；若人工去除隐性纯合子，则第二组的第一代AA为1/3，Aa为2/3，产生A配子为2/3，a配子为1/3，第二代中，AA为1/2，Aa为1/2，产生A配子为3/4，a配子为1/4，因此第三代中aa为1/16，D错误.",0,0,第1章　遗传因子的发现\重难突破1　分离定律的应用.doc,,,,,,,word补充习题一套_题目答案知识标注.xlsx
157,"6.某种植物的羽裂叶和全缘叶是一对相对性状.某同学用全缘叶植株(植株甲)进行了下列四个实验.
①让植株甲进行自花传粉，子代出现性状分离
②用植株甲给另一全缘叶植株授粉，子代均为全缘叶
③用植株甲给羽裂叶植株授粉，子代中全缘叶与羽裂叶的比例为1∶1
④用植株甲给另一全缘叶植株授粉，子代中全缘叶与羽裂叶的比例为3∶1
其中能够判定植株甲为杂合子的实验是(　　)","A.①或② B.①或④
C.②或③ D.③或④",B,"答案　B
解析　实验①中植株甲自交，子代出现了性状分离，说明作为亲本的植株甲为杂合子.实验④中植株甲与另一具有相同性状的个体杂交，后代出现3∶1的性状分离比，说明亲本均为杂合子.在相对性状的显隐性不确定的情况下，无法依据实验②、③判定植株甲为杂合子.",0,0,第1章　遗传因子的发现\重难突破1　分离定律的应用.doc,,,,,,,word补充习题一套_题目答案知识标注.xlsx
158,7.水稻抗病对不抗病为显性.现以杂合抗病水稻(Aa)为亲本，连续自交3代，子三代中杂合抗病水稻的概率及每次自交后均除去不抗病水稻再自交后纯合抗病水稻的概率分别是(　　),"A.1/4　7/16 B.1/4　7/9
C.1/8　7/9 D.1/8　1/16",C,"答案　C
解析　根据分离定律可知，第一种情况，自交第一代:1/4AA、2/4Aa、1/4aa；自交第二代:AA＝aa＝(1/4＋2/4×1/4)＝3/8，Aa＝2/4×1/2＝2/8；自交第三代:Aa＝2/8×1/2＝1/8.第二种情况，自交第一代:1/4AA、2/4Aa、1/4aa(除去)，变成1/3AA、2/3Aa；自交第二代:AA＝1/3＋2/3×1/4＝3/6，Aa＝2/3×1/2＝2/6，aa＝2/3×1/4＝1/6(除去)，变成3/5AA、2/5Aa；自交第三代:AA＝3/5＋2/5×1/4＝7/10，Aa＝2/5×1/2＝2/10，aa＝2/5×1/4＝1/10(除去)，变成AA＝7/9、Aa＝2/9，即子三代中除去不抗病水稻再自交后纯合抗病水稻的概率为7/9.",0,0,第1章　遗传因子的发现\重难突破1　分离定律的应用.doc,,,,,,,word补充习题一套_题目答案知识标注.xlsx
159,8.某观赏植物的花瓣重瓣对单瓣为显性，由常染色体上的一对遗传因子控制，纯合重瓣植株产生的卵细胞无受精能力，单瓣植株的花粉不育，杂合植株则正常.下列相关叙述正确的是(　　),"A.用纯合重瓣植株与单瓣植株作亲本进行杂交，无论正交还是反交，结果相同
B.对杂合植株进行测交，无论正交还是反交，结果相同
C.杂合植株作亲本，若每代均自由传粉，则F2植株中纯合子所占比例为4/9
D.杂合植株作亲本，若连续自交，则F2重瓣植株中杂合子所占比例为1/2",C,"答案　C
解析　重瓣对单瓣为显性，且由常染色体上的一对遗传因子控制，假设由遗传因子A/a控制，则纯合重瓣植株的遗传因子组成为AA，产生的卵细胞无受精能力；单瓣植株的遗传因子组成为aa，花粉不育；杂合植株的遗传因子组成为Aa.纯合重瓣植株产生的卵细胞无受精能力，单瓣植株产生的花粉不育，则纯合重瓣植株作母本、单瓣植株作父本不能产生后代，所以用纯合重瓣植株与单瓣植株作亲本进行正交和反交，结果不相同，A错误；对杂合植株进行测交，由于单瓣植物作父本不能产生后代，因此正交和反交结果也是不相同的，B错误；杂合植株作亲本，则F1的遗传因子组成及概率为1/4AA、2/4Aa、1/4aa，其中AA无法作母本，aa无法作父本，所以F1中的母本为2/3Aa、1/3aa，产生的卵细胞为1/3A、2/3a，F1中的父本为1/3AA、2/3Aa，产生的精子为2/3A、1/3a，则F1自由传粉产生的F2的遗传因子组成及概率为2/9AA、5/9Aa、2/9aa，其中纯合子所占比例为4/9，C正确；杂合植株作亲本连续自交时，F1的遗传因子组成及概率为1/4AA、2/4Aa、1/4aa，其中AA、aa均无法继续自交，所以F1只对Aa继续自交，F2的遗传因子组成及概率为1/4AA、2/4Aa、1/4aa，其中重瓣植株中杂合子所占比例为2/3，D错误.",0,0,第1章　遗传因子的发现\重难突破1　分离定律的应用.doc,,,,,,,word补充习题一套_题目答案知识标注.xlsx
160,"9.已知绵羊角的性状表现与遗传因子组成的关系如表，下列判断正确的是(　　)
遗传因子组成
HH
Hh
hh
公羊的性状表现
有角
有角
无角
母羊的性状表现
有角
无角
无角","A.若双亲无角，则子代全部无角
B.若双亲有角，则子代全部有角
C.若双亲的遗传因子组成均为Hh，则子代中有角∶无角为1∶1
D.绵羊角的性状遗传不遵循分离定律",C,"答案　C
解析　双亲无角，如果母本的遗传因子组成是Hh，则子代雄性个体中会出现有角的，A错误；双亲有角，如果父本的遗传因子组成是Hh，则子代雌性个体中会出现无角的，B错误；双亲的遗传因子组成均为Hh，则子代雄性个体中有角与无角的数量比为3∶1，雌性个体中有角与无角的数量比为1∶3，所以子代中有角与无角的数量比为1∶1，C正确；绵羊角的性状遗传符合孟德尔的分离定律，D错误.",0,0,第1章　遗传因子的发现\重难突破1　分离定律的应用.doc,,,,,,,word补充习题一套_题目答案知识标注.xlsx
161,1.某两性花植物花的颜色受A/a、B/b两对独立遗传的基因控制，其中A控制红色色素的合成(AA和Aa的作用相同)；B能减少红色色素的含量，且BB将红色色素减少为0.以下为某杂交实验及其结果(亲本都是纯合子).下列有关叙述错误的是 (　　),"A.白花植株的基因型共有5种
B.亲本中白花植株基因型为aaBB
C.F1测交后代表型及其比例为红花∶粉红花∶白花＝1∶1∶2
D.将F2中红花植株自交，后代中白花植株占1/9",D,"答案　D
解析　由题干信息可知，某植物的花色由2对等位基因控制，A_BB、aa_ _为白花，A_bb为红花，A_Bb为粉红花，纯种白花与纯种红花进行杂交，F1均为粉红花，F1自交，F2表现为红花∶粉红花∶白花＝3∶6∶7，其分离比是9∶3∶3∶1的变式，因此2对等位基因的遗传遵循自由组合定律，所以F1的基因型是AaBb，亲本红花的基因型是AAbb，白花的基因型是aaBB.白花植株的基因型有A_BB(2种)、aa_ _(3种)，共5种，A正确；亲本中白花植株基因型为aaBB，B正确；F1基因型为AaBb，测交后代基因型及比例为1/4AaBb(粉红花)∶1/4aaBb(白花)∶1/4Aabb(红花)∶1/4aabb(白花)，故表型及其比例为红花∶粉红花∶白花＝1∶1∶2，C正确；F2中红花植株(1/3AAbb、2/3Aabb)自交，后代只出现白花和红花，其中白花aabb占2/3×1/4＝1/6，D错误.",0,0,第1章　遗传因子的发现\重难突破2　自由组合定律的应用.doc,,,,,,,word补充习题一套_题目答案知识标注.xlsx
162,2.某种名贵花卉的花色受两对等位基因控制，红花植株与白花植株杂交，F1全是紫花植株，F1自交，F2中出现紫花植株、红花植株、白花植株，且其比例为9∶3∶4.下列有关叙述错误的是(　　),"A.该植物花色性状的遗传遵循自由组合定律
B.F2紫花植株中杂合子的比例为4/9
C.F2中红花植株自交，后代不会出现紫花植株
D.F2红花植株自由交配，后代中白花植株占1/9",B,"答案　B
解析　假设控制花色的两对等位基因分别为A、a和B、b，已知子一代紫花植株自交后代出现紫花植株、红花植株、白花植株、且其比例为9∶3∶4，是9∶3∶3∶1的变式，说明这两对基因的遗传遵循基因的自由组合定律，A正确；F2中紫花植株的基因型为A_B_，其中杂合子占8/9，B错误；F2中红花植株(AAbb、Aabb或aaBB、aaBb)自交，后代不会出现A_B_，因此不会出现紫花植株，C正确；F2中红花植株(1/3AAbb、 2/3Aabb或1/3aaBB、2/3aaBb)自由交配，后代中白花植株(aa_ _或_ _bb)所占的比例为2/3×2/3×1/4＝1/9，D正确.",0,0,第1章　遗传因子的发现\重难突破2　自由组合定律的应用.doc,,,,,,,word补充习题一套_题目答案知识标注.xlsx
163,3.基因型为AaBBCcDDEe、AaBbCCddEe(各对等位基因独立遗传)的两个体杂交得到F1，F1中纯合个体所占的比例为(　　),"A.1/16 B.1/32
C.1/64 D.0",D,"答案　D
解析　由题分析可知，基因型为AaBBCcDDEe、AaBbCCddEe的两个体杂交，F1中一定含有Dd，即F1中没有纯合子，D正确.",0,0,第1章　遗传因子的发现\重难突破2　自由组合定律的应用.doc,,,,,,,word补充习题一套_题目答案知识标注.xlsx
164,4.果蝇中灰身(B)与黑身(b)、大翅脉(E)与小翅脉(e)是两对相对性状，且控制这两对相对性状的基因独立遗传，现利用灰身大翅脉雄果蝇与某雌果蝇杂交，后代果蝇中灰身大翅脉占3/8、灰身小翅脉占3/8、黑身大翅脉占1/8、黑身小翅脉占1/8，则两亲本的基因型组合是(　　),"A.BbEe(雄)×Bbee(雌)
B.BbEe(雄)×BbEE(雌)
C.Bbee(雄)×BbEe(雌)
D.BbEe(雄)×bbee(雌)",A,"答案　A
解析　灰身大翅脉雄果蝇(B_E_)与某雌果蝇杂交，后代中灰身∶黑身＝3∶1，说明两亲本的相关基因型均为Bb；后代中大翅脉∶小翅脉＝1∶1，可知两亲本的相关基因型分别为Ee、ee，则两亲本中雄果蝇的基因型为BbEe，雌果蝇的基因型为Bbee，A符合题意.",0,0,第1章　遗传因子的发现\重难突破2　自由组合定律的应用.doc,,,,,,,word补充习题一套_题目答案知识标注.xlsx
165,5.某动物的体色有灰色和白色两种，纯种雄性灰色个体与纯种雌性白色个体经过多次杂交，F1均为灰色个体，让F1测交，后代中灰色∶白色＝1∶3.下列说法错误的是(　　),"A.灰色、白色分别为显性性状、隐性性状
B.该动物体色性状的遗传受两对等位基因控制
C.F1雄性灰色个体与F1雌性灰色个体杂交后代中灰色∶白色＝3∶1
D.该动物灰色和白色个体可能的基因型分别有4种、5种",C,"答案　C
解析　纯种雄性灰色个体与纯种雌性白色个体经过多次杂交，F1均为灰色个体，说明灰色是显性性状，白色是隐性性状，A正确；让F1测交，后代中灰色∶白色＝1∶3，因此该动物体色性状的遗传受两对等位基因控制，且灰色的基因型是A_B_，白色的基因型是A_bb、aaB_、aabb，B正确；F1雄性灰色个体AaBb与F1雌性灰色个体AaBb杂交后代中，灰色(A_B_)∶白色(A_bb、aaB_、aabb)＝9∶7，C错误；灰色(A_B_)的基因型有4种，白色(A_bb、aaB_、aabb)的基因型有5种，D正确.",0,0,第1章　遗传因子的发现\重难突破2　自由组合定律的应用.doc,,,,,,,word补充习题一套_题目答案知识标注.xlsx
166,6.金鱼草的纯合红花植株与白花植株杂交，F1在强光、低温条件下开红花，在阴暗、高温条件下却开白花，这个事实说明(　　),"A.基因型是表型的内在因素
B.表型一定，基因型可以转化
C.表型相同，基因型不一定相同
D.表型是基因型与环境相互作用的结果",D,"答案　D
解析　F1是杂合子，但在不同的条件下表型不一致，说明表型是基因型与环境相互作用的结果.",0,0,第1章　遗传因子的发现\重难突破2　自由组合定律的应用.doc,,,,,,,word补充习题一套_题目答案知识标注.xlsx
167,7.某多年生植物的高茎和矮茎分别由等位基因A、a控制，红花和白花分别由等位基因B、b控制，两对基因分别位于两对染色体上.已知AB雄配子不能受精，当AaBb为父本，aaBb为母本时，子代表型和比例为(　　),"A.高茎红花∶高茎白花∶矮茎红花∶矮茎白花＝3∶1∶3∶1
B.高茎红花∶高茎白花∶矮茎红花∶矮茎白花＝1∶1∶3∶1
C.高茎红花∶高茎白花∶矮茎红花∶矮茎白花＝9∶3∶3∶1
D.高茎红花∶高茎白花∶矮茎红花∶矮茎白花＝1∶1∶1∶1",B,"答案　B
解析　由题可知，AB雄配子不能受精，当AaBb为父本，其产生的配子的种类及比例为Ab∶aB∶ab＝1∶1∶1，aaBb为母本，其产生的配子的种类及比例为aB∶ab＝1∶1，故子代表型和比例为高茎红花(AaBb)∶高茎白花(Aabb)∶矮茎红花(aaBB、2aaBb)∶矮茎白花(aabb)＝1∶1∶3∶1.",1,1,第1章　遗传因子的发现\重难突破2　自由组合定律的应用.doc,,,,,,,word补充习题一套_题目答案知识标注.xlsx
168,8.豌豆冠鸡与玫瑰冠鸡杂交，F1为胡桃冠，F1雌雄个体相互交配，其F2为9胡桃冠∶3豌豆冠∶3玫瑰冠∶1单冠.让F2中的玫瑰冠鸡与单冠鸡交配，则后代中的表型及其比例是(　　),"A.1玫瑰冠∶2单冠 B.2胡桃冠∶1单冠
C.3玫瑰冠∶1单冠 D.2玫瑰冠∶1单冠",D,"答案　D
解析　根据题干信息分析，豌豆冠鸡与玫瑰冠鸡杂交，F1为胡桃冠，F1雌雄个体相互交配，其F2为9胡桃冠∶3豌豆冠∶3玫瑰冠∶1单冠，说明子一代是双杂合子(用A、a和B、b表示)AaBb，且胡桃冠为A_B_，豌豆冠为A_bb(或aaB_)，玫瑰冠为aaB_(或A_bb)，单冠为aabb，则亲本基因型为AAbb(或aaBB)、aaBB(或AAbb).F2中的玫瑰冠鸡基因型及其比例为aaBB(或AAbb)∶aaBb(或Aabb)＝1∶2，单冠基因型为aabb，让它们杂交，后代单冠比例为2/3×1/2＝1/3，其余都是玫瑰冠，因此后代中的表型及其比例是玫瑰冠∶单冠＝2∶ 1，故选D.",0,0,第1章　遗传因子的发现\重难突破2　自由组合定律的应用.doc,,,,,,,word补充习题一套_题目答案知识标注.xlsx
169,"9.现有①～④四个纯种果蝇品系，其中品系①的性状均为显性，品系②～④均只有一种性状是隐性，其他性状均为显性.这四个品系的隐性性状及控制该隐性性状的基因所在的染色体如下表所示:
品系
①
②
③
④
隐性性状
—
残翅
黑身
紫红眼
相应染色体
Ⅱ、Ⅲ
Ⅱ
Ⅱ
Ⅲ
若需验证自由组合定律，可选择交配的品系组合为(　　)","A.①×④ B.①×②
C.②×③ D.②×④",D,"答案　D
解析　要验证自由组合定律，必须满足两对或多对控制相对性状的等位基因在不同对的染色体上，D符合题意.",0,0,第1章　遗传因子的发现\重难突破2　自由组合定律的应用.doc,,,,,,,word补充习题一套_题目答案知识标注.xlsx
170,"10.基因A、a和N、n分别控制某种植物的花色和花瓣形状，这两对基因独立遗传，其基因型和表型的关系如表所示.一亲本与白色宽花瓣植株杂交，得到F1，对F1进行测交，得到F2，F2的表型及其比例是粉红中间型花瓣∶粉红宽花瓣∶白色中间型花瓣∶白色宽花瓣＝1∶1∶3∶3.该亲本的表型最可能是(　　)
基因型
AA
Aa
aa
NN
Nn
nn
表型
红色
粉红色
白色
窄花瓣
中间型花瓣
宽花瓣","A.红色窄花瓣 B.白色中间型花瓣
C.粉红窄花瓣 D.粉红中间型花瓣",C,"答案　C
解析　由题意可知，白色宽花瓣植株的基因型为aann，对该植株与一亲本杂交得到的F1进行测交，F2的表型及其比例是粉红中间型花瓣∶粉红宽花瓣∶白色中间型花瓣∶白色宽花瓣＝1∶1∶3∶3，其中粉红∶白色＝1∶3，说明F1关于花色的基因型有两种，即Aa和aa，且两者所占比例相等；中间型花瓣∶宽花瓣＝1∶1，说明F1关于花瓣形状的基因型为Nn，将两对相对性状综合在一起分析，可推出F1的基因型为AaNn和aaNn，且两者所占比例相等.由于亲本白色宽花瓣植株的基因型为aann，因此另一亲本的基因型为AaNN，表型为粉红窄花瓣.",0,0,第1章　遗传因子的发现\重难突破2　自由组合定律的应用.doc,,,,,,,word补充习题一套_题目答案知识标注.xlsx
171,11.水稻抗稻瘟病由基因R控制，细胞中另有一对等位基因B、b对稻瘟病的抗性表达有影响，BB使水稻抗性完全消失，Bb使抗性减弱.现用两纯合亲本进行杂交，实验过程和结果如图所示.相关叙述正确的是 (　　),"A.亲本的基因型是RRBB、rrbb
B.F2的弱抗病植株中纯合子占2/3
C.F2中全部的完全抗病植株自交，后代中完全抗病植株占5/6
D.通过测交法可以鉴定F2中全部易感病植株的基因型",C,"答案　C
解析　根据F2中三种表型的分离比为3∶6∶7(是9∶3∶3∶1的变式)，可判断两对等位基因的遗传符合基因的自由组合定律，且F1弱抗病植株的基因型为RrBb，根据题意可知，完全抗病植株的基因型为R_bb，则亲本的基因型是RRbb(完全抗病)、rrBB(易感病)，A错误；F2中弱抗病植株的基因型是1/3RRBb、2/3RrBb，无纯合子，B错误；F2中完全抗病植株的基因型是1/3RRbb、2/3Rrbb，全部的完全抗病植株自交，后代中完全抗病植株占1/3＋2/3×3/4＝5/6，C正确；F2中易感病植株的基因型可能为rrBB、rrBb、rrbb、RRBB、RrBB，其中基因型为rrBB、rrBb、rrbb的个体测交后代都是易感病植株，因此用测交法不能鉴定F2中全部易感病植株的基因型，D错误.",0,0,第1章　遗传因子的发现\重难突破2　自由组合定律的应用.doc,,,,,,,word补充习题一套_题目答案知识标注.xlsx
172,12.某二倍体植物花瓣的大小受一对等位基因A、a控制，基因型为AA的植株表现为大花瓣，Aa为小花瓣，aa为无花瓣.花瓣颜色(红色和黄色)受另一对等位基因R、r控制，R(红色)对r(黄色)为完全显性，两对基因独立遗传.下列有关叙述错误的是(　　),"A.若基因型为AaRr的个体测交，则子代表型有3种，基因型4种
B.若基因型为AaRr的亲本自交，则子代共有9种基因型，6种表型
C.若基因型为AaRr的亲本自交，则子代有花瓣植株中，AaRr所占比例约为1/3，而所有植株中的纯合子约占1/4
D.若基因型为AaRr与Aarr的亲本杂交，则子代是红色花瓣的植株占3/8",B,"答案　B
解析　若基因型为AaRr的个体测交，则子代基因型有AaRr、Aarr、aaRr、aarr，表型分别为小花瓣红色、小花瓣黄色、无花瓣，表型有3种，基因型4种，A正确；若基因型为AaRr的亲本自交，由于两对基因独立遗传，因此根据基因的自由组合定律，子代共有3×3＝9种基因型，表型有红色大花瓣AAR_，红色小花瓣AaR_，黄色大花瓣AArr，黄色小花瓣Aarr，无花瓣aa_ _，5种表型，B错误；AaRr的亲本自交，则子代有花瓣植株中，AaRr所占比例约为2/3×1/2＝1/3，纯合子比例为1/4，C正确；AaRr与Aarr的亲本杂交，则子代是红色花瓣(A_R_)的植株的比例为3/4×1/2＝3/8，D正确.",0,0,第1章　遗传因子的发现\重难突破2　自由组合定律的应用.doc,,,,,,,word补充习题一套_题目答案知识标注.xlsx
173,"13.某小组利用某自花传粉植物进行两组杂交实验，杂交涉及的四对相对性状分别是:红果(红)与黄果(黄)、子房二室(二)与多室(多)、圆形果(圆)与长形果(长)、单一花序(单)与复状花序(复).实验数据如下表.
组别
杂交组合
F1表型
F2表型及个体数
甲
红二×黄多
红二
450红二、160红多、
150黄二、50黄多
红多×黄二
红二
460红二、150红多、
160黄二、50黄多
乙
圆单×长复
圆单
660圆单、90圆复、
90长单、160长复
圆复×长单
圆单
510圆单、240圆复、
240长单、10长复
回答下列问题:
(1)根据表中数据可得出的结论是:控制甲组两对相对性状的基因________(填“独立”或“不独立”)遗传，依据是________________________________________
__________________________________________________________；
控制乙组两对相对性状的基因________(填“独立”或“不独立”)遗传，依据是__________________________________________________
_________________________________________________________.
(2)某同学若用“长复”分别与乙组的两个F1进行杂交，结合表中数据分析，其子代的统计结果不符合________的比例.",,(1)独立　F2中两对相对性状表型的分离比符合9∶3∶3∶1　不独立　F2中每对相对性状表型的分离比都符合3∶1，而两对相对性状表型的分离比不符合9∶3∶3∶1　(2)1∶1∶1∶1,"答案　(1)独立　F2中两对相对性状表型的分离比符合9∶3∶3∶1　不独立　F2中每对相对性状表型的分离比都符合3∶1，而两对相对性状表型的分离比不符合9∶3∶3∶1　(2)1∶1∶1∶1
解析　(1)由于表中数据显示，甲组F1的红果、子房二室均为显性性状，甲组的两个杂交组合中F2的表型之比接近9∶3∶3∶1，所以控制甲组两对相对性状的基因独立遗传.根据表中乙组的结果可知，乙组中F1的圆形果、单一花序均为显性性状，乙组中第一个杂交组合的F2中，圆∶长＝(660＋90)∶(90＋160)＝3∶1、单∶复＝(660＋90)∶(90＋160)＝3∶1，乙组中第二个杂交组合的F2中，圆∶长＝(510＋240)∶(240＋10)＝3∶1、单∶复＝(510＋240)∶(240＋10)＝3∶1，这两个杂交组合的4种表型均遵循分离定律，但控制这两对相对性状的基因的遗传不遵循自由组合定律，因此这两对基因不能独立遗传.(2)根据乙组的杂交实验得到的F1均为双显性杂合子，F2的分离比不符合9∶3∶3∶1，说明F1产生的四种配子的比例不是1∶1∶1∶1，所以用乙组的两个F1分别与“长复”(双隐性个体)杂交，其子代的统计结果不符合1∶1∶1∶1的比例.",0,0,第1章　遗传因子的发现\重难突破2　自由组合定律的应用.doc,,,,,,,word补充习题一套_题目答案知识标注.xlsx
174,"14.已知蔷薇的花色由两对独立遗传的等位基因A(a)和B(b)控制，A为红色基因，B为红色淡化基因.蔷薇的花色与基因型的对应关系如下表:
基因型
aa_ _或_ _BB
A_Bb
A_bb
表型
白色
粉红色
红色
现取3个基因型不同的白色纯合品种甲、乙、丙分别与红色纯合品种丁杂交，所得实验结果如图所示，请回答:
(1)乙的基因型为________；用甲、乙、丙3个品种中的________两个品种杂交可得到粉红色品种的子代.
(2)实验二的F2中白色∶粉红色∶红色＝________.其中白色个体的基因型有________种.
(3)从实验二的F2中选取一粒开红色花的种子，在适宜条件下培育成植株.为了鉴定其基因型，将其与基因型为aabb的蔷薇杂交，得到子代种子；种植子代种子，待其长成植株开花后，观察其花的颜色.
①若所得植株花色及比例为________，则该开红色花种子的基因型为________.
②若所得植株花色及比例为________，则该开红色花种子的基因型为________",,(1)aaBB　甲、丙　(2)7∶6∶3　5　(3)①红色∶白色＝1∶0　AAbb　②红色∶白色＝1∶1　Aabb,"答案　(1)aaBB　甲、丙　(2)7∶6∶3　5　(3)①红色∶白色＝1∶0　AAbb　②红色∶白色＝1∶1　Aabb
解析　(1)根据实验一的结果可推测实验一中F1的基因型为AABb，其亲本组合为甲(AABB)×丁(AAbb)；根据实验三的结果可推测实验三中F1的基因型为Aabb，其亲本组合为丙(aabb)×丁(AAbb)；由于甲、乙、丙是基因型不同的白色纯合品种，因此乙的基因型为aaBB.甲(AABB)与丙(aabb)杂交，可得到粉红色(AaBb)品种的子代.(2)乙(aaBB)与丁(AAbb)杂交，F1都是粉红色(AaBb)，F1自交，F2中粉红色个体(A_Bb)占3/4×2/4＝6/16，红色个体(A_bb)占3/4×1/4＝3/16，白色个体占1－6/16－3/16＝7/16，因此实验二的F2中白色∶粉红色∶红色＝7∶6∶3.其中白色个体的基因型有aabb、aaBb、aaBB、AABB、AaBB，共5种.(3)实验二的F2中开红色花的种子的基因型为AAbb或Aabb，若AAbb×aabb，后代基因型为Aabb，全表现为红色；若Aabb×aabb，后代基因型为1/2Aabb、1/2aabb，表现为红色∶白色＝1∶1.",0,0,第1章　遗传因子的发现\重难突破2　自由组合定律的应用.doc,,,,,,,word补充习题一套_题目答案知识标注.xlsx
175,1.下列关于孟德尔实验、方法及分离定律的叙述，错误的是(　　),"A.孟德尔获得成功的关键有选材恰当、运用统计学方法等
B.孟德尔分离定律适用范围是真核生物进行有性生殖时细胞核基因的遗传
C.孟德尔“假说—演绎法”的核心假说内容是“性状是由染色体上的基因控制的”
D.测交实验中后代的性状分离比为1∶1，可以从个体水平上验证基因的分离定律",C,"答案　C
解析　孟德尔获得成功的关键有选材恰当、研究方法由简到难、运用统计学方法、科学设计实验程序等，A正确；孟德尔分离定律的适用范围是真核生物进行有性生殖时细胞核基因的遗传，B正确；在孟德尔提出的假说内容中有提出生物性状是由遗传因子决定的，而并未提出基因和染色体，而且此条假说也不是假说的核心内容，C错误；测交实验中后代的性状分离比为1∶1，可以从个体水平上验证基因的分离定律，D正确.",0,0,第1章　遗传因子的发现\阶段检测卷(一).doc,,,,,,,word补充习题一套_题目答案知识标注.xlsx
176,"2.完成下列各项任务，依次采用的最合适的方法是(　　)
①检验子一代的基因型
②提高小麦抗病品种的纯度
③区分一对相对性状中的显性或隐性","A.杂交、自交、测交 B.测交、自交、杂交
C.测交、测交、杂交 D.测交、杂交、杂交",B,"答案　B
解析　①测交法可用来检验F1的基因型，关键原因是与F1进行测交的个体是隐性纯合子；②提高品种纯度是通过连续自交完成的；③区分一对相对性状中的显性和隐性要由两个亲本杂交，观察子一代的表型来检验，B正确.",0,0,第1章　遗传因子的发现\阶段检测卷(一).doc,,,,,,,word补充习题一套_题目答案知识标注.xlsx
177,3.下列有关孟德尔的豌豆杂交实验中涉及的概念及实例，对应正确的是(　　),"A.相对性状——豌豆花的红色和腋生
B.去雄——去除父本黄色圆粒豌豆未成熟花的全部雄蕊
C.性状分离——F1高茎豌豆自交，F2中同时出现高茎和矮茎豌豆
D.杂合子——遗传因子组成为yyRR的个体",C,"答案　C
解析　一种生物的同一种性状的不同表现类型，叫作相对性状，豌豆花的红色和白色是一对相对性状，花的腋生和顶生是一对相对性状，A错误；在豌豆杂交实验中，去雄是指除去母本未成熟花的全部雄蕊，B错误；杂种后代中同时出现显性性状和隐性性状的现象，叫作性状分离，C正确；就一对相对性状来说，遗传因子组成不同的个体叫作杂合子，遗传因子组成相同的个体叫作纯合子，遗传因子组成为yyRR的个体是纯合子，D错误.",0,0,第1章　遗传因子的发现\阶段检测卷(一).doc,,,,,,,word补充习题一套_题目答案知识标注.xlsx
178,"4.下列有关遗传概念的叙述，错误的有(　　)
①自由组合定律体现在雌雄配子的随机结合过程中　②约翰逊所说的基因指的就是孟德尔的遗传因子　③对于植物而言，在自然状态下，只有两性花植物才能进行自交　④遵循自由组合定律的每对基因的遗传一定遵循分离定律","A.一项 B.两项
C.三项 D.四项",B,"答案　B
解析　分离定律和自由组合定律均体现在配子形成的过程中，①错误；1909年，丹麦生物学家约翰逊给孟德尔的遗传因子一词起了一个新的名字，叫作基因，②正确；自然条件下，两性花植物可进行自花传粉，即自交，某些雌雄同株的单性花植物，如玉米，雄花的花粉落在同一植株的雌花的柱头上，所完成的传粉过程也属于自交，③错误；分离定律是自由组合定律的基础，若两对基因的遗传遵循自由组合定律，则每对基因的遗传一定遵循分离定律，④正确.综上所述，B符合题意.",1,1,第1章　遗传因子的发现\阶段检测卷(一).doc,,,,,,,word补充习题一套_题目答案知识标注.xlsx
179,5.紫茉莉的花色由一对遗传因子R、r控制.紫茉莉种群中控制花色性状的遗传因子组成有3种.即RR、Rr、rr，它们对应的花色分别为红色、粉红色、白色.让红花紫茉莉与白花紫茉莉杂交得到F1，F1自交产生F2.下列关于F2的说法不正确的是(　　),"A.F2的表现类型有3种，比例为1∶2∶1
B.F2中红花植株占1/4
C.F2中纯合子所占比例为1/2
D.亲本红花紫茉莉的遗传因子组成为RR或Rr",D,"答案　D
解析　亲本红花紫茉莉的遗传因子组成为RR，白花紫茉莉的遗传因子组成为rr，F1的遗传因子组成为Rr；F1自交所产生的F2的遗传因子组成比例为RR∶Rr∶rr＝1∶2∶1.可见，F2的表现类型有3种，比例为红色∶粉红色∶白色＝1∶2∶1，其中红花植株占1/4，纯合子所占比例为1/2.",0,0,第1章　遗传因子的发现\阶段检测卷(一).doc,,,,,,,word补充习题一套_题目答案知识标注.xlsx
180,6.下列与豌豆的遗传现象有关的推论，错误的是(　　),"A.杂合子的测交后代和自交后代中都不可能出现纯合子
B.纯合子只能产生一种类型的配子，杂合子可以产生两种或两种以上类型的配子
C.若子代中出现隐性性状，则可推断其双亲都含有隐性基因
D.若子代全部表现为隐性性状，则可推断其双亲都是隐性纯合子",A,"答案　A
解析　杂合子的测交后代中会出现隐性纯合子，杂合子的自交后代中会出现显性纯合子和隐性纯合子，A错误；纯合子自交后代不发生性状分离，只能产生一种类型的配子，而杂合子可以产生两种或两种以上类型的配子，B正确；若子代中出现隐性性状(设基因型为aa)，其隐性基因a必然一个来自父方一个来自母方，故其双亲都含有隐性基因，C正确；若子代全部表现为隐性性状，则亲本不可能含有显性基因，双亲均为隐性纯合子，D正确.",1,1,第1章　遗传因子的发现\阶段检测卷(一).doc,,,,,,,word补充习题一套_题目答案知识标注.xlsx
181,7.已知豌豆的黄粒对绿粒为显性，受一对遗传因子Y、y控制；圆粒对皱粒为显性，受另一对遗传因子R、r控制；两对遗传因子独立遗传.现有黄色皱粒与绿色圆粒两品种杂交，其后代出现黄色圆粒70株、绿色圆粒68株、黄色皱粒73株和绿色皱粒71株.则两亲本的遗传因子组成是(　　),"A.YYrr×yyRr B.YYrr×yyRR
C.Yyrr×yyRR D.Yyrr×yyRr",D,"答案　D
解析　后代黄粒∶绿粒＝(70＋73)∶(68＋71)≈1∶1，可推知亲本的相应遗传因子组成为黄粒Yy×绿粒yy；同理，后代圆粒∶皱粒＝(70＋68)∶(73＋71)≈1∶1，可推知亲本的相应遗传因子组成为圆粒Rr×皱粒rr；结合亲本性状表现为黄色皱粒与绿色圆粒，所以亲本的遗传因子组成为Yyrr×yyRr.",0,0,第1章　遗传因子的发现\阶段检测卷(一).doc,,,,,,,word补充习题一套_题目答案知识标注.xlsx
182,8.下列关于孟德尔遗传规律的得出过程的叙述，说法错误的是(　　),"A.豌豆自花传粉、闭花受粉的特点是孟德尔杂交实验获得成功的原因之一
B.统计学方法的使用有助于孟德尔总结规律
C.进行测交实验是为了对提出的假说进行验证
D.得出分离定律时采用了假说—演绎法，得出自由组合定律时未使用",D,"答案　D
解析　无论是分离定律还是自由组合定律，孟德尔都使用了假说—演绎法，D错误.",0,0,第1章　遗传因子的发现\阶段检测卷(一).doc,,,,,,,word补充习题一套_题目答案知识标注.xlsx
183,9.基因型为AaBBcc、AabbCc的两株豌豆杂交，若三对等位基因各控制一对相对性状，且独立遗传，则其后代的表型比例接近(　　),"A.9∶3∶3∶1 B.3∶3∶1∶1
C.1∶2∶1 D.3∶1",B,"答案　B
解析　单独考虑每对等位基因，基因型为Aa、Aa的个体杂交，后代的表型比例为3∶1；基因型为BB、bb的个体杂交，后代的表型均为显性；基因型为cc、Cc的个体杂交，后代的表型比例为1∶1.因此基因型为AaBBcc、AabbCc的两株豌豆杂交，其后代的表型比例为(3∶1)×1×(1∶1)＝3∶3∶1∶1，B正确.",0,0,第1章　遗传因子的发现\阶段检测卷(一).doc,,,,,,,word补充习题一套_题目答案知识标注.xlsx
184,10.小鼠的体色受复等位基因A1(黄色)、A2(黑色)和A3(灰色)控制，且A1纯合时胚胎致死.现有两只黄色小鼠杂交，F1的表型及比例为黄色∶灰色＝2∶1，取F1的灰色小鼠雌雄交配，F2中既有灰色小鼠，又有黑色小鼠.下列相关叙述错误的是(　　),"A.三个复等位基因之间的显隐性关系为A1>A3>A2
B.亲本的杂交组合为A1A3×A1A3
C.F2的表型及比例为灰色∶黑色＝3∶1
D.黄色小鼠与灰色小鼠杂交，后代可能有三种体色",B,"答案　B
解析　据题分析可知，两只黄色小鼠杂交，F1的表型及比例为黄色∶灰色＝2∶1，因此黄色对灰色为显性；F1中灰色小鼠雌雄交配，F2中出现了黑色小鼠，因此灰色对黑色为显性，即三个复等位基因之间的显隐性关系为A1>A3>A2，A正确；由题可推测，亲本的杂交组合为A1A2×A1A3，B错误；F1中灰色小鼠的基因型为A2A3，雌雄交配产生的F2的基因型及比例为A2A2∶A2A3∶A3A3＝1∶2∶1，表型及比例为黑色∶灰色＝1∶3，C正确；基因型为A1A2的黄色小鼠与基因型为A2A3的灰色小鼠杂交，后代中三种体色均会出现，D正确.",0,0,第1章　遗传因子的发现\阶段检测卷(一).doc,,,,,,,word补充习题一套_题目答案知识标注.xlsx
185,11.在小鼠的一个自然种群中，体色有黄色(Y)和灰色(y)，尾巴有短尾(D)和长尾(d)，两对相对性状的遗传符合基因的自由组合定律.任取一对黄色短尾个体经多次交配，F1的表型为黄色短尾∶黄色长尾∶灰色短尾∶灰色长尾＝4∶2∶2∶1.实验中发现有些基因型有致死现象(胚胎致死).以下说法错误的是(　　),"A.黄色短尾亲本能产生4种正常配子
B.F1中致死个体的基因型共有4种
C.表型为黄色短尾的小鼠的基因型只有1种
D.若让F1中的灰色短尾雌雄鼠自由交配，则F2中灰色短尾鼠占2/3",B,"答案　B
解析　F1的表型为黄色短尾∶灰色短尾∶黄色长尾∶灰色长尾＝4∶2∶2∶1，即黄色∶灰色＝2∶1，短尾∶长尾＝2∶1，所以黄色纯合致死，短尾纯合致死，也就是说只要有一对显性基因纯合就会导致胚胎致死(YY或DD都导致胚胎致死)，因此亲本黄色短尾个体的基因型为YyDd，它能产生YD、Yd、yD、yd四种正常配子，A正确；已知YY或DD都导致胚胎致死，所以YyDd相互交配产生的F1中致死个体的基因型有YYDD、YYDd、YyDD、YYdd、yyDD，共5种，B错误；因为YY或DD都导致胚胎致死，所以表型为黄色短尾的小鼠的基因型只有YyDd一种，C正确；F1中的灰色短尾的基因型为yyDd(yyDD胚胎致死)，它们自由交配，F2中基因型有yyDD、yyDd、yydd，比例为1∶2∶1，其中yyDD胚胎致死，所以只有yyDd、yydd两种，其中灰色短尾鼠(yyDd)占2/3，D正确.",1,1,第1章　遗传因子的发现\阶段检测卷(一).doc,,,,,,,word补充习题一套_题目答案知识标注.xlsx
186,12.某种蛇体色的遗传如图所示，基因B、b和T、t遵循自由组合定律，当两种色素都没有时表现为白色.选纯合的黑蛇与纯合的橘红蛇作为亲本进行杂交，下列有关叙述正确的是(　　),"A.亲本黑蛇和橘红蛇的基因型分别为BBTT、bbtt
B.F1的基因型全部为BbTt，表型均为黑蛇
C.让F1相互交配，后代花纹蛇中纯合子所占的比例为1/9
D.让F1与杂合的橘红蛇交配，其后代出现白蛇的概率为1/9",C,"答案　C
解析　由题干信息可知，花纹蛇的基因型为B_T_，白蛇的基因型为bbtt，黑蛇的基因型为B_tt，橘红蛇的基因型为bbT_，由于亲本均为纯合子，则亲本黑蛇和橘红蛇的基因型分别为BBtt、bbTT，A错误；亲本黑蛇(BBtt)与橘红蛇(bbTT)杂交后代F1的基因型均为BbTt，表型为花纹蛇，B错误；让F1花纹蛇(BbTt)相互交配，后代表型及比例为花纹蛇(B_T_)∶黑蛇(B_tt)∶橘红蛇(bbT_)∶白蛇(bbtt)＝9∶3∶3∶1，花纹蛇(B_T_)中纯合子(BBTT)所占的比例为1/9，C正确；让F1花纹蛇(BbTt)与杂合的橘红蛇(bbTt)交配，其后代出现白蛇(bbtt)的概率为1/2×1/4＝1/8，D错误.",0,0,第1章　遗传因子的发现\阶段检测卷(一).doc,,,,,,,word补充习题一套_题目答案知识标注.xlsx
187,13.人类皮肤中黑色素的含量由两对独立遗传的基因(A和a、B和b)控制，显性基因A和B可以使黑色素的含量增加，二者增加的量相等，并且可以累加.基因型同为AaBb的男女婚配，假设不进行计划生育，下列关于其子女皮肤颜色深浅的叙述，正确的是(　　),"A.最多能生出6种肤色深浅不同的孩子
B.生出两个与父母肤色深浅相同的孩子的概率为9/32
C.其子女的基因型为AABB时肤色最深
D.理论上不同肤色的子女数量比例约为1∶3∶8∶3∶1",C,"答案　C
解析　基因型同为AaBb的男女婚配，后代有5种表型，相应的基因型为AABB、(AABb＋AaBB)、(AaBb＋aaBB＋AAbb)、(aaBb＋Aabb)、aabb，A错误；生出与父母肤色深浅相同的孩子(2个显性基因)的概率为1/16＋1/16＋1/4＝3/8，生出两个此类肤色孩子的概率为3/8×3/8＝9/64，B错误；显性基因越多，肤色越深，所以肤色最深的是基因型为AABB的孩子，C正确；理论上，不同肤色的子女数量比例约为1∶4∶6∶4∶1，D错误.",0,0,第1章　遗传因子的发现\阶段检测卷(一).doc,,,,,,,word补充习题一套_题目答案知识标注.xlsx
188,14.有一种观赏植物，纯合的蓝色品种与纯合的红色品种杂交，F1为蓝色，F1自交得F2，表型如图所示.若将F2中的红色植株花粉授给蓝色植株，则后代表型及比例为(　　),"A.蓝色∶紫色∶红色＝4∶4∶1
B.蓝色∶紫色∶红色＝1∶2∶1
C.蓝色∶紫色∶红色＝2∶2∶1
D.蓝色∶紫色∶红色＝9∶6∶1",A,"答案　A
解析　根据题意和图示分析可知，推断相关性状由两对独立遗传的等位基因(设为A、a，B、b)控制，其中双显性个体(9)表现为蓝色(A_B_)，而单显性个体(3＋3)均表现为紫色(A_bb或aaB_)，双隐性个体(1)表现为红色(aabb).将F2中的红色植株(aabb)花粉授给蓝色植株(1AABB＋2AaBB＋2AABb＋4AaBb)，由于蓝色植株产生的配子为AB∶Ab∶aB∶ab＝4∶2∶2∶1，而红色植株(aabb)产生的配子只有ab，所以后代表型及比例为蓝色(AaBb)∶紫色(Aabb、aaBb)∶红色(aabb)＝4∶4∶1.",0,0,第1章　遗传因子的发现\阶段检测卷(一).doc,,,,,,,word补充习题一套_题目答案知识标注.xlsx
189,15.在小鼠的一个自然种群中，任取一对黄色(A)短尾(B)个体经多次交配(两对性状的遗传遵循自由组合定律)，F1的表型及比例为黄色短尾∶灰色短尾∶黄色长尾∶灰色长尾＝4∶2∶2∶1.实验中发现有些基因型有致死现象(胚胎致死).下列说法错误的是(　　),"A.黄色短尾亲本测交不能产生显性纯合子后代
B.黄色短尾的致死基因型有AABB、AABb和AaBB
C.该小鼠的致死基因型都是纯合的
D.若让F1中灰色短尾鼠和黄色长尾鼠杂交，后代无致死现象",C,"答案　C
解析　根据题意，该对黄色短尾鼠经多次交配，F1的表型及比例为黄色短尾∶灰色短尾∶黄色长尾∶灰色长尾＝4∶2∶2∶1，由此可确定亲本的基因型为AaBb，且只要有一对显性基因纯合就会导致胚胎致死.亲本的基因型为AaBb，其测交产生的后代中显性个体都是杂合子，A正确；黄色短尾个体的基因型共有AaBb、AABB、AABb和AaBB 4种，其中致死基因型有AABB、AABb和AaBB 3种，B正确；该小鼠的致死基因型有AABB、AABb、AaBB、AAbb和aaBB，其中AABb、AaBB是杂合子，C错误；若让F1中灰色短尾鼠(aaBb)和黄色长尾鼠(Aabb)杂交，后代的基因型有AaBb、aaBb、Aabb和aabb 4种，没有致死现象，D正确.",0,0,第1章　遗传因子的发现\阶段检测卷(一).doc,,,,,,,word补充习题一套_题目答案知识标注.xlsx
190,16.玉米的宽叶(A)对窄叶(a)为显性，杂合子宽叶玉米表现为高产；玉米有茸毛(D)对无茸毛(d)为显性，有茸毛玉米植株表面茸毛茂盛，具有显著的抗病能力，该显性基因纯合时植株幼苗期就不能存活.已知两对基因独立遗传，若高产有茸毛玉米自交产生F1，则F1的成熟植株中(　　),"A.有茸毛与无茸毛之比为3∶1
B.有9种基因型
C.高产抗病类型占1/4
D.宽叶有茸毛类型占1/2",D,"答案　D
解析　分析题意可知，高产有茸毛玉米的基因型为AaDd，其自交后代F1的成熟植株中有茸毛和无茸毛的基因型及概率分别为2/3Dd、1/3dd，因此，F1的成熟植株中有茸毛与无茸毛之比为2∶1，A错误；基因型为AaDd的玉米自交，后代幼苗的基因型有9种，但由于基因型为_ _DD的幼苗死亡，因此，F1的成熟植株只有6种基因型，B错误；F1的成熟植株中高产抗病类型的基因型为AaDd，所占比例为1/2×2/3＝1/3，C错误；F1的成熟植株中宽叶有茸毛的基因型为AADd或AaDd，所占比例为1/4×2/3＋2/4×2/3＝1/2，D正确.",0,0,第1章　遗传因子的发现\阶段检测卷(一).doc,,,,,,,word补充习题一套_题目答案知识标注.xlsx
191,17.某实验小组为了模拟性状分离比，在两个小桶内均放入四种颜色的彩球，且每个桶内的各颜色的彩球数量相等(彩球颜色为红、黄、蓝、绿，分别代表YR、Yr、yR和yr四种配子)，然后在两个小桶内分别随机选择一个彩球，进行组合.下列相关叙述错误的是(　　),"A.两个小桶中的彩球的总数不一定要相等
B.每次抓取彩球后要将彩球重新放回再摇匀
C.抓取次数足够多时，抓取两个红球的概率是1/16
D.该实验小组模拟的是非等位基因自由组合的过程",D,"答案　D
解析　两个小桶中的彩球表示雌雄配子，因此两个小桶中的彩球的数量可以不相等，A正确；每次抓取彩球后要将彩球重新放回再摇匀，以保证每次抓取彩球的概率是相等的，B正确；抓取次数足够多时，抓取两个红球组合成的基因型为YYRR，其概率是1/16，C正确；该实验模拟的是受精过程中雌雄配子的随机结合，而不是非等位基因自由组合的过程，D错误.",1,1,第1章　遗传因子的发现\阶段检测卷(一).doc,,,,,,,word补充习题一套_题目答案知识标注.xlsx
192,18.已知小麦的粒色受两对独立遗传的等位基因(A/a和B/b)控制，含有显性基因时表现为红粒，且所含的显性基因数越多(A和B的效应相同)，红色越深；不含显性基因时表现为白粒.两红粒植株杂交，F1均为红粒，F1自交，F2中白粒植株占1/16.下列有关叙述错误的是 (　　),"A.F2红粒植株可表现出4种深浅不同的红色
B.亲本的基因型组合为AAbb×aaBB
C.白粒植株均为能稳定遗传的纯合子
D.F2红粒植株中表型与亲本不同的个体约占2/5",D,"答案　D
解析　据题分析可知，白粒植株的基因型为aabb，其他基因型均表现为红粒.由F2中白粒植株占1/16可知，F1的基因型为AaBb，故亲本的基因型组合为AAbb×aaBB，F2红粒植株最多含4个显性基因，最少含1个显性基因，可表现出4种深浅不同的红色，A、B正确；白粒植株均为能稳定遗传的纯合子，C正确；F2红粒植株中表型与亲本相同的个体含有两个显性基因，基因型为AAbb、aaBB或AaBb，约占6/15，即2/5，故F2红粒植株中表型与亲本不同的个体约占3/5，D错误.",0,0,第1章　遗传因子的发现\阶段检测卷(一).doc,,,,,,,word补充习题一套_题目答案知识标注.xlsx
193,"19.某植物的花色受独立遗传的两对基因A、a，B、b控制，这两对基因与花色的关系如图所示，此外，a基因对于B基因的表达有抑制作用.现将基因型为AABB的个体与基因型为aabb的个体杂交得到F1，则F1的自交后代中花色的表型比例是(　　)
A基因　　　B基因
↓　　　　　↓
白色色素粉色色素红色色素","A.白∶粉∶红＝3∶10∶3
B.白∶粉∶红＝3∶12∶1
C.白∶粉∶红＝4∶9∶3
D.白∶粉∶红＝6∶9∶1",C,"答案　C
解析　基因型为AABB的个体与基因型为aabb的个体杂交得到F1，则F1的基因型为AaBb，F1自交后代中花色的表型及比例为白(aaB_＋aabb)∶粉(A_bb＋AaB_)∶红(AAB_)＝(×＋×)∶(×＋×)∶(×)＝4∶9∶3.",0,0,第1章　遗传因子的发现\阶段检测卷(一).doc,,,,,,,word补充习题一套_题目答案知识标注.xlsx
194,20.果蝇的眼色由位于两对常染色体上的两对等位基因(A、a和B、b)控制，基因A控制朱砂眼，基因B控制紫眼，基因A和B均存在或者均不存在时为粉红眼.用纯合亲本朱砂眼和紫眼杂交得到F1，F1自由交配得到F2.下列相关说法错误的是(　　),"A.F1全部表现为粉红眼
B.F2中朱砂眼∶紫眼∶粉红眼＝3∶3∶10
C.F2中粉红眼的基因型有5种
D.F2中朱砂眼果蝇自由交配，F3中纯合朱砂眼果蝇占1/2",D,"答案　D
解析　结合分析可知，纯合亲本朱砂眼和紫眼杂交，即AAbb×aaBB，子一代的基因型为AaBb，表现为粉红眼，A正确；F1的基因型为AaBb，自由交配，F2中朱砂眼A_bb∶紫眼aaB_∶粉红眼(A_B_、aabb)＝(3/4×1/4)∶(1/4×3/4)∶(3/4×3/4＋1/4×1/4)＝3∶3∶10，B正确；粉红眼的基因型为A_B_、aabb，即AABB、AaBB、AABb、AaBb、aabb，粉红眼的基因型有5种，C正确；F2中朱砂眼果蝇的基因型为AAbb、Aabb，比例为1∶2，让其自由交配，则Ab的频率＝1/3＋2/3×1/2＝2/3，ab的频率＝1/3，F3中纯合的朱砂眼果蝇(AAbb)占2/3×2/3＝4/9，D错误.
二、非选择题(每题10分，共40分)",0,0,第1章　遗传因子的发现\阶段检测卷(一).doc,,,,,,,word补充习题一套_题目答案知识标注.xlsx
195,"21.已知水稻中D基因与配子的育性有关，研究者用一定方法使D基因失活，失活后的基因记为d.现以野生型植株和D基因失活植株作为亲本进行杂交实验，统计母本的结实率(结实数/授粉的小花数×100%)，结果如表所示.请回答下列问题:
杂交实验
亲本组合
结实率
①
♀DD×♂dd
10%
②
♀dd×♂DD
50%
③
♀DD×♂DD
50%
(1)若该实验中杂交实验①为正交实验，则________为反交实验.由杂交实验结果可知，D基因失活会造成________(填“雌”或“雄”)配子的育性大大降低.
(2)杂交实验②③的结实率均只有50%，其原因可能是_______________________________________________________________.
(3)若让杂交实验①的子代与杂交实验②的子代杂交，则后代的结实率为__________，其中基因型为dd的个体所占的比例为________.",,(1)杂交实验②　雄　(2)含有D基因的雄配子有50%不育　(3)30%　1/12,"答案　(1)杂交实验②　雄　(2)含有D基因的雄配子有50%不育　(3)30%　1/12
解析　(1)由题可知，杂交实验①②互为正反交实验.杂交实验②③中，父本的基因型都是DD，母本不同，但结实率相同，说明D基因失活不影响雌配子的育性；杂交实验①中，基因型为dd的植株作父本，结实率仅为10%，说明D基因失活会造成雄配子的育性大大降低.(2)杂交实验②③的结实率只有50%，原因可能是含有D基因的雄配子有50%不育.(3)杂交实验①②中子代的基因型均为Dd，由上述分析可知，其产生的雌、雄配子的基因型及比例均为D∶d＝1∶1，其中雌配子均可育，含D基因的雄配子只有50%可育，含d基因的雄配子只有10%可育，则二者杂交后代的结实率(50%＋10%)÷2＝30%，后代中基因型为dd的个体所占比例为1/2×1/6＝1/12.",1,1,第1章　遗传因子的发现\阶段检测卷(一).doc,,,,,,,word补充习题一套_题目答案知识标注.xlsx
196,"22.某雌雄同株异花植物有早熟、晚熟两种类型，由两对等位基因(A/a和B/b)控制.某科研人员利用纯合的早熟品种与晚熟品种进行杂交，F1均表现为早熟，将所有的F1进行自花传粉，并对F2植株进行统计，发现只有1/16表现为晚熟.请回答下列问题:
(1)与豌豆相比，利用该植物进行杂交实验时在操作上的优点是___________________________________________________________________________________________________________________________.
(2)控制早熟和晚熟这对相对性状的基因的遗传遵循________定律，亲本中早熟植株的基因型是________.
(3)F2中早熟植株的基因型有________种，其中纯合子所占比例为________.
(4)从F2中取一早熟植株M，将其与晚熟植株杂交，若后代中早熟∶晚熟＝1∶1，则M的基因型为________.",,(1)不用进行去雄操作　(2)分离定律和自由组合(或自由组合)　AABB　(3)8　1/5　(4)Aabb或aaBb,"答案　(1)不用进行去雄操作　(2)分离定律和自由组合(或自由组合)　AABB　(3)8　1/5　(4)Aabb或aaBb
解析　(1)与豌豆相比，雌雄同株异花植物在进行杂交实验时不用进行去雄操作.(2)根据题意，亲本有早熟和晚熟，而F1均表现为早熟，F1自交产生的F2中有1/16表现为晚熟，即早熟∶晚熟＝15∶1，是9∶3∶3∶1的变式，说明控制这对相对性状的基因的遗传遵循自由组合定律.F1的基因型为AaBb，两亲本的基因型分别是AABB(早熟)与aabb(晚熟).(3)F2中早熟植株的基因型为A_B_、aaB_、A_bb，共有8种.其中纯合子所占的比例为3/15，即1/5.(4)早熟植株M与晚熟植株杂交，后代中早熟∶晚熟＝1∶1，则早熟植株M能产生两种配子，且其中一种配子为ab，因此，基因型可能是Aabb或aaBb.",0,0,第1章　遗传因子的发现\阶段检测卷(一).doc,,,,,,,word补充习题一套_题目答案知识标注.xlsx
197,"23.某种甘蓝的叶色有绿色和紫色.已知叶色受2对独立遗传的基因A/a和B/b控制，只含隐性基因的个体表现隐性性状，其他基因型的个体均表现显性性状.某小组用绿叶甘蓝和紫叶甘蓝进行了一系列实验:
实验①:让绿叶甘蓝(甲)的植株进行自交，子代都是绿叶.
实验②:让甲植株与紫叶甘蓝(乙)植株杂交，子代个体中绿叶∶紫叶＝1∶3.
回答下列问题:
(1)甘蓝叶色中隐性性状是________，实验①中甲植株的基因型为________.
(2)实验②中乙植株的基因型为________，子代中有________种基因型.
(3)用另一紫叶甘蓝(丙)植株与甲植株杂交，若杂交子代中紫叶和绿叶的分离比为1∶1，则丙植株所有可能的基因型是_______________________________
________________________________________________；若杂交子代均为紫叶，则丙植株所有可能的基因型是________；若杂交子代均为紫叶，且让该子代自交，自交子代中紫叶与绿叶的分离比为15∶1，则丙植株的基因型为________.",,(1)绿色　aabb　(2)AaBb 　4　(3)Aabb、aaBb　AABB、AAbb、aaBB、AaBB、AABb　AABB,"答案　(1)绿色　aabb　(2)AaBb 　4　(3)Aabb、aaBb　AABB、AAbb、aaBB、AaBB、AABb　AABB
解析　(1)根据实验①②可判断甘蓝的绿叶是隐性性状，紫叶是显性性状.由题干:只含隐性基因的个体表现隐性性状，再结合实验①可判断出甲植株的基因型是aabb.(2)根据实验②子代个体中绿叶∶紫叶＝1∶3，可推知乙植株的基因型是AaBb，AaBb×aabb子代中有4种基因型，分别是AaBb、Aabb、aaBb、aabb.(3)若丙植株与甲植株(aabb)杂交，子代中紫叶和绿叶的分离比为1∶1，可推出紫叶丙植株只能产生两种配子，且有一种配子是ab，进而推出丙的基因型是Aabb或aaBb；若丙植株与甲植株杂交子代均为紫叶，说明丙植株产生的配子中只能含一种隐性基因或全是显性基因，可利用分离定律列出丙植株可能的基因型，符合要求的丙植株的基因型是AABB、AABb、AAbb、aaBB、AaBB；若丙植株与甲植株杂交子代均为紫叶，且该子代自交后代中紫叶与绿叶的分离比为15∶1，这是自由组合定律9∶3∶3∶1性状分离比的变形，推出子代紫叶植株的基因型是AaBb，由此推出丙植株的基因型是AABB.",0,0,第1章　遗传因子的发现\阶段检测卷(一).doc,,,,,,,word补充习题一套_题目答案知识标注.xlsx
198,"24.某多年生植物的高茎和矮茎由等位基因A、a控制，红花和白花由等位基因B、b控制，两对基因独立遗传.某高茎红花植株自交的子一代中高茎红花∶高茎白花∶矮茎红花∶矮茎白花＝5∶3∶3∶1.回答下列问题:
(1)控制这两对相对性状的基因________(填“遵循”或“不遵循”)基因的自由组合定律.
(2)已知通过受精作用得到的各种基因型的受精卵均能正常发育.为研究子一代出现该比例的原因，有人提出两种假说.
假说一:亲本产生的AB雄配子不能受精；
假说二:亲本产生的AB雌配子不能受精.
请利用上述实验中的植株为材料，设计测交实验分别证明两种假说是否成立(写出简要实验方案、预期实验结果).
①支持假说一的实验方案和实验结果是____________________________
_______________________________________________.
②支持假说二的实验方案和实验结果是____________________________________
___________________________________________________.",,(1)遵循　(2)①以亲本高茎红花为父本与子一代矮茎白花测交，子代出现高茎白花∶矮茎白花∶矮茎红花＝1∶1∶1(或子代仅未出现高茎红花)　 ②以亲本高茎红花为母本与子一代矮茎白花测交，子代出现高茎白花∶矮茎白花∶矮茎红花＝1∶1∶1(或子代仅未出现高茎红花),"答案　(1)遵循　(2)①以亲本高茎红花为父本与子一代矮茎白花测交，子代出现高茎白花∶矮茎白花∶矮茎红花＝1∶1∶1(或子代仅未出现高茎红花)　 ②以亲本高茎红花为母本与子一代矮茎白花测交，子代出现高茎白花∶矮茎白花∶矮茎红花＝1∶1∶1(或子代仅未出现高茎红花)
解析　(1)据题意可知，控制高茎和矮茎、红花和白花的两对基因独立遗传，所以控制这两对相对性状的基因遵循基因的自由组合定律，且亲本高茎红花的基因型为AaBb.(2)假说提出两种可能，AB雄配子不能受精或AB雌配子不能受精.故①要用亲本高茎红花为父本与子一代矮茎白花为母本测交证明假说一，因母本只产生ab雌配子，父本能产生AB、Ab、aB、ab四种雄配子，若AB雄配子不能受精，则子一代没有高茎红花个体；②用亲本高茎红花为母本与子一代矮茎白花为父本测交证明假说二，因父本只产生ab雄配子，母本能产生AB、Ab、aB、ab四种雌配子，若AB雌配子不能受精，则子一代没有高茎红花个体.",1,1,第1章　遗传因子的发现\阶段检测卷(一).doc,,,,,,,word补充习题一套_题目答案知识标注.xlsx
199,[例1] 如图为人类某遗传病的系谱图，该遗传病由一对等位基因控制.下列相关叙述正确的是(　　),"A.该遗传病为常染色体显性遗传病
B.Ⅱ5的致病基因只来自Ⅰ1
C.Ⅰ2和Ⅱ4的基因型相同
D.Ⅱ3是杂合子",C,"答案　C
解析　依据系谱图只能确定该遗传病不是伴X染色体显性遗传病，不能确定具体遗传病类型，A错误；如果该病是常染色体显性遗传病，则Ⅱ5的致病基因只来自Ⅰ1，如果该病是隐性遗传病，则Ⅱ5的致病基因来自父母双方，B错误；如果该病是常染色体显性遗传病，Ⅰ2和Ⅱ4都不患病，故基因型相同，如果该病是隐性遗传病，Ⅰ2和Ⅱ4都不患病，但都是携带者，基因型相同，C正确；如果该病是常染色体显性遗传病，则Ⅱ3是纯合子，如果该病是隐性遗传病，则Ⅱ3是杂合子，D错误.
重点题型2　基因在染色体上位置的实验探究",14,14,第2章　基因和染色体的关系\微专题3　遗传系谱图的判断与基因定位的实验设计.doc,,,,,,,word补充习题一套_题目答案知识标注.xlsx
200,[例2] 如图为果蝇性染色体结构简图.要判断果蝇某伴性遗传基因位于片段Ⅰ上还是片段Ⅱ－1上，现用一只表型是隐性的雌果蝇与一只表型为显性的雄果蝇杂交，不考虑突变，若后代:①雌性为显性，雄性为隐性；②雌性为隐性，雄性为显性，可推断①②两种情况下该基因分别位于(　　),"A.片段Ⅰ；片段Ⅰ
B.片段Ⅱ－1；片段Ⅰ
C.片段Ⅱ－1或片段Ⅰ；片段Ⅱ－1
D.片段Ⅱ－1或片段Ⅰ；片段Ⅰ",D,"答案　D
解析　根据题意分析，现用一只表型是隐性的雌果蝇与一只表型为显性的雄果蝇杂交，如果基因位于片段Ⅰ上，则雄性可以有3种基因型(XY上都是显性基因；X上是显性基因、Y上是隐性基因；X上是隐性基因、Y上是显性基因)，所以后代有以下几种情况:雌性和雄性都为显性，雌性为显性、雄性为隐性，雌性为隐性、雄性为显性，①②两种情况都可能出现；如果基因位于片段Ⅱ－1上，则后代雌性为显性，雄性为隐性，符合①的结果.所以①②两种情况下该基因分别位于片段Ⅱ－1或片段Ⅰ、片段Ⅰ上，故选D.",14,14,第2章　基因和染色体的关系\微专题3　遗传系谱图的判断与基因定位的实验设计.doc,,,,,,,word补充习题一套_题目答案知识标注.xlsx
201,[例1] 下列关于同源染色体和四分体的叙述，错误的是(　　),"A.同源染色体是一条染色体经复制后形成的两条染色体
B.四分体出现在减数分裂Ⅰ的前期和中期
C.同源染色体是在减数分裂过程中能联会的两条染色体
D.每个四分体包含一对同源染色体的4条染色单体",A,"答案　A
解析　一条染色体复制后形成的是两条姐妹染色单体，两条姐妹染色单体的着丝粒一分为二后，形成的是两条相同的染色体，并非同源染色体，A错误；四分体是减数分裂Ⅰ过程中同源染色体所特有的存在形式，出现在同源染色体联会后，即减数分裂Ⅰ的前期和中期，在减数分裂Ⅰ后期同源染色体分开，四分体消失，B正确；在减数分裂过程中，同源染色体两两配对的现象叫作联会，只有配对的染色体才能称为同源染色体，C正确；在减数分裂 Ⅰ过程中，复制后的同源染色体联会后形成四分体，每对同源染色体含有4条染色单体，D正确.",1,1,第2章　基因和染色体的关系\第1节　减数分裂和受精作用\第1课时　减数分裂.doc,,,,,,,word补充习题一套_题目答案知识标注.xlsx
202,[例2] 下列关于四分体的叙述，正确的是(　　),"A.有丝分裂和减数分裂过程中都会出现四分体
B.一个四分体中含有四条染色体和四个DNA分子
C.次级精母细胞中的四分体数是初级精母细胞中的1/2
D.人的初级精母细胞在减数分裂Ⅰ前期可形成23个四分体",D,"答案　D
解析　在减数分裂Ⅰ前期，联会后的每对同源染色体叫四分体，含有四条染色单体，而有丝分裂过程中不会出现四分体，A错误；一个四分体中含有两条染色体、四条染色单体和四个DNA分子，B错误；次级精母细胞中不存在四分体，C错误；人的精原细胞中含有23对同源染色体，在减数分裂前的间期，一部分精原细胞的体积增大，染色体复制后成为初级精母细胞，此时细胞中的染色体数目不变，因此人的初级精母细胞在减数分裂Ⅰ前期可形成23个四分体，D正确.
探究点二　精子的形成过程
如图为雄性动物体内减数分裂过程的示意图.请分析回答下列问题:
(1)图中A、C、G分别表示什么细胞？
提示　A为初级精母细胞，C为次级精母细胞，G为精细胞.
(2)染色体数目减半和染色单体消失分别发生在图中哪个过程？
提示　染色体数目减半发生在减数分裂Ⅰ，即甲过程中；染色单体消失发生在减数分裂Ⅱ，即乙过程中.
(3)细胞B、C中有没有同源染色体和染色单体？
提示　细胞B、C中没有同源染色体，但有染色单体.
(4)细胞B与C、D与E的染色体组成是否相同？
提示　细胞B与C的染色体组成不同，而细胞D与E的染色体组成相同.
(5)不考虑四分体中的非姐妹染色单体的互换，细胞D、E的染色体组成是否相同？如果考虑四分体中的非姐妹染色单体的互换呢？
提示　相同.不一定相同.
减数分裂过程中两个分裂阶段的比较",1,1,第2章　基因和染色体的关系\第1节　减数分裂和受精作用\第1课时　减数分裂.doc,,,,,,,word补充习题一套_题目答案知识标注.xlsx
203,[例3] 下列有关某雄性生物体中各细胞分裂示意图的判断，正确的是(　　),"A.图①处于减数分裂Ⅰ中期，细胞内有2对姐妹染色单体
B.图②处于减数分裂Ⅱ后期，细胞内有2对姐妹染色单体
C.图③处于减数分裂Ⅱ中期，该生物体细胞中染色体数目恒定为8条
D.四幅图可排序为①③②④，出现在该生物体精子的形成过程中",D,"答案　D
解析　据题图分析可知，图①处于减数分裂Ⅰ中期，每条染色体都含一对姐妹染色单体，共有4对姐妹染色单体，A错误；图②处于减数分裂Ⅱ后期，染色体的着丝粒已分裂，无姐妹染色单体，B错误；图③处于减数分裂Ⅱ中期，细胞中有2条染色体，说明正常体细胞染色体数为4条；当体细胞处于有丝分裂后期时，染色体数才为8条，C错误；图示过程发生在雄性生物体内，故为精子的形成过程，可排序为①③②④，D正确.",1,1,第2章　基因和染色体的关系\第1节　减数分裂和受精作用\第1课时　减数分裂.doc,,,,,,,word补充习题一套_题目答案知识标注.xlsx
204,"[例4] 某植物根尖每个处于有丝分裂后期的细胞中都有40条染色体.下表中能正确表示该植物减数分裂Ⅱ中期和后期每个细胞中染色体数目和染色单体数目的是(　　)
选项
减数分裂Ⅱ中期
减数分裂Ⅱ后期
染色
体/条
染色单
体/条
染色
体/条
染色单
体/条
A
10
20
20
10
B
10
20
20
0
C
20
40
20
10
D
20
40
40
0",,B,"答案　B
解析　在减数分裂过程中，由于减数分裂Ⅰ后期发生同源染色体的分离，因此减数分裂Ⅱ的前期和中期染色体数目减半，并且不含同源染色体，每条染色体上有2条姐妹染色单体；而在减数分裂Ⅱ后期由于着丝粒分裂，导致染色体数目暂时加倍，染色单体消失.由题干信息可知，有丝分裂后期的细胞中含有40条染色体，则该植物的体细胞中有20条染色体，故减数分裂Ⅱ中期染色体为10条，含染色单体，B正确.减数分裂Ⅱ后期染色体为20条，不含染色单体.
关于减数分裂的两个关注
(1)能发生减数分裂的器官中不只进行减数分裂这一种分裂方式:睾丸或卵巢是发生减数分裂的器官，但睾丸或卵巢内也进行有丝分裂，如精原细胞或卵原细胞可通过有丝分裂增殖.
(2)同源染色体不只存在于进行减数分裂的细胞中，而是普遍存在于各种体细胞中，只是在有丝分裂过程中不出现同源染色体的联会、分离等现象.
探究点三　卵细胞形成过程与精子形成过程的比较
下图是某种动物精子和卵细胞形成过程中的部分图像，请分析回答下列问题:
(1)一定属于卵细胞形成过程的图像有哪些？细胞的名称分别是什么？
提示　D次级卵母细胞和E初级卵母细胞.
(2)一定属于精子形成过程的图像有哪些？细胞的名称分别是什么？
提示　B初级精母细胞和G精子.
(3)A中发生的现象叫什么？C中有无同源染色体？
提示　A中同源染色体发生联会；C处于减数分裂Ⅱ中期，细胞中无同源染色体.
(4)F细胞的具体名称是什么？
提示　可能是次级精母细胞或极体.
(5)胚胎发育早期分裂活动旺盛，却不从外界摄取营养物质.据此分析，卵母细胞进行不均等分裂，最终只产生一个卵细胞的意义是什么？
提示　形成的卵细胞较大，便于储存丰富的营养物质.
据图快速判断精子和卵细胞的形成过程",1,1,第2章　基因和染色体的关系\第1节　减数分裂和受精作用\第1课时　减数分裂.doc,,,,,,,word补充习题一套_题目答案知识标注.xlsx
205,"[例5] 如图是某高等动物体内的细胞分裂示意图，请据图回答下列问题:
(1)图中属于减数分裂的细胞是________，含有染色单体的是________(均填字母).
(2)该动物是________(填“雌性”或“雄性”)，判断依据是_______________________________________________________________
_______________________________________________________________.
(3)细胞A处于细胞分裂的________(时期)，该时期细胞染色体最明显的特征是________.细胞C分裂产生的子细胞的名称是________.",,(1)A、C、D、F 　A、B、C　(2)雄性　细胞C的细胞质均等分裂　(3)减数分裂Ⅰ前期　同源染色体联会　次级精母细胞,"答案　(1)A、C、D、F 　A、B、C　(2)雄性　细胞C的细胞质均等分裂　(3)减数分裂Ⅰ前期　同源染色体联会　次级精母细胞
解析　分析题图可知，细胞A含有同源染色体，且同源染色体两两配对形成四分体，处于减数分裂Ⅰ前期；细胞B含有同源染色体，且染色体的着丝粒都排列在细胞中央的赤道板上，处于有丝分裂中期；细胞C含有同源染色体，且同源染色体正在分离，处于减数分裂Ⅰ后期；细胞D不含同源染色体，且着丝粒已分裂，处于减数分裂Ⅱ后期；细胞E含有同源染色体，且着丝粒分裂，处于有丝分裂后期；细胞F不含同源染色体和染色单体，处于减数分裂Ⅱ末期.(1)由以上分析可知，图中属于减数分裂的细胞是A、C、D、F；染色单体从间期复制出现到后期着丝粒分裂消失，因此含有染色单体的是A、B、C.(2)细胞C处于减数分裂Ⅰ后期，且细胞质均等分裂，因此该动物的性别是雄性.(3)细胞A中同源染色体联会，处于减数分裂Ⅰ前期.细胞C为初级精母细胞，其分裂形成的子细胞为次级精母细胞.
探究点四　观察蝗虫精母细胞减数分裂装片",1,1,第2章　基因和染色体的关系\第1节　减数分裂和受精作用\第1课时　减数分裂.doc,,,,,,,word补充习题一套_题目答案知识标注.xlsx
206,[例6] 下列关于“观察蝗虫精母细胞减数分裂装片”实验的说法错误的是(　　),"A.仔细观察染色体的形态、位置和数目时需用高倍镜
B.在处于减数分裂Ⅰ中期的细胞中能观察到赤道板结构
C.视野中能观察到的同源染色体分开的细胞处于减数分裂Ⅰ后期
D.视野中能观察到的同源染色体联会的细胞处于减数分裂Ⅰ时期",B,"答案　B
解析　赤道板不是真实存在的结构，在显微镜下观察不到，B错误.
思维导图
晨读必背",14,14,第2章　基因和染色体的关系\第1节　减数分裂和受精作用\第1课时　减数分裂.doc,,,,,,,word补充习题一套_题目答案知识标注.xlsx
207,1.下列关于同源染色体的叙述中，正确的是(　　),"A.分别来自父方和母方的两条染色体
B.同源染色体分离发生在减数分裂Ⅱ过程中
C.减数分裂过程中会出现同源染色体联会形成四分体的现象
D.细胞分裂过程中，着丝粒分裂后形成的两条染色体即为同源染色体",C,"答案　C
解析　同源染色体的形状、大小一般都相同，一条来自父方，一条来自母方，但不是随意来自父方和母方的两条染色体，A错误；在形成生殖细胞的减数分裂Ⅰ后期，同源染色体分离，非同源染色体自由组合，故同源染色体的分离发生在减数分裂Ⅰ过程中，B错误；同源染色体的两两配对叫作联会，进而形成四分体，所以在减数分裂过程中彼此联会形成四分体的两条染色体一定是同源染色体，C正确；细胞分裂过程中，着丝粒分裂后形成的两条染色体是间期复制形成的姐妹染色单体，不是同源染色体，D错误.",1,1,第2章　基因和染色体的关系\第1节　减数分裂和受精作用\第1课时　减数分裂.doc,,,,,,,word补充习题一套_题目答案知识标注.xlsx
208,2.精子和卵细胞形成的区别不在于(　　),"A.一个初级精母细胞产生两个大小相同的次级精母细胞
B.一个初级卵母细胞产生一个次级卵母细胞和一个极体
C.一个次级卵母细胞形成一个卵细胞和一个极体
D.卵细胞形成过程中不出现四分体",D,"答案　D
解析　精子形成过程中，一个初级精母细胞经过减数分裂Ⅰ形成两个大小相同的次级精母细胞.卵子形成过程中，一个初级卵母细胞经过减数分裂Ⅰ形成一个次级卵母细胞和一个极体.一个次级卵母细胞经过减数分裂Ⅱ形成一个卵细胞和一个极体.卵细胞、精子形成过程中都会出现四分体.",1,1,第2章　基因和染色体的关系\第1节　减数分裂和受精作用\第1课时　减数分裂.doc,,,,,,,word补充习题一套_题目答案知识标注.xlsx
209,3.如图表示某二倍体生物正在进行分裂的细胞，关于此图的说法正确的是(　　),"A.是次级精母细胞，处于减数分裂Ⅱ后期
B.含同源染色体2对、DNA分子4个、染色单体0个
C.正在进行同源染色体的分离、非同源染色体的自由组合
D.分裂后形成的2个细胞，仅1个具有生殖功能",D,"答案　D
解析　该细胞的细胞质不均等分裂且细胞中无同源染色体，可知该细胞为次级卵母细胞，处于减数分裂Ⅱ后期；该细胞不含同源染色体，有4个DNA分子，不含染色单体；该细胞处于减数分裂Ⅱ后期，所以不会发生同源染色体的分离和非同源染色体的自由组合；该细胞为次级卵母细胞，其特点为着丝粒一分为二，结果是分裂为一个卵细胞和一个极体，其中只有卵细胞具有生殖功能.",1,1,第2章　基因和染色体的关系\第1节　减数分裂和受精作用\第1课时　减数分裂.doc,,,,,,,word补充习题一套_题目答案知识标注.xlsx
210,"4.下列关于减数分裂的叙述，正确的是(　　)
①减数分裂包括两次细胞分裂　②在次级精母细胞中存在同源染色体　③着丝粒在减数分裂Ⅰ后期一分为二　④减数分裂的结果是染色体数减半，核DNA分子数不变　⑤同源染色体分离后进入两个子细胞，导致染色体数目减半　⑥联会后染色体复制，形成四分体　⑦染色体数目减半发生在减数分裂Ⅱ末期","A.①②③ B.④⑤⑥
C.①⑤ D.⑥⑦",C,"答案　C
解析　次级精母细胞中，不存在同源染色体，②错误；着丝粒在减数分裂Ⅱ后期分裂，③错误；减数分裂的结果是染色体数、核DNA数均减半，④错误；染色体在减数分裂前的间期复制，⑥错误；染色体数目减半发生在减数分裂Ⅰ末期，⑦错误.
课后·分层训练
(时间:30分钟)
知识点1　减数分裂的相关概念",1,1,第2章　基因和染色体的关系\第1节　减数分裂和受精作用\第1课时　减数分裂.doc,,,,,,,word补充习题一套_题目答案知识标注.xlsx
211,1.下列关于同源染色体概念的叙述，最合理的是(　　),"A.构成一个四分体的两条染色体
B.分别来自父母双方的两条染色体
C.减数分裂Ⅱ时向两极移动的两条染色体
D.形状、大小相同的两条染色体",A,"答案　A
解析　减数分裂Ⅰ前期同源染色体联会后形成四分体，A正确；分别来自父母双方的两条染色体可能是非同源染色体，B错误；减数分裂Ⅱ时向两极移动的两条染色体由两条姐妹染色单体分开形成的，C错误；形状、大小相同的两条染色体可能是姐妹染色单体分开后的两条染色体，D错误.",1,1,第2章　基因和染色体的关系\第1节　减数分裂和受精作用\第1课时　减数分裂.doc,,,,,,,word补充习题一套_题目答案知识标注.xlsx
212,2.如图所示为处于不同分裂时期的细胞示意图，下列相关叙述不正确的是(　　),"A.a、b、c细胞中都有2条染色体，且都有染色单体
B.a、b、c细胞中都有1对同源染色体
C.c细胞中有1个四分体
D.a细胞中有2个核DNA分子，b、c细胞中均有4个核DNA分子",A,"答案　A
解析　a、b、c细胞中都有2条染色体，其中a细胞不含染色单体，b和c细胞都含有染色单体，A错误；a、b、c细胞中都有1对同源染色体，B正确；四分体是由同源染色体两两配对形成的，因此c细胞中有1个四分体，C正确；a细胞中有2个核DNA分子，b、c细胞中均有4个核DNA分子，D正确.",1,1,第2章　基因和染色体的关系\第1节　减数分裂和受精作用\第1课时　减数分裂.doc,,,,,,,word补充习题一套_题目答案知识标注.xlsx
213,3.如图表示一个四分体的互换过程.则下列叙述正确的是(　　),"A.此过程发生在减数分裂Ⅰ中期同源染色体联会时
B.a和a′属于同源染色体，a和b属于非同源染色体
C.互换发生在同源染色体上的姐妹染色单体之间
D.发生互换的前提是同源染色体配对",D,"答案　D
解析　图示过程表示四分体时期发生的同源染色体的非姐妹染色单体之间的互换，该过程发生在减数分裂Ⅰ前期同源染色体联会时，A错误；a和a′属于姐妹染色单体，a和b是位于同源染色体上的非姐妹染色单体，B错误；互换发生在同源染色体中的非姐妹染色单体之间，C错误；减数分裂Ⅰ前期，同源染色体联会形成四分体，此时同源染色体的非姐妹染色单体之间可能会发生互换，D正确.",1,1,第2章　基因和染色体的关系\第1节　减数分裂和受精作用\第1课时　减数分裂.doc,,,,,,,word补充习题一套_题目答案知识标注.xlsx
214,4.下列关于同源染色体和四分体“一定”的叙述，正确的是(　　),"A.同源染色体在细胞分裂过程中一定能够配对
B.含有四条姐妹染色单体的一定是四分体
C.一个四分体一定是一对同源染色体
D.一对同源染色体一定是一个四分体",C,"答案　C
解析　互为同源染色体的两条染色体只在减数分裂Ⅰ前期发生配对，有丝分裂过程不发生配对，A错误；复制后的两条非同源染色体含有四条姐妹染色单体，但不是四分体，B错误；四分体是由同源染色体联会形成的，一个四分体一定是一对同源染色体，C正确；同源染色体联会后才形成四分体，在有丝分裂过程中同源染色体不发生联会，此时一对同源染色体不是一个四分体，D错误.
知识点2　精子的形成过程",1,1,第2章　基因和染色体的关系\第1节　减数分裂和受精作用\第1课时　减数分裂.doc,,,,,,,word补充习题一套_题目答案知识标注.xlsx
215,5.雄果蝇的某细胞中的着丝粒刚完成分裂，下列有关该细胞的叙述，正确的是 (　　),"A.染色体数目一定是体细胞的两倍
B.可能是初级精母细胞
C.可能含有同源染色体
D.可能含有染色单体",C,"答案　C
解析　雄果蝇的某细胞中的着丝粒刚完成分裂，该细胞可能处于有丝分裂后期或减数分裂Ⅱ后期.若该细胞处于减数分裂Ⅱ后期，则该细胞为次级精母细胞，此时细胞中的染色体数目与体细胞相同；若该细胞处于有丝分裂后期，则该细胞的染色体数目加倍，此时细胞中的染色体数目是体细胞的两倍，A、B两项错误；若该细胞处于有丝分裂后期，则细胞中含有同源染色体，C正确；无论该细胞是处于有丝分裂后期还是减数分裂Ⅱ后期，细胞中都不含染色单体，D错误.",1,1,第2章　基因和染色体的关系\第1节　减数分裂和受精作用\第1课时　减数分裂.doc,,,,,,,word补充习题一套_题目答案知识标注.xlsx
216,6.下列有关减数分裂过程中染色体和DNA分子的叙述，错误的是(　　),"A.次级精母细胞中的核DNA分子数是初级精母细胞中的一半
B.次级精母细胞中染色体的数目均是初级精母细胞中的一半
C.减数分裂过程中染色体数目的减半发生在减数分裂Ⅰ
D.初级精母细胞中的每条染色体上都含有2个DNA分子",B,"答案　B
解析　次级精母细胞中的核DNA分子数是初级精母细胞中的一半，A正确；减数分裂Ⅱ后期，由于着丝粒分裂，染色体数目出现短暂加倍，因此，减数分裂Ⅱ后期的染色体数目与减数分裂Ⅰ时期的相同，B错误；减数分裂过程中染色体数目的减半发生在减数分裂Ⅰ，C正确；初级精母细胞中的每条染色体都含有2条染色单体，每条染色单体上都有一个DNA分子，D正确.",1,1,第2章　基因和染色体的关系\第1节　减数分裂和受精作用\第1课时　减数分裂.doc,,,,,,,word补充习题一套_题目答案知识标注.xlsx
217,7.图①和图②是某高等动物中处于分裂状态的两个细胞.下列有关叙述错误的是(　　),"A.图②子细胞可能会继续发生图①过程变化
B.两个细胞中，染色体数∶核DNA数∶染色单体数的值相同
C.图②细胞处于有丝分裂中期，下一时期每条染色体上DNA数将减半
D.图①与图②上一时期，细胞中均含有2个四分体，4条染色体和8个核DNA分子",D,"答案　D
解析　 图①细胞中同源染色体成对地排列在赤道板两侧，处于减数分裂Ⅰ中期；图②细胞中含有同源染色体，且染色体的着丝粒都排列在赤道板上，处于有丝分裂中期.图②子细胞若为原始生殖细胞则可能继续发生图①过程变化，进行减数分裂形成生殖细胞，A正确；两个细胞中，染色体数∶核DNA数∶染色单体数的值相同，均为1∶2∶2，B正确；图②细胞处于有丝分裂中期，下一时期着丝粒分裂，每条染色体上DNA数将减半，C正确；图①细胞处于减数分裂Ⅰ中期，该细胞上一时期的细胞中含有2个四分体，图②细胞进行的是有丝分裂，不会产生四分体，D错误.
知识点3　卵细胞形成过程与精子形成过程的比较",1,1,第2章　基因和染色体的关系\第1节　减数分裂和受精作用\第1课时　减数分裂.doc,,,,,,,word补充习题一套_题目答案知识标注.xlsx
218,8.下列有关两个细胞分裂图像的说法，正确的是 (　　),"A.①②均是卵细胞形成过程中的细胞
B.①②中均含两对同源染色体
C.①能产生4种类型的生殖细胞
D.②能产生1种类型的生殖细胞",D,"答案　D
解析　由细胞中染色体变化的规律及细胞质的分裂情况可知，细胞①是初级精母细胞，正处于减数分裂Ⅰ后期，含两对同源染色体，其中非同源染色体已完成自由组合，它只能产生2种(4个)生殖细胞(精细胞)，A、C错误；细胞②是次级卵母细胞，正处于减数分裂Ⅱ后期，不含同源染色体，只能产生1种(1个)生殖细胞(卵细胞)，B错误，D正确.",1,1,第2章　基因和染色体的关系\第1节　减数分裂和受精作用\第1课时　减数分裂.doc,,,,,,,word补充习题一套_题目答案知识标注.xlsx
219,9.某卵原细胞的基因型为AABb，此卵原细胞经减数分裂产生的卵细胞为Ab，则其产生的三个极体为(　　),"A.AB、AB、Ab B.Aa、Bb、AB
C.Ab、aB、aB D.AB、aB、ab",A,"答案　A
解析　卵细胞与一个(第二)极体来自同一个次级卵母细胞，基因型相同，则这个(第二)极体的基因型也是Ab，次级卵母细胞的染色体和减数分裂产生的(第一)极体的染色体互补，则这个(第一)极体的基因型是AABB，它经过减数分裂Ⅱ产生的两个极体的基因型是AB，综上所述三个极体的基因型是AB、AB、Ab.",1,1,第2章　基因和染色体的关系\第1节　减数分裂和受精作用\第1课时　减数分裂.doc,,,,,,,word补充习题一套_题目答案知识标注.xlsx
220,10.下列关于精子和卵细胞的形成的叙述，错误的是(　　),"A.精原细胞和卵原细胞经减数分裂产生的子细胞数目相等
B.卵细胞形成过程发生了2次细胞质不均等分裂
C.精细胞需要经过变形形成精子
D.卵细胞含有的四分体数目是卵原细胞的一半",D,"答案　D
解析　精原细胞和卵原细胞经减数分裂均产生4个子细胞；卵细胞形成过程中减数分裂Ⅰ和减数分裂Ⅱ细胞质都不均等分裂；精子成熟过程中需要经过变形；卵细胞和卵原细胞均不含有四分体，D错误.",1,1,第2章　基因和染色体的关系\第1节　减数分裂和受精作用\第1课时　减数分裂.doc,,,,,,,word补充习题一套_题目答案知识标注.xlsx
221,11.下列说法正确的是(　　),"A.减数分裂是一种特殊方式的有丝分裂，同样具有周期性
B.在四分体时期，同源染色体的姐妹染色单体之间可能发生互换
C.在减数分裂Ⅱ中期，染色体的着丝粒整齐排列在细胞板上
D.减数分裂过程中，染色体复制一次，而细胞要连续分裂两次，导致成熟生殖细胞中的染色体数目比原始生殖细胞的减少一半",D,"答案　D
解析　减数分裂是一种特殊方式的有丝分裂，其不具有周期性，A错误；在四分体时期，同源染色体的非姐妹染色单体之间可能发生互换，B错误；在减数分裂Ⅱ中期，染色体的着丝粒整齐排列在赤道板上，C错误；减数分裂过程中，染色体复制一次，而细胞要连续分裂两次，导致成熟生殖细胞中的染色体数目比原始生殖细胞的减少一半，D正确.",1,1,第2章　基因和染色体的关系\第1节　减数分裂和受精作用\第1课时　减数分裂.doc,,,,,,,word补充习题一套_题目答案知识标注.xlsx
222,"12.如图是三个不同时期的细胞分裂图，据图回答:
(1)图A细胞处于________分裂的________期.
(2)图B细胞的名称是________，此细胞分裂后的子细胞含有________条染色体.
(3)图C细胞的名称是________，它分裂产生的子细胞为________.",,(1)减数第一次　前　(2)初级精母细胞　2　(3)次级卵母细胞　卵细胞和第二极体,"答案　(1)减数第一次　前　(2)初级精母细胞　2　(3)次级卵母细胞　卵细胞和第二极体
解析　(1)图A细胞中同源染色体联会形成了2个四分体，处于减数分裂Ⅰ的前期.(2)图B细胞处于减数分裂Ⅰ的后期，由于细胞质均等分裂，应为初级精母细胞.(3)图C细胞处于减数分裂Ⅱ的后期，由于细胞质不均等分裂，应是次级卵母细胞，其分裂产生的子细胞为卵细胞和(第二)极体.",1,1,第2章　基因和染色体的关系\第1节　减数分裂和受精作用\第1课时　减数分裂.doc,,,,,,,word补充习题一套_题目答案知识标注.xlsx
223,"13.下列甲图中曲线表示某雄性生物的细胞分裂过程及配子形成过程中每个细胞内某结构数量的变化；a、b、c、d、e分别表示分裂过程中某几个时期的细胞中染色体示意图.乙图是该生物细胞在分裂过程中每条染色体上DNA含量变化的曲线.请据图回答下列问题:
甲
乙
(1)甲图曲线表示________的数量变化，其中④～⑤段该结构数目变化的原因是___________________________________________________________
_____________________________________________________________.
(2)甲图b细胞分裂产生的子细胞名称为________.
(3)a细胞中有________个四分体，含有________个核DNA分子.
(4)甲图a～e中属于乙图BC段的细胞是________.
(5)甲图a、b、c、d、e细胞中，具有同源染色体的是________.
(6)一个基因型为AaBb的该动物性原细胞，最终产生了一个Ab的子细胞，则跟它同时产生的其他三个子细胞的基因组成为________(不考虑基因突变和互换).",,(1)染色体　减数分裂Ⅱ时着丝粒分裂，姐妹染色单体分开造成染色体数目暂时加倍 　(2)精细胞　(3)2　8　(4)a、c、d　(5)a、d、e　(6)Ab、aB、aB,"答案　(1)染色体　减数分裂Ⅱ时着丝粒分裂，姐妹染色单体分开造成染色体数目暂时加倍 　(2)精细胞　(3)2　8　(4)a、c、d　(5)a、d、e　(6)Ab、aB、aB
解析　(1)甲图中①～③段可表示有丝分裂过程中染色体数量变化，④～⑤段是因为减数分裂Ⅱ时着丝粒分裂，姐妹染色单体分开造成染色体数目暂时加倍.(2)b细胞不含同源染色体，处于减数分裂Ⅱ后期，由于该动物是雄性，所以子细胞是精细胞.(3)a细胞含有同源染色体，且同源染色体两两配对，处于减数分裂Ⅰ前期，从图中看出有2个四分体，共4条染色体，每条染色体上都含姐妹染色单体，所以共有核DNA分子8个.(4)乙图BC段表示每条染色体上有2个DNA分子，所以对应甲图中的a、c、d.(5)对于二倍体生物来说，同源染色体存在于减数分裂Ⅰ全过程和有丝分裂全过程，所以在图中a、d、e都含同源染色体.(6)减数分裂过程中等位基因随着同源染色体的分离而分离，位于非同源染色体上的非等位基因随着非同源染色体的自由组合而自由组合，所以其他三个子细胞的基因型是Ab、aB、aB.",7,7,第2章　基因和染色体的关系\第1节　减数分裂和受精作用\第1课时　减数分裂.doc,,,,,,,word补充习题一套_题目答案知识标注.xlsx
224,[例1] 果蝇的体细胞中含有四对同源染色体(A与a、B与b、C与c、D与d)，在不发生互换的情况下，它的一个初级精母细胞在进行减数分裂后能形成几种类型的精子(　　),"A.2种 B.4种
C.8种 D.16种",A,"答案　A
解析　一个初级精母细胞无论含有多少对同源染色体，在不发生互换的情况下，经减数分裂都只能形成2种类型的精子.",1,1,第2章　基因和染色体的关系\第1节　减数分裂和受精作用\第2课时　有丝分裂与减数分裂的比较及受精作用.doc,,,,,,,word补充习题一套_题目答案知识标注.xlsx
225,[例2] 某动物产生基因型为AB、Ab、aB、ab的4种精子(无互换和基因突变)，这4种精子(　　),"A.可能来自同一个精原细胞
B.可能来自三个精原细胞
C.可能来自两个次级精母细胞
D.可能来自三个次级精母细胞",B,"答案　B
解析　在无互换和基因突变的情况下，一个精原细胞减数分裂只能产生2种精子，因此三个精原细胞减数分裂可产生2、4或6种精子，A错误，B正确；一个次级精母细胞减数分裂只能形成1种精子，则要产生4种精子至少需要四个次级精母细胞，C、D错误.
探究点二　减数分裂与有丝分裂图像的区别",7,7,第2章　基因和染色体的关系\第1节　减数分裂和受精作用\第2课时　有丝分裂与减数分裂的比较及受精作用.doc,,,,,,,word补充习题一套_题目答案知识标注.xlsx
226,[例3] 如图为三个处于分裂期细胞的示意图，下列叙述中正确的是(　　),"A.甲可能是丙的子细胞
B.乙、丙细胞不可能来自同一个体
C.甲、乙、丙三个细胞均含有4对同源染色体
D.甲、乙、丙三个细胞均含有同源染色体",A,"答案　A
解析　甲细胞细胞质均等分裂，可能是次级精母细胞或极体，丙细胞的细胞质均等分裂，属于初级精母细胞，因此，甲可能是丙的子细胞，A正确；精巢和卵巢中的细胞既可以进行减数分裂也可以进行有丝分裂，因此乙、丙两个细胞可能来自同一个体，B错误；甲细胞处于减数分裂Ⅱ的后期，无同源染色体，丙含2对同源染色体，C、D错误.",1,1,第2章　基因和染色体的关系\第1节　减数分裂和受精作用\第2课时　有丝分裂与减数分裂的比较及受精作用.doc,,,,,,,word补充习题一套_题目答案知识标注.xlsx
227,[例4] 下图表示某一高等生物细胞分裂的不同时期，对此认识错误的是(　　),"A.①内有8条染色体，1处若为D基因，2处由于互换则一定为d基因
B.②细胞的中心体在分裂间期复制，②细胞的后一个时期内，可发生基因自由组合
C.③内有8条染色单体，睾丸中有可能同时存在上图所示的四种细胞
D.若④中的a为X染色体，则b不可能是X或Y染色体",A,"答案　A
解析　①细胞进行的是有丝分裂，不会发生互换，A错误；②细胞的中心体在分裂间期复制，该细胞处于减数分裂Ⅰ中期，其后一个时期是减数分裂Ⅰ后期，该时期非同源染色体自由组合，B正确；③内有8条染色单体，图中有些细胞进行的是有丝分裂，有些细胞进行的是减数分裂，只有原始生殖细胞可同时进行有丝分裂和减数分裂，因此睾丸中有可能同时存在上图所示的四种细胞，C正确；④细胞处于减数分裂Ⅱ后期，该细胞不含同源染色体，若其中的a为X染色体，则b不可能是X或Y染色体，D正确.
“三看法”判断细胞分裂的方式及时期
探究点三　细胞分裂过程中相关结构与物质含量的变化",2,2,第2章　基因和染色体的关系\第1节　减数分裂和受精作用\第2课时　有丝分裂与减数分裂的比较及受精作用.doc,,,,,,,word补充习题一套_题目答案知识标注.xlsx
228,[例5] 图甲表示某动物细胞分裂过程中，每条染色体上DNA含量的变化曲线，图乙表示该动物某个细胞分裂的示意图.下列叙述错误的是(　　),"A.图甲表明细胞进行的是减数分裂或有丝分裂
B.图甲CD段的变化是由于着丝粒的分裂
C.图甲BC段细胞内染色体上存在姐妹染色单体
D.据图乙可以确定动物性别一定是雄性，其时期对应在图甲的DE段",D,"答案　D
解析　图甲表示的细胞分裂方式可以为有丝分裂，也可以为减数分裂，A正确；图甲CD段形成的原因是着丝粒分裂，姐妹染色单体分开成为染色体，B正确；BC段表示每条染色体含有2个DNA分子，说明该阶段的染色体上存在姐妹染色单体，C正确；图乙细胞处于减数分裂Ⅰ后期，且细胞质均等分裂，为初级精母细胞，据此可推知该生物的性别为雄性，该时期对应图甲的BC段，D错误.",1,1,第2章　基因和染色体的关系\第1节　减数分裂和受精作用\第2课时　有丝分裂与减数分裂的比较及受精作用.doc,,,,,,,word补充习题一套_题目答案知识标注.xlsx
229,[例6] 如图表示某昆虫体内一个初级卵母细胞在减数分裂不同时期细胞中的染色体、染色单体和核DNA分子数目，下列有关说法错误的是(　　),"A.a、c分别表示染色体和核DNA分子
B.该细胞减数分裂的顺序为Ⅱ→Ⅲ→Ⅰ→Ⅳ
C.该昆虫的正常体细胞中含有4条染色体
D.Ⅳ时期的细胞是次级卵母细胞或极体",D,"答案　D
解析　分析题图可知，a、b、c分别表示染色体、染色单体和核DNA分子，A正确；Ⅰ表示减数分裂Ⅱ后期，Ⅱ表示减数分裂Ⅰ，Ⅲ表示减数分裂Ⅱ前期、中期，Ⅳ表示减数分裂所得的子细胞，该细胞减数分裂的顺序为Ⅱ→Ⅲ→Ⅰ→Ⅳ，B正确；据图可知，该昆虫的正常体细胞中含有4条染色体，C正确；Ⅳ时期的细胞是卵细胞或第二极体，D错误.
减数分裂过程中引发相关物质含量变化的四大原因
思维导图
晨读必背",1,1,第2章　基因和染色体的关系\第1节　减数分裂和受精作用\第2课时　有丝分裂与减数分裂的比较及受精作用.doc,,,,,,,word补充习题一套_题目答案知识标注.xlsx
230,1.有性生殖的出现增强了生物适应复杂多变的自然环境的能力，产生了表型不同的个体，形成了生物的多样性.下列分析错误的是(　　),"A.减数分裂过程中非同源染色体的组合具有多样性
B.同源染色体联会时的互换导致配子的多样性
C.受精卵的遗传物质一半来自精子，一半来自卵细胞
D.减数分裂和受精作用使生物体前后代染色体数目维持恒定",C,"答案　C
解析　减数分裂时同源染色体分离，非同源染色体的自由组合，会导致配子中染色体的组合具有多样性，A正确；减数分裂时同源染色体的非姐妹染色单体之间的互换，会导致配子中染色体的组合具有多样性，B正确；受精卵细胞核中的遗传物质一半来自精子，一半来自卵细胞，细胞质中的遗传物质几乎都来自卵细胞，C错误；减数分裂和受精作用使生物体前后代染色体数目维持恒定，D正确.",3,3,第2章　基因和染色体的关系\第1节　减数分裂和受精作用\第2课时　有丝分裂与减数分裂的比较及受精作用.doc,,,,,,,word补充习题一套_题目答案知识标注.xlsx
231,2.如图是某植物细胞在分裂相关过程中每条染色体上的DNA含量变化曲线，下列有关叙述正确的是(　　),"A.若该细胞进行有丝分裂，则AB段的染色体数目加倍
B.若该细胞进行有丝分裂，则DE段细胞内没有同源染色体
C.若该细胞进行减数分裂，则BC段细胞内均含有染色单体
D.若该细胞进行减数分裂，则CD段发生在减数分裂Ⅰ后期",C,"答案　C
解析　题图既可表示有丝分裂，也可表示减数分裂，其中CD段表示着丝粒分裂，姐妹染色单体分开成为染色体.若该细胞进行有丝分裂，则AB段处于分裂间期，染色体复制，但染色体数目不变，A错误；若该细胞进行有丝分裂，则DE段细胞内含有同源染色体，B错误；若该细胞进行减数分裂，则BC段表示减数分裂Ⅰ和减数分裂Ⅱ的前期与中期，BC段细胞内均含有染色单体，C正确；若该细胞进行减数分裂，则CD段着丝粒分裂发生在减数分裂Ⅱ后期，D错误.",1,1,第2章　基因和染色体的关系\第1节　减数分裂和受精作用\第2课时　有丝分裂与减数分裂的比较及受精作用.doc,,,,,,,word补充习题一套_题目答案知识标注.xlsx
232,3.人的下列各组细胞中，肯定都有Y染色体的是(　　),"A.受精卵和次级精母细胞
B.受精卵和初级精母细胞
C.初级精母细胞和精原细胞
D.精子和初级精母细胞",C,"答案　C
解析　受精卵和次级精母细胞含有Y染色体的概率均是1/2，A错误，B错误；初级精母细胞和精原细胞一定含有Y染色体，C正确；精子含有Y染色体的概率是1/2，D错误.",2,2,第2章　基因和染色体的关系\第1节　减数分裂和受精作用\第2课时　有丝分裂与减数分裂的比较及受精作用.doc,,,,,,,word补充习题一套_题目答案知识标注.xlsx
233,4.如图为某哺乳动物某个器官中的4个细胞，下列有关叙述错误的是(　　),"A.此动物为雌性，该器官为卵巢
B.②处于有丝分裂后期，有8条染色体
C.该动物正常体细胞的染色体数目为4条
D.④是卵细胞或极体，因为不含同源染色体",D,"答案　D
解析　分析题图可知，③处于减数分裂Ⅰ后期，且细胞质不均等分裂，因此该细胞为初级卵母细胞，故此动物为雌性，该器官为卵巢，A正确；②中有同源染色体，着丝粒已分裂，处于有丝分裂后期，有8条染色体，则该动物正常体细胞有4条染色体，B、C正确；④处于减数分裂Ⅱ中期，由于该动物为雌性，因此④为次级卵母细胞或(第一)极体，D错误.
课后·分层训练
(时间:30分钟)
知识点1　配子中染色体组合的多样性",1,1,第2章　基因和染色体的关系\第1节　减数分裂和受精作用\第2课时　有丝分裂与减数分裂的比较及受精作用.doc,,,,,,,word补充习题一套_题目答案知识标注.xlsx
234,1.如图是部分同学在“建立减数分裂中染色体变化的模型”实验中制作的细胞分裂的模型，其中错误的是(　　),,C,"答案　C
解析　减数分裂Ⅰ后期，同源染色体分离，非同源染色体自由组合，A正确；减数分裂Ⅰ中期，同源染色体成对地排列在赤道板两侧，B正确、C错误；减数分裂Ⅱ后期，细胞中不含同源染色体，且着丝粒分裂，两条姐妹染色单体分开，成为两条染色体并在纺锤丝的牵引下移向细胞两极，D正确.",1,1,第2章　基因和染色体的关系\第1节　减数分裂和受精作用\第2课时　有丝分裂与减数分裂的比较及受精作用.doc,,,,,,,word补充习题一套_题目答案知识标注.xlsx
235,2.在“建立减数分裂中染色体变化的模型”实验中，某同学制作了如图所示模型.他模拟的时期是(　　),"A.减数分裂前的间期
B.减数分裂Ⅱ中期
C.减数分裂Ⅰ后期
D.减数分裂Ⅱ后期",C,"答案　C
解析　减数分裂前的间期有核膜和核仁，没有染色体和纺锤体，A错误；减数分裂Ⅱ中期没有同源染色体，染色体的着丝粒排列在赤道板上，B错误；减数分裂Ⅰ后期同源染色体分离，非同源染色体自由组合，C正确；减数分裂Ⅱ后期不存在同源染色体，且为着丝粒分裂，姐妹染色单体分离，D错误.",1,1,第2章　基因和染色体的关系\第1节　减数分裂和受精作用\第2课时　有丝分裂与减数分裂的比较及受精作用.doc,,,,,,,word补充习题一套_题目答案知识标注.xlsx
236,"3.下列选项中，属于形成配子多样性原因的一组是(　　)
①同源染色体的非姐妹染色单体间的互换　②同源染色体联会　③着丝粒分裂，姐妹染色单体分开　④非同源染色体随机组合","A.①② B.③④
C.①④ D.②③",C,"答案　C
解析　在减数分裂Ⅰ前期，同源染色体的非姐妹染色单体间可发生互换，以及在减数分裂Ⅰ后期，同源染色体分离、非同源染色体自由组合，可导致形成配子多样性.
知识点2　受精作用",1,1,第2章　基因和染色体的关系\第1节　减数分裂和受精作用\第2课时　有丝分裂与减数分裂的比较及受精作用.doc,,,,,,,word补充习题一套_题目答案知识标注.xlsx
237,4.下列关于受精作用和受精卵的叙述，错误的是(　　),"A.受精时精子和卵细胞相互识别与糖蛋白有关
B.精子与卵细胞的细胞核相互融合标志着受精完成
C.是否受精不影响卵细胞的细胞呼吸与物质合成效率
D.受精卵中核遗传物质一半来自父方，一半来自母方",C,"答案　C
解析　精子与卵细胞之间的相互识别离不开细胞膜外侧的糖蛋白，A正确；精子与卵细胞的细胞核融合完成标志着受精作用完成，B正确；受精前卵细胞的呼吸和物质合成效率较低，受精后卵细胞呼吸与物质合成效率升高，C错误；受精卵中核遗传物质一半来自父方，一半来自母方，D正确.",3,3,第2章　基因和染色体的关系\第1节　减数分裂和受精作用\第2课时　有丝分裂与减数分裂的比较及受精作用.doc,,,,,,,word补充习题一套_题目答案知识标注.xlsx
238,5.下列关于高等动物的卵细胞、精子以及受精作用的描述，正确的是(　　),"A.进入卵细胞并与之融合的精子几乎不携带细胞质
B.卵细胞、精子彼此结合的机会相等，因为它们的数量相等
C.等位基因进入卵细胞的机会并不相等，因为一次减数分裂只形成一个卵细胞
D.精、卵的随机结合与有性生殖后代的多样性无关",A,"答案　A
解析　精子只有头部进入卵细胞，因此进入卵细胞并与之融合的精子几乎不携带细胞质，A正确；一般来说，精子的数目远远多于卵细胞，B错误；减数分裂Ⅰ后期，等位基因随着同源染色体的分开而分离，并随机移向两极，因此等位基因进入卵细胞的机会相等，C错误；精、卵的随机结合是有性生殖后代具有多样性的原因之一，D错误.
知识点3　有丝分裂和减数分裂的比较",1,1,第2章　基因和染色体的关系\第1节　减数分裂和受精作用\第2课时　有丝分裂与减数分裂的比较及受精作用.doc,,,,,,,word补充习题一套_题目答案知识标注.xlsx
239,6.若细胞分裂过程中一条染色体上DNA含量的变化情况如图所示，有关图示信息的叙述中，不正确的是(　　),"A.A→B表示DNA复制
B.B→C可能包含减数分裂Ⅱ的时期
C.C→D表示染色体的着丝粒分裂
D.D→E细胞中的染色体数目是体细胞中的2倍",D,"答案　D
解析　题图中A→B，DNA的含量加倍，表示DNA复制，A正确；减数分裂Ⅱ前、中期着丝粒还未分裂，1条染色体仍然含有两条姐妹染色单体、2个DNA分子，B正确，C→D段，每条染色体上的DNA数目由2变为1，这是由于着丝粒分裂，形成了子染色体，C正确；D→E段若为减数分裂Ⅱ后期，则细胞中的染色体数目与体细胞中的染色体数目相同，D错误.",4,4,第2章　基因和染色体的关系\第1节　减数分裂和受精作用\第2课时　有丝分裂与减数分裂的比较及受精作用.doc,,,,,,,word补充习题一套_题目答案知识标注.xlsx
240,7.如图表示细胞分裂过程中染色体、核DNA变化相对值.下列有关a～c段(不含a、c点)的叙述正确的是(　　),"A.细胞中始终存在染色单体
B.细胞中始终存在同源染色体
C.细胞中染色体和核DNA数之比由1∶2变为1∶1
D.此时期表示初级性母细胞",A,"答案　A
解析　据图可知，图中虚线数目加倍一次，但连续减半两次，因此该虚线应表示减数分裂过程中核DNA的变化相对值，实线表示染色体的变化相对值，其中O～a表示减数分裂前的间期，b为减数分裂Ⅰ末期，同源染色体彼此分离进入两个子细胞中，b～c段处于次级性母细胞阶段，无同源染色体，c点为染色单体彼此分离形成子染色体的过程.a～c段(不含a、c点)细胞中始终存在染色单体，并且染色体和核DNA数之比一直为1∶2.",1,1,第2章　基因和染色体的关系\第1节　减数分裂和受精作用\第2课时　有丝分裂与减数分裂的比较及受精作用.doc,,,,,,,word补充习题一套_题目答案知识标注.xlsx
241,8.下图中甲、乙、丙、丁分别表示某哺乳动物细胞(2N)进行减数分裂的不同时期，其中a表示细胞数目.请判断b、c、d依次代表(　　),"A.核DNA分子数、染色体数、染色单体数
B.染色体数、核DNA分子数、染色单体数
C.核DNA分子数、染色单体数、染色体数
D.染色单体数、染色体数、核DNA分子数",A,"答案　A
解析　据图分析，甲、丁中d的数量为零，细胞进行减数分裂过程中只有染色单体的数目有可能为零，因此，d为染色单体数，可排除C、D选项.图乙、丙中的b为c的两倍，在细胞的减数分裂过程中，核DNA分子数有可能为染色体数的两倍，反之不成立，因此b应为核DNA分子数，c应为染色体数.",1,1,第2章　基因和染色体的关系\第1节　减数分裂和受精作用\第2课时　有丝分裂与减数分裂的比较及受精作用.doc,,,,,,,word补充习题一套_题目答案知识标注.xlsx
242,9.如图是甲、乙两种雄性高等动物的细胞分裂模式图，下列相关判断正确的是(　　),"A.甲、乙动物正常体细胞中的染色体数目分别是3个、4个
B.甲动物体细胞中没有同源染色体，乙动物体细胞中有同源染色体
C.图示两种细胞中染色单体数和核DNA分子数之比均为1∶1
D.图示两种细胞都能在各自的精巢中找到",D,"答案　D
解析　甲细胞有3条染色体，处于减数分裂Ⅱ中期，则其体细胞有6条染色体，乙细胞有8条染色体，处于有丝分裂后期，所以其体细胞有4条染色体，A错误；甲、乙动物体细胞中都有同源染色体，B错误；甲细胞染色单体数和核DNA分子数之比为1∶1，乙细胞核中无染色单体，C错误；精巢中的精原细胞既能进行有丝分裂，也能进行减数分裂，D正确.",1,1,第2章　基因和染色体的关系\第1节　减数分裂和受精作用\第2课时　有丝分裂与减数分裂的比较及受精作用.doc,,,,,,,word补充习题一套_题目答案知识标注.xlsx
243,10.如图为某种高等动物的细胞分裂示意图.下列叙述正确的是(　　),"A.图甲一定为次级精母细胞
B.图乙一定为初级卵母细胞
C.图丙为次级卵母细胞或极体
D.图丙中的M、m为一对同源染色体",B,"答案　B
解析　分析题图可知，图甲细胞处于减数分裂Ⅱ后期，其细胞质均等分裂，可能为次级精母细胞或极体，A错误；图乙细胞处于减数分裂Ⅰ后期，其细胞质不均等分裂，应是初级卵母细胞，B正确；图丙细胞处于减数分裂Ⅱ后期，其细胞质不均等分裂，应为次级卵母细胞，不可能为极体，C错误；图丙细胞中的M、m不是同源染色体，而是姐妹染色单体分开后形成的两条染色体，D错误.",1,1,第2章　基因和染色体的关系\第1节　减数分裂和受精作用\第2课时　有丝分裂与减数分裂的比较及受精作用.doc,,,,,,,word补充习题一套_题目答案知识标注.xlsx
244,11.下图是某种动物细胞分裂过程中染色体数目变化情况，下列相关叙述正确的是(　　),"A.图中显示了减数分裂、有丝分裂和受精作用过程
B.C～H、I～M段可分别表示一个细胞周期
C.A～I段表示减数分裂
D.E～F段发生了同源染色体的分离",A,"答案　A
解析　依据曲线所表示染色体数目变化可知，A～H段表示减数分裂，H～I段表示受精作用，I～M段表示有丝分裂；C～H段为减数分裂Ⅱ，进行减数分裂的细胞不具有细胞周期；E～F段可表示减数分裂Ⅱ后期，细胞中着丝粒分裂，两条姐妹染色单体分离形成两条染色体；同源染色体分离发生在减数分裂Ⅰ后期，即A～B段.",1,1,第2章　基因和染色体的关系\第1节　减数分裂和受精作用\第2课时　有丝分裂与减数分裂的比较及受精作用.doc,,,,,,,word补充习题一套_题目答案知识标注.xlsx
245,"12.如图1是某学习小组观察某动物睾丸中的部分细胞减数分裂而绘制的图像，图2是该小组根据减数分裂相关过程中细胞核DNA含量绘制的细胞数量图.请回答下列有关问题:
图1
图2
(1)图1中细胞①处于________ 期，细胞③中染色体行为变化的特点是__________________________________________________________________
_____________________________________________________________.
(2)图2缺少一组细胞核DNA相对含量为________的柱状图，该组对应于图1中细胞________的子细胞.
(3)图2中乙组细胞的核DNA相对含量介于2C到4C之间，说明这些细胞正在进行________.
(4)图1中的细胞②和细胞③分别对应图2中的________组.",,(1)减数分裂Ⅰ前　同源染色体分离，非同源染色体自由组合　(2)C　②　(3)DNA复制　(4)甲和丙,"答案　(1)减数分裂Ⅰ前　同源染色体分离，非同源染色体自由组合　(2)C　②　(3)DNA复制　(4)甲和丙
解析　(1)依据细胞中染色体的位置、数量和行为，可判定图1中细胞①处于减数分裂Ⅰ前期，细胞③处于减数分裂Ⅰ后期，其染色体行为变化的特点是同源染色体分离，非同源染色体自由组合.(2)假设精原细胞的核DNA相对含量为2C，经间期复制后初级精母细胞的核DNA相对含量为4C，次级精母细胞的核DNA相对含量为2C，精细胞的核DNA相对含量为C.图1中细胞②为次级精母细胞，其子细胞为精细胞，核DNA相对含量为C，推测图2缺少一组细胞核DNA相对含量为C的柱状图.(3)图2中乙组细胞的核DNA相对含量介于2C到4C之间，说明这些细胞正在进行DNA复制.(4)图1中的细胞②和细胞③的核DNA相对含量为2C和4C，因此分别对应图2中的甲组和丙组.",1,1,第2章　基因和染色体的关系\第1节　减数分裂和受精作用\第2课时　有丝分裂与减数分裂的比较及受精作用.doc,,,,,,,word补充习题一套_题目答案知识标注.xlsx
246,"13.细胞分裂是生物体一项重要的生命活动，是生物体生长、发育、繁殖和遗传的基础.根据下图回答相关问题:
(1)若植株的一个体细胞正在进行分裂(如图①)，此细胞的下一个时期染色体的主要行为特点是____________________________________________________
______________________________________________________.
(2)假设某高等雄性动物睾丸里的一个细胞正在分裂，其基因A、a、B、b分布如图②，此细胞该次分裂产生基因组成为AB的精子(不考虑互换)的概率是________.
(3)图③是某高等雌性动物体内的一个细胞，它的名称是________，在分裂形成此细胞的过程中，细胞内可形成________个四分体.
(4)图②对应于图④中的________段，图③对应于图④中的________段.
(5)图④中AB段形成的原因是___________________________________________________________，
CD段形成的原因是__________________________________，
_________________________________________________________.",,(1)染色体的着丝粒分裂，姐妹染色单体分开，分别移向细胞两极　(2)0　(3)卵细胞或(第二)极体　3　(4)BC　DE　(5)染色体复制(或DNA复制)　着丝粒分裂,"答案　(1)染色体的着丝粒分裂，姐妹染色单体分开，分别移向细胞两极　(2)0　(3)卵细胞或(第二)极体　3　(4)BC　DE　(5)染色体复制(或DNA复制)　着丝粒分裂
解析　(1)图①所示细胞不含同源染色体，处于减数分裂Ⅱ中期，其下一个时期是减数分裂Ⅱ后期，此时染色体的主要行为特点是着丝粒分裂，姐妹染色单体分开成为染色体，分别移向细胞两极.(2)图②所示细胞进行的是有丝分裂，其分裂形成的子细胞是体细胞，不是生殖细胞.(3)图③所示细胞为减数分裂Ⅱ结束形成的子细胞，在雌性动物体内称为卵细胞或(第二)极体；该细胞含有3条染色体，因此在分裂形成此细胞的过程中，细胞内可形成3个四分体.(4)图②所示细胞中每条染色体含有2个DNA分子，对应于图④中的BC段；图③所示细胞中每条染色体含有1个DNA分子，对应于图④中的DE段.(5)图④中AB段形成的原因是染色体(DNA)复制，使每条染色体上含2个DNA分子；CD段形成的原因是着丝粒分裂，每条染色体上只含1个DNA分子.",1,1,第2章　基因和染色体的关系\第1节　减数分裂和受精作用\第2课时　有丝分裂与减数分裂的比较及受精作用.doc,,,,,,,word补充习题一套_题目答案知识标注.xlsx
247,[例1] 红眼雌果蝇与白眼雄果蝇交配，子代雌、雄果蝇都表现红眼，这些雌雄果蝇交配产生的后代中，红眼雄果蝇占1/4，白眼雄果蝇占1/4，红眼雌果蝇占1/2.下列相关叙述错误的是(　　),"A.红眼对白眼是显性
B.眼色遗传符合分离定律
C.眼色和性别表现自由组合
D.红眼和白眼基因位于X染色体上",C,"答案　C
解析　非同源染色体上的非等位基因自由组合，眼色与性别基因均位于性染色体上，不表现自由组合.",2,2,第2章　基因和染色体的关系\第2节　基因在染色体上.doc,,,,,,,word补充习题一套_题目答案知识标注.xlsx
248,[例2] 在摩尔根所做的野生型果蝇与白眼突变体杂交实验中，最早能够判断白眼基因位于X染色体上的最关键的实验结果是(　　),"A.白眼突变体与野生型杂交，F1全部表现为野生型，雌雄比例为1∶1
B.F1相互交配，后代出现性状分离，白眼全部是雄性
C.F1雌性与白眼雄性杂交，后代出现白眼，且雌雄比例为1∶1
D.白眼雌性与野生型雄性杂交，后代白眼全部为雄性，野生型全部为雌性",B,"答案　B
解析　A项能说明野生型相对于突变型是显性，但不能判断白眼基因位于X染色体上，与题意不符；B项能说明这一对性状的遗传与性别有关，即控制该性状的基因位于X染色体上，且这是在摩尔根果蝇杂交实验中最早出现的实验现象，与题意相符；C项属于测交实验，不能说明白眼基因位于X染色体上，与题意不符；D项能说明控制该性状的基因位于X染色体上，但这是在摩尔根利用测交实验验证假说中出现的，不是最早说明白眼基因位于X染色体上的实验结果，与题意不符.
探究点二　孟德尔遗传规律的现代解释
如图是某生物细胞内染色体和基因的分布图，①和②、③和④是两对同源染色体.
(1)图中属于等位基因、非等位基因的分别有哪些？
提示　等位基因有A与a、B与b、C与c，非等位基因有A(或a)和C(或c)、B(或b)和C(或c)、A(或a)和B(或b).
(2)图中所示非等位基因中，能自由组合的是哪些？
提示　非同源染色体上的非等位基因能自由组合，即A(或a)和C(或c)、B(或b)和C(或c).
(3)不考虑同源染色体非姐妹染色单体间的互换，写出该生物所产生配子的基因组成及比例.
提示　ABC∶ABc∶abC∶abc＝1∶1∶1∶1.
(4)减数分裂哪一时期可体现孟德尔遗传规律的实质？
提示　减数分裂Ⅰ后期.同源染色体分离的同时等位基因分离，非同源染色体自由组合的同时，非同源染色体上的非等位基因自由组合.",2,2,第2章　基因和染色体的关系\第2节　基因在染色体上.doc,,,,,,,word补充习题一套_题目答案知识标注.xlsx
249,[例3] 下列关于基因自由组合定律的适用范围的叙述，正确的是(　　),"A.适用于真核生物和原核生物，不适用于病毒
B.适用于真核生物的所有基因之间
C.适用于分别位于不同对常染色体上基因的遗传
D.适用于X染色体和Y染色体上的基因的遗传",C,"答案　C
解析　基因分离定律和自由组合定律适用于进行有性生殖的真核生物的核基因，A错误；基因自由组合定律适用于非同源染色体
上的非等位基因，B错误；不同对常染色体上的基因是位于非同源染色体上的非等位基因，因此遵循自由组合定律，C正确；X染色体和Y染色体属于同源染色体，不遵循基因的自由组合定律，D错误.",2,2,第2章　基因和染色体的关系\第2节　基因在染色体上.doc,,,,,,,word补充习题一套_题目答案知识标注.xlsx
250,[例4] 如图为某生物细胞，A和a、b和b、D和d表示染色体上的基因，下列不符合孟德尔遗传规律的现代解释的叙述是(　　),"A.A和a就是孟德尔所说的一对遗传因子
B.A(a)和D(d)就是孟德尔所说的不同对的遗传因子
C.A和a、D和d随同源染色体分离发生在减数分裂Ⅰ
D.A和a、b和b在减数分裂Ⅰ时自由组合",D,"答案　D
解析　A和a是一对等位基因，就是孟德尔所说的一对遗传因子，A项符合孟德尔遗传规律的现代解释；A(a)和D(d)分别位于两对同源染色体上，也就是孟德尔所说的不同对的遗传因子，B项符合孟德尔遗传规律的现代解释；A和a、D和d随同源染色体分离发生在减数分裂Ⅰ后期，C项符合孟德尔遗传规律的现代解释；A和a、b和b位于同一对同源染色体上，所以在减数分裂Ⅰ时不能自由组合，D项不符合孟德尔遗传规律的现代解释.
思维导图
晨读必背",10,10,第2章　基因和染色体的关系\第2节　基因在染色体上.doc,,,,,,,word补充习题一套_题目答案知识标注.xlsx
251,1.下列相关叙述错误的是 (　　),"A.萨顿提出了基因位于染色体上的假说
B.萨顿发现了基因与染色体行为的平行关系
C.萨顿证明了果蝇的白眼基因位于性染色体上
D.萨顿假说的提出并没有科学的实验依据作为支撑",C,"答案　C
解析　萨顿提出了“基因在染色体上”的假说，该假说的提出在当时并没有科学的实验依据作为支撑.",2,2,第2章　基因和染色体的关系\第2节　基因在染色体上.doc,,,,,,,word补充习题一套_题目答案知识标注.xlsx
252,2.如图表示果蝇的一个细胞，其中数字表示染色体，字母表示基因.下列叙述正确的是(　　),"A.从染色体情况上看，该果蝇只能形成一种配子
B.e基因控制的性状在雌雄个体中出现的概率相等
C.形成配子时，基因A、a与B、b间自由组合
D.只考虑3、4与7、8两对染色体时，该个体能形成四种配子，并且配子数量相等",D,"答案　D
解析　由图可知，该果蝇为雄性个体，图中7为X染色体，8为Y染色体，从染色体情况看，它能形成两种配子，A错误；e位于X染色体上，Y染色体上没有它的等位基因，所以e基因控制的性状，在雄性个体中出现的概率高于在雌性个体中出现的概率，B错误；A、a与B、b位于同一对同源染色体上，减数分裂形成配子时，A、B进入一个配子，a、b进入另一个配子，它们连锁在一起，因此，A、a与B、b之间不能自由组合，C错误；只考虑3、4与7、8两对同源染色体时，该果蝇基因型可写成DdXeY，可产生DXe、dXe、DY、dY四种配子，且数量相等，D正确.",10,10,第2章　基因和染色体的关系\第2节　基因在染色体上.doc,,,,,,,word补充习题一套_题目答案知识标注.xlsx
253,3.下列关于孟德尔遗传规律现代解释的叙述错误的是(　　),"A.同源染色体上的等位基因具有一定的独立性
B.非同源染色体上的非等位基因的分离或组合是互不干扰的
C.同源染色体上的等位基因分离，非等位基因自由组合
D.基因分离与自由组合定律发生在减数分裂过程中",C,"答案　C
解析　基因分离定律的现代解释认为在杂合子的细胞中，位于一对同源染色体上的等位基因，具有一定的独立性，A正确；基因自由组合定律的现代解释认为非同源染色体上的非等位基因的分离和组合是互不干扰的，B正确；基因自由组合定律的现代解释认为在减数分裂过程中，同源染色体上的等位基因彼此分离的同时，非同源染色体上的非等位基因自由组合，C错误；基因分离与自由组合定律都发生在减数分裂过程中，D正确.",10,10,第2章　基因和染色体的关系\第2节　基因在染色体上.doc,,,,,,,word补充习题一套_题目答案知识标注.xlsx
254,4.摩尔根研究果蝇的眼色遗传实验过程如图所示.下列相关叙述错误的是(　　),"A.果蝇的眼色遗传遵循基因的分离定律
B.摩尔根的果蝇杂交实验和孟德尔的豌豆杂交实验一样，都采用了假说—演绎法
C.摩尔根所作的假设是控制白眼的基因只位于X染色体上，亲本中白眼雄果蝇的基因型是XwY
D.F2中红眼雌果蝇的基因型只有XWXW",D,"答案　D
解析　F2中，红眼和白眼的比例为3∶1，说明果蝇的眼色遗传遵循基因的分离定律，A正确；摩尔根的果蝇杂交实验和孟德尔的豌豆杂交实验一样，都采用了假说—演绎法，B正确；摩尔根所作的假设是控制白眼的基因位于X染色体上，Y染色体上不含有它的等位基因，亲本中白眼雄果蝇的基因型是XwY，C正确；F2中红眼雌果蝇的基因型有XWXW和XWXw，D错误.
课后·分层训练
(时间:30分钟)
知识点1　萨顿的假说",2,2,第2章　基因和染色体的关系\第2节　基因在染色体上.doc,,,,,,,word补充习题一套_题目答案知识标注.xlsx
255,1.基因和染色体的行为存在着明显的平行关系.下列哪项不能成为这一判断的依据(　　),"A.在减数分裂过程中，非同源染色体上的非等位基因与非同源染色体都会发生自由组合
B.在体细胞中，基因和染色体都是成对存在的
C.成对的基因和同源染色体都是一个来自父方，一个来自母方
D.基因有完整性和独立性，但染色体的结构会发生变化，从染色体转变成染色质",D,"答案　D
解析　在减数分裂过程中，非同源染色体上的非等位基因与非同源染色体都会发生自由组合，这说明基因和染色体的行为存在着明显的平行关系，A不符合题意；在体细胞中，基因和染色体都是成对存在的，这说明基因和染色体的行为存在着明显的平行关系，B不符合题意；成对的基因和同源染色体都是一个来自父方，一个来自母方，这说明基因和染色体的行为存在着明显的平行关系，C不符合题意；基因有完整性和独立性，染色体具有相对稳定的形态结构，从染色体变成染色质是在形态上的改变，物质组成不变，这不能体现基因与染色体的行为存在平行关系，D符合题意.",10,10,第2章　基因和染色体的关系\第2节　基因在染色体上.doc,,,,,,,word补充习题一套_题目答案知识标注.xlsx
256,2.下图表示孟德尔一对相对性状的杂交实验(图中染色体上的横线表示基因的位置)，图示不能说明(　　),"A.染色体是基因的主要载体
B.基因是由染色体携带着从亲代传递给子代
C.基因在杂交过程中保持完整性和独立性
D.减数分裂过程中，等位基因会随着同源染色体的分开而分离",A,"答案　A
解析　该图表示了染色体上的基因在亲代和子代之间的传递情况，但不能说明染色体是基因的主要载体，A符合题意.
知识点2　基因位于染色体上的实验证据",10,10,第2章　基因和染色体的关系\第2节　基因在染色体上.doc,,,,,,,word补充习题一套_题目答案知识标注.xlsx
257,3.控制果蝇眼色的基因位于X染色体上，红眼对白眼为显性.在下列杂交组合中，通过眼色即可直接判断子代果蝇性别的一组是(　　),"A.杂合红眼雌果蝇×红眼雄果蝇
B.白眼雌果蝇×红眼雄果蝇
C.杂合红眼雌果蝇×白眼雄果蝇
D.白眼雌果蝇×白眼雄果蝇",B,"答案　B
解析　假设控制果蝇眼色的相关基因用W和w表示，则杂合红眼雌果蝇(XWXw)与红眼雄果蝇(XWY)交配，子代雌果蝇均为红眼(XWXW、XWXw)，雄果蝇中红眼(XWY)和白眼(XwY)均有，A不符合题意；白眼雌果蝇(XwXw)与红眼雄果蝇(XWY)交配，子代中雌果蝇均为红眼(XWXw)，雄果蝇均为白眼(XwY)，B符合题意；杂合红眼雌果蝇(XWXw)与白眼雄果蝇(XwY)交配，子代雌果蝇中红眼(XWXw)与白眼(XwXw)均有，雄果蝇中红眼(XWY)和白眼(XwY)均有，C不符合题意；白眼雌果蝇(XwXw)与白眼雄果蝇(XwY)交配，子代中雌果蝇(XwXw)与雄果蝇(XwY)均为白眼，D不符合题意.",2,2,第2章　基因和染色体的关系\第2节　基因在染色体上.doc,,,,,,,word补充习题一套_题目答案知识标注.xlsx
258,4.下列关于果蝇的叙述，错误的是(　　),"A.体细胞中有4对同源染色体，3对常染色体，1对性染色体
B.白眼雄果蝇的白眼基因位于X染色体上，Y染色体上无等位基因
C.白眼雄果蝇产生的配子中一半含白眼基因，一半不含白眼基因
D.白眼雌果蝇与红眼雄果蝇杂交，后代全部表现为红眼",D,"答案　D
解析　白眼雌果蝇(XwXw)产生的配子只有Xw一种，红眼雄果蝇(XWY)产生的配子有XW和Y两种，雌雄配子随机结合，产生的雌果蝇全为红眼(XWXw)，雄果蝇全为白眼(XwY)，D错误.",2,2,第2章　基因和染色体的关系\第2节　基因在染色体上.doc,,,,,,,word补充习题一套_题目答案知识标注.xlsx
259,5.摩尔根的果蝇杂交实验成为“基因在染色体上的实验证据”的经典.下列实验中，验证摩尔根对实验中遗传现象的解释正确的是(　　),"A.白眼雌×红眼雄→红眼雌∶白眼雄＝1∶1
B.红眼雌×白眼雄→红眼雌∶红眼雄＝1∶1
C.红眼雌×红眼雄→红眼雌∶红眼雌∶红眼雄∶白眼雄＝1∶1∶1∶1
D.A、B、C都不是",A,"答案　A
解析　验证摩尔根对遗传现象的解释应选用测交的实验，白眼雌(XwXw)×红眼雄(XWY)→红眼雌(XWXw)∶白眼雄(XwY)＝1∶1，由此可见，后代中雌雄的表型不同，并且能够根据后代的表型及比例确定控制眼色的基因位于X染色体上，A正确.
知识点3　孟德尔遗传规律的现代解释",10,10,第2章　基因和染色体的关系\第2节　基因在染色体上.doc,,,,,,,word补充习题一套_题目答案知识标注.xlsx
260,6.下列关于基因和染色体在减数分裂过程中行为变化的叙述，错误的是(　　),"A.非同源染色体数量越多，非等位基因组合的种类也越多
B.同源染色体分离时，等位基因也随之分离
C.染色单体分开时，复制而来的两个基因也随之分开
D.非同源染色体自由组合，使所有非等位基因也自由组合",D,"答案　D
解析　减数分裂Ⅰ后期，非同源染色体上的非等位基因自由组合，因此非同源染色体数量越多，非等位基因组合的种类也越多，A正确；等位基因位于同源染色体的相同位置上，因此同源染色体分离时，等位基因也随之分离，B正确；复制而来的两个基因存在于姐妹染色单体上，所以染色单体分开时，复制而来的两个基因也随之分开，C正确；非同源染色体自由组合，使非同源染色体上的非等位基因也自由组合，但同源染色体上的非等位基因不能自由组合，D错误.",10,10,第2章　基因和染色体的关系\第2节　基因在染色体上.doc,,,,,,,word补充习题一套_题目答案知识标注.xlsx
261,7.果蝇某条染色体上部分基因的分布如图所示，下列说法错误的是(　　),"A.图中控制朱红眼和深红眼的基因属于等位基因
B.第一次证明了基因位于染色体上的是摩尔根
C.由图可知，基因在染色体上并不连续分布
D.一般来说，该染色体上的所有基因在果蝇其他细胞中也有，但不一定都能表达",A,"答案　A
解析　题图中控制朱红眼和深红眼的基因位于同一条染色体上，为非等位基因，A错误；摩尔根通过果蝇杂交实验，第一次证明了基因位于染色体上，B正确；由题图可知，基因在染色体上并不连续分布，C正确；果蝇的不同细胞中，基因发生选择性表达，所以不同细胞中这些基因不都能表达，D正确.",10,10,第2章　基因和染色体的关系\第2节　基因在染色体上.doc,,,,,,,word补充习题一套_题目答案知识标注.xlsx
262,8.下图为某遗传图解，下列有关叙述错误的是(　　),"A.图中①③过程表示减数分裂
B.图中②过程表示受精作用
C.等位基因的分离发生在①③过程
D.基因的自由组合发生在②过程",D,"答案　D
解析　图中①③过程表示减数分裂，A正确；图中②过程表示受精作用，B正确；等位基因随同源染色体的分开而分离，发生在减数分裂Ⅰ后期，因此发生在①③过程，C正确；②是受精作用，基因的自由组合不发生在②过程，D错误.",10,10,第2章　基因和染色体的关系\第2节　基因在染色体上.doc,,,,,,,word补充习题一套_题目答案知识标注.xlsx
263,9.基因型为Ee的某动物细胞，在减数分裂Ⅰ前期发生了互换，则基因E和基因e发生分离的时期是(　　),"A.减数分裂Ⅰ后期
B.减数分裂Ⅱ后期
C.减数分裂Ⅰ后期和减数分裂Ⅱ后期
D.减数分裂Ⅰ后期或减数分裂Ⅱ后期",C,"答案　C
解析　基因型为Ee的某动物细胞，在减数分裂Ⅰ前期发生了互换，则基因E和基因e分别位于同源染色体上以及姐妹染色单体上，同源染色体的分离发生在减数分裂Ⅰ后期，此时同源染色体上的基因E与基因e分离；姐妹染色单体的分离发生在减数分裂Ⅱ后期，此时姐妹染色单体上的基因E与基因e分离，C符合题意.",10,10,第2章　基因和染色体的关系\第2节　基因在染色体上.doc,,,,,,,word补充习题一套_题目答案知识标注.xlsx
264,10.已知果蝇的红眼(R)对白眼(r)为显性，且基因位于X染色体上.现有一对雌雄果蝇交配，后代中白眼雄果蝇出现的概率为1/4，则(　　),"A.亲本雌果蝇的基因型一定为XRXr
B.后代雄果蝇只有一种表型
C.亲本雄果蝇的基因型一定为XRY
D.后代雌果蝇一定既有红眼，也有白眼",A,"答案　A
解析　一对雌雄果蝇交配，后代中白眼雄果蝇出现的概率为1/4，据此推测，亲本雌果蝇的基因型一定为XRXr，A正确；后代雄果蝇的基因型为XRY和XrY，表现为红眼和白眼，B错误；亲本雄果蝇的基因型为XRY或XrY，C错误；后代雌果蝇可能只有红眼，也可能既有红眼又有白眼，D错误.",2,2,第2章　基因和染色体的关系\第2节　基因在染色体上.doc,,,,,,,word补充习题一套_题目答案知识标注.xlsx
265,11.果蝇的圆眼对棒眼为显性，受X染色体上的一对等位基因M/m控制，某种基因型的雄果蝇胚胎致死.圆眼雌果蝇与棒眼雄果蝇杂交，F1中雌果蝇∶雄果蝇＝2∶1.下列推测错误的是 (　　),"A.亲本的基因型分别为XMXm、XmY
B.基因型为XMY的雄果蝇胚胎致死
C.该果蝇种群中雌果蝇有2种基因型
D.F1雌雄果蝇随机交配，F2中圆眼雌果蝇占1/8",D,"答案　D
解析　分析题意可知，F1中雌果蝇∶雄果蝇＝2∶1，且某种基因型的雄果蝇胚胎致死，亲本雄果蝇为棒眼，说明圆眼雄果蝇(XMY)胚胎致死，双亲的基因型为XMXm、XmY，A、B正确；该果蝇种群中不存在圆眼雄果蝇(XMY)，无法产生XM的雄配子，所以雌果蝇中不存在基因型为XMXM的个体，雌果蝇只有2种基因型(XMXm、XmXm)，C正确；F1雌果蝇的基因型为1/2XMXm、1/2XmXm，雄果蝇的基因型为XmY，雌雄果蝇随机交配，F2中圆眼雌果蝇占1/7(1XMY致死)，D错误.",2,2,第2章　基因和染色体的关系\第2节　基因在染色体上.doc,,,,,,,word补充习题一套_题目答案知识标注.xlsx
266,"12.生物学家常把果蝇作为遗传学研究的实验材料.果蝇的黄身与黑身是一对相对性状，由位于常染色体上的等位基因A、a控制，红眼(W)与白眼(w)是一对相对性状，W、w位于性染色体上，如图所示.根据所学知识回答有关问题.
(1)图中果蝇的性别是________.摩尔根以果蝇为实验材料，用________法证明了基因在染色体上.他和同事的假设是如果控制白眼的基因(w)在X染色体上，而Y染色体不含有它的________，就可以合理地解释白眼的遗传与性别相联系.
(2)如果图示为果蝇原始生殖细胞的染色体示意图，则该细胞在减数分裂Ⅱ后期时有________条染色体，此时细胞名称为________.
(3)通过实验确定了果蝇的黄身(A)对黑身(a)为显性，另一对由位于常染色体上的基因控制的相对性状正常翅(B)对残翅(b)为显性，为进一步确定这两对性状的遗传是否遵循基因的自由组合定律，请设计一个简单的杂交实验加以说明，可供选择的亲本有:黑身残翅、黄身残翅、黄身正常翅，均为纯合个体，雌雄均有若干.(用遗传图解加文字说明)",,(1)雄性　假说—演绎　等位基因　(2)8　次级精母细胞　(3)遗传图解如下:,"答案　(1)雄性　假说—演绎　等位基因　(2)8　次级精母细胞　(3)遗传图解如下:
若测交后代F2的表型及其比例为黄身正常翅∶黄身残翅∶黑身正常翅∶黑身残翅＝1∶1∶1∶1，则符合基因的自由组合定律，否则不符合.
解析　(1)图中果蝇的两个Ⅰ号染色体为异型的，据此可知其性别是雄性.摩尔根以果蝇为实验材料，用假说—演绎法证明了基因在染色体上.他和同事的假设是如果控制白眼的基因(w)在X染色体上，而Y染色体不含有它的等位基因，就可以合理地解释白眼的遗传与性别相联系.(2)分析题图可知，该果蝇的原始生殖细胞即精原细胞中有8条染色体、4对同源染色体，该精原细胞经过染色体复制形成初级精母细胞，初级精母细胞在减数分裂Ⅰ过程中，同源染色体分离分别进入不同的子细胞中，导致所形成的每个次级精母细胞中的染色体数目减半，即每个次级精母细胞中含有4条染色体；在减数分裂Ⅱ后期，连接两条姐妹染色单体的着丝粒分裂，导致染色体数目加倍，即该细胞在减数分裂Ⅱ后期有8条染色体，此时该细胞名称为次级精母细胞.(3)若要通过杂交实验确定果蝇的黄身(A)和黑身(a)、正常翅(B)和残翅(b)这两对性状的遗传是否遵循基因的自由组合定律，可让表型为黄身正常翅(AABB)的双显性纯合子与表型为黑身残翅(aabb)的双隐性纯合子杂交，F1表型为黄身正常翅(AaBb)，对其进行测交，观察并统计后代的表型及其比例.如果测交后代的表型及其比例为黄身正常翅∶黄身残翅∶黑身正常翅∶黑身残翅＝1∶1∶1∶1，则符合基因的自由组合定律，否则不符合.",2,2,第2章　基因和染色体的关系\第2节　基因在染色体上.doc,,,,,,,word补充习题一套_题目答案知识标注.xlsx
267,"13.某实验小组用纯合的刚毛和截毛果蝇进行正反交，F1均表现为刚毛.分别选取F1中的雄性个体进行测交，得到的F2中刚毛和截毛果蝇的数量基本一致.相关基因用A、a表示，实验中不发生变异和致死现象，请回答下列相关问题:
(1)刚毛和截毛的遗传遵循基因的________定律，显性性状是________.
(2)果蝇刚毛和截毛的遗传特点与教材中果蝇红眼和白眼的遗传特点是否相同？________，理由是___________________________________________________
_________________________________________________________.
(3)若要证明A、a基因位于X、Y染色体的同源区段上而不是位于常染色体上，则需要在上述实验结果中统计相关的指标，统计的指标和结果是___________________________________________________
__________________________________________________________.",,(1)分离　刚毛　(2)不相同　教材中摩尔根实验中控制果蝇眼色的基因仅位于X染色体上，题干中正反交的结果相同，说明控制果蝇刚毛和截毛的基因不是仅位于X染色体上，与果蝇眼色的遗传特点不同(答案合理即可)　(3)分别观察统计两组实验F2中雌雄果蝇的性状.结果:雌性为一种性状，雄性为另一种性状(或子代中的某一种性状只有雄性或雌性，答案合理即可),"答案　(1)分离　刚毛　(2)不相同　教材中摩尔根实验中控制果蝇眼色的基因仅位于X染色体上，题干中正反交的结果相同，说明控制果蝇刚毛和截毛的基因不是仅位于X染色体上，与果蝇眼色的遗传特点不同(答案合理即可)　(3)分别观察统计两组实验F2中雌雄果蝇的性状.结果:雌性为一种性状，雄性为另一种性状(或子代中的某一种性状只有雄性或雌性，答案合理即可)
解析　(1)纯合的刚毛和截毛果蝇进行正反交，F1均表现为刚毛.分别选取F1中的雄性个体进行测交，得到的F2中刚毛和截毛果蝇的数量基本一致，说明刚毛和截毛的遗传遵循基因的分离定律，显性性状是刚毛.(2)果蝇的红眼和白眼基因仅位于X染色体上，纯合的红眼与白眼果蝇正反交的结果不同，而纯合的刚毛和截毛果蝇进行正反交结果相同，说明控制果蝇刚毛和截毛的基因不是仅位于X染色体上.(3)若A、a基因位于X、Y染色体的同源区段上，则两组实验的F1中的雄性个体测交，即XAYa×XaXa→XAXa、XaYa，XaYA×XaXa→XaXa、XaYA，两组实验的F2均表现为雌性为一种性状，雄性为另一种性状.若A、a基因位于常染色体上，则测交后代中，雌性和雄性均含有某一种性状，需要分别观察和统计两组实验F2中雌雄果蝇的性状.",2,2,第2章　基因和染色体的关系\第2节　基因在染色体上.doc,,,,,,,word补充习题一套_题目答案知识标注.xlsx
268,"14.小鼠(性别决定方式为XY型)的性染色体上存在TIR基因(T基因)，该基因会使子代小鼠表现性反转，并且性反转小鼠具备与异性小鼠交配并产生后代的能力.请回答下列问题:
(1)从性染色体组成分析，性反转形成的雄性小鼠产生的配子类型及比例为________，性反转形成的雌性小鼠产生的配子类型及比例为________.
(2)已知性染色体组成为YY的个体不能存活.现有野生型雄性小鼠(正常)、野生型雌性小鼠(正常)和性反转形成的雌性小鼠若干只，请设计一次杂交实验探究T基因是位于X染色体上，还是位于Y染色体上(写出实验思路并预期实验结果).
实验思路:_______________________________________________.
预期结果:_________________________________________________.",,(1)全为X　X∶Y＝1∶1,"答案　(1)全为X　X∶Y＝1∶1
(2)选择野生型雄性小鼠与性反转形成的雌性小鼠杂交，统计后代中雌雄个体的数量及比例　若后代中雌性∶雄性＝1∶2，则T基因位于X染色体上；若后代中雌性∶雄性＝2∶1，则T基因位于Y染色体上
解析　(1)根据题意可知，性反转形成的雄性小鼠的性染色体组成为XX，产生的精子的性染色体组成全部为X；性反转形成的雌性小鼠的性染色体组成为XY，产生的卵细胞的性染色体组成及比例为X∶Y＝1∶1.(2)若要探究T基因是位于X染色体上，还是位于Y染色体上，可选择野生型雄性小鼠与性反转形成的雌性小鼠杂交，统计后代中雌雄个体的数量及比例.若T基因位于X染色体上，则亲本的杂交组合为XY×XTY，后代中雌性(XTY)∶雄性(XTX、XY)＝1∶2；若T基因位于Y染色体上，则亲本的杂交组合为XY×XYT，后代中雌性(XX、XYT)∶雄性(XY)＝2∶1.",2,2,第2章　基因和染色体的关系\第2节　基因在染色体上.doc,,,,,,,word补充习题一套_题目答案知识标注.xlsx
269,[例1] 下列关于人类红绿色盲的叙述，正确的是 (　　),"A.红绿色盲患者中男性多于女性
B.红绿色盲男性患者的母亲一定患红绿色盲
C.如果外祖父患红绿色盲，则外孙也一定患红绿色盲
D.色觉表现正常的夫妇，子女色觉也一定表现正常",A,"答案　A
解析　红绿色盲是伴X染色体隐性遗传病，这种遗传病的遗传特点是男性患者远多于女性患者，A正确；红绿色盲男性患者的红绿色盲基因来自其母亲，母亲可能是红绿色盲患者或是红绿色盲基因携带者，B错误；如果外祖父患红绿色盲，该致病基因会传递给其女儿，其女儿可能患红绿色盲或不患红绿色盲但携带致病基因，其外孙可能患红绿色盲，C错误；色觉表现正常的夫妇，妻子有可能是致病基因携带者，可能导致儿子患病，子女色觉不一定表现正常，D错误.",2,2,第2章　基因和染色体的关系\第3节　伴性遗传.doc,,,,,,,word补充习题一套_题目答案知识标注.xlsx
270,[例2] 如图是两个有关红绿色盲遗传的家系，其中两个家系的7号个体红绿色盲基因分别来自Ⅰ代中的(　　),"A.甲的2号，乙的2号和4号
B.甲的4号，乙的2号和4号
C.甲的2号，乙的1号和4号
D.甲的4号，乙的1号和4号",B,"答案　B
解析　红绿色盲是伴X染色体隐性遗传病，甲家系中，7号的红绿色盲基因只能来自其母亲，即6号，而Ⅰ代的3号个体正常，因此，7号的红绿色盲基因只能来自4号个体.乙家系中，7号的红绿色盲基因来自5号和6号，5号的红绿色盲基因来自2号，6号的红绿色盲基因来自4号.
(1)在果蝇中，X、Y这两条性染色体相比较，X染色体比Y染色体短，但这不是一定的，如人体中，X染色体比Y染色体长.
(2)性染色体与性别决定有关，但并不是其上的基因都是决定性别的.如人类红绿色盲基因、血友病基因、果蝇的眼色基因位于X染色体上，但不决定性别.同理，哺乳动物的Y染色体上有许多个基因，而决定睾丸发生的基因(SRY基因)只是其中一个.
探究点二　抗维生素D佝偻病
人体内的X、Y是一对特殊的同源染色体，X和Y染色体都有一部分与对方不同源，但也有一部分是同源的，如图所示，请分析回答下列问题:
(1)某种遗传病是由位于B区段的隐性基因控制的，具有该病的女性和正常男性婚配，后代男孩、女孩的发病情况分别是怎样的？
提示　男孩都是患者，女孩都正常(携带者).
(2)抗维生素D佝偻病的基因位于哪个区段？
提示　B区段.
(3)一对等位基因(A、a)在X、Y染色体的同源区段，那么相关的基因型有哪些？这对基因的遗传与性别有关联吗？请设计一组实验说明.
提示　共七种:XAXA、XAXa、XaXa、XAYA、XAYa、XaYA、XaYa.有关联.如基因型为XaXa与XAYa的两人婚配后，后代中女性都表现为显性性状，男性都表现为隐性性状.
伴X染色体显性遗传的特点及原因
(1)女性患者多于男性患者.
原因:女性有两条X染色体，得到显性致病基因的概率比只有一条X染色体的男性大，只要一条X染色体上有该病致病基因就患病.
(2)具有世代连续性.
(3)男性患者的母亲和女儿一定患病.
原因:某一男性患病，则其基因型为XDY，那么他的X染色体一定来源于他的母亲并传给他的女儿，母亲和女儿的基因型为XDX－，一定患病.",2,2,第2章　基因和染色体的关系\第3节　伴性遗传.doc,,,,,,,word补充习题一套_题目答案知识标注.xlsx
271,[例3] 下列关于X染色体上显性基因决定的人类遗传病的说法，正确的是(　　),"A.双亲正常生出患病孩子的概率是1/4
B.人群中的患者男性多于女性
C.男性患者的后代中，女儿都患病
D.表现正常的夫妇，性染色体上也可能携带致病基因",C,"答案　C
解析　若双亲正常，则双亲的基因中不含致病基因，所生孩子都正常，A错误；伴X染色体显性遗传病中的女性患者多于男性患者，B错误；男性患者的X染色体必然传给其女儿，而致病基因就在X染色体上，所以女儿都患病，C正确；由于其为显性遗传病，则表现正常的夫妇，X染色体上不可能携带相应的致病基因，D错误.",2,2,第2章　基因和染色体的关系\第3节　伴性遗传.doc,,,,,,,word补充习题一套_题目答案知识标注.xlsx
272,[例4] 现用一只隐性雌性个体与一只显性雄性个体杂交，不考虑突变.根据子代的性状表现判断基因的位置，不正确的是(　　),"A.若后代雌性为隐性，雄性为显性，则该基因可能位于片段Ⅰ上
B.若后代雌性为隐性，雄性为显性，则该基因可能位于片段Ⅱ2上
C.若后代雌性为显性，雄性为隐性，则该基因可能位于片段Ⅰ上
D.若后代雌性为显性，雄性为隐性，则该基因可能位于片段Ⅱ2上",B,"答案　B
解析　用B、b表示相关的基因.若该基因位于片段Ⅰ上，则隐性雌性个体的基因型为XbXb，显性雄性个体的基因型为XbYB、XBYb或XBYB，后代的表型中雌性为隐性(XbXb)、雄性为显性(XbYB)或雌性为显性(XBXb)、雄性为隐性(XbYb)或雌性为显性(XBXb)、雄性也为显性(XbYB).若该基因位于片段Ⅱ2上，则隐性雌性个体的基因型为XbXb，显性雄性个体的基因型为XBY，后代的表型为雌性为显性(XBXb)、雄性为隐性(XbY).
探究点三　伴性遗传理论在实践中的应用",2,2,第2章　基因和染色体的关系\第3节　伴性遗传.doc,,,,,,,word补充习题一套_题目答案知识标注.xlsx
273,[例5] 如图显示的是某种鸟类(性别决定方式为ZW型)羽毛的毛色(B、b)遗传图解，下列相关表述错误的是(　　),"A.该种鸟类的毛色遗传属于性染色体遗传
B.芦花性状为显性性状，基因B对b为完全显性
C.非芦花雄鸟和芦花雌鸟的子代雌鸟均为非芦花
D.芦花雄鸟与非芦花雌鸟的子代雄鸟均为非芦花",D,"答案　D
解析　据图分析，该种控制鸟类的毛色遗传的基因位于Z染色体上，属于性染色体遗传，芦花对非芦花为显性性状，后代雄性基因型为ZBZB、ZBZb，都表现为芦花，说明基因B对b为完全显性，A、B正确；非芦花雄鸟(ZbZb)和芦花雌鸟(ZBW)杂交，子代雌鸟基因型为ZbW，均为非芦花，C正确；若芦花雄鸟(ZBZB)和非芦花雌鸟(ZbW)杂交，子代雄鸟基因型为ZBZb，全部为芦花，若芦花雄鸟(ZBZb)和非芦花雌鸟(ZbW)杂交，子代雄鸟基因型为ZBZb、ZbZb，既有非芦花，也有芦花，D错误.",2,2,第2章　基因和染色体的关系\第3节　伴性遗传.doc,,,,,,,word补充习题一套_题目答案知识标注.xlsx
274,[例6] 一对夫妻都正常，他们的父母也正常，妻子的弟弟是红绿色盲.请预测，他们的儿子是红绿色盲的概率是(　　),"A.1 B.1/2
C.1/4 D.1/8",C,"答案　C
解析　妻子的基因型为XBXB、XBXb，丈夫的基因型为XBY.因为XBXb(女性携带者)×XBY(正常男性)→1XBXB(女性正常)∶1XBXb(女性携带者)∶1XBY(男性正常)∶1XbY(男性红绿色盲)，所以生的男孩中是红绿色盲(XbY)的概率是；又因为妻子的基因型是XBXb的概率是，所以他们的儿子患红绿色盲的概率是1/2×1/2＝1/4.
“男孩患病”与“患病男孩”类问题
(1)常染色体遗传
如果控制某遗传病的基因位于常染色体上，由于常染色体与性染色体是自由组合的，则:
①患病男孩的概率＝患病孩子的概率×；
②男孩患病的概率＝患病孩子的概率.
(2)伴性遗传
如果控制某遗传病的基因位于性染色体上，由于该性状与性别联系在一起，则:
①患病男孩的概率＝患病男孩在后代全部孩子中的概率；
②男孩患病的概率＝后代男孩中患病的概率.
思维导图
晨读必背",2,2,第2章　基因和染色体的关系\第3节　伴性遗传.doc,,,,,,,word补充习题一套_题目答案知识标注.xlsx
275,1.下列关于伴性遗传的叙述，错误的是(　　),"A.性染色体上的基因都与性别决定有关
B.遗传上总是和性别相关联
C.伴性遗传也遵循孟德尔遗传规律
D.表现上具有性别差异",A,"答案　A
解析　性染色体上有很多基因，有些基因与性别决定无关.",2,2,第2章　基因和染色体的关系\第3节　伴性遗传.doc,,,,,,,word补充习题一套_题目答案知识标注.xlsx
276,2.小明及其父母、祖父母、外祖父母的色觉都正常，但弟弟是红绿色盲患者.则红绿色盲基因传递的途径是 (　　),"A.祖父→父亲→弟弟
B.祖母→父亲→弟弟
C.外祖母→母亲→弟弟
D.外祖父→母亲→弟弟",C,"答案　C
解析　红绿色盲属于伴X染色体隐性遗传病，男性患者的色盲基因应来自其母亲，而女性携带者的红绿色盲基因来自其父亲或母亲，若来自父亲，则父亲应为患者，与题意不符，故选C项.",2,2,第2章　基因和染色体的关系\第3节　伴性遗传.doc,,,,,,,word补充习题一套_题目答案知识标注.xlsx
277,3.如图为某家族遗传病的遗传系谱图，则该病一定不是(　　),"A.常染色体显性遗传病
B.常染色体隐性遗传病
C.伴X染色体显性遗传病
D.伴X染色体隐性遗传病",C,"答案　C
解析　如果该病为伴X染色体显性遗传病，则Ⅰ1的女儿Ⅱ3、Ⅱ5都应该为患者，但Ⅱ5不患病，说明该病一定不是伴X染色体显性遗传病，C符合题意.",2,2,第2章　基因和染色体的关系\第3节　伴性遗传.doc,,,,,,,word补充习题一套_题目答案知识标注.xlsx
278,"4.下图为某家系单基因遗传病(基因用A、a表示)的系谱图，据图回答下列问题:
(1)此病的遗传方式为________________________________________________.
(2)Ⅲ2和Ⅲ5基因型相同的概率为________.
(3)若Ⅲ1与一个该病女性携带者婚配，则他们生一个正常孩子的概率是________.
(4)如果Ⅲ1患有红绿色盲(基因b)，其双亲色觉正常，则Ⅱ2的基因型为________，若Ⅱ1和Ⅱ2再生一个孩子，两病兼患的概率是________.",,(1)常染色体隐性遗传　(2)2/3　(3)5/6　(4)AaXBXb　1/16,"答案　(1)常染色体隐性遗传　(2)2/3　(3)5/6　(4)AaXBXb　1/16
解析　(1)遗传系谱图中，Ⅱ1和Ⅱ2都正常，但他们有一个患病的女儿(Ⅲ3)，即“无中生有为隐性，隐性看女病，女病男正非伴性”，说明该病为常染色体隐性遗传病.(2)由于Ⅲ3患病，所以Ⅲ2的父母的基因型均为Aa，所以Ⅲ2个体的基因型为1/3AA或2/3Aa；根据Ⅱ4患病可知，Ⅲ5的基因型为Aa，所以Ⅲ2和Ⅲ5基因型相同的概率为2/3.(3)根据(2)中的分析可得Ⅱ1和Ⅱ2的基因型均为Aa，所以Ⅲ1的基因型为1/3AA或2/3Aa，其与一个该病女性携带者(Aa)婚配，则他们生一个正常孩子的概率是1－2/3×1/4＝5/6.(4)如果Ⅲ1患有红绿色盲(基因b)，其双亲色觉正常，结合(2)中的分析则其双亲Ⅱ1和Ⅱ2的基因型分别为AaXBY和AaXBXb，若Ⅱ1和Ⅱ2再生一个孩子，两病兼患的概率是1/4×1/4＝1/16.
课后·分层训练
(时间:30分钟)
知识点1　伴性遗传与人类红绿色盲",2,2,第2章　基因和染色体的关系\第3节　伴性遗传.doc,,,,,,,word补充习题一套_题目答案知识标注.xlsx
279,1.下列有关性别决定的叙述，正确的是(　　),"A.含X染色体的配子数∶含Y染色体的配子数＝1∶1
B.XY型性别决定的生物，Y染色体都比X染色体短小
C.含X染色体的精子和含Y染色体的精子数量相等
D.含X染色体的配子是雌配子，含Y染色体的配子是雄配子",C,"答案　C
解析　含X染色体的配子数(含X染色体的精子＋卵细胞)多于含Y染色体的配子数(只有精子含Y染色体)，A错误；果蝇是XY型性别决定的生物，其Y染色体比X染色体大，B错误；含X染色体的配子是雌配子或雄配子，含Y染色体的配子是雄配子，D错误.",2,2,第2章　基因和染色体的关系\第3节　伴性遗传.doc,,,,,,,word补充习题一套_题目答案知识标注.xlsx
280,2.下列关于人类的X染色体和Y染色体的叙述，正确的是(　　),"A.X和Y染色体的大小、形态均不同，不属于同源染色体
B.男性体内的Y染色体只能来自其父亲
C.女性体内的X染色体只能来自其母亲
D.若某细胞中含有两条X染色体，则该细胞来源于女性",B,"答案　B
解析　虽然X和Y染色体大小、形态均不同，但二者分别来自父方和母方，在减数分裂过程中可以联会，属于同源染色体，A错误；男性体内的Y染色体只能来自其父亲，女性体内的X染色体一条来自其父亲，一条来自其母亲，B正确，C错误；若某细胞中含有两条X染色体，则该细胞可能为女性的正常体细胞，也可能为男性的次级精母细胞，D错误.",2,2,第2章　基因和染色体的关系\第3节　伴性遗传.doc,,,,,,,word补充习题一套_题目答案知识标注.xlsx
281,3.下列关于人类的红绿色盲的叙述，错误的是(　　),"A.女性患者的后代中，女儿都患病
B.男性患者的致病基因来自其母亲
C.人群中的男性患者多于女性患者
D.表现正常的男性不携带致病基因",A,"答案　A
解析　假设红绿色盲有关的基因为B、b，则女性患者的基因型为XbXb，其儿子的基因型必定为XbY，而女儿的基因型未知，可能患病也可能不患病，A错误；男性患者的基因型为XbY，其中Y染色体来自父亲，Xb必定来自母亲，B正确；红绿色盲在人群中表现为男性患者多于女性患者，C正确；男性只有一条X染色体，表现正常的男性，体内不含致病基因，D正确.",2,2,第2章　基因和染色体的关系\第3节　伴性遗传.doc,,,,,,,word补充习题一套_题目答案知识标注.xlsx
282,4.如图为某种遗传病的遗传系谱图，已知Ⅰ2不携带该遗传病的致病基因.下列相关叙述错误的是(　　),"A.该遗传病可能为红绿色盲
B.图中Ⅱ1可能是致病基因携带者
C.Ⅰ1和Ⅰ 2生育一个患病女儿的概率是1/4
D.Ⅰ2和Ⅱ2的基因型一定相同",C,"答案　C
解析　分析题图，由Ⅰ1和Ⅰ2不患病，但他们的儿子Ⅱ3患病可知，该遗传病为隐性遗传病，又由于Ⅰ2不携带该遗传病的致病基因，说明该遗传病为伴X染色体隐性遗传病，可能为红绿色盲，A正确；假设与该遗传病有关的基因为A、a，据上述分析可知，Ⅰ1和Ⅰ 2的基因型分别为XAXa、XAY，Ⅱ1的基因型为XAXa或XAXA，可能是致病基因携带者，B正确；正常情况下，Ⅰ1和Ⅰ2不可能生出患该种遗传病的女儿，C错误；Ⅰ2和Ⅱ2均为不患病的男性，基因型相同，均为XAY，D正确.
知识点2　抗维生素D佝偻病",2,2,第2章　基因和染色体的关系\第3节　伴性遗传.doc,,,,,,,word补充习题一套_题目答案知识标注.xlsx
283,5.下列关于人类抗维生素D佝偻病的叙述，正确的是(　　),"A.该病和血友病的遗传遵循自由组合定律
B.若一对夫妇均患该病，则他们不可能生出表型正常的孩子
C.若某家族中祖母正常，则孙女一定正常
D.患者中女性多于男性，但部分女性患者的病症较轻",D,"答案　D
解析　抗维生素D佝偻病和血友病的相关基因均位于X染色体上，在遗传时不遵循自由组合定律，A错误；假设与该遗传病有关的基因为D、d，若一对夫妇均患该病，则他们的基因型可能分别为XDY、XDXd或XDY、XDXD，当他们的基因型分别为XDY、XDXd时，可以生出基因型为XdY的表型正常的儿子，B错误；若某家族中祖母正常，则其儿子的基因型为XdY，孙女的基因型可能为XDXd或XdXd(与孙女母亲的基因型有关)，可能患病，C错误；抗维生素D佝偻病患者中女性多于男性，但部分女性患者的病症较轻，D正确.",2,2,第2章　基因和染色体的关系\第3节　伴性遗传.doc,,,,,,,word补充习题一套_题目答案知识标注.xlsx
284,6.抗维生素D佝偻病由X染色体上的显性基因(D)控制，下列关于该病的叙述，错误的是(　　),"A.该病的女患者多于男患者
B.该病男患者的外祖父母中至少有一人患病
C.一对患该病的夫妇不可能产下一正常孩子
D.男性患者能产生不含致病基因的配子",C,"答案　C
解析　对于伴X染色体显性遗传病，女患者多于男患者，A正确；男患者的致病基因来自其母亲，母亲的X染色体来自其双亲，故该男患者的外祖父母中至少有一方患病，B正确；患该病夫妇的基因型有两种情况，①XDXD×XDY，产下的孩子全是患者；②XDXd×XDY，产下正常孩子的概率是1/4，C错误；男性患者XDY可产生含Y的配子，不含致病基因，D正确.
知识点3　伴性遗传理论在实践中的应用",2,2,第2章　基因和染色体的关系\第3节　伴性遗传.doc,,,,,,,word补充习题一套_题目答案知识标注.xlsx
285,7.家蚕的性别决定为ZW型(雄性的性染色体为ZZ，雌性的性染色体为ZW).正常家蚕幼虫的皮肤不透明，由显性基因A控制，“油蚕”幼虫的皮肤透明，由隐性基因a控制，位于Z染色体上.以下杂交组合方案中，能在幼虫时期根据皮肤特征，区分其后代幼虫雌雄的是(　　),"A.ZAZA×ZAW B.ZAZA×ZaW
C.ZAZa×ZAW D.ZaZa×ZAW",D,"答案　D
解析　ZAZA×ZAW组合后代的基因型是ZAZA、ZAW，ZAZA×ZaW组合后代的基因型是ZAZa、ZAW，这两组无论是雌性还是雄性，幼虫的皮肤都是不透明的，无法根据皮肤特征区分幼虫雌雄，A、B错误；ZAZa×ZAW组合后代的基因型是ZAZA、ZAZa、ZAW、ZaW，即后代雌性幼虫皮肤有透明的和不透明的，雄性幼虫的皮肤都是不透明的，无法根据皮肤特征区分不透明的后代的幼虫雌雄，C错误；ZaZa×ZAW组合后代的基因型是ZAZa、ZaW，即后代幼虫皮肤透明的全是雌性，皮肤不透明的全是雄性，可依据幼虫皮肤特征区分雌雄，D正确.",2,2,第2章　基因和染色体的关系\第3节　伴性遗传.doc,,,,,,,word补充习题一套_题目答案知识标注.xlsx
286,8.一对表型正常的夫妇，生育的第一个孩子是红绿色盲患者，若这对夫妇想生育第二个孩子，那么第二个孩子是男孩还是女孩时才能保证色觉正常(　　),"A.男孩 B.女孩
C.男孩、女孩都可以 D.男孩、女孩都不能",B,"答案　B
解析　红绿色盲是伴X染色体隐性遗传病，根据分析可知，一对表型正常的夫妇，生育的第一个孩子是红绿色盲患者，设相关基因用B、b表示，则这对正常夫妻的基因型分别为XBXb和XBY，他们后代的基因型可能为XBXB、XBXb、XBY、XbY.由此可见，当第二个孩子是女孩时才能保证色觉正常，而男孩有50%可能患病.",2,2,第2章　基因和染色体的关系\第3节　伴性遗传.doc,,,,,,,word补充习题一套_题目答案知识标注.xlsx
287,9.已知某种鸟的性别决定方式为ZW型，其羽毛分为有条纹和无条纹两种，由一对等位基因B/b控制.让有条纹雄鸟与有条纹雌鸟杂交，F1的表型及比例为有条纹雄鸟∶有条纹雌鸟∶无条纹雌鸟＝2∶1∶1，若不考虑Z、W染色体的同源区段，下列有关推测错误的是(　　),"A.鸟的有条纹对无条纹为显性
B.控制鸟羽毛性状的基因位于性染色体上
C.F1的有条纹雄鸟中纯合子所占比例为1/2
D.F1的有条纹雌雄鸟随机交配，后代中无条纹鸟所占的比例为1/4",D,"答案　D
解析　该种鸟的性别决定方式为ZW型，结合题意分析，可知亲本基因型为ZBZb×ZBW，F1的基因型为ZBZB、ZBZb、ZBW、ZbW，表型及比例为有条纹雄鸟∶有条纹雌鸟∶无条纹雌鸟＝2∶1∶1.可见，鸟的有条纹对无条纹为显性，A正确；F1雄鸟中只有有条纹性状，雌鸟中有有条纹和无条纹，出现了性别差异，所以控制鸟羽毛性状的基因位于性染色体上，B正确；F1的有条纹雄鸟中纯合子和杂合子各占一半，纯合子的比例为1/2，C正确；F1的有条纹雌雄鸟随机交配，即ZBZB、ZBZb和ZBW杂交，产生的雄配子为3/4ZB、1/4Zb，产生的雌配子为1/2ZB、1/2W，后代中无条纹鸟所占比例为1/4×1/2＝1/8，D错误.",2,2,第2章　基因和染色体的关系\第3节　伴性遗传.doc,,,,,,,word补充习题一套_题目答案知识标注.xlsx
288,"10.已知某女孩患有单基因遗传病.对其家系的其他成员进行调查后，记录如下:“－”表示正常；“＋”表示患病
祖父
祖母
姑姑
外祖父
外祖母
－
＋
－
＋
－
舅舅
父亲
母亲
弟弟
＋
＋
＋
－
下列有关叙述错误的是(　　)","A.该遗传病属于常染色体显性遗传病
B.通过家系的分析可以得出该病的发病率
C.该患病女孩的父母生一个正常孩子的概率是1/4
D.该患病女孩与其母亲的基因型可能相同",B,"答案　B
解析　若该病为伴X显性遗传病，其舅舅患病，其外祖母也应患病，但其外祖母正常，该病为常染色体显性遗传病，A正确；调查该病的发病率应在人群中随机抽样调查，B错误；该患病女孩的父母均为杂合子，生一个正常孩子的概率是1/4，C正确；该患病女孩的父母均为杂合子，该患病女孩的基因型杂合的可能性为2/3，D正确.",2,2,第2章　基因和染色体的关系\第3节　伴性遗传.doc,,,,,,,word补充习题一套_题目答案知识标注.xlsx
289,11.如图为患红绿色盲的某家族系谱图，该病为伴X染色体隐性遗传病，其中7号的致病基因可能来自(　　),"A.1号 B.2号
C.3号 D.4号",B,"答案　B
解析　人类红绿色盲是伴X染色体隐性遗传病，因此，7号的红绿色盲基因只能来自其母亲5号，由于1号正常，故5号的红绿色盲基因来自2号.",2,2,第2章　基因和染色体的关系\第3节　伴性遗传.doc,,,,,,,word补充习题一套_题目答案知识标注.xlsx
290,12.下列关于人类遗传病的叙述，错误的是(　　),"A.人群中红绿色盲患者男性远多于女性
B.抗维生素D佝偻病男性患者与正常女性婚配，后代中男性都患病，女性都正常
C.若一对夫妇正常，其儿子患病，则该遗传病可能是常染色体隐性遗传病
D.男性红绿色盲患者的基因只能从母亲那里传来，以后只能传给女儿",B,"答案　B
解析　红绿色盲为伴X隐性遗传病，男性只要含有一个红绿色盲基因即患病，而女性需要两条X染色体上均含有红绿色盲基因才患病，故人群中红绿色盲患者男性远多于女性，A正确；抗维生素D佝偻病为伴X显性遗传病，男性患者与正常女性婚配，后代中女性都患病，男性都正常，B错误；若一对夫妇正常，其儿子患病，则该遗传病可能是常染色体隐性遗传病，也可能是伴X隐性遗传病，C正确；男性红绿色盲患者的基因只能从母亲那里传来，以后只能传给女儿，D正确.",2,2,第2章　基因和染色体的关系\第3节　伴性遗传.doc,,,,,,,word补充习题一套_题目答案知识标注.xlsx
291,"13.鹅(2n＝78)的性别决定方式与鸡的相同，其羽色的白色和灰色受A、a基因控制，豁眼和正常眼受B、b基因控制，并且豁眼鹅产蛋性能优良.请回答下列问题:
(1)鹅的性别决定方式是________型，雄鹅精子的染色体组成可表示为________.
(2)为确定白羽和灰羽的显隐性关系，选择100对白羽雌鹅和灰羽雄鹅杂交，F1中绝大多数为白羽鹅，且无性别之分.由此可知，羽色性状中，________为显性性状，F1中并非全部个体都为白羽鹅的原因是________________________________
__________________________________________________________________.
(3)已知控制豁眼的基因(b)位于雌雄鹅都有的性染色体上.饲养场为提高产蛋量，使子代中雌鹅均表现为豁眼，雄鹅均表现为正常眼，应选择的父本、母本的基因型分别为________、________.
(4)控制鹅羽色和眼形的基因的遗传________(填“遵循”或“不遵循”)自由组合定律，原因是控制羽色和眼形的基因位于________对同源染色体上.",,(1)ZW　38＋Z　(2)白羽　亲本中的白羽鹅的基因型为AA和Aa(或亲本中少数白羽鹅的基因型为Aa)　(3)ZbZb　ZBW　(4)遵循　两,"答案　(1)ZW　38＋Z　(2)白羽　亲本中的白羽鹅的基因型为AA和Aa(或亲本中少数白羽鹅的基因型为Aa)　(3)ZbZb　ZBW　(4)遵循　两
解析　(1)鹅(2n＝78)的性别决定方式与鸡的相同，所以鹅的性别决定方式是ZW型，雄鹅的性染色体组成为ZZ，所以精子的染色体组成可表示为38＋Z.(2)选择100对白羽雌鹅和灰羽雄鹅杂交，F1中绝大多数为白羽鹅，且无性别之分，说明白羽为显性性状，由于亲本中白羽鹅基因型为AA或Aa，所以F1中并非全部个体都为白羽鹅.(3)雌雄鹅都有的性染色体为Z染色体，要使子代中雌鹅均表现为豁眼，雄鹅均表现为正常眼，应选择的父本、母本的基因型分别为ZbZb、ZBW.(4)F1中绝大多数为白羽鹅，且无性别之分，说明控制羽色的基因位于常染色体上，而控制眼形的基因位于Z染色体上，即控制两对性状的基因位于两对同源染色体上，所以控制鹅羽色和眼形的基因的遗传遵循自由组合定律.",2,2,第2章　基因和染色体的关系\第3节　伴性遗传.doc,,,,,,,word补充习题一套_题目答案知识标注.xlsx
292,"14.菠菜的性别决定方式为XY型，并且为雌雄异体.菠菜个体大都为圆叶，偶尔出现几株尖叶个体，这些尖叶个体既有雌株，又有雄株.请回答下列问题:
(1)让尖叶雌株与圆叶雄株杂交，后代雌株均为圆叶、雄株均为尖叶.据此判断，控制圆叶和尖叶的基因位于________(填“常”“X”或“Y”)染色体上，且________为显性性状.
(2)菠菜有耐寒和不耐寒两种类型，现用不耐寒圆叶雌雄株杂交，所得F1的表型及个体数量如表所示(单位/株):
项目
不耐寒圆叶
不耐寒尖叶
耐寒圆叶
耐寒尖叶
♀
124
0
39
0
♂
62
58
19
21
①耐寒与不耐寒这对相对性状中，显性性状是________.
②如果F1中的不耐寒圆叶雌株与不耐寒尖叶雄株杂交，F2雌性个体中杂合子所占的比例为________.
(3)在生产实践中发现，当去掉菠菜部分根系时，菠菜会分化为雄株；去掉部分叶片时，菠菜则分化为雌株.若要证明去掉部分根系的雄株的性染色体组成情况，可让其与________杂交，若后代有雄株和雌株两种类型，则该雄株的性染色体组成为________；若后代仅有雌株，则该雄株的性染色体组成为________.",,(1)X　圆叶　(2)①不耐寒　②31/36　(3)正常雌株　XY　XX,"答案　(1)X　圆叶　(2)①不耐寒　②31/36　(3)正常雌株　XY　XX
解析　(1)分析杂交结果可知，圆叶与尖叶的遗传与性别相关，说明控制圆叶和尖叶的基因位于X染色体上，且圆叶为显性性状.(2)①分析表格信息可知，F1的雌雄个体中均表现为不耐寒∶耐寒≈3∶1，说明不耐寒是显性性状，且相关基因位于常染色体上.②设控制不耐寒和耐寒的基因为A、a，控制圆叶和尖叶的基因为B、b，则亲本的基因型为AaXBXb、AaXBY，故F1中不耐寒(1/3AA、2/3Aa)圆叶雌株(1/2XBXB、1/2XBXb)和不耐寒(1/3AA、2/3Aa)尖叶雄株(XbY)杂交，F2雌性个体中纯合子出现的概率是(4/9AA＋1/9aa)×1/4XbXb＝5/36，则杂合子出现的概率为1－5/36＝31/36.",2,2,第2章　基因和染色体的关系\第3节　伴性遗传.doc,,,,,,,word补充习题一套_题目答案知识标注.xlsx
293,1.对一对色觉正常夫妇所生子女的正确估计是(　　),"A.儿子中不会有红绿色盲患者
B.儿子中可能有红绿色盲患者
C.女儿中可能有红绿色盲患者
D.女儿全部为红绿色盲基因携带者",B,"答案　B
解析　该夫妇色觉正常，但妻子可能是红绿色盲基因携带者，其所含致病基因可能传给儿子，故有可能生下患红绿色盲的儿子，A错误，B正确；女儿的X染色体来自父亲和母亲，妻子可能是红绿色盲基因携带者，则女儿可能正常，也可能是红绿色盲基因携带者，C、D错误.",2,2,第2章　基因和染色体的关系\重难突破3　伴性遗传.doc,,,,,,,word补充习题一套_题目答案知识标注.xlsx
294,2.红绿色盲为伴X染色体隐性遗传病，女性红绿色盲基因携带者与正常男性婚配，则后代(　　),"A.男性均表现正常
B.女性中有红绿色盲患者
C.女性中有红绿色盲基因携带者
D.男性均表现为红绿色盲",C,"答案　C
解析　红绿色盲为伴X染色体隐性遗传病，设相关基因用B、b表示，则女性红绿色盲基因携带者与正常男性婚配，即XBXb×XBY→XBXB、XBXb、XBY、XbY，后代男性中一半正常、一半红绿色盲；女性均表现正常，但有一半的红绿色盲基因携带者，C正确.",2,2,第2章　基因和染色体的关系\重难突破3　伴性遗传.doc,,,,,,,word补充习题一套_题目答案知识标注.xlsx
295,"3.下图为血友病的遗传系谱图.如果该夫妇染色体数目正常，且只有一方在减数分裂时发生异常，则图中3号出现的可能原因是(　　)
①初级精母细胞减数分裂Ⅰ异常　②初级卵母细胞减数分裂Ⅰ异常　③次级精母细胞减数分裂Ⅱ异常　④次级卵母细胞减数分裂Ⅱ异常","A.①② B.①②④
C.③④ D.①②③④",B,"答案　B
解析　若初级精母细胞减数分裂Ⅰ异常，则产生的精子的基因型为XbY或O，与正常卵细胞结合后产生的后代基因型可能为XbXbY或Xb，①可能；若初级卵母细胞减数分裂Ⅰ异常，则产生的卵细胞基因型可能为XbXb，与正常精子结合后产生的后代基因型可能为XbXbXb或XbXbY，②可能；若次级精母细胞减数分裂Ⅱ异常，则产生的精子基因型为XbXb或YY，与正常卵细胞结合后产生的后代基因型可能为XbXbXb或XbYY，③不可能；若次级卵母细胞减数分裂Ⅱ异常，则产生的卵细胞基因型可能为XbXb，与正常精子结合后产生的后代基因型可能为XbXbXb或XbXbY，④可能.综上分析，B符合题意.",2,2,第2章　基因和染色体的关系\重难突破3　伴性遗传.doc,,,,,,,word补充习题一套_题目答案知识标注.xlsx
296,4.如图是某遗传病系谱图，通过基因诊断知道3号不携带该遗传病的致病基因.下列相关分析错误的是(　　),"A.该病是伴X染色体隐性遗传病
B.1号和4号肯定携带该病的致病基因
C.6号和7号生育患该遗传病孩子的概率为1/8
D.3号和4号再生一个男孩是正常的概率为1/4",D,"答案　D
解析　图中1号和2号均正常，5号患病，可知该病为隐性遗传病.若为常染色体隐性遗传，则8号为aa，3号为Aa，与题述“3号不携带该遗传病的致病基因”不符，故只能是伴X染色体隐性遗传病；5号和8号基因型为XbY，1号和4号基因型为XBXb，都携带致病基因；2号和7号基因型均为XBY，6号基因型为1/2XBXB、1/2XBXb，6号和7号生育患该病小孩(XbY)的概率为1/2×1/4＝1/8；3号基因型为XBY，他和4号再生一个男孩是正常的概率为1/2.",2,2,第2章　基因和染色体的关系\重难突破3　伴性遗传.doc,,,,,,,word补充习题一套_题目答案知识标注.xlsx
297,5.抗维生素D佝偻病是由位于X染色体上的显性致病基因控制的一种遗传病.下列叙述正确的是 (　　),"A.男性患者与女性患者婚配，其女儿正常
B.男性患者与正常女子婚配，其女儿均正常
C.女性患者与正常男子婚配，儿子都正常，女儿都患病
D.患者的正常子女不携带该患者的致病基因",D,"答案　D
解析　抗维生素D佝偻病的遗传方式是伴X染色体显性遗传，所以男性患者与女性患者婚配，其女儿都是患者，A错误；男性患者与正常女子婚配，其女儿都是患者，B错误；女性患者与正常男子婚配，若女性患者是纯合子，其子女都是患者；若女性患者是杂合子，其子女中都有一半正常、一半患病，C错误；伴X染色体显性遗传病患者的正常子女不携带该患者的致病基因，D正确.",2,2,第2章　基因和染色体的关系\重难突破3　伴性遗传.doc,,,,,,,word补充习题一套_题目答案知识标注.xlsx
298,6.如图是人的性染色体结构示意图，据图分析，下列说法错误的是(　　),"A.Ⅰ、Ⅱ、Ⅲ区段上的所有基因共同决定人的性别
B.若等位基因A/a位于Ⅱ区段上，则共有7种基因型
C.与红绿色盲有关的基因位于X染色体的Ⅰ区段上
D.若某致病基因仅位于 Ⅲ区段上，则患病个体均为男性",A,"答案　A
解析　Ⅰ、Ⅱ、Ⅲ区段上的所有基因的遗传总是和性别相关联，但人的性别并不是由性染色体上的所有基因共同决定的，A错误；若等位基因A/a位于Ⅱ区段上，则女性有3种基因型，男性有4种基因型，共7种，B正确；与红绿色盲有关的基因只位于X染色体上，即位于X染色体的Ⅰ区段上，C正确；若某致病基因仅位于Ⅲ区段上，则患病的均为男性，女性都正常，D正确.",2,2,第2章　基因和染色体的关系\重难突破3　伴性遗传.doc,,,,,,,word补充习题一套_题目答案知识标注.xlsx
299,7.某雌雄异株植物(性别决定方式为XY型)的羽裂叶和全缘叶是一对相对性状.若不考虑X、Y染色体的同源区段，下列哪些实验既能判定叶形的显隐性又能确定基因的位置(　　),"A.全缘叶雄株和全缘叶雌株杂交，子代中全缘叶∶羽裂叶＝3∶1
B.全缘叶雄株和羽裂叶雌株杂交，子代雄株均表现为羽裂叶，雌株均表现为全缘叶
C.全缘叶雌株和羽裂叶雄株杂交，子代雌雄株均表现为全缘叶
D.全缘叶雌株和羽裂叶雄株杂交，子代中全缘叶♀∶羽裂叶♀∶全缘叶♂∶羽裂叶♂＝1∶1∶1∶1",B,"答案　B
解析　全缘叶雄株和全缘叶雌株杂交，子代中全缘叶∶羽裂叶＝3∶1，全缘叶对羽裂叶为显性，但无法判定基因的位置，A不符合题意；全缘叶雄株和羽裂叶雌株杂交，子代雄株均表现为羽裂叶，雌株均表现为全缘叶，说明全缘叶对羽裂叶为显性，基因位于X染色体上，B符合题意；全缘叶雌株和羽裂叶雄株杂交，子代雌雄株均表现为全缘叶，说明全缘叶对羽裂叶为显性，但无法判定基因的位置，C不符合题意；全缘叶雌株和羽裂叶雄株杂交，子代雌雄株中既有全缘叶，又有羽裂叶，且比例相同，无法判定叶形的显隐性和基因的位置，D不符合题意.",2,2,第2章　基因和染色体的关系\重难突破3　伴性遗传.doc,,,,,,,word补充习题一套_题目答案知识标注.xlsx
300,"8.如图为某红绿色盲家族的遗传系谱图.请回答下列问题:
(1)人类红绿色盲的遗传特点有_______________________________
______________________________________________________(答出两点).
(2)Ⅱ2和Ⅱ3色觉正常，但他们的女儿Ⅲ1为红绿色盲患者.检查发现，Ⅱ2和Ⅱ3的性染色体组成正常，但Ⅲ1的正常体细胞中只含有一条X染色体，且其红绿色盲致病基因来自母亲，则形成Ⅲ1时其父亲产生的精子中染色体的组成情况为________，该异常精子产生的原因可能是_______________________________.
该家族的女性个体中，一定为杂合子的是________.",,(1)患者中男性远多于女性；男性患者的红绿色盲基因只能从母亲那里传来，以后只能传给女儿；女性患病，其父亲和儿子一定患病等(答出两点、答案合理即可),"答案　(1)患者中男性远多于女性；男性患者的红绿色盲基因只能从母亲那里传来，以后只能传给女儿；女性患病，其父亲和儿子一定患病等(答出两点、答案合理即可)
(2)不含性染色体(或只有22条常染色体)　精原细胞进行减数分裂Ⅰ时，X、Y染色体没有分离，或进行减数分裂Ⅱ时，姐妹染色单体没有分开或分开后形成的两条性染色体没有分离，移向了细胞同一极(答案合理即可)　Ⅰ1、Ⅱ2和Ⅱ4
解析　(1)红绿色盲为伴X染色体隐性遗传病，其遗传特点有患者中男性远多于女性；男性患者的红绿色盲基因只能从母亲那里传来，以后只能传给女儿；女性患病，其父亲和儿子一定患病等.(2)假设与红绿色盲相关的基因为B、b.Ⅱ2和Ⅱ3色觉和性染色体组成均正常，但他们的女儿Ⅲ1为红绿色盲患者，且体细胞中只含有一条X染色体，该携带致病基因的染色体来自其母亲，故Ⅱ2的基因型为XBXb，Ⅱ3的基因型为XBY，Ⅲ1的基因型为XbO，形成Ⅲ1时参与受精的精子中不含性染色体，该异常精子形成的原因可能是精原细胞进行减数分裂Ⅰ时，X、Y染色体没有分离，或进行减数分裂Ⅱ时，姐妹染色单体没有分开或分开后形成的两条性染色体没有分离，移向了细胞同一极.据题分析可知，Ⅱ1的致病基因一定来自Ⅰ1，Ⅰ1为杂合子；Ⅱ2的基因型为XBXb，为杂合子；Ⅰ3的基因型无法确定，但Ⅱ4会遗传其父亲Ⅰ4的致病基因，Ⅱ4为杂合子.",2,2,第2章　基因和染色体的关系\重难突破3　伴性遗传.doc,,,,,,,word补充习题一套_题目答案知识标注.xlsx
301,"9.摩尔根利用果蝇进行遗传实验研究，证明了基因在染色体上.请回答下列相关问题:
(1)摩尔根在一群红眼果蝇中，发现了一只白眼雄果蝇，并让它与正常的红眼雌果蝇交配，结果F1全是红眼果蝇，这表明________是显性性状.
(2)摩尔根让F1中的红眼雌、雄果蝇相互交配，结果F2中，红眼果蝇与白眼果蝇的数量比为3∶1，这说明果蝇眼色的遗传符合________定律.
(3)F2红眼果蝇中有雌雄个体，而白眼果蝇全是雄性，可推测控制眼色的基因位于性染色体上.现有纯种的红眼雌、雄果蝇和白眼的雌、雄果蝇，请从中选择亲本，只做一次杂交实验，以确定果蝇的眼色基因与X、Y染色体的关系.
杂交实验:____________________________________________________.
结果预期:若子代中_________________________________，说明在X、Y染色体上都存在控制果蝇眼色的基因.若子代中________________________________，说明控制果蝇眼色的基因只在X染色体上.",,(1)红眼　(2)(基因)分离　(3)选择(纯种的)红眼雄果蝇与白眼雌果蝇交配　(雌、雄果蝇)全为红眼　雌果蝇全为红眼，雄果蝇全为白眼,"答案　(1)红眼　(2)(基因)分离　(3)选择(纯种的)红眼雄果蝇与白眼雌果蝇交配　(雌、雄果蝇)全为红眼　雌果蝇全为红眼，雄果蝇全为白眼
解析　(1)摩尔根在一群红眼果蝇中，发现了一只白眼雄果蝇，并让它与正常的红眼雌果蝇交配，结果F1全是红眼果蝇，这表明红眼是显性性状.(2)摩尔根让F1中的红眼雌、雄果蝇相互交配，结果F2中，红眼果蝇与白眼果蝇的数量比为3∶1，该比例符合孟德尔一对相对性状杂交实验的性状分离比，这说明果蝇眼色的遗传符合(基因)分离定律.(3)杂交实验中选择(纯种的)红眼雄果蝇与白眼雌果蝇交配.结果预期:如果X、Y染色体上都存在控制果蝇眼色的基因，即亲本基因型为XbXb、XBYB，则子代基因型为XBXb、XbYB，即子代(雌、雄果蝇)全为红眼；如果控制果蝇眼色的基因只在X染色体上，即亲本基因型为XbXb、XBY，则子代基因型为XBXb、XbY，即子代中雌果蝇全为红眼，雄果蝇全为白眼.",2,2,第2章　基因和染色体的关系\重难突破3　伴性遗传.doc,,,,,,,word补充习题一套_题目答案知识标注.xlsx
302,"10.果蝇的卷曲翅(A)对正常翅(a)为显性，现有表中四种果蝇若干只，可选作亲本进行杂交实验.
序号
甲
乙
丙
丁
表型
卷曲翅♂
卷曲翅♀
正常翅♂
正常翅♀
(1)若表中四种果蝇均为纯合子(XAY、XaY视为纯合子)，要通过一次杂交实验确定基因A、a是在常染色体上还是在X染色体上，可设计如下实验:选用序号________为亲本进行杂交，如果子代雌、雄果蝇性状分别为________，则基因位于X染色体上.
(2)若不确定表中四种果蝇是否为纯合子，但已确定A、a基因在常染色体上，为进一步探究该基因是否存在显性纯合致死现象(胚胎致死)，可设计如下实验:
选取甲和乙为亲本进行杂交，如果子代表型及比例为________，则存在显性纯合致死，否则不存在.
(3)若已确定A、a基因在常染色体上且存在显性纯合致死现象，选用卷曲翅果蝇中的白眼果蝇(XbXb)与红眼果蝇(XBY)杂交，F1中，卷曲翅白眼果蝇的基因型是________，正常翅红眼果蝇占F1的比例为________.
(4)某基因型为XBXb的果蝇受精卵，第一次有丝分裂形成的两个子细胞一个正常，另一个丢失了一条X染色体，导致该受精卵发育成一个左侧躯体正常而右侧躯体为雄性(XO型为雄性)的嵌合体，则该嵌合体果蝇右眼的眼色为________.",,(1)甲、丁　卷曲翅、正常翅　(2)卷曲翅∶正常翅＝2∶1　(3)AaXbY　1/6　(4)红色或白色,"答案　(1)甲、丁　卷曲翅、正常翅　(2)卷曲翅∶正常翅＝2∶1　(3)AaXbY　1/6　(4)红色或白色
解析　(1)若通过一次杂交实验，鉴别某等位基因是在常染色体上还是在X染色体上，应选择的杂交亲本为隐性性状的雌性个体与显性性状的雄性个体.所以选择甲和丁作为亲本，若子代雌雄个体表型不一致(雌性全为卷曲翅，雄性全为正常翅)，可说明相应基因位于X染色体上.(2)若显性纯合致死，则无基因型为AA的个体，则甲、乙杂交后代中卷曲翅∶正常翅＝2∶1.(3)若已确定A、a基因在常染色体上且存在显性纯合致死现象，则卷曲翅白眼果蝇的基因型为AaXbXb，卷曲翅红眼果蝇的基因型为AaXBY，所以F1中卷曲翅白眼果蝇的基因型为AaXbY，正常翅红眼果蝇所占的比例为1/3×1/2＝1/6.(4)该果蝇右侧躯体细胞中只有一条X染色体，其上可能携带B或b基因，所以右眼可能是红色也可能是白色.",2,2,第2章　基因和染色体的关系\重难突破3　伴性遗传.doc,,,,,,,word补充习题一套_题目答案知识标注.xlsx
303,"11.已知血友病(H/h)为伴X染色体隐性遗传病.现有一对非血友病的夫妇生出了两个非双胞胎正常女儿.大女儿与一个非血友病的男性婚配，生出了一个患血友病的男孩，小女儿与一个非血友病的男性婚配并已怀孕.请回答下列相关问题:
(1)用“◇”表示尚未出生的孩子，画出该家庭的遗传系谱图，以表示该家系成员血友病的患病情况.
(2)若大女儿生了一个女孩，则该女孩患病的概率为________；小女儿与非血友病男性婚配生下一个患血友病男孩的概率为________.
(3)已知白化病(A/a)是一种常染色体隐性遗传病，医学检测发现大女儿及其丈夫均为白化病致病基因的携带者，则该夫妇生下一个患两种病男孩的概率为________.",,(1)如图,"答案　(1)如图
(2)0　1/8　(3)1/16
解析　(1)依据遗传系谱图的画法，以正方形代表男性，以圆形代表女性，以罗马数字代表世代数，以阿拉伯数字代表世代中的个体，并注明正常与患病个体情况等，详见答案.(2)大女儿已生下一个患血友病的男孩，说明大女儿的基因型为XHXh，其与一个非血友病男性(XHY)婚配，所生女孩均不患病；小女儿的母亲是血友病致病基因的携带者，小女儿的基因型为1/2XHXH、1/2XHXh，其与一个非血友病男性(XHY)婚配生下一个患血友病男孩的概率为1/2×1/4＝1/8.(3)由于大女儿夫妇均为白化病致病基因的携带者，故该夫妇的基因型分别为AaXHXh和AaXHY，生下一个患两种病男孩的概率为1/4×1/4＝1/16.",2,2,第2章　基因和染色体的关系\重难突破3　伴性遗传.doc,,,,,,,word补充习题一套_题目答案知识标注.xlsx
304,"12.1905年，E.B.Wilson发现，对于大多数生物而言，雌性个体有两条相同的X染色体，雄性个体有两条异型的性染色体，其中一条与雌性个体的性染色体不同，称之为Y染色体.后来，摩尔根从他们自己培养的红眼果蝇中发现了第一个他称为“例外”的白眼雄蝇，并用它做了下列实验.(注:不同类型的配子及不同基因型的个体生活力均相同)
实验一:将这只白眼雄蝇和一只正常红眼雌蝇杂交，结果如图所示:
实验二:将实验一中的F1红眼雌蝇与最初的那只白眼雄蝇作亲本进行杂交得到子一代.
请分析实验，并回答以下问题:
(1)从实验一的结果中可以看出，显性性状是________.
(2)正常情况下，雄果蝇在减数分裂过程中含有2条Y染色体的细胞名称是________，雌果蝇在有丝分裂后期含有________条X染色体.
(3)在实验一的F2中，白眼果蝇均为雄性，这是孟德尔的理论不能解释的，请你参考E.B.Wilson的发现，提出合理的假设:____________________________________
____________________________________________________________.
(4)请利用上述实验中得到的材料设计一个能验证你的假设的杂交方案:________________________________________________________________
____________________________________________________________(只写出杂交方式).
(5)仅从实验二的预期结果看，________(填“能”或“不能”)说明果蝇眼色的遗传与性别有关.请用遗传图解并配以简要的文字加以说明.(相关基因用A、a表示)",,(1)红眼　(2)次级精母细胞　4　(3)控制眼色性状的基因位于X染色体上，Y染色体上没有它的等位基因　(4)用实验二中的白眼雌蝇与红眼雄蝇杂交　(5)不能,"答案　(1)红眼　(2)次级精母细胞　4　(3)控制眼色性状的基因位于X染色体上，Y染色体上没有它的等位基因　(4)用实验二中的白眼雌蝇与红眼雄蝇杂交　(5)不能
从上述图解中可以看出，不论基因在常染色体还是性染色体上，其后代均有两种表型，且每种表型的性别比例均为1∶1.
解析　(1)实验一的结果显示:白眼雄蝇与正常红眼雌蝇杂交，F1均表现为红眼，F2红眼与白眼的性状分离比接近3∶1，据此可判断红眼是显性性状，且遵循基因的分离定律.(2)减数分裂过程中，处于减数第二次分裂后期的细胞中可能含有2条Y染色体，该细胞名称是次级精母细胞.雌果蝇在有丝分裂后期，着丝粒分裂导致细胞中的染色体数目加倍，含有4条X染色体.(3)在实验一的F2中，白眼果蝇均为雄性，说明这种遗传与性别相关联，所以合理的假设是:控制眼色性状的基因位于X染色体上，Y染色体上没有它的等位基因.(4)欲利用上述实验中得到的材料设计一个实验加以验证是否为伴性遗传，可采用测交方案，即将实验二中的白眼雌蝇与红眼雄蝇杂交，若为常染色体遗传，则双亲的基因型分别为Aa与aa，后代雌雄果蝇红眼∶白眼＝1∶1；若为伴X染色体遗传，则双亲的基因型分别XaXa与XAY，后代雌果蝇全是红眼(XAXa)，雄果蝇全是白眼(XaY).",2,2,第2章　基因和染色体的关系\重难突破3　伴性遗传.doc,,,,,,,word补充习题一套_题目答案知识标注.xlsx
305,1.下列有关果蝇精子形成过程中减数分裂Ⅰ和减数分裂Ⅱ的比较，正确的是(　　),"A.都有同源染色体
B.都有姐妹染色单体的分离
C.染色体数目可能相同
D.核DNA分子的含量可能相同",C,"答案　C
解析　减数分裂Ⅰ后期，同源染色体分离，因此减数分裂Ⅱ中不含同源染色体，A错误；在减数分裂Ⅰ过程中没有姐妹染色单体的分离，B错误；减数分裂Ⅰ和减数分裂Ⅱ后期、末期染色体数目相同，C正确；减数分裂Ⅰ和减数分裂Ⅱ中核DNA分子含量不相同，D错误.",1,1,第2章　基因和染色体的关系\阶段检测卷(二).doc,,,,,,,word补充习题一套_题目答案知识标注.xlsx
306,2.下列示意图能表示次级卵母细胞分裂过程的是(　　),,B,"答案　B
解析　次级卵母细胞中没有同源染色体，并且在减数分裂Ⅱ后期姐妹染色单体分开，成为两条染色体，并移向细胞的两极，在分裂过程中，细胞质不均等分裂.",1,1,第2章　基因和染色体的关系\阶段检测卷(二).doc,,,,,,,word补充习题一套_题目答案知识标注.xlsx
307,3.下列对四分体的理解，错误的是(　　),"A.每个四分体中含有4个DNA分子、4条染色体
B.果蝇的精原细胞在进行减数分裂时可形成4个四分体
C.四分体中的染色体形状、大小一般相同
D.四分体是减数分裂时同源染色体联会的结果",A,"答案　A
解析　每个四分体中含有4个DNA分子、2条染色体、4条染色单体，A错误；果蝇的精原细胞中含有8条染色体(4对同源染色体)，该细胞在进行减数分裂时可形成4个四分体，B正确；减数分裂Ⅰ的前期，同源染色体联会形成四分体，同源染色体的形状、大小一般都相同，一条来自父方，一条来自母方，C、D正确.",1,1,第2章　基因和染色体的关系\阶段检测卷(二).doc,,,,,,,word补充习题一套_题目答案知识标注.xlsx
308,4.下图是一个家族中某种遗传病的遗传系谱图.那么6号和7号生的女孩中出现此种遗传病的概率及再生一个患病女孩的概率依次是(　　),"A.1/4、1/8 B.1/8、1/4
C.1/4、1/4 D.1/8、1/8",A,"答案　A
解析　本题的易错之处是把生“患病女孩”与“女孩患病”的概率混淆.突破点是先确定遗传病的显隐性，观察系谱图，无中生有为隐性，9号患病，4号正常，因此6号和7号的基因型为Bb、Bb，则不论男女，子代患病概率均为1/4，即生一个患病孩子的概率为1/4.此孩子是女孩的概率为1/2，因此再生一个患病女孩的概率是1/4×1/2＝1/8.",9,9,第2章　基因和染色体的关系\阶段检测卷(二).doc,,,,,,,word补充习题一套_题目答案知识标注.xlsx
309,5.如图表示哺乳动物生殖和发育的过程，其中①～③为相关生理过程.下列说法错误的是(　　),"A.①过程中，染色体复制一次，而细胞连续分裂两次
B.①②过程保证了每种生物前后代染色体数目的恒定
C.②过程的完成依赖于细胞膜的流动性
D.③过程中细胞只能通过有丝分裂进行增殖",D,"答案　D
解析　图中①过程表示动物通过减数分裂产生配子，在减数分裂前的间期，染色体复制一次，而细胞在减数分裂过程中连续分裂两次，A正确；②过程表示受精作用，减数分裂和受精作用保证了每种生物前后代染色体数目的恒定，B正确；受精作用中精子与卵细胞融合成为受精卵依赖于细胞膜的流动性，C正确；受精卵发育为生物体的过程，细胞主要通过有丝分裂进行增殖，真核细胞还有其他增殖方式，D错误.",0,0,第2章　基因和染色体的关系\阶段检测卷(二).doc,,,,,,,word补充习题一套_题目答案知识标注.xlsx
310,6.如图所示，图1是某高等动物体内细胞分裂的示意图，图2表示该动物细胞中每条染色体上DNA含量变化的曲线图，下列叙述错误的是(　　),"A.该动物正常体细胞内有4条染色体
B.图1中表示减数分裂的是细胞甲
C.图2中C→D是因为着丝粒分裂
D.图1中的细胞乙对应图2中的BC段",D,"答案　D
解析　由于甲细胞处于减数第一次分裂后期，其中含有4条染色体，乙细胞处于有丝分裂后期，其中含有8条染色体，所以该动物正常体细胞内有4条染色体，A正确；图1中表示减数分裂的是细胞甲，表示有丝分裂的是细胞乙，B正确；图2中C→D是因为着丝粒的分裂，染色单体分开，每条染色体上只有1个DNA分子，C正确；图1中的细胞乙着丝粒分裂，染色单体分开，每条染色体上只有1个DNA分子，对应图2中的DE段，D错误.",1,1,第2章　基因和染色体的关系\阶段检测卷(二).doc,,,,,,,word补充习题一套_题目答案知识标注.xlsx
311,7.果蝇作为遗传实验材料的优点不包括(　　),"A.有易于区分的相对性状
B.繁殖快，后代数量多
C.取材容易，便于饲养
D.自然状态下都是纯种",D,"答案　D
解析　果蝇在自然状态下不一定都是纯种，D错误.",0,0,第2章　基因和染色体的关系\阶段检测卷(二).doc,,,,,,,word补充习题一套_题目答案知识标注.xlsx
312,8.如图是人类某遗传病的遗传系谱图，下列说法不正确的是(　　),"A.该病的致病基因不可能是X染色体上的显性基因
B.该病的致病基因可能位于Y染色体上
C.由于后代中只有男性患者，因此该病一定为伴性遗传
D.该病的致病基因可能是常染色体上的显性基因或隐性基因",C,"答案　C
解析　由系谱图可知，父亲和儿子均患病，女儿和母亲均不患病，则该病的致病基因不可能是X染色体上的显性基因，可能位于Y染色体上；该病可能为伴性遗传病，也可能为常染色体显性或隐性遗传病，C错误.",2,2,第2章　基因和染色体的关系\阶段检测卷(二).doc,,,,,,,word补充习题一套_题目答案知识标注.xlsx
313,9.果蝇的眼色基因位于X染色体上，野生型为红眼，其隐性突变为白眼.某缺刻翅类型是由于X染色体片段缺失导致的，并且缺失片段正好携带眼色基因，该类型缺刻翅目前只在雌果蝇中被发现且纯合致死.现用红眼缺刻翅雌果蝇与白眼雄果蝇杂交产生F1，结果最可能是(　　),"A.雌雄果蝇比例为1∶1，全红眼
B.雌雄果蝇比例为1∶1，红眼白眼果蝇比例为1∶1
C.雌雄果蝇比例为2∶1，白眼多于红眼
D.红眼、白眼果蝇比例为2∶1，雌性多于雄性",D,"答案　D
解析　分析题意可知，片段缺失的X染色体中必定不含有控制眼色的基因，设果蝇的眼色基因用B、b表示，用“X－”表示X染色体缺失片段，则亲本的红眼缺刻翅雌果蝇基因型为XBX－，白眼雄果蝇基因型为XbY，则F1有XBXb(红眼)、X－Xb(白眼)、XBY(红眼)、X－Y(致死)，子代中果蝇红眼∶白眼＝2∶1，由于X－Y个体不能存在，子代中雌性果蝇多于雄性，D正确.",2,2,第2章　基因和染色体的关系\阶段检测卷(二).doc,,,,,,,word补充习题一套_题目答案知识标注.xlsx
314,10.下列关于孟德尔遗传规律的现代解释的说法错误的是(　　),"A.等位基因位于一对同源染色体上，总是成对存在的
B.受精时，雌雄配子的结合是随机的，结合机会相等
C.配子只含有每对遗传因子中的一个
D.非同源染色体上的非等位基因彼此分离的同时，同源染色体上的等位基因自由组合",D,"答案　D
解析　在减数分裂过程中，同源染色体上的等位基因彼此分离的同时，非同源染色体上的非等位基因自由组合.",1,1,第2章　基因和染色体的关系\阶段检测卷(二).doc,,,,,,,word补充习题一套_题目答案知识标注.xlsx
315,11.某种二倍体高等植物的性别决定类型为XY型.该植物有宽叶和窄叶两种叶形，宽叶对窄叶为显性.控制这对相对性状的基因(B/b)位于X染色体上，含有基因b的花粉不育.下列叙述错误的是(　　),"A.窄叶性状只能出现在雄株中，不可能出现在雌株中
B.宽叶雌株与宽叶雄株杂交，子代中可能出现窄叶雄株
C.宽叶雌株与窄叶雄株杂交，子代中既有雌株又有雄株
D.若亲本杂交后子代雄株均为宽叶，则亲本雌株是纯合子",C,"答案　C
解析　控制宽叶和窄叶的基因位于X染色体上，宽叶对窄叶为显性，含基因b的花粉不育，可推出不存在窄叶雌株(XbXb)，A正确；宽叶雌株中有纯合子与杂合子，杂合宽叶雌株作母本时，子代雄株可为宽叶，也可为窄叶，纯合宽叶雌株作母本时，子代雄株全为宽叶，B、D正确；当窄叶雄株作父本时，由于含基因b的花粉不育，故后代只有雄性个体，C错误.",2,2,第2章　基因和染色体的关系\阶段检测卷(二).doc,,,,,,,word补充习题一套_题目答案知识标注.xlsx
316,12.家猫体色由位于X染色体上的一对等位基因B、b控制，只含基因B的个体为黑猫，只含基因b的个体为黄猫，其他个体为玳瑁猫，下列说法正确的是(　　),"A.玳瑁猫互交的后代中有25%雄性黄猫
B.玳瑁猫与黄猫的杂交后代中玳瑁猫占50%
C.为持续高效地繁育玳瑁猫，应逐代淘汰其他体色的猫
D.只有用黑猫和黄猫杂交，才能获得最大比例的玳瑁猫",D,"答案　D
解析　由题意可知，玳瑁猫的基因型为XBXb，不能互交，A错误；玳瑁猫(XBXb)与黄猫(XbY)杂交，后代中玳瑁猫占25%，B错误；只有雌性有玳瑁猫，若淘汰其他体色的猫，则玳瑁猫无法繁育，C错误；用黑色雌猫(XBXB)和黄色雄猫(XbY)杂交或者用黄色雌猫(XbXb)和黑色雄猫(XBY)杂交都可得到最大比例的玳瑁猫，其所占比例均为1/2，D正确.",2,2,第2章　基因和染色体的关系\阶段检测卷(二).doc,,,,,,,word补充习题一套_题目答案知识标注.xlsx
317,"13.雌雄异株植物女娄菜的叶形有阔叶和窄叶两种类型，由一对等位基因控制.有人用纯种阔叶和窄叶品系进行杂交实验，结果如下表.下列相关分析错误的是(　　)
正交
阔叶♀×窄叶♂→50%阔叶♀、50%阔叶♂
反交
窄叶♀×阔叶♂→50%阔叶♀、50%窄叶♂","A.依据正交的结果可判断阔叶为显性性状
B.依据正、反交结果可说明控制叶型的基因在X染色体上
C.正、反交的结果中，子代中的雌性植株基因型相同
D.让正交中的子代雌雄植株随机交配，其后代出现窄叶植株的概率为1/2",D,"答案　D
解析　分析表中信息，由正交结果可看出亲本中有窄叶，而子代中无窄叶，由此可判断阔叶为显性性状，A正确；由反交结果可看出，子代性状与性别有关，且子代雌性性状与母本不同，雄性性状与父本不同，因此，控制叶形的基因位于X染色体上，B正确；正、反交的结果中，子代中的雌性植株均为杂合子，基因型相同，C正确；设控制叶形的基因为A、a，则正交中的亲本基因型为XAXA、XaY，子代基因型为XAXa、XAY，若让子代雌雄植株随机交配，则其后代出现窄叶植株的概率是1/4，D错误.",2,2,第2章　基因和染色体的关系\阶段检测卷(二).doc,,,,,,,word补充习题一套_题目答案知识标注.xlsx
318,14.已知果蝇长翅和短翅、红眼和棕眼各为一对相对性状，分别受一对等位基因控制，且两对等位基因位于不同的染色体上.某同学让一只雌性长翅红眼果蝇与一只雄性长翅棕眼果蝇杂交，发现子一代中表型及比例为长翅红眼∶长翅棕眼∶短翅红眼∶短翅棕眼＝3∶3∶1∶1.由上述材料可知(　　),"A.长翅为显性性状，但不能确定控制长翅的基因的位置
B.长翅为显性性状，控制长翅的基因位于常染色体上
C.红眼为隐性性状，控制红眼的基因位于X染色体上
D.红眼性状的显隐性未知，控制红眼的基因位于常染色体上",A,"答案　A
解析　由子一代中表型及比例可知，长翅∶短翅＝3∶1、红眼∶棕眼＝1∶1，这说明长翅为显性性状，但不能确定红眼和棕眼的显隐性；而且题中没有说明性状与性别的关系，所以不能确定这两对等位基因的位置.",2,2,第2章　基因和染色体的关系\阶段检测卷(二).doc,,,,,,,word补充习题一套_题目答案知识标注.xlsx
319,15.一对患红绿色盲的夫妇生育了一个性染色体组成为XXY且患有红绿色盲的男孩，下列不可能为其患病原因的是(　　),"A.精子形成过程中，减数第一次分裂时同源染色体未分离
B.精子形成过程中，减数第二次分裂时相同染色体未分开
C.卵细胞形成过程中，减数第一次分裂时同源染色体未分离
D.卵细胞形成过程中，减数第二次分裂时相同染色体未分开",B,"答案　B
解析　设红绿色盲相关基因为B、b，由于该对夫妇均患红绿色盲，则该对夫妇的基因型为XbXb、XbY，而该患红绿色盲男孩的染色体组成为XXY，则该男孩的基因型为XbXbY，形成该男孩的卵细胞和精子的组合方式是XbXb＋Y或Xb＋XbY.若为前者，则形成的卵细胞XbXb可能是减数第一次分裂后期同源染色体未分离(C项)造成的，也可能是减数第二次分裂后期相同染色体未分开造成的(D项)；若为后者，则只能是精子形成过程中减数第一次分裂后期同源染色体未分离(A项)造成的，若精子形成过程中减数第二次分裂时相同染色体未分开，则只能得到含有两个X染色体或两个Y染色体的精细胞，故B符合题意.",2,2,第2章　基因和染色体的关系\阶段检测卷(二).doc,,,,,,,word补充习题一套_题目答案知识标注.xlsx
320,16.下列有关伴性遗传的叙述，正确的是(　　),"A.人类的血友病和红绿色盲的遗传遵循基因的自由组合定律
B.人群中红绿色盲男性患者远多于女性患者
C.抗维生素D佝偻病女性患者的儿子均为患者
D.若某亲本杂交，子代雌、雄个体的表型及比例相同，则相关基因一定位于常染色体上",B,"答案　B
解析　与人类的血友病和红绿色盲有关的基因均位于X染色体上，故在遗传时不遵循自由组合定律，A错误；伴X染色体隐性遗传病的遗传特点之一是患者中男性远多于女性，B正确；抗维生素D佝偻病是一种伴X染色体显性遗传病，若女性患者为杂合子，则其儿子可能不患病，C错误；基因型为XBXB、XBY的亲本杂交，子代雌、雄个体的表型及比例相同，D错误.",2,2,第2章　基因和染色体的关系\阶段检测卷(二).doc,,,,,,,word补充习题一套_题目答案知识标注.xlsx
321,17.鸟类的性别决定方式为ZW型，某种鸟的羽色由Z染色体上的复等位基因(基因B＋决定红色、基因B决定蓝色、基因b决定白色)控制，其显隐性关系为B＋>B>b.下列有关叙述错误的是(　　),"A.理论上，该鸟类关于羽色的基因型有9种
B.蓝色雌鸟的卵细胞中不一定含有基因B
C.蓝色雌雄鸟随机交配，子代可以出现红色鸟
D.红色雌鸟与杂合蓝色雄鸟杂交，子代出现白色雌鸟的概率为1/4",C,"答案　C
解析　依题意分析，雌鸟的基因型为Z－W，有3种，雄鸟的基因型为Z－Z－，有6种，故该鸟类关于羽色的基因型共有9种，A正确；蓝色雌鸟的基因型为ZBW，含W染色体的卵细胞中没有基因B，B正确；红色鸟的基因型为ZB＋W、ZB＋Z－，蓝色鸟的基因型为ZBW、ZBZB、ZBZb，蓝色雌雄鸟杂交，无论亲本雄鸟的基因型是ZBZB还是ZBZb，其子代都不可能出现红色鸟，C错误；红色雌鸟(ZB＋W)与杂合蓝色雄鸟(ZBZb)杂交，子代的基因型为ZB＋ZB、ZB＋Zb、ZBW、ZbW，子代出现白色雌鸟的概率为1/4，D正确.",0,0,第2章　基因和染色体的关系\阶段检测卷(二).doc,,,,,,,word补充习题一套_题目答案知识标注.xlsx
322,"18.如表所示为果蝇的性染色体组成与性别的对应关系(其他性染色体组成情况均表现为胚胎致死).果蝇体内有时会出现两条性染色体融合形成一条并联复合染色体(XX、YY)的现象，这种果蝇被称为并联体.已知果蝇的灰体对黄体为显性，由位于X染色体上的等位基因B、b控制，让并联黄体雌果蝇与正常灰体雄果蝇杂交，子代只产生了并联黄体雌果蝇和正常灰体雄果蝇，且子代雌雄果蝇均可育.下列相关叙述正确的是(　　)
性染色体组成
XY
XX
XXY
XO
XYY
果蝇性别
雄性
雌性
雌性
雄性(不育)
雄性","A.与正常灰体雄果蝇相比，亲本并联黄体雌果蝇体细胞内染色体数目异常
B.亲本并联黄体雌果蝇体内的并联复合染色体为XY
C.杂交子代中，雌、雄个体的数量比为1∶1
D.亲本并联黄体雌果蝇产生的卵细胞中不含Y染色体",C,"答案　C
解析　由题可知，并联黄体雌果蝇的基因型可能为XbXbY或XbXb，正常灰体雄果蝇的基因型为XBY，若杂交组合为XbXb×XBY，则不能产生可育的正常灰体雄果蝇，不符合题意；若杂交组合为XbXbY×XBY，且母本的并联复合染色体为XY，则子代的基因型(表型)及比例为XbYY(并联黄体雄果蝇)∶XBXbY(并联灰体雌果蝇)∶XbY(正常灰体雄果蝇)∶XBXb(正常黄体雌果蝇)＝1∶1∶1∶1，不符合题意；若杂交组合为XbXbY×XBY，且母本的并联复合染色体为XX，则子代的基因型(表型)及比例为XBXbXb(致死)∶XBY(正常灰体雄果蝇)∶XbXbY(并联黄体雌果蝇)∶YY(致死)＝1∶1∶1∶1，符合题意.由上述分析可知，亲本并联黄体雌果蝇的基因型为XbXbY，其中两条X染色体融合成一条并联复合染色体，其体细胞中染色体数目正常，A、B错误；杂交子代的表型及比例为正常灰体雄果蝇∶并联黄体雌果蝇＝1∶1，C正确；根据上述分析可知，亲本并联黄体雌果蝇产生的卵细胞的类型及比例为XbXb∶Y＝1∶1，D错误.",2,2,第2章　基因和染色体的关系\阶段检测卷(二).doc,,,,,,,word补充习题一套_题目答案知识标注.xlsx
323,19.鸡是ZW型性别决定的生物，如果一只母鸡性反转成公鸡，这只公鸡与母鸡交配，后代(WW胚胎不能存活)的性别是(　　),"A.全为公鸡 　 B.全为母鸡
C.有公鸡也有母鸡 　 D.无后代",C,"答案　C
解析　原来的母鸡性反转成公鸡，但是性反转的公鸡的染色体组成仍然是ZW，其与母鸡ZW交配，后代的染色体组成为1ZZ(公鸡)∶2ZW(母鸡)∶1WW(不能成活，胚胎时已致死)，C正确.",0,0,第2章　基因和染色体的关系\阶段检测卷(二).doc,,,,,,,word补充习题一套_题目答案知识标注.xlsx
324,20.如图为有甲、乙两种遗传病(相关基因用A、a和B、b表示)的某家族系谱图，已知6号个体不携带乙病的致病基因.下列有关叙述不正确的是(　　),"A.甲病致病基因位于常染色体上
B.乙病为隐性基因控制的遗传病
C.Ⅲ－7携带甲病致病基因的概率为1/2
D.Ⅱ－5与Ⅱ－6的后代中乙病的再发概率为1/4",C,"答案　C
解析　根据Ⅱ－3、Ⅱ－4无病，而后代Ⅲ－8是女儿且患甲病可知，甲病为常染色体隐性遗传病，A正确；根据Ⅱ－5、Ⅱ－6无病，且Ⅱ－6不携带乙病的致病基因，而后代Ⅲ－10患乙病可知，乙病为伴X染色体隐性遗传病，B正确；只考虑甲病，则Ⅱ－3、Ⅱ－4的基因型分别为Aa、Aa，Ⅲ－7携带致病基因的概率为2/3，C错误；只考虑乙病，则Ⅱ－5、Ⅱ－6的基因型分别为XBXb、XBY，后代患乙病的概率为1/4，D正确.
二、非选择题(每题10分，共40分)",9,9,第2章　基因和染色体的关系\阶段检测卷(二).doc,,,,,,,word补充习题一套_题目答案知识标注.xlsx
325,"21.已知人的白化病是常染色体遗传病，相关基因为A/a，红绿色盲是伴X染色体隐性遗传病，相关基因为B/b.一对表型正常的夫妇，生了一个既患白化病又患红绿色盲的孩子.请回答下列问题:
(1)白化病的致病基因为________，基因A/a和B/b的遗传遵循________定律.
(2)该对夫妇再生育一个表型正常孩子的概率为________，正常孩子的基因型可能有________种.
(3)这个既患白化病又患红绿色盲的孩子的性别是________，其致病基因的来源分别是________________.",,(1)隐性基因(或a基因)　(基因的分离定律和)基因的自由组合　(2)9/16　6　(3)男性　白化病致病基因来自其父亲和母亲，红绿色盲致病基因来自其母亲,"答案　(1)隐性基因(或a基因)　(基因的分离定律和)基因的自由组合　(2)9/16　6　(3)男性　白化病致病基因来自其父亲和母亲，红绿色盲致病基因来自其母亲
解析　(1)由题可知，一对表型正常的夫妇，生了一个患白化病的孩子，说明白化病的致病基因为隐性基因.基因A/a和B/b位于2对同源染色体上，在遗传时遵循基因的自由组合定律.(2)根据题意可知，该对夫妇的基因型为AaXBXb和AaXBY，他们生育的表型正常孩子的基因型为A_XB_，概率为3/4×3/4＝9/16，共有2×3＝6种可能的基因型.(3)这个既患白化病又患红绿色盲的孩子的基因型为aaXbY，性别为男性，其白化病致病基因来自父亲和母亲，红绿色盲致病基因来自母亲.",2,2,第2章　基因和染色体的关系\阶段检测卷(二).doc,,,,,,,word补充习题一套_题目答案知识标注.xlsx
326,"22.如图1是某绵羊细胞中染色体数随细胞分裂不同时期的变化曲线，图2和图3表示该个体处于不同分裂时期的两个细胞(仅示部分染色体).请回答下列问题:
(1)图1中DE段形成的原因是_________________________________
____________________________________________________.
(2)图2细胞取自该动物的________(填器官名称)，处于________(填具体时期)，对应于图1中的________(填字母)段，图3所示细胞的名称是________.
(3)若该绵羊的基因型为DdEe，图3细胞中基因的分布情况如图4所示，请在图4右侧方框中画出形成此细胞的减数分裂Ⅰ四分体时期的细胞图像(要求标明基因的分布情况):
图4",,(1)减数分裂Ⅱ后期，每条染色体的着丝粒分裂，姐妹染色单体随之分开，成为两条染色体(答案合理即可)　(2)卵巢　减数分裂Ⅰ后期　AB　极体,"答案　(1)减数分裂Ⅱ后期，每条染色体的着丝粒分裂，姐妹染色单体随之分开，成为两条染色体(答案合理即可)　(2)卵巢　减数分裂Ⅰ后期　AB　极体
(3)如图
解析　(1)分析题图可知，图1表示减数分裂不同时期的染色体数目变化曲线，其中DE段(细胞中染色体数目暂时加倍)形成的原因是减数分裂Ⅱ后期，每条染色体的着丝粒分裂，姐妹染色单体随之分开，成为两条染色体.(2)图2细胞处于减数分裂Ⅰ后期(对应于图1中AB段)，根据图2细胞细胞质不均等分裂可知，该绵羊个体为雌性，因此图2细胞应取自该绵羊的卵巢；图3细胞处于减数分裂Ⅱ后期，根据其细胞质均等分裂，可判断该细胞为极体.(3)若该绵羊的基因型为DdEe，图4细胞中姐妹染色单体分开后形成的染色体上含有D和d，可知形成此细胞的初级卵母细胞在减数分裂Ⅰ四分体时期发生了染色体互换，减数分裂Ⅰ四分体时期的细胞图像如答案所示.",1,1,第2章　基因和染色体的关系\阶段检测卷(二).doc,,,,,,,word补充习题一套_题目答案知识标注.xlsx
327,"23.如图表示果蝇X、Y染色体的结构示意图，其中Ⅰ区段为同源区段，Ⅱ－1、Ⅱ－2区段为非同源区段.请回答下列问题:
(1)果蝇的X染色体和Y染色体形状、大小均不相同，但仍然属于一对同源染色体，主要的判断依据是_________________________________________
________________________________________________________.
(2)已知果蝇的刚毛和截毛是一对相对性状，由等位基因B/b控制，有关杂交实验如表所示:
杂交实验一
P:刚毛(♀)×截毛(♂)→F1全为刚毛
杂交实验二
P:截毛(♀)×刚毛(♂)→F1中刚毛(♀)∶截毛(♂)＝1∶1
杂交实验三
P:截毛(♀)×刚毛(♂)→F1中截毛(♀)∶刚毛(♂)＝1∶1
①果蝇的刚毛和截毛中显性性状为________.
②根据杂交实验________可以判断等位基因B/b位于图中的________区段.
③请写出杂交实验三中亲本的基因型:________.",,(1)两条染色体分别来自父方和母方，在减数分裂过程中可以联会(答案合理即可),"答案　(1)两条染色体分别来自父方和母方，在减数分裂过程中可以联会(答案合理即可)
(2)①刚毛　②二和三　Ⅰ　③XbXb、XbYB
解析　(1)果蝇细胞中的X染色体和Y染色体，虽然形状和大小不同，但它们一条来自父方，一条来自母方，在减数分裂过程中可以联会，属于一对同源染色体.(2)①通过杂交实验一中亲代和子代的表型可以判断刚毛为显性性状.②由杂交实验二和三的结果可知，刚毛和截毛的遗传与性别相关联.对比分析杂交实验二和杂交实验三可知，基因B/b位于X、Y染色体的同源区段(Ⅰ区段)上.③根据杂交实验三中亲代和子代的表型可知，亲代的基因型为XbXb、XbYB.",2,2,第2章　基因和染色体的关系\阶段检测卷(二).doc,,,,,,,word补充习题一套_题目答案知识标注.xlsx
328,[例1] 1个不含15N的洋葱根尖分生区细胞在含15N标记的胸腺嘧啶脱氧核苷酸的培养液中完成一个细胞周期，然后转入不含15N标记的培养液中继续培养至第二个细胞周期的分裂中期，下图能正确表示该细胞分裂中期的是(只考虑其中一条染色体上的DNA分子) (　　),,D,"答案　D
解析　DNA的复制方式为半保留复制，将1个不含15N的洋葱根尖分生区细胞放入含15N标记的胸腺嘧啶脱氧核苷酸的培养液中培养一个细胞周期的时间，则第一个细胞周期结束后每条染色体的DNA上均有一条链有15N标记，一条链没有15N标记，取出细胞，移到不含15N标记的培养液中，经过DNA复制后，第二个细胞周期的分裂中期每条染色体含有两条染色单体，其中一条染色单体的DNA的一条链含15N标记，一条链没有15N标记，而另一条染色单体上的DNA的两条链均不含有15N标记，D正确.",4,4,第3章　基因的本质\微专题4　DNA复制与细胞中的染色体标记问题.doc,,,,,,,word补充习题一套_题目答案知识标注.xlsx
329,[例2] 将DNA分子双链用3H标记的蚕豆(2n＝12)根尖移入普通培养液(不含放射性元素)中，再让细胞连续进行有丝分裂.某普通培养液中的第三次有丝分裂中期，根据图示，判断该细胞中染色体的标记情况最可能是 (　　),"A.12个b
B.6个a，6个b
C.6个b，6个c
D.b＋c＝12个，但b和c数目不确定",D,"答案　D
解析　在普通培养液中第一次有丝分裂产生的子细胞的DNA分子中仅有1条链被标记，故第二次有丝分裂中期时，每条染色体的2条染色单体中仅有1条染色单体具有放射性，在有丝分裂后期时姐妹染色单体分开形成两条子染色体随机移向细胞两极，即第二次有丝分裂产生的子细胞中具有放射性的染色体数目不能确定，所以在第三次有丝分裂中期的细胞中有的染色体仅有1条染色单体具有放射性，有的染色体无放射性，但二者之和肯定为12.
重点题型2　减数分裂中染色体的标记情况
用15N标记细胞的DNA分子，然后将其放到含14N的培养液中进行正常减数分裂，情况如图所示:
由图可以看出，在减数分裂过程中细胞连续分裂2次，DNA只复制一次，所以四个子细胞中所有的DNA分子都呈“杂合”状态，即15N/14N，子细胞的所有染色体都含15N.
综上分析可知:只要亲代细胞所有的DNA均被标记且只复制1次，产生的子代DNA分子全带15N标记，一次有丝分裂产生的2个子细胞和一次减数分裂产生的4个子细胞，均带15N标记.",4,4,第3章　基因的本质\微专题4　DNA复制与细胞中的染色体标记问题.doc,,,,,,,word补充习题一套_题目答案知识标注.xlsx
330,[例3] 小鼠睾丸中一个不含放射性标记的精原细胞在含3H标记的胸腺嘧啶脱氧核苷酸培养液中培养一个细胞周期，然后在不含放射性标记的培养液中继续培养至完成减数分裂过程，其染色体的放射性标记分布情况是(　　),"A.初级精母细胞中的每条染色体都被标记
B.次级精母细胞中的每条染色体都被标记
C.只有一半精细胞中含有被标记的染色体
D.含标记的精细胞中都有一半的染色体被标记",A,"答案　A
解析　DNA的复制是半保留复制，一个精原细胞在含3H标记的胸腺嘧啶脱氧核苷酸的培养液中培养一个细胞周期后，每个DNA分子都有一条脱氧核苷酸链被标记，然后在不含放射性标记的培养液中完成减数分裂过程，减数分裂过程如图所示(以两对同源染色体为例).结合图示分析，初级精母细胞中每条染色体的两条染色单体一条被标记，一条未被标记，A正确；减数分裂Ⅱ前期、中期每条染色体都被标记，减数分裂Ⅱ后期，着丝粒分裂后，细胞中的染色体一半被标记，一半未被标记，B错误；减数分裂Ⅱ后期，着丝粒分裂后，染色体随机移向细胞两极，最终形成的4个精细胞中可能有2、3或4个细胞被标记，只有当4个精细胞都被标记时，才有可能出现含标记的精细胞中都有一半的染色体被标记的情况，C、D错误.",4,4,第3章　基因的本质\微专题4　DNA复制与细胞中的染色体标记问题.doc,,,,,,,word补充习题一套_题目答案知识标注.xlsx
331,[例1] 格里菲思用肺炎链球菌在小鼠身上进行了著名的转化实验，关于实验的结论错误的是 (　　),"A.说明了肺炎链球菌的遗传物质是DNA
B.说明了R型活细菌在一定条件下能够转化为S型细菌
C.说明了R型活细菌是无毒性的
D.说明了加热致死的S型细菌是无毒性的",A,"答案　A
解析　格里菲思的肺炎链球菌转化实验能够证明加热致死的S型细菌内存在促使R型细菌转化为S型细菌的转化因子，不能证明DNA是遗传物质，A错误；加热致死的S型细菌与R型活细菌混合注射到小鼠体内，小鼠死亡并分离出S型活细菌，说明R型活细菌在一定条件下能够转化为S型细菌，B正确；将R型活细菌单独注射到小鼠体内，小鼠存活，证明R型活细菌没有毒性，C正确；将加热致死的S型细菌注射到小鼠体内，小鼠能够存活，证明加热致死的S型细菌无毒，D正确.",3,3,第3章　基因的本质\第1节　DNA是主要的遗传物质.doc,,,,,,,word补充习题一套_题目答案知识标注.xlsx
332,[例2] 如图表示某生物兴趣小组做的肺炎链球菌的转化实验，下列相关叙述错误的是(　　),"A.DNA酶的作用是水解S型细菌的DNA
B.结果1中S型肺炎链球菌占绝大多数
C.该实验证明DNA是遗传物质
D.结果2中全部为R型肺炎链球菌",B,"答案　B
解析　DNA酶的作用是水解S型细菌中的DNA，使其失去转化活性，A正确；结果1中只有少数R型细菌转化为S型细菌，S型肺炎链球菌占少数，B错误；该实验证明DNA是遗传物质，C正确；S型细菌DNA被水解而失去作用，导致R型细菌无法转化为S型细菌，因此结果2中全部为R型肺炎链球菌，D正确.
探究点二　噬菌体侵染细菌的实验
如图为赫尔希和蔡斯进行的T2噬菌体侵染大肠杆菌实验过程，请分析回答下列问题:
(1)能否用32P和35S同时标记T2噬菌体？能否用14C替代32P和35S标记T2噬菌体？
提示　不能，这样会导致无法区分蛋白质和DNA的作用.蛋白质和DNA中都含有C元素，用14C标记无法区分蛋白质和DNA.
(2)实验中搅拌和离心的目的是什么？
提示　搅拌的目的是使吸附在细菌上的噬菌体与细菌分离.离心的目的是让上清液中析出质量较轻的T2噬菌体颗粒，离心管的沉淀物中留下被侵染的大肠杆菌.
(3)用32P标记的噬菌体侵染细菌，上清液中有少量放射性的原因是什么？
提示　保温时间过短，部分T2噬菌体没有侵染到大肠杆菌体内，经离心后分布于上清液中，使上清液出现放射性；保温时间过长，部分T2噬菌体在大肠杆菌体内增殖后释放出子代，经离心后分布于上清液中.
(4)用35S标记的噬菌体侵染细菌，沉淀物中有少量放射性的原因是什么？
提示　由于搅拌不充分，有少量含35S的T2噬菌体蛋白质外壳吸附在大肠杆菌表面，随大肠杆菌离心到沉淀物中.
实验结果及误差分析
(1)用含32P的噬菌体侵染大肠杆菌
(2)用含35S的噬菌体侵染大肠杆菌",3,3,第3章　基因的本质\第1节　DNA是主要的遗传物质.doc,,,,,,,word补充习题一套_题目答案知识标注.xlsx
333,[例3] 如果用15N、32P、35S标记噬菌体后，让其侵染未标记的细菌，在产生的子代噬菌体的组成成分中，能够找到的带标记元素为(　　),"A.可在DNA中找到15N和32P
B.可在外壳中找到15N和35S
C.可在DNA中找到15N和32P、35S
D.可在外壳中找到15N",A,"答案　A
解析　15N在亲代噬菌体DNA和蛋白质中都有，32P只存在于亲代噬菌体DNA中，35S只存在于亲代噬菌体蛋白质中；噬菌体侵染细菌，蛋白质外壳没有进入细菌，其DNA进入细菌，以自身DNA为模板，利用细菌提供原料，所以可在子代噬菌体的DNA中找到15N和32P，A正确；由于利用细菌的原料合成蛋白质外壳，所以不能在外壳中找到15N和35S，B错误；由于蛋白质外壳没有进入细菌，且DNA中不含有S元素，所以不能在DNA中找到35S，C错误；由于利用细菌的原料合成蛋白质外壳，所以不能在外壳中找到15N，D错误.",3,3,第3章　基因的本质\第1节　DNA是主要的遗传物质.doc,,,,,,,word补充习题一套_题目答案知识标注.xlsx
334,[例4] 某校生物研究性学习小组模拟赫尔希和蔡斯做了噬菌体侵染细菌的实验，实验过程如图所示，下列有关分析正确的是(　　),"A.理论上，b和c中不应具有放射性
B.实验中b含少量放射性与①过程中培养时间过长或过短有关
C.实验中c含有放射性与④过程中搅拌不充分有关
D.该实验证明了DNA是遗传物质，蛋白质不是遗传物质",A,"答案　A
解析　35S标记的是T2噬菌体的蛋白质外壳，32P标记的是T2噬菌体的DNA，所以离心后，理论上，b和c中不应具有放射性，A正确； 35S标记的是T2噬菌体的蛋白质外壳，T2噬菌体侵染细菌时，蛋白质外壳留在外面，经搅拌后与细菌分开，所以若b中含有放射性，说明搅拌不充分，B错误；实验中c含有放射性与④过程中培养时间过长或过短有关，C错误；该实验只证明了DNA是遗传物质，没有证明蛋白质不是遗传物质，D错误.
探究点三　DNA是主要的遗传物质
分析回答下列有关遗传物质种类的问题:
(1)人、T2噬菌体及大肠杆菌的遗传物质分别是什么？
提示　DNA、DNA、DNA.
(2)如图所示的生物，其遗传物质的种类是什么？
提示　三种生物都属于RNA病毒，遗传物质是RNA.
不同生物的遗传物质
生物类型
细胞生物
非细胞生物
真核生物
原核生物
多数病毒
少数病毒
核酸种类
DNA和RNA
DNA
RNA
遗传物质
DNA
DNA
RNA
结果
绝大多数生物的遗传物质是DNA，只有少部分病毒的遗传物质是RNA
结论
DNA是主要的遗传物质
但一种生物的遗传物质是唯一的，对某种生物不能说“主要遗传物质”.",3,3,第3章　基因的本质\第1节　DNA是主要的遗传物质.doc,,,,,,,word补充习题一套_题目答案知识标注.xlsx
335,[例5] 下列关于生物遗传物质的说法，正确的是(　　),"A.同时含有DNA和RNA的生物的遗传物质是DNA
B.DNA是主要的遗传物质是指一种生物的遗传物质主要是DNA
C.真核生物的遗传物质都是DNA，病毒的遗传物质都是RNA
D.肺炎链球菌体外转化实验和噬菌体侵染细菌实验证明了DNA是主要的遗传物质",A,"答案　A
解析　同时含有DNA和RNA的生物的遗传物质是DNA，A正确；DNA是主要的遗传物质是指绝大多数生物的遗传物质是DNA，B错误；真核生物的遗传物质都是DNA，RNA病毒的遗传物质是RNA，而DNA病毒的遗传物质是DNA，C错误；肺炎链球菌体外转化实验和噬菌体侵染细菌实验证明了DNA是遗传物质，但没有证明DNA是主要的遗传物质，D错误.
思维导图
晨读必背",3,3,第3章　基因的本质\第1节　DNA是主要的遗传物质.doc,,,,,,,word补充习题一套_题目答案知识标注.xlsx
336,1.下列能作为DNA是遗传物质直接证据的是(　　),"A.不同种生物的DNA含有的碱基数目不同
B.同种生物的不同细胞中，DNA的结构和含量保持一致
C.加热致死的S型细菌能将R型活细菌转化为S型活细菌
D.赫尔希和蔡斯利用同位素标记技术进行噬菌体侵染细菌的实验",D,"答案　D
解析　不同种生物的DNA含有的碱基数目不同，同种生物的不同细胞中，DNA的结构和含量保持一致，不能证明DNA是生物体的遗传物质，A、B不符合题意；加热致死的S型细菌能将R型活细菌转化为S型活细菌，只能证明加热致死的S型细菌中含有能将R型活细菌转化为S型活细菌的物质，不能证明DNA是生物体的遗传物质，C不符合题意；赫尔希和蔡斯利用同位素32P、35S分别标记噬菌体的DNA、蛋白质，通过噬菌体侵染细菌的实验，证明了DNA是遗传物质，D符合题意.",12,12,第3章　基因的本质\第1节　DNA是主要的遗传物质.doc,,,,,,,word补充习题一套_题目答案知识标注.xlsx
337,2.噬菌体侵染细菌繁殖形成的子代噬菌体(　　),"A.含有细菌的氨基酸，都不含亲代噬菌体的核苷酸
B.含有细菌的核苷酸，都不含亲代噬菌体的氨基酸
C.含有亲代噬菌体的核苷酸，不含细菌的氨基酸
D.含有亲代噬菌体的氨基酸，不含细菌的核苷酸",B,"答案　B
解析　噬菌体侵染细菌的过程中，只有DNA能进入细菌，所以指导蛋白质合成的DNA来自噬菌体，其他原料包括氨基酸和酶等均由细菌提供.因此繁殖形成的子代噬菌体含有细菌的核苷酸，都不含亲代噬菌体的氨基酸，B正确.",3,3,第3章　基因的本质\第1节　DNA是主要的遗传物质.doc,,,,,,,word补充习题一套_题目答案知识标注.xlsx
338,"3.格里菲思以小鼠为实验材料做了如下实验，下列关于此实验的分析，错误的是(　　)
项目
第一组
第二组
第三组
第四组
实验
处理
注射R
型活细菌
注射S型活细菌
注射加热后杀死的S型细菌
注射R型活细菌与加热杀死的S型细菌混合液
实验
结果
小鼠不死亡
小鼠死亡，从小鼠体内分离出S型活细菌
小鼠不死亡
小鼠死亡，从小鼠体内分离出S型活细菌","A.对实验结果的分析，四组实验必须相互对照
B.实验说明活R型肺炎链球菌发生了某种类型的转化
C.该实验结论为“DNA是使R型活细菌转化为S型细菌的转化因子”
D.获得该实验结论的关键步骤是第四组小鼠死亡并分离出S型活细菌",C,"答案　C
解析　四组实验必须相互对照；实验说明活R型肺炎链球菌发生了某种类型的转化；该实验结论为加热杀死的S型细菌必然含有某种促使R型活细菌转化的“转化因子”；获得该实验结论的关键步骤是第四组实验结果，即小鼠死亡并分离出S型活细菌.",3,3,第3章　基因的本质\第1节　DNA是主要的遗传物质.doc,,,,,,,word补充习题一套_题目答案知识标注.xlsx
339,4.如图表示科研人员探究“烟草花叶病毒(TMV)遗传物质”的实验过程，由此可以判断(　　),"A.水和苯酚的作用是分离病毒的蛋白质和RNA
B.TMV的蛋白质不能进入烟草细胞中
C.侵入烟草细胞的RNA转化成了DNA
D.RNA是TMV的主要遗传物质",A,"答案　A
解析　由图分析可知，TMV放在水和苯酚中振荡后，得到了RNA和蛋白质，可见水和苯酚有分离病毒成分的作用，A正确；由图不能得出蛋白质是否能进入烟草细胞，B错误；由图不能体现侵入烟草细胞的RNA转化成了DNA，C错误；该实验可以证明RNA是TMV的遗传物质，但无法证明是主要的遗传物质，D错误.
课后·分层训练
(时间:30分钟)
知识点1　肺炎链球菌的转化实验",3,3,第3章　基因的本质\第1节　DNA是主要的遗传物质.doc,,,,,,,word补充习题一套_题目答案知识标注.xlsx
340,1.下列关于艾弗里肺炎链球菌的转化实验的叙述，错误的是(　　),"A.该实验是在格里菲思实验的基础上进行的
B.该实验过程中需要进行细菌的培养
C.该实验运用了酶解法和同位素标记法
D.实验过程中，可通过观察菌落的特征来判断是否发生了转化",C,"答案　C
解析　艾弗里肺炎链球菌的转化实验是在格里菲思实验的基础上进行的，A正确；艾弗里肺炎链球菌的转化实验中需要培养肺炎链球菌，B正确；艾弗里肺炎链球菌的转化实验运用了酶解法，但没有运用同位素标记法，C错误；R型细菌在培养基上形成的菌落表面粗糙，S型细菌在培养基上形成的菌落表面光滑，二者的菌落特征不同，故实验过程中可通过观察菌落的特征来判断是否发生了转化，D正确.",3,3,第3章　基因的本质\第1节　DNA是主要的遗传物质.doc,,,,,,,word补充习题一套_题目答案知识标注.xlsx
341,2.肺炎链球菌的转化实验是证实DNA可作为遗传物质的最早证据，下列相关叙述错误的是(　　),"A.S型肺炎链球菌可导致小鼠患肺炎，使小鼠并发败血症死亡
B.无荚膜的肺炎链球菌可抵抗吞噬细胞的吞噬，有利于细菌在宿主体内繁殖
C.肺炎链球菌的体内转化实验只能证明加热致死的S型细菌中存在“转化因子”
D.肺炎链球菌的体外转化实验证明了DNA是肺炎链球菌的遗传物质",B,"答案　B
解析　S型肺炎链球菌有致病性，可使人和小鼠患肺炎，小鼠并发败血症死亡，A正确；无荚膜的肺炎链球菌感染人体或动物体后，容易被吞噬细胞吞噬并杀灭，有荚膜的肺炎链球菌可抵抗吞噬细胞的吞噬，有利于细菌在宿主体内生活并繁殖，B错误；肺炎链球菌的体内转化实验证明已经加热致死的S型细菌，含有某种促使R型活细菌转化为S型活细菌的活性物质——转化因子，C正确；肺炎链球菌的体外转化实验证明了DNA是使R型细菌产生稳定遗传变化的物质，D正确.",12,12,第3章　基因的本质\第1节　DNA是主要的遗传物质.doc,,,,,,,word补充习题一套_题目答案知识标注.xlsx
342,3.下列有关肺炎链球菌转化实验的叙述，正确的是(　　),"A.格里菲思认为已经加热致死的S型细菌中含有转化因子
B.格里菲思的实验表明S型细菌的DNA可以使小鼠死亡
C.艾弗里的实验不能证明蛋白质不是遗传物质
D.艾弗里的实验运用了“加法原理”",A,"答案　A
解析　格里菲思通过4组实验对照得出已经加热致死的S型细菌中含有转化因子，A正确；使小鼠死亡的是S型活细菌，而不是其DNA，B错误；艾弗里的实验可以证明蛋白质不是遗传物质，C错误；艾弗里的实验运用了“减法原理”，D错误.",3,3,第3章　基因的本质\第1节　DNA是主要的遗传物质.doc,,,,,,,word补充习题一套_题目答案知识标注.xlsx
343,4.肺炎链球菌转化实验的部分过程如图所示.下列叙述正确的是(　　),"A.S型细菌的菌落是粗糙的，R型细菌的菌落是光滑的
B.S型细菌的DNA经加热后失活，因而注射S型细菌后的小鼠仍存活
C.从病死小鼠中分离得到的肺炎链球菌只有S型细菌而无R型细菌
D.该实验未证明R型细菌转化为S型细菌是由S型细菌的DNA引起的",D,"答案　D
解析　S型细菌的菌落光滑，R型细菌的菌落粗糙，A错误；S型细菌的DNA经加热后变性失活，但温度降低后其活性可恢复，B错误；S型细菌中某种物质可促使部分R型细菌转化为S型细菌，因此从死亡小鼠中分离得到S型细菌和R型细菌，C错误；该实验证明S型细菌中存在某种转化因子，但不能证明转化因子是S型细菌的DNA，D正确.
知识点2　噬菌体侵染细菌实验",3,3,第3章　基因的本质\第1节　DNA是主要的遗传物质.doc,,,,,,,word补充习题一套_题目答案知识标注.xlsx
344,5.在探索遗传物质的过程中，T2噬菌体侵染大肠杆菌的实验发挥了重要作用.下列有关叙述正确的是(　　),"A.T2噬菌体中含有DNA和RNA两种核酸
B.T2噬菌体和大肠杆菌共有的细胞器是核糖体
C.培养基中的32P经大肠杆菌摄取后可出现在T2噬菌体的核酸中
D.T2噬菌体侵染大肠杆菌时，DNA和蛋白质外壳均进入大肠杆菌细胞中",C,"答案　C
解析　T2噬菌体是一种DNA病毒，由蛋白质和DNA组成，无细胞结构，无核糖体等细胞器，A、B错误；T2噬菌体侵染大肠杆菌后，就会在自身遗传物质的作用下，利用大肠杆菌体内的物质来合成自身的组成成分，进行大量增殖，所以培养基中的32P经大肠杆菌摄取后可出现在T2噬菌体的核酸中，C正确；T2噬菌体侵染大肠杆菌时，只有T2噬菌体的DNA进入大肠杆菌的细胞内，蛋白质外壳留在细胞外，D错误.",3,3,第3章　基因的本质\第1节　DNA是主要的遗传物质.doc,,,,,,,word补充习题一套_题目答案知识标注.xlsx
345,6.下列有关赫尔希和蔡斯的T2噬菌体侵染大肠杆菌实验的叙述，正确的是(　　),"A.该实验中离心的目的之一是让上清液中析出质量较轻的T2噬菌体
B.T2噬菌体的蛋白质外壳是由大肠杆菌的DNA指导合成的
C.实验中可用15N代替32P标记DNA
D.该实验证明了大肠杆菌的遗传物质是DNA",A,"答案　A
解析　噬菌体侵染细菌实验中，离心的目的是让上清液中析出质量较轻的T2噬菌体颗粒，而离心管的沉淀物中留下被侵染的大肠杆菌，A正确；T2噬菌体的蛋白质外壳是由噬菌体的DNA指导合成的，B错误；DNA和蛋白质中均含有N元素，所以不能用15N代替32P标记DNA，C错误；该实验证明了噬菌体的遗传物质是DNA，D错误.",3,3,第3章　基因的本质\第1节　DNA是主要的遗传物质.doc,,,,,,,word补充习题一套_题目答案知识标注.xlsx
346,7.下列有关噬菌体侵染细菌实验的分析，正确的是(　　),"A.实验前需要了解T2噬菌体侵染细菌后引起大肠杆菌裂解的大致时间
B.仅通过分析32P标记的实验组就可判断DNA和蛋白质是否进入了大肠杆菌
C.大肠杆菌裂解后，32P标记组的所有子代T2噬菌体均具有放射性
D.本实验分别研究了DNA和蛋白质在T2噬菌体增殖中的具体作用",A,"答案　A
解析　实验前需要了解T2噬菌体侵染细菌后引起细菌裂解的大致时间，从而确定保温的时间，防止保温时间过长或过短影响实验结果，A正确；32P标记的是T2噬菌体的DNA，因此分析32P标记的实验组只能判断DNA是否进入了细菌中，而不能判断蛋白质是否进入了细菌，B错误；用含32P标记的T2噬菌体侵染未被标记的大肠杆菌，32P标记的DNA能够进入大肠杆菌，利用大肠杆菌体内的物质来合成子代噬菌体的组成成分，进行大量增殖，细菌裂解后，32P标记组只有部分子代T2噬菌体具有放射性，C错误；该实验分别用35S和32P标记T2噬菌体的蛋白质和DNA，研究了在T2噬菌体增殖过程中是DNA还是蛋白质发挥遗传作用，而不是二者的具体作用，D错误.",3,3,第3章　基因的本质\第1节　DNA是主要的遗传物质.doc,,,,,,,word补充习题一套_题目答案知识标注.xlsx
347,8.下面是噬菌体侵染细菌实验的部分实验步骤示意图，对此实验的有关叙述正确的是(　　),"A.本实验所使用的被标记的噬菌体是接种在含有35S的培养基中获得的
B.本实验选用噬菌体作实验材料的原因之一是其结构组成中只有蛋白质和DNA
C.实验中采用搅拌和离心等手段是为了把DNA和蛋白质分开再分别检测其放射性
D.在新形成的噬菌体中没有检测到35S，说明噬菌体的遗传物质是DNA而不是蛋白质",B,"答案　B
解析　病毒的繁殖离不开细胞，因此，噬菌体不能在培养基上培养，A错误；噬菌体的结构组成只有蛋白质和DNA，B正确；实验中采用搅拌和离心等手段是为了把细菌和噬菌体的蛋白质外壳分离，C错误；在新形成的噬菌体中没有检测到35S，说明噬菌体侵染细菌时，蛋白质外壳未进入细菌，只有DNA进去了，所以噬菌体的遗传物质是DNA，但不能说明蛋白质不是遗传物质，D错误.
知识点3　DNA是主要的遗传物质",3,3,第3章　基因的本质\第1节　DNA是主要的遗传物质.doc,,,,,,,word补充习题一套_题目答案知识标注.xlsx
348,9.下列有关生物体遗传物质的叙述，错误的是(　　),"A.大肠杆菌的遗传物质主要是DNA
B.酵母菌的遗传物质分布在细胞核和细胞质中
C.烟草花叶病毒的遗传物质不含有硫元素
D.HIV的遗传物质初步水解可产生4种核糖核苷酸",A,"答案　A
解析　大肠杆菌为原核生物，其遗传物质是DNA，A错误；酵母菌是真核生物，其遗传物质是DNA，分布在细胞核和细胞质中，B正确；烟草花叶病毒的遗传物质为RNA，不含有硫元素，C正确；HIV的遗传物质为RNA，初步水解可产生4种核糖核苷酸，D正确.",3,3,第3章　基因的本质\第1节　DNA是主要的遗传物质.doc,,,,,,,word补充习题一套_题目答案知识标注.xlsx
349,10.下图为烟草花叶病毒对叶片细胞的感染和病毒重建实验示意图，相关叙述正确的是(　　),"A.对烟草花叶病毒进行降解的步骤需要用蛋白酶
B.图中B型后代的组成是RNA B和蛋白A
C.该实验证明了烟草花叶病毒的遗传物质是RNA
D.证明RNA是主要的遗传物质",C,"答案　C
解析　据题图分析可知，对烟草花叶病毒进行降解获得了蛋白质A、B，因此该过程不能用蛋白酶处理，A错误；图中B型后代的组成是RNA B和蛋白B，B错误；该实验证明了烟草花叶病毒的遗传物质是RNA，C正确，D错误.",3,3,第3章　基因的本质\第1节　DNA是主要的遗传物质.doc,,,,,,,word补充习题一套_题目答案知识标注.xlsx
350,11.在格里菲思所做的肺炎链球菌转化实验中，无毒性的R型活细菌与被加热杀死的S型细菌混合后注射到小鼠体内，从小鼠体内分离出了有毒性的S型活细菌.某同学根据上述实验，结合现有生物学知识所做的下列推测中，不合理的是(　　),"A.与R型细菌相比，S型细菌的毒性可能与荚膜多糖有关
B.S型细菌的DNA能够进入R型细菌细胞指导蛋白质的合成
C.加热杀死S型细菌使其蛋白质功能丧失而DNA功能可能不受影响
D.将S型细菌的DNA经DNA酶处理后与R型细菌混合，可以得到S型细菌",D,"答案　D
解析　S型细菌与R型细菌最主要的区别是前者具有多糖类的荚膜，后者不具有多糖类的荚膜，S型细菌有毒，故推测S型细菌的毒性可能与荚膜多糖有关，A正确；加热杀死的S型细菌其蛋白质已经被破坏，而分离出的S型细菌有毒性，即具备活性蛋白，可推出S型细菌的DNA能够进入R型细菌细胞中指导蛋白质的合成，B正确；加热可使蛋白质变性，由实验结果R型活细菌转化为有毒性的S型活细菌可知，S型细菌的遗传物质未受影响，即加热杀死S型细菌使其蛋白质功能丧失而其DNA功能可能不受影响，C正确；S型细菌的DNA经DNA酶处理后，被降解，失去活性，故与R型细菌混合后，无法得到S型细菌，D错误.",3,3,第3章　基因的本质\第1节　DNA是主要的遗传物质.doc,,,,,,,word补充习题一套_题目答案知识标注.xlsx
351,12.下图是科研工作者重复“肺炎链球菌转化实验”的步骤，分析有关描述，正确的是(　　),"A.该实验证明起转化作用的物质是DNA
B.1、2、3组为该实验的对照组
C.第4组中加热杀死的S型细菌转化成了R型细菌
D.该实验证明灭活的S型细菌可以复活",B,"答案　B
解析　该实验并未将S型细菌的各组成成分分开研究，因此不能证明起转化作用的是S型细菌的哪一种物质.第4组中加热杀死的S型细菌使R型细菌转化成了S型细菌，而不是加热杀死的S型细菌转化成R型细菌，也不是灭活的S型细菌复活.",3,3,第3章　基因的本质\第1节　DNA是主要的遗传物质.doc,,,,,,,word补充习题一套_题目答案知识标注.xlsx
352,"13.根据遗传物质的不同，可将病毒分为两类，如图为这两类病毒的化学组成示意图，其中b、c、d均为大分子物质，请据图回答下列问题:
(1)艾弗里与赫尔希等人选用细菌或病毒作为实验材料，其优点有_________________________________________________________
___________________________________________________________(答出两点).
(2)赫尔希和蔡斯的噬菌体侵染细菌实验中，选用了图中________(填“e类病毒”或“f类病毒”)中的一种.实验过程中，他们用35S、32P分别标记了图中的________(填序号)部位.
(3)为确定某病毒属于e类病毒还是f类病毒，不考虑在宿主细胞内发生碱基之间的相互转换，某实验小组以体外培养的宿主细胞为实验材料，设计了如下实验方案:
组别
实验处理
统计并记录
甲
在含放射性标记的胸腺嘧啶的培养基中培养宿主细胞
分别接种病毒一段时间后，检测子代病毒的放射性
乙
？
上述实验中，乙组应做的处理为________________________________.若________________________________则该病毒为f类病毒.",,(1)个体小，结构简单，易于观察因遗传物质改变导致的结构和功能的变化；繁殖快，短时间内可大量繁殖(答出两点、答案合理即可)　(2)e类病毒　①②(顺序不可颠倒)　(3)在含放射性标记的尿嘧啶的培养基中培养宿主细胞　甲组子代病毒无放射性，而乙组子代病毒有放射性,"答案　(1)个体小，结构简单，易于观察因遗传物质改变导致的结构和功能的变化；繁殖快，短时间内可大量繁殖(答出两点、答案合理即可)　(2)e类病毒　①②(顺序不可颠倒)　(3)在含放射性标记的尿嘧啶的培养基中培养宿主细胞　甲组子代病毒无放射性，而乙组子代病毒有放射性
解析　在探索遗传物质的科学实验中，以细菌和病毒作为实验材料，具有以下优点:个体小，结构简单，细菌是单细胞生物，病毒无细胞结构，只有核酸和蛋白质外壳，易于观察因遗传物质改变导致的结构和功能的变化；繁殖快，细菌20～30 min就可繁殖一代，病毒短时间内可大量增殖.(2)分析题图可知，e类病毒为DNA病毒，f类病毒为RNA病毒.赫尔希和蔡斯选择的T2噬菌体是DNA病毒.他们用35S、32P分别标记蛋白质和DNA，其中35S位于氨基酸的R基中，32P位于脱氧核苷酸的磷酸基团中.(3)为确定某病毒是DNA病毒还是RNA病毒，可在体外培养宿主细胞，其中甲组在含放射性标记的胸腺嘧啶的培养基中培养，乙组在含放射性标记的尿嘧啶的培养基中培养，分别接种病毒一段时间后，检测子代病毒的放射性.若甲组子代病毒无放射性，而乙组子代病毒有放射性，则说明该病毒为RNA病毒；若甲组子代病毒有放射性，而乙组子代病毒无放射性，则说明该病毒为DNA病毒.",3,3,第3章　基因的本质\第1节　DNA是主要的遗传物质.doc,,,,,,,word补充习题一套_题目答案知识标注.xlsx
353,[例1] 在制作DNA双螺旋结构模型时，如图为两个脱氧核苷酸的模型，○代表磷酸，下列叙述正确的是 (　　),"A.▭可能代表A、T、C、U四种含氮碱基
B.两个○可用别针(代表共价键)连接，以形成DNA的侧链
C.别针(代表共价键)应连接在一个核苷酸的和另一个核苷酸的○上
D.如果两个脱氧核苷酸分别位于链的两侧，则两个模型方向相同",C,"答案　C
解析　本题是制作DNA双螺旋结构模型，碱基▭包含A、T、C、G，没有碱基U，A错误；磷酸二酯键是一个脱氧核苷酸的脱氧核糖与另一个脱氧核苷酸的磷酸脱去1分子水形成的，不是两个脱氧核苷酸的两个磷酸基团形成，B错误；磷酸二酯键是一个脱氧核苷酸的脱氧核糖与另一个脱氧核苷酸的磷酸脱去1分子水形成的，别针(代表共价键)应连接在一个核苷酸的和另一个核苷酸的○上，C正确；DNA分子的两条链是反向平行的，若两个脱氧核苷酸分别位于链的两侧，两个模型方向相反，而不能相同，D错误.",4,4,第3章　基因的本质\第2节　DNA的结构.doc,,,,,,,word补充习题一套_题目答案知识标注.xlsx
354,[例2] 从分子水平上对生物体具有多样性或特异性的分析，错误的是 (　　),"A.碱基对排列顺序的千变万化，构成了DNA分子的多样性
B.碱基对特定的排列顺序，构成了每一个DNA分子的特异性
C.一个含2 000个碱基的DNA分子，其碱基对可能的排列方式有41 000种
D.人体内控制β­珠蛋白合成的基因由1 700个碱基对组成，其碱基对可能的排列方式有41 700种",D,"答案　D
解析　每种DNA(基因)都有特定的碱基排列顺序，因此β­珠蛋白基因碱基对的排列顺序是一定的.
探究点二　DNA分子中碱基的数量关系
如图DNA分子中一条链为1链，另一条链为2链，请分析回答下列问题:
(1)分析依据　碱基互补配对原则
(2)基本数量关系
A1＝T2、T1＝A2、G1＝C2、C1＝G2.
(3)拓展数量关系
①A1＋T1＝T2＋A2、G1＋C1＝C2＋G2，则(A1＋T1)/(G1＋C1)＝(A2＋T2)/(G2＋C2)＝(A＋T)/(G＋C).
②A1＋G1＝T2＋C2、T1＋C1＝A2＋G2，则(A1＋G1)/(T1＋C1)＝(T2＋C2)/(A2＋G2).
(4)双链DNA分子中碱基相关计算的三个基本规律
①嘌呤碱基总数与嘧啶碱基总数相等，即A＋G＝T＋C.
②互补碱基之和所占比例在任意一条链及整个DNA分子中都相等，即A1＋T1＝A2＋T2＝A＋T＝n%，G1＋C1＝G2＋C2＝G＋C＝m%.
③非互补碱基之和的比值在两条互补链中互为倒数，整个DNA分子中为1，即一条链中(A1＋G1)/(T1＋C1)＝a，互补链中(A2＋G2)/(T2＋C2)＝1/a，整个DNA分子中(A＋G)/(T＋C)＝1.
(5)若某DNA中，A≠T，G≠C，可能的原因是什么？
提示　该DNA不是双链结构，而是单链结构.",4,4,第3章　基因的本质\第2节　DNA的结构.doc,,,,,,,word补充习题一套_题目答案知识标注.xlsx
355,[例3] 某双链DNA分子含有400个碱基，其中一条链上A∶T∶G∶C＝1∶2∶3∶4.下列表述正确的是(　　),"A.该DNA分子的另一条链上A∶T∶G∶C＝1∶2∶3∶4
B.该DNA分子共有腺嘌呤60个
C.该DNA分子共有鸟嘌呤160个
D.其中一条链中(A＋T)/(G＋C)＝3/7，另一条链中(A＋T)/(G＋C)＝7/3",B,"答案　B
解析　根据碱基互补配对原则，该DNA分子另一条链上A∶T∶G∶C＝2∶1∶4∶3；A＋T占该链碱基总数比例为30%，G＋C占70%，即DNA分子中A＋T占30%，G＋C占70%，共有A＝T＝400×(30%÷2)＝60(个)，G＝C＝400×(70%÷2)＝140(个)；该DNA分子一条链中(A＋T)/(G＋C)＝3/7，则另一条链中(A＋T)/(G＋C)＝3/7.",4,4,第3章　基因的本质\第2节　DNA的结构.doc,,,,,,,word补充习题一套_题目答案知识标注.xlsx
356,[例4] 从某生物中提取出DNA进行化学分析，发现鸟嘌呤与胞嘧啶之和占全部碱基数的46%，又知该DNA的一条链(H链)所含的碱基中28%是腺嘌呤，则与H链互补的另一条链中腺嘌呤占该链全部碱基数的比例为(　　),"A.26% B.24%
C.14% D.11%",A,"答案　A
解析　明确DNA的两条链中所含碱基数目相同，且整个DNA中A＝T，G＝C，一条链中A、T、G、C的数量分别等于另一条链中T、A、C、G的数量，由此可得出答案.
方法一:假定每条链中有100个碱基，则双链DNA中(G＋C)＝100×2×46%＝92(个)，
所以A＋T＝200－92＝108(个).
所以A补＋TH＝(A＋T)－(AH＋T补)，且AH＝T补＝28(个)，
所以A补＝TH＝[(A＋T)－(AH＋T补)]＝[108－(28＋28)]＝26(个).
即A补占该链全部碱基数的26%.
方法二:(G＋C)占双链DNA的46%，则(A＋T)占双链DNA的54%.
因为A＋T＝2(A补＋T补)，G＋C＝2(G补＋C补)，
所以＝＝
＝54%.
即双链中(A＋T)的百分数等于每条单链中(A＋T)的百分数.
所以A补＝54%－28%＝26%.
解答DNA分子中有关碱基计算题目的“三步曲”
思维导图
晨读必背",4,4,第3章　基因的本质\第2节　DNA的结构.doc,,,,,,,word补充习题一套_题目答案知识标注.xlsx
357,1.右图表示某同学在制作DNA双螺旋结构模型时，制作 的一条脱氧核苷酸链，下列表述错误的是(　　),"A.能表示一个完整脱氧核苷酸的是图中的a或b
B.图中与每个五碳糖直接相连的碱基只有1个
C.相邻脱氧核苷酸之间通过化学键②连接起来
D.从碱基上看，缺少的碱基是T",A,"答案　A
解析　题图中只有a表示的是一个完整的脱氧核苷酸，A错误；题图中与五碳糖直接相连的碱基只有1个，B正确；②表示的是磷酸二酯键，相邻的脱氧核苷酸通过此键相连接，C正确；脱氧核苷酸中的碱基共有4种，即A、G、C、T，D正确.",4,4,第3章　基因的本质\第2节　DNA的结构.doc,,,,,,,word补充习题一套_题目答案知识标注.xlsx
358,"1.52
根据上表，可获得的最恰当的结论是(　　)","A.DNA具有特异性
B.DNA具有多样性
C.DNA具有遗传性
D.DNA具有特异性和多样性",D,"答案　D
解析　在双链DNA中，A＝T，G＝C，但(A＋T)/(G＋C)的值因生物种类的不同而不同，每一种生物都有其特定的比值，这就构成了DNA的特异性；不同生物，其比值又不同，这就构成了DNA的多样性.
3.某双链DNA分子中，胞嘧啶(C)占全部碱基的32%，则腺嘌呤(A)占全部碱基的(　　)
A.68% B.34%
C.32% D.18%
答案　D
解析　根据碱基互补配对原则，双链DNA分子中，非互补配对的碱基之和占碱基总数的一半.因此，某双链DNA分子中，胞嘧啶(C)占全部碱基的32%，则腺嘌呤(A)占全部碱基的50%－32%＝18%.
4.在一个DNA分子中，腺嘌呤与胸腺嘧啶之和占全部碱基总数的54%.若其中一条链的胞嘧啶占该链碱基总数的22%，胸腺嘧啶占28%，则另一条链上的胞嘧啶、胸腺嘧啶分别占该链碱基总数的(　　)
A.24%、26% B.22%、28%
C.27%、23% D.20%、30%
答案　A
解析　已知双链DNA分子中，腺嘌呤与胸腺嘧啶之和占全部碱基的54%，即A＋T＝54%，则A＝T＝27%，C＝G＝50%－27%＝23%，又已知一条链上的胞嘧啶占该链碱基总数的22%、胸腺嘧啶占28%，即C1＝22%，T1＝28%，根据碱基互补配对原则，C＝(C1＋C2)÷2，所以C2＝24%，同理T2＝26%.
课后·分层训练
(时间:30分钟)
知识点1　DNA双螺旋结构模型的构建及制作",4,4,第3章　基因的本质\第2节　DNA的结构.doc,,,,,,,word补充习题一套_题目答案知识标注.xlsx
359,1.某班级分组制作DNA双螺旋结构模型时，采用了如下流程:制作脱氧核苷酸→制作脱氧核苷酸链→制作双链DNA→螺旋化.下列叙述不正确的是(　　),"A.制作脱氧核苷酸链时，相邻脱氧核苷酸的磷酸基团直接相连
B.制作脱氧核苷酸时，将磷酸和碱基连在脱氧核糖的特定位置
C.制作双链DNA时，两条链之间的碱基A与T配对，G与C配对
D.各组DNA模型的碱基序列往往不同，反映了DNA分子的多样性",A,"答案　A
解析　制作脱氧核苷酸链时，相邻脱氧核苷酸之间以磷酸和脱氧核糖相连，A错误；制作脱氧核苷酸时，磷酸连在脱氧核糖的5号碳原子上，碱基连在脱氧核糖的1号碳原子上，B正确；制作双链DNA时，两条链之间的碱基A与T配对，G与C配对，C正确；组成DNA的脱氧核苷酸有4种，各组DNA模型的碱基序列往往不同，反映了DNA分子的多样性，D正确.",4,4,第3章　基因的本质\第2节　DNA的结构.doc,,,,,,,word补充习题一套_题目答案知识标注.xlsx
360,2.下列表示某同学制作的脱氧核苷酸结构模型(表示脱氧核糖、▭表示碱基、表示磷酸基团)，其中正确的是(　　),,C,"答案　C
解析　DNA分子中不含碱基U，A错误；磷酸和含氮碱基都连接在脱氧核糖上，且分别位于脱氧核糖的两侧，B、D错误.",4,4,第3章　基因的本质\第2节　DNA的结构.doc,,,,,,,word补充习题一套_题目答案知识标注.xlsx
361,3.同学们用如图所示的4种卡片分两组搭建DNA模型.有一组的卡片中有20个T和40个C；另一组同学有20个A和40个G.两组所取的卡片都恰好够搭建模型，这两组同学搭建的DNA模型最可能(　　),"A.长度一样，顺序也一样
B.长度一样，顺序不一样
C.长度不一样，顺序一样
D.长度不一样，顺序也不一样",B,"答案　B
解析　根据DNA分子结构特点，碱基A与T配对，碱基C与G配对，说明双链DNA中A＝T，G＝C.结合题干信息“两组所取的卡片都恰好够搭建模型”，说明前一组制作的DNA模型中A＝T＝20个，C＝G＝40个，共60个碱基对，但它们的排列顺序无法确定.后一组制作的DNA模型中A＝T＝20个，G＝C＝40个，共60个碱基对，它们的碱基对排列顺序也无法确定.综合上述分析，前后两组制作的DNA模型的长度相同，但顺序可能不同.",4,4,第3章　基因的本质\第2节　DNA的结构.doc,,,,,,,word补充习题一套_题目答案知识标注.xlsx
362,4.下图为某同学在学习DNA的结构后画的含有两个碱基对的DNA片段(其中“○”代表磷酸)，下列为几位同学对此图的评价，其中正确的是(　　),"A.甲说:“该图没有什么物质和结构上的错误”
B.乙说:“该图有一处错误，就是U应改为T”
C.丙说:“该图有三处错误，其中核糖应改为脱氧核糖”
D.丁说:“如果说他画的是RNA双链则该图就是正确的”",C,"答案　C
解析　题图中有三处错误，错误一:组成DNA分子的五碳糖应该是脱氧核糖，所以题图中的核糖应改为脱氧核糖；错误二:碱基应为A、T、G、C四种，图中的U应改为T；错误三:单链中脱氧核苷酸之间的连接形式不应该是磷酸与磷酸相连，而是磷酸与脱氧核糖相连.
知识点2　DNA的结构",4,4,第3章　基因的本质\第2节　DNA的结构.doc,,,,,,,word补充习题一套_题目答案知识标注.xlsx
363,5.下列有关DNA分子结构的叙述，错误的是(　　),"A.双链DNA分子中含有两个游离的磷酸基团
B.DNA的一条单链上相邻的碱基A与T之间通过氢键连接
C.嘌呤碱基与嘧啶碱基的结合保证了DNA分子空间结构的相对稳定
D.DNA分子两条链反向平行",B,"答案　B
解析　DNA的一条单链上相邻的碱基A与T之间通过“—脱氧核糖—磷酸—脱氧核糖—”连接.",4,4,第3章　基因的本质\第2节　DNA的结构.doc,,,,,,,word补充习题一套_题目答案知识标注.xlsx
364,6.下图是DNA的一个片段示意图，下列相关叙述错误的是(　　),"A.该DNA片段的碱基对中具有10个氢键
B.④的名称是胸腺嘧啶脱氧核苷酸
C.图中核糖和磷酸分子交替连接构成基本骨架
D.上图表示DNA的平面结构",C,"答案　C
解析　该DNA片段中有2个A与T构成的碱基对，有2个G与C构成的碱基对，而每个A与T之间有2个氢键，每个G与C之间有3个氢键，因此该DNA片段的碱基对中具有10个氢键，A正确；④是由1分子的①胸腺嘧啶、1分子的②脱氧核糖、1分子的③磷酸组成的，因此④的名称是胸腺嘧啶脱氧核苷酸，B正确；图中脱氧核糖和磷酸分子交替连接构成基本骨架，C错误；题图表示DNA的平面结构，D正确.",4,4,第3章　基因的本质\第2节　DNA的结构.doc,,,,,,,word补充习题一套_题目答案知识标注.xlsx
365,7.下列关于双链DNA的叙述，错误的是(　　),"A.一条链中A和T的数量相等，则互补链中A和T的数量也相等
B.一条链中G为C的2倍，则互补链中G为C的1/2
C.一条链中C∶T＝1∶2则互补链中G∶A＝2∶1
D.一条链中A∶T∶G∶C＝1∶2∶3∶4，则互补链中A∶T∶G∶C＝2∶1∶4∶3",C,"答案　C
解析　根据碱基互补配对原则，双链DNA中，一条链中的A和T分别与互补链中的T和A配对，一条链中的G和C分别与互补链中的C和G配对，故一条链中A和T的数量相等，则互补链中A和T的数量也相等，一条链中G为C的2倍，则互补链中G为C的1/2，A、B正确；一条链中C∶T＝1∶2，则互补链中G∶A＝1∶2，C错误；双链DNA分子中，一条链中A∶T∶G∶C＝1∶2∶3∶4，则互补链中A∶T∶G∶C＝2∶1∶4∶3，D正确.",4,4,第3章　基因的本质\第2节　DNA的结构.doc,,,,,,,word补充习题一套_题目答案知识标注.xlsx
366,8.噬菌体、烟草、烟草花叶病毒的核酸中各有碱基和核苷酸的种类依次分别为 (　　),"A.4、8、4和4、8、4 B.4、5、5和4、5、4
C.4、5、4和4、8、4 D.4、8、4和4、5、4",C,"答案　C
解析　噬菌体为DNA病毒，其核酸只含有DNA，故碱基只有A、T、C、G 4种，核苷酸有4种；烟草是植物，其核酸既有DNA也有RNA，碱基有A、G、C、T、U 5种，核苷酸有脱氧核糖核苷酸4种和核糖核苷酸4种，共8种；烟草花叶病毒为RNA病毒，其核酸只含有RNA，故碱基只有A、U、C、G 4种，核苷酸有4种.",4,4,第3章　基因的本质\第2节　DNA的结构.doc,,,,,,,word补充习题一套_题目答案知识标注.xlsx
367,9.下列有关DNA结构模型的构建的叙述，错误的是(　　),"A.沃森和克里克构建的DNA双螺旋结构模型属于物理模型
B.DNA是以4种脱氧核苷酸为单位连接而成的长链
C.研究DNA结构常用的方法是X射线晶体衍射法
D.威尔金斯和查哥夫应用X射线衍射技术获得了DNA衍射图谱",D,"答案　D
解析　沃森和克里克构建的DNA双螺旋结构模型属于物理模型，A正确；DNA是以4种脱氧核苷酸为单位连接而成的长链，这4种脱氧核苷酸分别含有A、T、C、G 4种碱基，B正确；研究DNA结构常用的方法是X射线晶体衍射法，C正确；威尔金斯和富兰克林应用X射线衍射技术获得了高质量的DNA衍射图谱，D错误.",4,4,第3章　基因的本质\第2节　DNA的结构.doc,,,,,,,word补充习题一套_题目答案知识标注.xlsx
368,10.某DNA分子中，G＋C之和占全部碱基的35.8%，一条链的T与C分别占该链碱基总数的32.9%和17.1%，则它的互补链中，T和C分别占该链碱基总数的(　　),"A.32.9%和17.1% B.31.3%和18.7%
C.18.7%和31.3% D.17.1%和32.9%",B,"答案　B
解析　由于DNA分子中G＋C之和在整体中的比例与在单链DNA中的比例均相等，可推出该已知链中G＋C＝35.8%，又因T与C分别占32.9%与17.1%，可求出该链中的A为1－(G＋C＋T)＝1－(35.8%＋32.9%)＝31.3%，G＝35.8%－17.1%＝18.7%.其互补链中T和C应与该链中A与G的含量相等.",4,4,第3章　基因的本质\第2节　DNA的结构.doc,,,,,,,word补充习题一套_题目答案知识标注.xlsx
369,"11.在制作DNA双螺旋结构模型时，所提供的卡片种类和数量如下表，下列相关叙述正确的是(　　)
卡片种类
磷酸
脱氧核糖
碱基
A
T
C
G
卡片数量
12
12
3
3
4
2","A.构成的DNA片段，最多含有氢键12个
B.最多可构建45种碱基序列的DNA
C.最多可构建5种脱氧核苷酸
D.DNA中每个脱氧核糖均与一分子磷酸相连",A,"答案　A
解析　这些卡片最多可形成3对A—T碱基对，2对C—G碱基对，而A和T之间有2个氢键，C和G之间有3个氢键，因此构成的双链DNA片段最多有12个氢键；由于碱基对种类和数目确定，因此可构建的DNA种类数远少于45种；表中所给碱基共有四种，因此最多可构建4种脱氧核苷酸；DNA中绝大多数脱氧核糖与2分子磷酸相连，只有末端的脱氧核糖与1分子磷酸相连.",4,4,第3章　基因的本质\第2节　DNA的结构.doc,,,,,,,word补充习题一套_题目答案知识标注.xlsx
370,12.下列有关DNA的叙述，错误的是(　　),"A.真核生物的DNA主要分布在细胞核中
B.DNA分子两条链之间的碱基按照碱基互补配对原则形成碱基对
C.DNA分子的稳定性与磷酸和核糖交替连接构成的基本骨架有关
D.双链DNA分子中氢键数越多，该DNA分子越稳定",C,"答案　C
解析　真核生物的DNA主要分布在细胞核中，A正确；DNA分子两条链之间的碱基通过氢键连接成碱基对，碱基配对遵循碱基互补配对原则，B正确；DNA中的脱氧核糖和磷酸交替连接，排列在外侧，构成基本骨架，C错误；双链DNA分子中氢键数越多，该DNA分子越稳定，D正确.",4,4,第3章　基因的本质\第2节　DNA的结构.doc,,,,,,,word补充习题一套_题目答案知识标注.xlsx
371,13.如图为玉米遗传物质的部分核苷酸链片段，下列有关叙述正确的是(　　),"A.图中b是组成DNA分子的单体之一
B.图中a的碱基G与脱氧核糖的5′－C相连
C.该核苷酸链中有两个游离的磷酸基团
D.图示核苷酸链片段中有3种脱氧核苷酸",D,"答案　D
解析　由图可知，a表示鸟嘌呤脱氧核苷酸，是组成DNA分子的单体之一，b不能表示一个脱氧核苷酸，A错误；在一个脱氧核苷酸中，脱氧核糖上与碱基相连的碳叫作1′－C，B错误；DNA的一条单链中，只有一端有一个游离的磷酸基团，C错误；图示核苷酸链片段中有3种脱氧核苷酸，即腺嘌呤脱氧核苷酸、鸟嘌呤脱氧核苷酸和胞嘧啶脱氧核苷酸，D正确.",4,4,第3章　基因的本质\第2节　DNA的结构.doc,,,,,,,word补充习题一套_题目答案知识标注.xlsx
372,"14.下图是DNA片段的结构图，请据图回答:
(1)图甲是DNA片段的________结构，图乙是DNA片段的________结构.
(2)填出图中部分结构的名称:2________、5________.
(3)从图中可以看出，DNA的基本骨架是由________和________交替连接的.
(4)碱基配对的方式为________与________配对；________与________配对.
(5)从图甲可以看出组成DNA的两条链的方向是________的，从图乙可以看出组成DNA的两条链相互缠绕成________________结构.",,(1)平面　立体(或空间) 　(2)一条脱氧核苷酸长链的片段　腺嘌呤脱氧核苷酸　(3)脱氧核糖　磷酸　(4)A(或腺嘌呤)　T(或胸腺嘧啶) 　G(或鸟嘌呤)　C(或胞嘧啶)　(5)反向平行　双螺旋,"答案　(1)平面　立体(或空间) 　(2)一条脱氧核苷酸长链的片段　腺嘌呤脱氧核苷酸　(3)脱氧核糖　磷酸　(4)A(或腺嘌呤)　T(或胸腺嘧啶) 　G(或鸟嘌呤)　C(或胞嘧啶)　(5)反向平行　双螺旋
解析　(1)从图中可以看出:甲表示的是DNA的平面结构，而乙表示的是DNA的立体(空间)结构.(2)图中2表示的是一条脱氧核苷酸长链的片段，而5表示的是腺嘌呤脱氧核苷酸.(3)从图甲的平面结构可以看出:DNA中脱氧核糖和磷酸交替连接，排列在外侧，构成了基本骨架.(4)DNA两条链上的碱基通过氢键连接成碱基对，且有一定规律:A与T配对，G与C配对.(5)根据图甲可以判断:组成DNA的两条脱氧核苷酸链是反向平行的；从图乙可以看出组成DNA的两条脱氧核苷酸链相互缠绕成规则的双螺旋结构.",4,4,第3章　基因的本质\第2节　DNA的结构.doc,,,,,,,word补充习题一套_题目答案知识标注.xlsx
373,[例1] 把培养在含轻氮(14N)环境中的细菌，转移到含重氮(15N)环境中培养，连续复制两轮的时间后，离心分离其DNA，结果应如图(　　),,B,"答案　B
解析　只含14N的细菌，转移到含重氮15N的环境中培养复制一轮的时间，由半保留复制特点可知，所形成的子代中每个DNA分子都是一条链含15N、另一条链含14N标记；再复制一轮，共形成4个DNA分子，其中只有两个DNA分子是一条链含15N、另一条链含14N标记，另两个DNA分子两条链都含15N标记，即子代有1/2中带、1/2重带.",4,4,第3章　基因的本质\第3节　DNA的复制 第4节　基因通常是有遗传效应的DNA片段.doc,,,,,,,word补充习题一套_题目答案知识标注.xlsx
374,[例2] 一个双链DNA，在复制过程中解旋时，由于某种原因，一条链上的一个“A”变成了“T”，则该DNA经n次复制后，发生差错的DNA占DNA总数的(　　),"A.1/2 B.1/n
C.1/2n D.1/4n",A,"答案　A
解析　一个双链DNA，在复制过程中解旋时，一条链(设为a链)上的一个“A”变成了“T”，另一条链(设为b链)是正常的，所以不论复制多少次，子代DNA中，凡最初模板为a链的，都是发生差错的DNA，凡最初模板为b链的，都是正常DNA.因此该DNA经n次复制后，发生差错的DNA占总数的1/2.
探究点二　DNA复制的过程",4,4,第3章　基因的本质\第3节　DNA的复制 第4节　基因通常是有遗传效应的DNA片段.doc,,,,,,,word补充习题一套_题目答案知识标注.xlsx
375,[例3] 下列有关DNA复制的叙述，错误的是(　　),"A.DNA复制可发生在真核细胞有丝分裂前的间期
B.DNA复制时所需要的原料是脱氧核苷酸，且消耗ATP
C.DNA复制时，以DNA的一条链作为模板先后合成两条子链
D.DNA通过复制保持了亲代和子代细胞中遗传信息的连续性",C,"答案　C
解析　在真核生物中，DNA复制是在细胞分裂前的间期，随着染色体的复制而完成的，A正确；复制开始时，在细胞提供的能量的驱动下，解旋酶将DNA双螺旋的两条链解开，然后，DNA聚合酶等以解开的每一条母链为模板，以细胞中游离的4种脱氧核苷酸为原料，按照碱基互补配对原则，各自合成与母链互补的一条子链，B正确，C错误；DNA通过复制，将遗传信息从亲代细胞传递给子代细胞，从而保持了遗传信息的连续性，D正确.",4,4,第3章　基因的本质\第3节　DNA的复制 第4节　基因通常是有遗传效应的DNA片段.doc,,,,,,,word补充习题一套_题目答案知识标注.xlsx
376,[例4] 真核细胞中DNA复制如下图所示，下列表述错误的是(　　),"A.多起点双向复制能保证DNA复制在短时间内完成
B.每个子代DNA都有一条脱氧核苷酸链来自亲代
C.复制过程中氢键的破坏和形成都需要DNA聚合酶的催化
D.DNA分子的准确复制依赖于碱基互补配对原则",C,"答案　C
解析　DNA复制过程中氢键的破坏需要解旋酶的催化，且氢键的形成不需要酶的催化，C错误.",4,4,第3章　基因的本质\第3节　DNA的复制 第4节　基因通常是有遗传效应的DNA片段.doc,,,,,,,word补充习题一套_题目答案知识标注.xlsx
377,[例5] 某DNA分子含m对碱基，其中腺嘌呤有a个.下列有关此DNA在连续复制时所需的胞嘧啶脱氧核苷酸数目的叙述，错误的是(　　),"A.在第一次复制时，需要(m－a)个
B.在第二次复制时，需要2(m－a)个
C.在第n次复制时，需要2n－1(m－a)个
D.在复制n次过程中，总共需要2n(m－a)个",D,"答案　D
解析　DNA分子复制一次，可产生2个DNA分子，因为每个DNA分子中含有(m－a)个胞嘧啶脱氧核苷酸，所以复制一次时，需要胞嘧啶脱氧核苷酸为(m－a)个，A正确；在第二次复制时，2个DNA分子会形成4个DNA分子，相当于形成2个新DNA分子，所以需要胞嘧啶脱氧核苷酸为2(m－a)个，B正确；在第n次复制后，会形成2n个DNA分子，所以需要胞嘧啶脱氧核苷酸为(2n－2n－1)(m－a)＝2n－1(m－a)个，C正确；在复制n次过程中，1个DNA分子变为2n个DNA分子，总共需要胞嘧啶脱氧核苷酸为(2n－1)(m－a)个，D错误.
DNA复制相关计算的3个易错点
(1)“DNA复制了n次”和“第n次复制”的区别，前者包括所有的复制，但后者只包括最后一次复制.
(2)在DNA复制过程中，无论复制了几次，含有亲代脱氧核苷酸单链的DNA分子都只有两个.
(3)看清碱基的数目单位是“对”还是“个”，“DNA分子数”还是“链数”，“含”还是“只含”等关键词.
探究点三　基因通常是有遗传效应的DNA片段
请据图回答下列问题:
(1)DNA上任何一个片段都是基因吗？不同基因的本质区别是什么？
提示　不一定，DNA上具有遗传效应的DNA片段才是基因，DNA分子中存在非基因片段.
不同基因的本质区别在于其脱氧核苷酸序列不同.
(2)图中C和D均具有多样性，其多样性的决定因素分别有哪些？
提示　DNA的多样性决定于脱氧核苷酸的排列顺序；蛋白质的多样性决定于组成蛋白质的氨基酸的种类、数量、排列顺序和肽链盘曲、折叠形成的空间结构.
(3)在有丝分裂后期、减数第一次分裂后期和减数第二次分裂后期，一条染色体中分别含有几个DNA分子？
提示　1个、2个、1个.
(4)真核生物体内，基因都在染色体上吗？
提示　不一定；染色体是基因的主要载体，叶绿体和线粒体中也含有基因.",4,4,第3章　基因的本质\第3节　DNA的复制 第4节　基因通常是有遗传效应的DNA片段.doc,,,,,,,word补充习题一套_题目答案知识标注.xlsx
378,"[例6] 如图是用集合的方法表示各种概念之间的关系，其中与图示相符的是(　　)
选项
1
2
3
4
A
染色体
DNA
RNA
基因
B
DNA
基因
脱氧核苷酸
碱基
C
核酸
DNA
脱氧核苷酸
基因
D
核酸
染色体
DNA
基因",,B,"答案　B
解析　基因是DNA的一个片段，基因的基本组成单位是脱氧核苷酸，碱基是组成脱氧核苷酸的成分之一.
(1)有些病毒的遗传物质是RNA，其遗传信息就储存于RNA片段中.
(2)对于真核细胞来说，染色体是DNA的主要载体，有少量DNA分布在叶绿体和线粒体中.而基因通常是具有遗传效应的DNA片段，因此可理解为:染色体是基因的主要载体，线粒体和叶绿体中也含有基因.
(3)对于原核细胞来说，拟核中的DNA分子是裸露的，并没有与蛋白质结合而构成染色体.
思维导图
晨读必背",4,4,第3章　基因的本质\第3节　DNA的复制 第4节　基因通常是有遗传效应的DNA片段.doc,,,,,,,word补充习题一套_题目答案知识标注.xlsx
379,1.下列有关DNA复制的说法，正确的是(　　),"A.人体成熟的红细胞中能发生DNA的复制
B.DNA复制时，先将DNA双链全部解旋然后再进行复制
C.碱基互补配对和DNA的双螺旋结构有利于DNA的准确复制
D.宿主细胞能为病毒DNA的复制提供原料、场所、模板和酶",C,"答案　C
解析　人体成熟的红细胞中没有细胞核和线粒体，不再进行分裂，所以不能发生DNA的复制，A错误；DNA复制时，不是先将DNA双链全部解旋然后再进行复制，而是边解旋边复制，B错误；碱基互补配对和DNA的双螺旋结构有利于DNA的准确复制，C正确；一般情况下，宿主细胞能为病毒DNA的复制提供原料、场所和酶，但模板是由病毒自己提供的，D错误.",4,4,第3章　基因的本质\第3节　DNA的复制 第4节　基因通常是有遗传效应的DNA片段.doc,,,,,,,word补充习题一套_题目答案知识标注.xlsx
380,2.如图表示DNA分子复制的片段，图中a、b、c、d表示脱氧核苷酸链.下列各项正确的是 (　　),"A.a和c的碱基序列互补
B.该过程需要的原料是核糖核苷酸
C.DNA复制时遵循碱基互补配对原则
D.a链上碱基A＝T、C＝G",C,"答案　C
解析　从图可知a链、d链是互补的两条模板链，b链是以a链为模板根据碱基互补配对形成的子链，c链是以d链为模板根据碱基互补配对形成的子链，因此a、c链相同，A错误；该过程属于DNA的复制，需要的原料是脱氧核苷酸，B错误；DNA复制时遵循碱基互补配对原则，C正确；一条DNA单链上A与T、C与G不一定相等，DNA双链中A＝T，C＝G，D错误.",4,4,第3章　基因的本质\第3节　DNA的复制 第4节　基因通常是有遗传效应的DNA片段.doc,,,,,,,word补充习题一套_题目答案知识标注.xlsx
381,3.细菌在含15N的培养液中繁殖数代后，使细菌DNA的含氮碱基皆含有15N，然后再移入含14N的培养液中培养，抽取其子代的DNA经高速离心分离，图中①～⑤为可能的结果，下列叙述错误的是(　　),"A.第一次分裂的子代DNA应为⑤
B.第二次分裂的子代DNA应为①
C.第三次分裂的子代DNA应为③
D.亲代的DNA应为⑤",A,"答案　A
解析　亲代DNA为15N/15N－DNA，经第一次复制所形成的子代DNA应均为15N/14N－DNA，应如图②所示.",4,4,第3章　基因的本质\第3节　DNA的复制 第4节　基因通常是有遗传效应的DNA片段.doc,,,,,,,word补充习题一套_题目答案知识标注.xlsx
382,4.用15N标记含有200个碱基对的DNA分子，其中有鸟嘌呤120个，该DNA分子在含14N的培养液中连续复制四次.其结果不可能是(　　),"A.含有15N的DNA分子占1/8
B.含有14N的DNA分子占7/8
C.需消耗腺嘌呤脱氧核苷酸1 200个
D.复制结果共产生16个DNA",B,"答案　B
解析　DNA复制为半保留复制，不管复制几次，最终都有2个子代DNA含15N，复制4次，产生16个DNA，所以含有15N的DNA分子占1/8，A正确；由于DNA分子的复制是半保留复制，最终只有2个子代DNA各含1条15N链、1条14N链，其余DNA都只含14N，故全部子代DNA都含14N，B错误；该DNA分子中含有400个碱基，其中有鸟嘌呤120个，则腺嘌呤A为80个，故复制过程中需腺嘌呤脱氧核苷酸(24－1)×80＝1 200(个)，C正确；复制4次后产生24＝16(个)DNA分子，D正确.
课后·分层训练
(时间:30分钟)
知识点1　DNA半保留复制的实验证据",4,4,第3章　基因的本质\第3节　DNA的复制 第4节　基因通常是有遗传效应的DNA片段.doc,,,,,,,word补充习题一套_题目答案知识标注.xlsx
383,1.大肠杆菌在含有15N的培养液中繁殖数代后，其DNA几乎都含有15N，然后将上述大肠杆菌转移到含14N的培养液中培养，在不同时刻收集大肠杆菌并提取其DNA，而后进行离心，记录离心后试管中DNA的位置，结果如图①～④所示.下列相关叙述正确的是(　　),"A.②为最早收集到的大肠杆菌DNA的离心结果
B.③为细胞分裂两次后的大肠杆菌DNA的离心结果
C.④为细胞分裂一次后的大肠杆菌DNA的离心结果
D.①②③中出现15N/14N－DNA，是半保留复制的结果",D,"答案　D
解析　由题分析可知，在将大肠杆菌放入含有14N的培养液之前，大肠杆菌DNA的两条链均含15N标记，根据图示分析可知，④为最早收集到的大肠杆菌DNA的离心结果，此时DNA尚未复制；②为细胞分裂一次后的大肠杆菌DNA的离心结果；①为细胞分裂两次后的大肠杆菌DNA的离心结果；③为细胞分裂三次或数次后的大肠杆菌DNA的离心结果，A、B、C错误；①②③中出现15N/14N－DNA是半保留复制的结果，D正确.",4,4,第3章　基因的本质\第3节　DNA的复制 第4节　基因通常是有遗传效应的DNA片段.doc,,,,,,,word补充习题一套_题目答案知识标注.xlsx
384,2.某亲本DNA分子双链均以白色表示，以灰色表示第一次复制出的DNA子链，以黑色表示第二次复制出的DNA子链，该亲本双链DNA分子连续复制两次后的产物是(　　),,D,"答案　D
解析　因为DNA的复制为半保留复制，因此亲本DNA的两条链将分别进入不同的子代DNA分子中，A、B错误；第二次复制时得到的4个DNA分子中，都有一条DNA子链是在第二次复制时形成的，而C项中只有两个DNA分子中含第二次复制出的子链(黑色表示)，C错误，D正确.
知识点2　DNA复制的过程",4,4,第3章　基因的本质\第3节　DNA的复制 第4节　基因通常是有遗传效应的DNA片段.doc,,,,,,,word补充习题一套_题目答案知识标注.xlsx
385,3.下列细胞结构中，不会发生DNA复制的是(　　),"A.线粒体 B.核糖体
C.细胞核 D.叶绿体",B,"答案　B
解析　线粒体、叶绿体和细胞核中都含有DNA，都能进行DNA复制，核糖体中不含DNA，不会发生DNA复制，B符合题意.",4,4,第3章　基因的本质\第3节　DNA的复制 第4节　基因通常是有遗传效应的DNA片段.doc,,,,,,,word补充习题一套_题目答案知识标注.xlsx
386,4.沃森和克里克提出DNA双螺旋结构后，又提出了DNA半保留复制的假说.下列有关DNA复制的叙述，错误的是(　　),"A.DNA复制是边解旋边复制的过程
B.生物体中DNA复制时只需要解旋酶催化
C.DNA复制时遵循碱基互补配对原则
D.每个子代DNA分子都由子链与母链盘绕而成",B,"答案　B
解析　DNA复制是一个边解旋边复制的过程，A正确；复制开始时，在细胞提供的能量的驱动下，解旋酶将DNA双螺旋的两条链解开，这个过程叫作解旋.然后，DNA聚合酶等以解开的每一条母链为模板，以细胞中游离的4种脱氧核苷酸为原料，按照碱基互补配对原则，各自合成与母链互补的一条子链.随着模板链解旋过程的进行，新合成的子链也在不断延伸，同时，每条新链与其对应的模板链盘绕成双螺旋结构，B错误，C、D正确.",4,4,第3章　基因的本质\第3节　DNA的复制 第4节　基因通常是有遗传效应的DNA片段.doc,,,,,,,word补充习题一套_题目答案知识标注.xlsx
387,5.如图是DNA复制示意图，复制过程中首先合成较短的片段(如a1、a2，b1、b2等)然后再由相关酶连接成DNA长链.下列相关叙述错误的是(　　),"A.图中复制起点在一个细胞周期中可起始多次
B.从结构上看，图中a1、a2与b1、b2的延伸方向是相同的
C.真核细胞的DNA有多个复制起点，可提高复制效率
D.DNA复制所需的酶可能有多种",A,"答案　A
解析　题图中复制起点在一个细胞周期中只可起始一次，A错误；双链DNA的两条链是反向平行的，从结构上看，图中a1、a2与b1、b2的延伸方向是相同的，均是从5′－端到3′－端，B正确；真核细胞的DNA有多个复制起点，可缩短DNA复制时间，提高复制效率，C正确；根据题意，除解旋酶、DNA聚合酶外，还有其他酶也参与了DNA复制，如连接a1、a2或b1、b2的酶(DNA连接酶)，D正确.",4,4,第3章　基因的本质\第3节　DNA的复制 第4节　基因通常是有遗传效应的DNA片段.doc,,,,,,,word补充习题一套_题目答案知识标注.xlsx
388,6.用15N标记含有100个碱基对的DNA分子，其中有胞嘧啶60个，该DNA分子在14N的培养液中连续复制5次.下列有关判断错误的是(　　),"A.含有15N的DNA分子有2个
B.只含有14N的DNA分子占15/16
C.复制过程中共需腺嘌呤脱氧核苷酸1 280个
D.第5次复制时需腺嘌呤脱氧核苷酸640个",C,"答案　C
解析　DNA分子进行半保留复制，不论经过几次复制，含有15N的DNA分子总是2个，A正确；复制5次共得到25＝32(个)DNA分子，只含有14N的DNA分子数为32－2＝30(个)，占15/16，B正确；该DNA分子含有100个碱基对，其中有胞嘧啶60(个)，则含有腺嘌呤(200－120)/2＝40(个)，复制过程中共需腺嘌呤脱氧核苷酸40×(25－1)＝1 240(个)，C错误；第5次复制时需腺嘌呤脱氧核苷酸40×(25－24)＝640(个)，D正确.
知识点3　基因通常是有遗传效应的DNA片段",4,4,第3章　基因的本质\第3节　DNA的复制 第4节　基因通常是有遗传效应的DNA片段.doc,,,,,,,word补充习题一套_题目答案知识标注.xlsx
389,7.下列有关遗传信息的叙述，正确的是(　　),"A.遗传信息多样性的物质基础是脱氧核糖序列的多样性
B.在同一个生物体中，遗传信息不能传递
C.小麦的遗传信息储存于DNA中，且在细胞核和细胞质中均有分布
D.遗传信息即生物体所表现出来的遗传性状",C,"答案　C
解析　遗传信息蕴藏在4种碱基(4种脱氧核苷酸)的排列顺序之中，4种脱氧核苷酸的排列顺序的千变万化，构成了DNA分子的多样性，所以遗传信息多样性的物质基础是脱氧核苷酸序列的多样性；在同一个生物体中，通过细胞分裂，遗传信息也可由亲代细胞传给子代细胞；遗传信息是DNA上脱氧核苷酸的排列顺序，并不是生物体表现出来的性状.",4,4,第3章　基因的本质\第3节　DNA的复制 第4节　基因通常是有遗传效应的DNA片段.doc,,,,,,,word补充习题一套_题目答案知识标注.xlsx
390,8.基因Ⅰ和基因Ⅱ在某条染色体DNA上的相对位置如图所示.下列说法正确的是(　　),"A.基因Ⅰ和基因Ⅱ的结构差别仅在于内部碱基对的排列顺序不同
B.基因Ⅰ中不一定具有遗传信息，但一定具有遗传效应
C.四分体时期，基因Ⅱ中的两条脱氧核苷酸链之间可能发生互换
D.基因Ⅰ与基因Ⅱ位于同一条染色体上，减数分裂时一般不能发生分离",D,"答案　D
解析　基因Ⅰ和基因Ⅱ的结构差别在于内部碱基对的数目、排列顺序不同，A错误；基因Ⅰ中既具有遗传信息也具有遗传效应，B错误；四分体时期，同源染色体的非姐妹染色单体之间可能发生互换，C错误；基因Ⅰ与基因Ⅱ位于同一条染色体上，减数分裂时一般不能发生分离，D正确.",4,4,第3章　基因的本质\第3节　DNA的复制 第4节　基因通常是有遗传效应的DNA片段.doc,,,,,,,word补充习题一套_题目答案知识标注.xlsx
391,9.用15N标记细菌的DNA分子，再将它们放入含14N的培养液中连续繁殖4代，a、b、c为3种DNA分子:a只含15N，b同时含14N和15N，c只含14N，如下图所示，这3种DNA分子的比例正确的是(　　),,D,"答案　D
解析　假设亲代DNA分子为n个，则繁殖4代后，DNA分子总数为16n，其中，只含15N的DNA分子为0个，同时含14N和15N的DNA分子有2n个，只含14N的DNA分子有14n个，它们呈现的比例为D图所示.",4,4,第3章　基因的本质\第3节　DNA的复制 第4节　基因通常是有遗传效应的DNA片段.doc,,,,,,,word补充习题一套_题目答案知识标注.xlsx
392,10.下图表示DNA复制的过程，结合图示判断，下列有关叙述错误的是(　　),"A.DNA复制过程中首先需要解旋酶破坏DNA双链间的氢键，使两条链解开
B.DNA分子的复制具有边解旋边复制的特点，生成的两条子链方向相反
C.DNA分子的复制需要DNA聚合酶将单个脱氧核苷酸连接成DNA片段
D.DNA的两条子链都是连续合成的",D,"答案　D
解析　由图可知，两条子链中，一条是连续合成的，另一条是不连续合成的.",4,4,第3章　基因的本质\第3节　DNA的复制 第4节　基因通常是有遗传效应的DNA片段.doc,,,,,,,word补充习题一套_题目答案知识标注.xlsx
393,11.下图为DNA分子的复制方式模式图，图中“→”表示复制方向.下列叙述错误的是(　　),"A.由图可知，DNA分子复制为单向复制
B.除图示酶外，DNA分子复制还需DNA聚合酶等
C.DNA分子复制时，子链的延伸方向是相同的
D.解旋含G—C碱基对较多区域时，消耗的能量相对较多",A,"答案　A
解析　由题图可知，DNA分子复制为双向复制，A错误；图示解旋酶能打开双链间的氢键，使双链DNA解开，需要消耗ATP，DNA复制过程中，还需要DNA聚合酶将单个脱氧核苷酸连接到DNA片段上，再将片段连成完整的子链需要DNA连接酶，B正确；DNA分子的两条链是反向平行的，而复制只能从5′－端向3′－端延伸，所以两条子链合成方向相反，但延伸方向是相同的，C正确；G—C含有3个氢键，A—T含有2个氢键，故解旋含G—C碱基对较多区域时，消耗的能量相对较多，D正确.",4,4,第3章　基因的本质\第3节　DNA的复制 第4节　基因通常是有遗传效应的DNA片段.doc,,,,,,,word补充习题一套_题目答案知识标注.xlsx
394,12.某双链DNA分子中碱基A和碱基G共有700个，氢键共有X个，其中一条链中碱基A和碱基T共占该条链碱基总数的2/7，该DNA分子连续复制2次，共消耗Y个碱基T.则X、Y分别为(　　),"A.700、200 B.1 400、400
C.1 900、600 D.2 100、800",C,"答案　C
解析　由题分析可知，该双链DNA分子中碱基A和碱基G共有700个，即A＋G＝700个，根据碱基互补配对原则，双链DNA分子中A＝T、C＝G，故该双链DNA分子中含有碱基1 400个.由“一条链中碱基A和碱基T共占该条链碱基总数的2/7”，可知该双链DNA分子中A＋T占碱基总数的2/7，即双链DNA分子中A＋T＝1 400×2/7＝400(个)，故A＝T＝200(个)，C＝G＝500(个).A—T碱基对中含有2个氢键、G—C碱基对中含有3个氢键，由此可得出，X＝200×2＋500×3＝1 900(个).一个DNA分子复制2次后，可得到4个DNA分子，故需要消耗碱基T的数目为(4－1)×200＝600(个)，C正确.",4,4,第3章　基因的本质\第3节　DNA的复制 第4节　基因通常是有遗传效应的DNA片段.doc,,,,,,,word补充习题一套_题目答案知识标注.xlsx
395,"13.2020年春季爆发了由新型冠状病毒引发的疫情，新型冠状病毒的基因组序列是具有29 903 bp的单链RNA，该RNA中含有10个基团，且基因中的碱基总数小于29 903 bp.请回答下列问题:
(1)新型冠状病毒的遗传信息蕴藏在________的排列顺序中，其RNA分子中的五碳糖是________，且五个碳原子________(填“能”或“不能”)构成一个环状结构.
(2)新型冠状病毒增殖时，需要宿主细胞提供的物质有________和相关酶，病毒的RNA复制时应遵循的原则是____________________.
(3)结合所学知识及新型冠状病毒等病毒的发现，说明某生物的基因是有遗传效应的________(填“DNA和RNA”或“DNA或RNA”)片段.",,(1)核糖核苷酸(或A、U、C、G)　核糖　不能　(2)4种核糖核苷酸、氨基酸、ATP　碱基互补配对原则　(3)DNA或RNA,"答案　(1)核糖核苷酸(或A、U、C、G)　核糖　不能　(2)4种核糖核苷酸、氨基酸、ATP　碱基互补配对原则　(3)DNA或RNA
解析　(1)新型冠状病毒的遗传信息蕴藏在核糖核苷酸的排列顺序中，其RNA分子中的五碳糖是核糖，且五个碳原子不能构成一个环状结构.(2)新型冠状病毒增殖时，需要宿主细胞提供的物质有4种核糖核苷酸、氨基酸、ATP和相关酶等，RNA复制时遵循的原则是碱基互补配对原则.(3)基因通常是有遗传效应的DNA片段，新型冠状病毒等病毒的发现，说明基因也可以是有遗传效应的RNA片段.",4,4,第3章　基因的本质\第3节　DNA的复制 第4节　基因通常是有遗传效应的DNA片段.doc,,,,,,,word补充习题一套_题目答案知识标注.xlsx
396,"14.如图甲是DNA分子局部组成示意图，图乙表示DNA分子复制的过程.请回答以下问题:
(1)图甲中有________种碱基，有________个游离的磷酸基团.两条脱氧核苷酸链的碱基之间通过________相连.
(2)图乙过程在真核细胞与原核细胞中进行的主要场所分别是________和________.
(3)图乙的DNA分子复制过程中所需的原料是________________.
(4)由图可知，随着模板链解旋过程的进行，新合成的子链也在不断地延伸，这说明DNA分子复制具有____________________的特点.
(5)已知某DNA分子共含1 000个碱基对、2 400个氢键，则该DNA分子中含有鸟嘌呤脱氧核苷酸________个；若将其复制4次，共需腺嘌呤脱氧核苷酸________个.",,(1)4　2　氢键　(2)细胞核　拟核　(3)4种脱氧核苷酸　(4)边解旋边复制　(5)400　9 000,"答案　(1)4　2　氢键　(2)细胞核　拟核　(3)4种脱氧核苷酸　(4)边解旋边复制　(5)400　9 000
解析　(1)图甲中有A、T、C、G共4种碱基，每一条DNA单链上有1个游离的磷酸基团，所以共有2个游离的磷酸基团；两条脱氧核苷酸链的碱基之间通过氢键相连.(2)图乙表示DNA分子复制过程，在真核细胞中进行的主要场所是细胞核，在原核细胞中进行的主要场所是拟核.(3)图乙的DNA分子复制过程，所需的原料是4种脱氧核苷酸.(4)图示说明DNA复制具有边解旋边复制的特点.(5)设鸟嘌呤G的含量为x个，腺嘌呤A的含量为y个，则x＋y＝1 000，3x＋2y＝2 400，解得x为400，y为600，即鸟嘌呤脱氧核苷酸为400个；复制4次，形成16个子代DNA，但其中由保留亲代的两条链不需要原料，所以需要原料合成的相当于15个DNA，则需要腺嘌呤脱氧核苷酸为15×600＝9 000(个).",4,4,第3章　基因的本质\第3节　DNA的复制 第4节　基因通常是有遗传效应的DNA片段.doc,,,,,,,word补充习题一套_题目答案知识标注.xlsx
397,1.下列有关赫尔希和蔡斯研究T2噬菌体侵染大肠杆菌的实验，说法错误的是(　　),"A.子代噬菌体DNA中的部分元素来自亲代噬菌体
B.35S标记的T2噬菌体的获得需用35S标记的大肠杆菌培养
C.用32P标记的T2噬菌体侵染大肠杆菌，上清液中检测到较高的放射性，可能是因为培养时间过长
D.侵染过程中所需的ATP可由大肠杆菌的线粒体所提供",D,"答案　D
解析　DNA为半保留复制，子代噬菌体的DNA中一条单链来自亲代，则子代噬菌体DNA中的部分元素来自亲代噬菌体，A正确；T2噬菌体是一种专门寄生在大肠杆菌体内的病毒，其不能独立生活，所以需要用35S标记的大肠杆菌培养，才能获得35S标记的T2噬菌体，B正确；用32P标记的T2噬菌体侵染大肠杆菌，如果培养时间过长，会导致细菌裂解释放出T2噬菌体，从而使上清液中放射性较高，C正确；大肠杆菌是原核生物，没有线粒体，D错误.",3,3,第3章　基因的本质\阶段检测卷(三).doc,,,,,,,word补充习题一套_题目答案知识标注.xlsx
398,2.研究证明，遗传物质除DNA外，还有RNA.下列相关叙述错误的是(　　),"A.有细胞结构的生物，其遗传物质都是DNA
B.没有细胞结构的生物，其遗传物质都是RNA
C.对整个生物界来说，DNA是主要的遗传物质
D.遗传信息蕴藏在核酸的碱基排列顺序之中",B,"答案　B
解析　有细胞结构的生物体中既含有DNA又含有RNA，但只以DNA作为遗传物质，A正确；病毒无细胞结构，仅含一种核酸，病毒的遗传物质是DNA或RNA，B错误；由于生物界中绝大多数生物的遗传物质是DNA，所以说DNA是主要的遗传物质，C正确；遗传信息蕴藏在核酸的碱基排列顺序之中，D正确.",3,3,第3章　基因的本质\阶段检测卷(三).doc,,,,,,,word补充习题一套_题目答案知识标注.xlsx
399,3.通过众多科学家的努力，DNA结构最终由美国生物学家沃森和英国物理学家克里克确定为双螺旋结构.下列关于DNA双螺旋结构的叙述，错误的是(　　),"A.DNA的基本骨架由磷酸和脱氧核糖交替连接而成
B.DNA的每条单链上都含有两个游离的磷酸基团
C.DNA中的脱氧核糖数、磷酸基团数与碱基数都是相等的
D.嘌呤碱基与嘧啶碱基的配对关系保证了DNA分子空间结构的相对稳定",B,"答案　B
解析　DNA中的脱氧核糖和磷酸交替连接，排列在外侧，构成基本骨架，A正确；DNA的每条单链中只有一个游离的磷酸基团，分布在5′－端，B错误；DNA的基本组成单位为脱氧核苷酸，一分子脱氧核苷酸是由一分子磷酸、一分子脱氧核糖和一分子碱基组成的，C正确；DNA分子中两条链上的碱基通过氢键连接成碱基对，其配对原则是A与T配对，G与C配对，这保证了DNA分子空间结构的相对稳定，D正确.",4,4,第3章　基因的本质\阶段检测卷(三).doc,,,,,,,word补充习题一套_题目答案知识标注.xlsx
400,4.下列有关赫尔希和蔡斯的噬菌体侵染细菌的实验的叙述，不正确的是 (　　),"A.该实验的设计思路是单独观察蛋白质和DNA的作用
B.检测离心后试管中上清液和沉淀物中放射性的强弱可推测侵入细菌中的物质
C.35S标记蛋白质的实验组，离心后的试管中上清液有较高的放射性
D.噬菌体侵染细菌的实验和格里菲思的肺炎链球菌的转化实验同时证明了DNA是遗传物质",D,"答案　D
解析　在噬菌体侵染细菌的实验中，实验设计思路为S是蛋白质的特征元素，P为DNA的特征元素，用放射性同位素32P和放射性同位素35S分别标记DNA和蛋白质，直接单独去观察它们的作用，A正确；离心后35S标记蛋白质的一组放射性主要集中在上清液中，32P标记DNA的一组放射性主要集中在沉淀物中，则可推测侵入大肠杆菌中的物质是T2噬菌体的DNA，其蛋白质外壳则留在了大肠杆菌的外面，B正确；35S标记蛋白质的实验组，由于蛋白质外壳没有进入大肠杆菌体内，所以离心后的试管中上清液有较高的放射性，C正确；格里菲思的肺炎链球菌转化实验证明了存在转化因子，但没有证明DNA是转化因子，D错误.",3,3,第3章　基因的本质\阶段检测卷(三).doc,,,,,,,word补充习题一套_题目答案知识标注.xlsx
401,5.下列关于噬菌体侵染细菌实验的说法，正确的是(　　),"A.分别使用35S、32P对同一个噬菌体的蛋白质外壳和DNA进行标记
B.可利用15N代替32P来标记DNA
C.32P标记的噬菌体侵染细菌后，沉淀物中的放射性很高
D.用32P标记的噬菌体侵染细菌，后代所有噬菌体都含放射性",C,"答案　C
解析　噬菌体侵染细菌实验中，应分别使用35S、32P对不同的噬菌体的蛋白质外壳和DNA进行标记，A错误；DNA和蛋白质中都含有N，所以不能利用15N代替32P来标记DNA，B错误；32P标记的噬菌体侵染细菌后，沉淀物中的放射性很高，C正确；用32P标记的噬菌体侵染细菌，可能只有部分噬菌体含有放射性，D错误.",3,3,第3章　基因的本质\阶段检测卷(三).doc,,,,,,,word补充习题一套_题目答案知识标注.xlsx
402,6.在对照实验中，控制自变量可以采用“加法原理”或“减法原理”.如艾弗里的肺炎链球菌转化实验中，控制自变量采用了“减法原理”，即每个实验组特异性地去除了一种物质，从而鉴定出DNA是遗传物质，实验操作图解如下.下列相关分析错误的是(　　),"A.甲组为对照组，S型细菌的细胞提取物是破碎加热致死的S型细菌后制得的
B.乙组包括3组实验，分别被特异性地除去了蛋白质、RNA或脂质
C.只有A的培养基上能长出两种肺炎链球菌的菌落
D.丙组中DNA酶的作用对象是S型细菌的细胞提取物中的DNA",C,"答案　C
解析　甲组对加热致死的S型细菌的细胞提取物没做任何处理，应为对照组，A正确；分析乙组处理可知，使用蛋白酶的目的是去除提取物中的蛋白质，使用RNA酶的作用是去除提取物中的RNA，使用酯酶的目的是去除提取物中的脂质，B正确；甲、乙两组的提取物中都含有S型细菌的DNA，而丙组提取物中的DNA被DNA酶分解了，因此，A、B的培养基上都能长出两种肺炎链球菌的菌落，C的培养基上只能长出一种菌落(R型菌落)，C错误，D正确.",3,3,第3章　基因的本质\阶段检测卷(三).doc,,,,,,,word补充习题一套_题目答案知识标注.xlsx
403,7.所谓“DNA指纹”，就是把DNA作为像指纹那样的独特特征来识别不同的人.DNA指纹鉴定技术的依据是不同人的DNA中不同的(　　),"A.碱基种类 B.脱氧核糖排列顺序
C.磷酸排列顺序 D.碱基排列顺序",D,"答案　D
解析　每个DNA分子中都含有A、T、C、G 4种碱基，即不同DNA分子中的碱基种类相同，A错误；磷酸、脱氧核糖的排列顺序是不变的，它们交替连接排列在外侧，构成DNA的基本骨架，B、C错误.",0,0,第3章　基因的本质\阶段检测卷(三).doc,,,,,,,word补充习题一套_题目答案知识标注.xlsx
404,8.下列各图为某生物兴趣小组的同学在“制作DNA双螺旋结构模型”的实践活动中制作的模型，其中正确的是(　　),,D,"答案　D
解析　根据DNA的双螺旋结构模型可知，DNA的两条链是反向平行关系，A错误；碱基U是RNA中特有的碱基，DNA中不含碱基U，B错误；DNA的两条链中，G—C碱基对之间有三个氢键，A—T碱基对之间有两个氢键，C错误；根据DNA分子的结构特点分析，D项中两个脱氧核苷酸的方向、脱氧核苷酸各组成部分的连接方式、碱基配对方式及碱基对之间的氢键数均正确，D正确.",4,4,第3章　基因的本质\阶段检测卷(三).doc,,,,,,,word补充习题一套_题目答案知识标注.xlsx
405,9.沃森和克里克提出DNA双螺旋结构后，紧接着又提出了DNA半保留复制的假说，该假说提出后，有人持不同观点，提出了全保留复制等不同假说.如图1、图2分别表示半保留复制和全保留复制的特点，下列相关叙述错误的是(　　),"A.两种复制方式中，DNA都需要先解旋，以暴露出游离的碱基
B.两种复制方式均以DNA的两条单链为模板，以脱氧核苷酸为原料
C.图1所示复制方式遵循碱基互补配对原则，图2所示复制方式不遵循
D.可利用同位素标记技术将亲代DNA的两条单链进行标记，从而探究DNA的复制方式",C,"答案　C
解析　DNA具有双螺旋结构，在复制时需要解旋，以暴露出游离的碱基，便于进行碱基互补配对，确保准确无误地复制子链，故两种DNA复制方式都需要先解旋，且都遵循碱基互补配对原则，A正确，C错误；两种复制方式都需要以亲代DNA的两条单链作为模板，以脱氧核苷酸作为原料，B正确；利用同位素标记技术将亲代DNA的两条单链进行标记后，可示踪模板链的去向，以探究DNA的复制方式，D正确.",4,4,第3章　基因的本质\阶段检测卷(三).doc,,,,,,,word补充习题一套_题目答案知识标注.xlsx
406,10.若用一个DNA双链均被32P标记的T2噬菌体侵染未被标记的大肠杆菌，培养一段时间后，产生n个子代T2噬菌体，则其中含有32P标记的T2噬菌体数目为(　　),"A.1个 B.2个
C.n个 D.n－2",B,"答案　B
解析　根据题干信息分析，用一个DNA双链均被32P标记的T2噬菌体侵染未被标记的大肠杆菌，由于DNA进行半保留复制，所以产生的n个子代T2噬菌体中，有2个T2噬菌体含有32P标记的母链，B符合题意.",3,3,第3章　基因的本质\阶段检测卷(三).doc,,,,,,,word补充习题一套_题目答案知识标注.xlsx
407,11.某双链DNA分子含有400个碱基，其中一条链上A∶T∶G∶C＝1∶2∶3∶4，且该DNA的两条链均只含14N.若以15N标记的四种游离脱氧核苷酸为原料，让该DNA复制3次，并将全部复制产物进行离心.下列相关叙述错误的是(　　),"A.离心后试管中出现两条DNA带，其中靠近试管底部的为15N/15N－DNA
B.离心试管中上层DNA带所含有的氢键数是下层的1/3
C.离心后试管中下层DNA带含有的15N标记的胞嘧啶为840个
D.将复制产物用解旋酶处理后再离心，上层与下层条带中的核苷酸链之比为1∶3",D,"答案　D
解析　DNA的复制方式为半保留复制，一个只含14N的DNA分子，以15N标记的脱氧核苷酸为原料复制3次，可得到8个子代DNA分子，其中6个DNA分子的两条链均含15N，另外2个DNA分子的一条链含15N，一条链含14N，离心后试管中会出现两条DNA带，其中靠近试管底部的为15N/15N－DNA，A正确；每个子代DNA分子含有的氢键数是相同的，离心后试管中上层DNA带与下层DNA带含有DNA数之比为1∶3，故上层DNA带所含有的氢键数是下层的1/3，B正确；该DNA分子的一条链中A∶T∶G∶C＝1∶2∶3∶4，则另一条链中A∶T∶G∶C＝2∶1∶4∶3，整个DNA分子中G＋C＝400×7/10＝280(个)，C＝G＝140(个)，下层DNA带中含有6个DNA分子，其中的胞嘧啶均含15N标记，则6个DNA分子中共有15N标记的胞嘧啶140×6＝840个，C正确；由于DNA分子复制了3次，产生了8个DNA分子，含16条脱氧核苷酸链，其中有14条链含15N标记，所以上层与下层条带中的核苷酸链之比为2∶14＝1∶7，D错误.",4,4,第3章　基因的本质\阶段检测卷(三).doc,,,,,,,word补充习题一套_题目答案知识标注.xlsx
408,12.下列有关染色体、DNA、基因、脱氧核苷酸的说法，错误的是(　　),"A.DNA上分布着许多个基因
B.基因是四种碱基对的特定排列顺序，而不是四种碱基对的随机排列
C.一个基因含有许多个脱氧核苷酸，基因的特异性是由脱氧核苷酸的排列顺序决定的
D.染色体是DNA的主要载体，一条染色体上只含有1个DNA分子",D,"答案　D
解析　基因通常是具有遗传效应的DNA片段，一个DNA分子上分布着很多个基因，A正确；一个基因具有特定的碱基排列顺序，B正确；一个基因一般含有成百上千个脱氧核苷酸，脱氧核苷酸的排列顺序决定了基因的特异性，C正确；染色体在细胞分裂前的间期复制后到着丝粒分裂前，一条染色体上含有2个DNA分子，D错误.",4,4,第3章　基因的本质\阶段检测卷(三).doc,,,,,,,word补充习题一套_题目答案知识标注.xlsx
409,13.DNA分子是双螺旋结构，如图表示DNA分子的一个片段.下列有关说法错误的是(　　),"A.DNA聚合酶作用于①部位
B.解旋酶作用于②部位
C.把此DNA放在含15N的培养液中复制3代，子代中含15N的DNA占75%
D.该DNA的特异性表现在碱基的排列顺序中",C,"答案　C
解析　把此DNA放在含15N的培养液中复制3代，子代中含15N的DNA占100%，C错误.",4,4,第3章　基因的本质\阶段检测卷(三).doc,,,,,,,word补充习题一套_题目答案知识标注.xlsx
410,14.下列关于DNA、基因和遗传信息的叙述，错误的是 (　　),"A.DNA通过复制，将遗传信息从亲代细胞传递给子代细胞
B.DNA复制和染色体复制是分别独立进行的
C.生物体内所有基因含有的碱基总数与所有DNA分子含有的碱基总数不同
D.人类基因组计划测定的是24条染色体上DNA的碱基序列",B,"答案　B
解析　DNA中蕴藏着大量的遗传信息，DNA通过复制，将遗传信息从亲代细胞传递给子代细胞，从而保持了遗传信息的连续性，A正确；染色体是DNA的主要载体，故细胞核内DNA复制和染色体复制是同时进行的，B错误；基因通常是有遗传效应的DNA片段，DNA中的某些片段不属于基因，因此，生物体内所有基因含有的碱基总数少于所有DNA分子含有的碱基总数，C正确；人类基因组计划测定的是24条染色体(22条常染色体＋X＋Y)上DNA的碱基序列，D正确.",4,4,第3章　基因的本质\阶段检测卷(三).doc,,,,,,,word补充习题一套_题目答案知识标注.xlsx
411,15.研究发现，胞嘧啶脱去氨基可变成尿嘧啶，亚硝酸具有氧化脱氨的作用.如图所示，DNA片段甲经过亚硝酸盐处理后成为片段乙，片段乙在适宜的条件下可继续复制，片段丙则是片段乙复制后得到的一种结果.下列相关叙述正确的是(　　),"A.经上述处理后，理论上片段丙的结构比片段甲更稳定
B.片段乙复制n次后，获得的子代DNA片段中与片段甲相同的占1/2
C.片段乙至少需要经过3次复制才能得到片段丙
D.图中处理引起的DNA结构的改变，必将引起基因结构的改变",B,"答案　B
解析　由于A—T碱基对中含有2个氢键，而C—G碱基对中含有3个氢键，片段丙中的氢键数比片段甲中的少，理论上片段甲的结构比片段丙更稳定，A错误；片段乙复制n次后，可获得2n个DNA片段，由于DNA复制具有半保留复制的特点，这2n个DNA片段中与片段甲相同的占1/2，B正确；片段乙经过2次复制就可得到片段丙，C错误；基因通常是有遗传效应的DNA片段，若图中发生碱基替换的DNA片段没有遗传效应，则不会引起基因结构的改变，D错误.",4,4,第3章　基因的本质\阶段检测卷(三).doc,,,,,,,word补充习题一套_题目答案知识标注.xlsx
412,16.某科研小组模拟格里菲思的实验，将生理状态一致的小鼠平均分成A、B、C、D四组，分别向A、B、C、D四组小鼠体内注射R型活细菌、S型活细菌、加热致死的S型细菌、R型活细菌与加热致死的S型细菌的混合物.下列有关实验结果和结论的分析，正确的是 (　　),"A.A、C、D组小鼠均不死亡，原因是R型活细菌和加热致死的S型细菌无致病性
B.注射处理一段时间后，只有B组小鼠的体内能分离出S型活细菌
C.该实验说明加热致死的S型细菌的蛋白质已失去活性
D.可推测加热致死的S型细菌中含有促使R型活细菌转化为S型活细菌的转化因子",D,"答案　D
解析　A组注射的R型活细菌无致病性，故A组小鼠不死亡；B组注射的S型活细菌有致病性，故B组小鼠死亡，从死亡小鼠体内可分离出有致病性的S型活细菌；加热致死的S型细菌无致病性，故C组注射加热致死的S型细菌后小鼠不死亡；加热致死的S型细菌中含有某种转化因子，该转化因子可促使R型活细菌转化为S型活细菌，故D组小鼠死亡，从死亡小鼠体内可分离出有致病性的S型活细菌.综上所述，A、B错误，D正确；由该实验不能说明加热致死的S型细菌的蛋白质已失去活性，C错误.",0,0,第3章　基因的本质\阶段检测卷(三).doc,,,,,,,word补充习题一套_题目答案知识标注.xlsx
413,17.下图为真核生物DNA分子复制过程示意图，下列说法中错误的是 (　　),"A.图中DNA分子复制是从多个起点开始的，但不同时开始，复制开始时间右边最早
B.图中DNA分子复制的特点有:边解旋边复制、半保留复制
C.真核生物的这种复制方式的意义是:提高了复制速率
D.图中过程只能发生在细胞核中",D,"答案　D
解析　从图中可看出，DNA复制是从多个起点开始的，并且均是以亲代DNA分子的一条链为模板进行的半保留复制，但不同时开始，复制开始时间右边最早，A正确；图中DNA分子复制的特点有:边解旋边复制、半保留复制，B正确；DNA分子的这种多起点复制方式提高了复制速率，并且每次复制都可产生两个DNA分子，C正确；线粒体、叶绿体中的DNA也能通过此方式进行复制，D错误.",4,4,第3章　基因的本质\阶段检测卷(三).doc,,,,,,,word补充习题一套_题目答案知识标注.xlsx
414,18.赫尔希和蔡斯以T2噬菌体和大肠杆菌为实验材料，利用放射性同位素标记技术，完成了噬菌体侵染细菌的实验，实验流程如图所示.下列相关叙述错误的是(　　),"A.本实验中35S、32P标记的位置分别是氨基酸的R基和脱氧核苷酸的磷酸基团
B.若检测到上清液的放射性很高，则图中的T2噬菌体被35S标记
C.若图中T2噬菌体被32P标记，则保温时间过长会使沉淀物的放射性增强
D.若图中T2噬菌体被35S标记，则搅拌不充分会使上清液的放射性减弱",C,"答案　C
解析　结合教材中所学的知识可知，本实验利用了S、P元素的同位素35S和32P，S是蛋白质中特有的元素，位于组成蛋白质的氨基酸的R基中，P几乎都存在于DNA中，位于脱氧核苷酸的磷酸基团中，A正确；由于T2噬菌体侵染大肠杆菌时，只有DNA进入大肠杆菌中，蛋白质外壳不能进入，因此35S标记组离心后35S随蛋白质外壳出现在上清液中，上清液的放射性很高，B正确；若图中T2噬菌体被32P标记，则32P会随DNA进入大肠杆菌中，离心后放射性物质主要存在于沉淀物中，若保温时间过长，则大肠杆菌可能会裂解，子代T2噬菌体被释放出来，离心后，释放出来的子代T2噬菌体出现在上清液中，导致上清液的放射性增强，C错误；若图中的T2噬菌体被35S标记，则搅拌不充分会使部分T2噬菌体或T2噬菌体的蛋白质外壳吸附在大肠杆菌表面，离心时随大肠杆菌一起沉淀，导致沉淀物中放射性增强，上清液的放射性减弱，D正确.",4,4,第3章　基因的本质\阶段检测卷(三).doc,,,,,,,word补充习题一套_题目答案知识标注.xlsx
415,19.下图为某双链DNA分子部分结构示意图，以下叙述正确的是(　　),"A.若A链中A＋T占48%，则B链中A＋T占52%
B.④是一个鸟嘌呤脱氧核苷酸
C.A链、B链的方向相反，共含有两个游离的磷酸基团
D.DNA分子中碱基排列在内侧，构成基本骨架",C,"答案　C
解析　若A链中A＋T占整个A链分子碱基总量的48%，由于A链与B链是互补的，则B链中A＋T也是占B链碱基总量的48%，A错误；④并不是一个鸟嘌呤脱氧核苷酸，只是上一个脱氧核苷酸的磷酸基团与下一个脱氧核苷酸的鸟嘌呤和脱氧核糖相连形成的结构，B错误；A链从上到下，方向为5′－端到3′－端，B链的方向则恰好相反，每条链5′－端含一个游离的磷酸基团，故共含两个游离的磷酸基团，C正确；DNA分子中碱基排列在内侧，A与T配对，C与G配对，碱基之间通过氢键相连，而外侧是磷酸与脱氧核糖交替连接构成的基本骨架，D错误.",4,4,第3章　基因的本质\阶段检测卷(三).doc,,,,,,,word补充习题一套_题目答案知识标注.xlsx
416,20.一个双链被32P标记的DNA片段有100个碱基对，其中腺嘌呤占碱基总数的20%，将其置于含31P的环境中复制3次.下列叙述错误的是(　　),"A.该DNA片段中含有胞嘧啶的数目是60个
B.第三次复制过程需要240个游离的胞嘧啶脱氧核苷酸
C.复制3次后，子代DNA中含32P的单链与含31P的单链之比为1∶7
D.复制3次后，子代DNA中含32P与含31P的分子数之比为1∶3",D,"答案　D
解析　该DNA片段有100个碱基对，其中腺嘌呤占碱基总数的20%，则腺嘌呤数目为100×2×20%＝40(个)，根据碱基互补配对原则，A＝T、G＝C，故该DNA片段中含有胞嘧啶的数目是＝60(个)，A正确；第三次复制DNA分子数由4个变为8个，增加4个DNA分子，需要游离的胞嘧啶脱氧核苷酸60×4＝240(个)，B正确；复制3次后，共得到8个DNA分子，16条DNA单链，其中只有2条单链含32P，含32P的单链与含31P的单链之比为1∶7，C正确；由于DNA的复制为半保留复制，子代DNA均含31P，其中有2个DNA分子含32P，所以子代DNA中含32P与含31P的DNA分子数之比为1∶4，D错误.
二、非选择题(每题10分，共40分)",4,4,第3章　基因的本质\阶段检测卷(三).doc,,,,,,,word补充习题一套_题目答案知识标注.xlsx
417,"21.烟草花叶病毒(TMV)由RNA和蛋白质外壳组成，人工制备的抗体可用于TMV的检测.实验人员为了探究TMV中与抗体特异性结合和充当遗传作用的物质分别是哪种成分，对TMV的a型和b型病毒进行了重新实验，实验过程和结果如图所示，请回答下列相关问题:
(能被TMVa的抗体所失活，病斑总是和TMVb的病斑相同)
(1)根据实验结果可以得出的实验结论是___________________.
(2)重组病毒产生的子代病毒能被________的抗体破坏，其原因是________________________________________________________
_________________________________________________________.
(3)请你设计一个对比实验，进一步验证实验结论，实验设计方案为____________________，实验的结果是________________________________.",,(1)TMV中与抗体特异性结合的物质是蛋白质外壳，充当遗传物质的是RNA,"答案　(1)TMV中与抗体特异性结合的物质是蛋白质外壳，充当遗传物质的是RNA
(2)TMVb　重组病毒的核酸来自TMVb，子代病毒的蛋白质外壳和TMVb的蛋白质外壳相同
(3)将分离获得的TMVa的RNA和TMVb的蛋白质外壳组成重组病毒　该重组病毒能被TMVb的抗体所失活，病斑总是和TMVa的病斑相同
解析　(1)根据实验结果可知，该重组病毒的蛋白质外壳来自TMVa，而RNA来自TMVb，由于该病毒能被TMVa的抗体所失活，病斑总是和TMVb的病斑相同，说明TMV中与抗体特异性结合的物质是蛋白质外壳，充当遗传物质的是RNA.(2)重组病毒的核酸来自TMVb，其产生的子代病毒的蛋白质外壳与TMVb的蛋白质外壳是一样的，因此能被TMVb的抗体破坏.(3)该实验需要设置一个对比实验，即分离TMVa的RNA和TMVb的蛋白质外壳组成重组病毒，实验结果为该重组病毒能被TMVb的抗体所失活，病斑总是和TMVa的病斑相同.",14,14,第3章　基因的本质\阶段检测卷(三).doc,,,,,,,word补充习题一套_题目答案知识标注.xlsx
418,"22.如图是某同学制作DNA双螺旋结构模型的过程示意图，请回答下列问题:
(1)在制作模型之前，需要对所用的材料进行设计并处理成不同形状，如图甲中的五边形材料应表示________________.
(2)图中乙表示的是________，丙中共有________种乙；丙中2与3的________(填“5′－C”或“3′－C”)相连.丙中有________个游离的磷酸基团.丙中DNA的两条链是________(填方向)的，两条链上的碱基通过________连接成碱基对.
(3)若最终制作的一个DNA分子中碱基A占30%，则该DNA的一条链中鸟嘌呤占该链碱基总数的比例最大为________.",,(1)脱氧核糖(填五碳糖不得分)　(2)脱氧核苷酸　2　3′－C　2　反向(平行)　氢键　(3)40%,"答案　(1)脱氧核糖(填五碳糖不得分)　(2)脱氧核苷酸　2　3′－C　2　反向(平行)　氢键　(3)40%
解析　(1)在制作 DNA的双螺旋结构模型时，通常用五边形表示脱氧核糖.(2)图中乙由三种不同形状的材料连接而成，为脱氧核苷酸.根据丙中两个碱基之间的氢键数可判断，丙中含有2种碱基(A和T)，即含有2种脱氧核苷酸.3的1′－C与碱基相连，5′－C与同一个核苷酸分子的磷酸基团相连，3′－C与其他核苷酸分子的磷酸基团相连.丙中两条链的5′－端各有一个游离的磷酸基团.DNA的两条链按反向平行方式盘绕成双螺旋结构，两条链上的碱基通过氢键连接成碱基对.(3)在一个DNA分子中，碱基A占30%，根据碱基互补配对原则，T＝A＝30%，则C＝G＝20%，该DNA分子的一条链中鸟嘌呤占该链碱基总数的比例最大为40%.",4,4,第3章　基因的本质\阶段检测卷(三).doc,,,,,,,word补充习题一套_题目答案知识标注.xlsx
419,"23.如图为果蝇细胞中一个DNA分子复制的过程示意图.请回答下列问题:
(1)果蝇细胞中，DNA复制可发生在________(填场所)中.
(2)DNA复制需要________________________________(答出四点)等基本条件；图中DNA复制的方式为________________________.
(3)DNA复制能准确地进行的原因是_____________________________
_______________________________________________________________.
(4)已知果蝇体细胞中含有8条染色体，若将每条染色体的DNA双链都用32P标记，然后将其放在不含32P的培养液中培养，使其连续进行有丝分裂，在第________次分裂的中期和后期细胞中都有8条被标记的染色体.",,(1)细胞核和线粒体　(2)模板、原料、能量和酶　半保留复制　(3)DNA独特的双螺旋结构，为复制提供了精确的模板，通过碱基互补配对，保证了复制能够准确地进行　(4)2,"答案　(1)细胞核和线粒体　(2)模板、原料、能量和酶　半保留复制　(3)DNA独特的双螺旋结构，为复制提供了精确的模板，通过碱基互补配对，保证了复制能够准确地进行　(4)2
解析　(1)果蝇为真核生物，其细胞中含有线粒体，线粒体是半自主性细胞器，其中可发生DNA复制，故果蝇细胞中DNA复制的场所有细胞核和线粒体.(2)DNA复制需要模板、原料、能量和酶等基本条件.分析题图可知，DNA复制是一种半保留复制.(3)DNA分子具有独特的双螺旋结构，能够为复制提供精确的模板，通过碱基互补配对，保证了复制能够准确地进行.(4)由于DNA的复制是半保留复制，该体细胞第一次有丝分裂中期有8条染色体含有32P标记，后期有16条染色体含有32P标记，第一次有丝分裂完成后，每条染色体的每个DNA分子中都是一条链含32P标记，另一条链不含32P标记；在第一次分裂的基础上，进行第二次分裂，其中期细胞中8条染色体中每一条染色体均含两条姐妹染色单体，其中一条染色单体上的DNA一条链含32P标记，另一条链不含32P标记，另一条染色单体上的DNA两条链均不含32P标记，分裂后期，姐妹染色单体分开，染色体总数为16条，其中有8条染色体上的DNA的一条链含有32P标记.",4,4,第3章　基因的本质\阶段检测卷(三).doc,,,,,,,word补充习题一套_题目答案知识标注.xlsx
420,"24.科学家在研究DNA分子复制方式时进行了如下的实验(已知培养用的细菌大约每20 min分裂一次，产生子代，实验结果见相关图示):
实验一:
细菌破碎细菌细胞提取DNA结果A
实验二:
细菌破碎细菌细胞提取DNA结果B
实验三:
(1)实验一、实验二的作用是________.
(2)从结果C、D看，DNA复制具有________的特点.根据这一特点，理论上结果E
中含14N的DNA分子所占比例为________.
(3)复制过程除需要模板DNA、脱氧核苷酸外，还需要________等条件.
(4)若对结果C中的DNA分子先用解旋酶处理，然后再离心，结果为F，请在图中表示出.
(5)如果结果C、D、E都与结果G相同，据此可判断DNA分子的复制方式________(填“是”或“不是”)半保留复制.",,(1)对照　(2)半保留复制　100%　(3)酶、能量,"答案　(1)对照　(2)半保留复制　100%　(3)酶、能量
(4)如图
(5)不是
解析　(1)实验一和实验二分别表示用14N和15N培养液培养细菌并提取DNA离心的结果，其作用是与后面的实验结果形成对照.(2)从结果C、D看，DNA复制具有半保留复制的特点；经过60 min后，DNA复制了3次，共形成8个DNA分子，其中有2个DNA分子是15N/14N－DNA，其余6个DNA分子为14N/14N－DNA，所以结果E中所有DNA分子都含有14N.(3)复制过程需要模板DNA、原料(四种脱氧核苷酸)、酶和能量等条件.(4)结果C中的2个DNA分子均为15N/14N－DNA，解旋后形成的单链为2条重链(15N)和2条轻链(14N).(5)结果G表明原来被15N标记的DNA的两条链没有分开，因此可判断DNA分子的复制方式不是半保留复制.",4,4,第3章　基因的本质\阶段检测卷(三).doc,,,,,,,word补充习题一套_题目答案知识标注.xlsx
421,[例1] 与DNA相比，RNA特有的成分是(　　),"A.核糖和尿嘧啶
B.脱氧核糖和尿嘧啶
C.核糖和胸腺嘧啶
D.脱氧核糖和胸腺嘧啶",A,"答案　A
解析　与DNA相比，RNA特有的成分是核糖和尿嘧啶，A正确.",5,5,第4章　基因的表达\第1节　基因指导蛋白质的合成\第1课时　遗传信息的转录.doc,,,,,,,word补充习题一套_题目答案知识标注.xlsx
422,"[例2] RNA可能的功能是(　　)
①作为某些病毒的遗传物质　②作为某些细菌的遗传物质　③催化某些代谢反应　④转运氨基酸　⑤核糖体组成成分","A.①②③④⑤ B.①②③④
C.②③④⑤ D.①③④⑤",D,"答案　D
解析　RNA可以作为某些病毒的遗传物质，如HIV，①正确；细菌的遗传物质是DNA，②错误；酶具有催化作用，酶绝大多数是蛋白质，少数是RNA，故某些RNA能催化代谢反应，③正确；mRNA可以作为翻译的模板，④正确；tRNA可以转运氨基酸，⑤正确；核糖体组成成分是rRNA和蛋白质，⑥正确.
探究点二　遗传信息的转录",5,5,第4章　基因的表达\第1节　基因指导蛋白质的合成\第1课时　遗传信息的转录.doc,,,,,,,word补充习题一套_题目答案知识标注.xlsx
423,[例3] 如图表示根据甲链合成乙链的过程，甲、乙是核苷酸长链，①是催化该过程的酶，②③是核苷酸之间的化学键，④是合成原料.下列叙述正确的是(　　),"A.①具有解开DNA双螺旋的作用
B.②是磷酸二酯键，③是氢键
C.④是由胞嘧啶、核苷、磷酸结合而成的
D.乙链和甲链中的腺嘌呤数量相等",A,"答案　A
解析　①RNA聚合酶具有解开DNA双链，即解开双螺旋的作用，A正确；②③都是磷酸二酯键，氢键是连接两条核苷酸链之间的碱基对的化学键，B错误；④胞嘧啶核糖核苷酸是由胞嘧啶、核糖、磷酸结合而成的，C错误；乙链和甲链中的腺嘌呤数量不一定相等，D错误.",5,5,第4章　基因的表达\第1节　基因指导蛋白质的合成\第1课时　遗传信息的转录.doc,,,,,,,word补充习题一套_题目答案知识标注.xlsx
424,[例4] 如图中甲、乙表示真核生物遗传信息传递的两个过程，丙为其中部分片段的放大示意图.以下分析正确的是 (　　),"A.图中酶1和酶2是同一种酶
B.图丙中b链可能是构成核糖体的成分
C.图丙是图甲的部分片段放大
D.图乙所示过程在高度分化的细胞中不会发生",B,"答案　B
解析　甲过程是以DNA的两条链为模板，合成子代DNA的过程，即DNA的复制，其中酶1为DNA聚合酶；乙过程是以DNA的一条链为模板，合成RNA的过程，即转录，其中酶2为RNA聚合酶，A错误；丙中a链含有碱基T，属于DNA链，b链含有碱基U，属于RNA链.核糖体由蛋白质和rRNA组成，图丙中b链为RNA单链，所以可能是构成核糖体的成分，B正确；图丙中一条链为DNA链，一条链为RNA链，而图甲中为DNA复制过程，因此图丙不是图甲的部分片段放大，C错误；图乙所示过程在高度分化的细胞中仍会发生，因为细胞的成分在不停更新，需要蛋白质和酶，D错误.
与转录有关的两个注意点
(1)转录时，需要解旋，但不需要解旋酶参与.因为RNA聚合酶本身就兼有解旋的作用.
(2)转录时，RNA子链的延伸方向为5′－端→3′－端，与RNA聚合酶的移动方向一致.
思维导图
晨读必背",5,5,第4章　基因的表达\第1节　基因指导蛋白质的合成\第1课时　遗传信息的转录.doc,,,,,,,word补充习题一套_题目答案知识标注.xlsx
425,1.下列关于RNA的叙述，错误的是(　　),"A.有些RNA可催化细胞内的某些生化反应
B.RNA的基本单位由磷酸、核糖和含氮碱基组成
C.RNA参与构成核糖体
D.RNA参与构成细胞膜",D,"答案　D
解析　有些酶的化学本质为RNA；RNA的基本单位是核糖核苷酸，由磷酸、核糖和含氮碱基组成；rRNA参与构成核糖体.",5,5,第4章　基因的表达\第1节　基因指导蛋白质的合成\第1课时　遗传信息的转录.doc,,,,,,,word补充习题一套_题目答案知识标注.xlsx
426,2.若以碱基顺序为5′—ATTCCATGCT—3′的DNA为模板链，转录出的mRNA碱基顺序为(　　),"A.从5′端读起为—ATTCCATGCT—
B.从3′端读起为—UAAGGUACGA—
C.从5′端读起为—AUUCCAUGCU—
D.从3′端读起为—TAAGGTACGA—",B,"答案　B
解析　若以碱基顺序为5′—ATTCCATGCT—3′的DNA为模板链，根据碱基互补配对原则，转录时从3′端读起，转录出的mRNA碱基顺序为—UAAGGUACGA—.",5,5,第4章　基因的表达\第1节　基因指导蛋白质的合成\第1课时　遗传信息的转录.doc,,,,,,,word补充习题一套_题目答案知识标注.xlsx
427,3.下列关于洋葱根尖细胞遗传信息转录过程的叙述，正确的是(　　),"A.一个DNA可转录出多个不同类型的RNA
B.以完全解开螺旋的一条脱氧核苷酸链为模板
C.转录终止时成熟的RNA从模板链上脱离下来
D.可发生在该细胞的细胞核、线粒体和叶绿体中",A,"答案　A
解析　一个DNA分子上有若干个不相同的基因，可转录出多个不同类型的RNA，A正确；转录时不是沿着整条DNA长链进行的，因此不会完全解开DNA分子的双螺旋，B错误；在真核生物中，合成的RNA从模板链上脱离下来，需经过加工才能成为成熟的RNA，C错误；洋葱根尖细胞中没有叶绿体，D错误.",5,5,第4章　基因的表达\第1节　基因指导蛋白质的合成\第1课时　遗传信息的转录.doc,,,,,,,word补充习题一套_题目答案知识标注.xlsx
428,4.如图中α、β是真核细胞某基因的两条链，γ是另外一条多核苷酸链，下列说法正确的是(　　),"A.图中的酶是DNA聚合酶
B.γ链彻底水解后能生成6种小分子物质
C.该过程只发生在细胞核中
D.β链中碱基G占28%，则γ链中碱基A占22%",B,"答案　B
解析　据图分析，该基因正在以其中一条链为模板转录生成RNA，故该酶为RNA聚合酶，A错误；由图可知，γ链为RNA，其彻底水解后生成4种碱基、1种核糖、1种磷酸，B正确；细胞质中的线粒体和叶绿体含有的DNA也能发生转录，C错误；β链中碱基G占28%，无法计算出γ链中A所占比例，D错误.
课后·分层训练
(时间:30分钟)
知识点1　RNA的结构和功能",5,5,第4章　基因的表达\第1节　基因指导蛋白质的合成\第1课时　遗传信息的转录.doc,,,,,,,word补充习题一套_题目答案知识标注.xlsx
429,1.提取细胞中的核酸，经分析共有4种碱基，7种核苷酸，4条核苷酸链，它们可能是(　　),"A.2个DNA分子，1个RNA分子
B.1个DNA分子，2个RNA分子
C.2个DNA分子
D.4个RNA分子",B,"答案　B
解析　2个DNA分子，1个RNA分子，共5条链，A错误；1个DNA分子和2个RNA分子，共有4条核苷酸链，DNA中可以含有A、T、C、G 4种碱基，RNA中可以含有A、C、G 3种碱基，共有7种核苷酸，B正确；2个DNA分子，最多有4种碱基，含有4种核苷酸，C错误；4个RNA分子，最多有4种核苷酸，D错误.",5,5,第4章　基因的表达\第1节　基因指导蛋白质的合成\第1课时　遗传信息的转录.doc,,,,,,,word补充习题一套_题目答案知识标注.xlsx
430,2.下列有关DNA和RNA的叙述，错误的是(　　),"A.二者的化学组成中相同的有磷酸以及碱基A、C、G
B.二者都可以携带遗传信息，都可作为遗传物质
C.二者都含有C、H、O、N、P五种元素
D.DNA中含有氢键，而RNA中没有氢键",D,"答案　D
解析　DNA的基本组成单位是脱氧核苷酸，由一分子磷酸、一分子脱氧核糖和一分子碱基(A、T、C、G)组成，RNA的基本组成单位是核糖核苷酸，由一分子磷酸、一分子核糖和一分子碱基(A、U、C、G)组成，A正确；DNA和RNA都可以携带遗传信息，绝大多数生物的遗传物质是DNA，少数病毒的遗传物质是RNA，B正确；DNA和RNA中都含有C、H、O、N、P五种元素，C正确；DNA分子中，两条链上的碱基通过氢键连接成碱基对，tRNA的RNA链经过折叠，看上去像三叶草的叶形，其中存在碱基配对现象，含有氢键，D错误.",5,5,第4章　基因的表达\第1节　基因指导蛋白质的合成\第1课时　遗传信息的转录.doc,,,,,,,word补充习题一套_题目答案知识标注.xlsx
431,3.下列关于DNA和RNA的叙述，不合理的是(　　),"A.DNA双链中腺嘌呤一定与胸腺嘧啶配对
B.RNA中相邻两个碱基通过磷酸—核糖—磷酸相连接
C.DNA中磷酸和脱氧核糖交替排列在外侧构成基本骨架
D.tRNA局部双链中腺嘌呤一定与尿嘧啶配对",B,"答案　B
解析　双链DNA分子中碱基按照互补配对的原则进行配对，A(腺嘌呤)与T(胸腺嘧啶)配对，G(鸟嘌呤)与C(胞嘧啶)配对，A合理；RNA中相邻两个碱基通过核糖—磷酸—核糖进行连接，B不合理；DNA中磷酸和脱氧核糖交替排列在外侧构成基本骨架，C合理；tRNA局部双链中腺嘌呤与尿嘧啶配对形成氢键，形成三叶草结构，D合理.
知识点2　遗传信息的转录",5,5,第4章　基因的表达\第1节　基因指导蛋白质的合成\第1课时　遗传信息的转录.doc,,,,,,,word补充习题一套_题目答案知识标注.xlsx
432,4.如图是电镜下原核生物转录过程中的羽毛状现象，下列叙述正确的是(　　),"A.RNA聚合酶的移动方向为由右向左
B.转录而来的RNA需脱离DNA后，才能进行蛋白质合成
C.当RNA聚合酶到达终止密码子时，DNA合成结束
D.图示结构中同时存在T—A、A—U的配对关系",D,"答案　D
解析　根据转录形成的RNA链的长度可知，RNA聚合酶的移动方向是从左向右，A错误；原核细胞中不存在核膜，因此转录产生的RNA不需脱离DNA就可直接与核糖体结合进行蛋白质的合成，B错误；当RNA聚合酶到达终止子时，RNA合成结束，C错误；转录以DNA的一条链为模板，则DNA碱基中的T与形成的RNA中的A配对，DNA碱基中的A与形成的RNA中的U配对，故图示结构中同时存在T—A、A—U的配对关系，D正确.",5,5,第4章　基因的表达\第1节　基因指导蛋白质的合成\第1课时　遗传信息的转录.doc,,,,,,,word补充习题一套_题目答案知识标注.xlsx
433,"5.对于下图，正确的说法有几项(　　)
①可表示DNA复制过程　②可表示转录过程　③共有8种核苷酸　④共有5种碱基　⑤两个C代表不同的核苷酸","A.3 B.4
C.5 D.2",B,"答案　B
解析　图示可以表示转录或逆转录过程，但不能表示DNA复制过程，①错误、②正确；图中共有8种核苷酸，包括4种脱氧核苷酸和4种核糖核苷酸，③正确；图中共有5种碱基，即A、C、G、T、U，④正确；图中的两个C表示两种核苷酸，即胞嘧啶脱氧核苷酸和胞嘧啶核糖核苷酸，⑤正确.因此，说法正确的有②③④⑤，B正确.",5,5,第4章　基因的表达\第1节　基因指导蛋白质的合成\第1课时　遗传信息的转录.doc,,,,,,,word补充习题一套_题目答案知识标注.xlsx
434,6.甲(ATGG)是一种单链DNA片段，乙是该片段的转录产物，丙(A—P～P～P)是转录过程中需要的一种物质.下列叙述错误的是 (　　),"A.甲、乙、丙的组分中均有糖
B.甲和乙中共含有6种核苷酸
C.丙可作为细胞内的直接能源物质
D.乙的初步水解产物中含有4种核苷酸",D,"答案　D
解析　甲是单链DNA，乙是RNA，丙是ATP，乙的初步水解产物中含有3种核苷酸，D错误.",5,5,第4章　基因的表达\第1节　基因指导蛋白质的合成\第1课时　遗传信息的转录.doc,,,,,,,word补充习题一套_题目答案知识标注.xlsx
435,7.如图是真核生物mRNA的合成过程示意图，①表示相关过程，②③④表示相关物质，请据图判断相关叙述正确的是(　　),"A.①过程表示DNA分子解旋
B.图中②表示RNA，③表示DNA聚合酶
C.图中④的合成需要③的参与
D.图中②的合成只能在细胞核中进行",A,"答案　A
解析　由图可知，④表示DNA分子，①过程表示的是DNA分子解旋，A正确；②是RNA，合成RNA时需要的酶是RNA聚合酶，B错误；③表示RNA聚合酶，DNA分子的合成过程需要DNA聚合酶，C错误；真核生物细胞内RNA分子的合成可以在细胞核中进行，也可以在叶绿体和线粒体内进行，D错误.",5,5,第4章　基因的表达\第1节　基因指导蛋白质的合成\第1课时　遗传信息的转录.doc,,,,,,,word补充习题一套_题目答案知识标注.xlsx
436,8.下图表示细胞核中所完成的mRNA的形成过程示意图，有关叙述正确的是 (　　),"A.图中RNA聚合酶的移动方向是从左向右
B.图中RNA与a链碱基互补
C.图示RNA－DNA杂交区域中DNA上的A与RNA上的T配对
D.DNA双螺旋解开需要解旋酶的参与，同时消耗能量",A,"答案　A
解析　依图示可知，RNA聚合酶的移动方向是从左向右；RNA与a链上碱基除U与T不同外，其他碱基相同，不能互补；图示RNA－DNA杂交区域中DNA上的A与RNA上的U配对；RNA聚合酶本身具有解旋功能，转录不需要解旋酶的参与.",5,5,第4章　基因的表达\第1节　基因指导蛋白质的合成\第1课时　遗传信息的转录.doc,,,,,,,word补充习题一套_题目答案知识标注.xlsx
437,9.下图显示科学家获得类胰岛B细胞的途径，其中P基因和M基因能表达相应产物调节胰岛B细胞发育.与正常胰岛A细胞相比，不属于类胰岛B细胞所独有的分子是(　　),"A.P、M基因及胰岛素基因
B.P、M基因转录形成的相应mRNA
C.胰岛素基因转录形成的mRNA
D.P、M基因表达形成的相应蛋白质",A,"答案　A
解析　正常胰岛A细胞也含有胰岛素基因，A正确；类胰岛B细胞是胰岛A细胞转入P基因和M基因后获得的，类胰岛B细胞可分泌胰岛素，与正常胰岛A细胞相比，类胰岛B细胞中P、M基因转录形成的相应mRNA，胰岛素基因转录形成的mRNA，P、M基因表达形成的相应蛋白质为其独有的分子，B、C、D错误.",5,5,第4章　基因的表达\第1节　基因指导蛋白质的合成\第1课时　遗传信息的转录.doc,,,,,,,word补充习题一套_题目答案知识标注.xlsx
438,10.珠蛋白是构成哺乳动物血红蛋白的重要成分，如图为人β­珠蛋白基因与其成熟mRNA杂交示意图，①～⑦表示基因的不同功能区.下列相关叙述错误的是(　　),"A.图中可能含有5种碱基、8种核苷酸
B.β­珠蛋白基因转录得到的mRNA成为成熟mRNA可能经过了剪接过程
C.图中碱基配对方式有T—A、A—T、C—G和G—C
D.mRNA在细胞核中通过转录形成",C,"答案　C
解析　图中可能含有4种脱氧核苷酸和4种核糖核苷酸，即含有5种碱基、8种核苷酸，A正确；据图分析可知，β­珠蛋白基因DNA单链与成熟mRNA之间有未配对区域，说明β­珠蛋白基因转录得到的mRNA成为成熟mRNA可能经过了剪接过程，B正确；图中碱基配对方式有T—A、A—U、C—G和G—C，C错误；β­珠蛋白基因转录形成mRNA的场所是细胞核，D正确.",5,5,第4章　基因的表达\第1节　基因指导蛋白质的合成\第1课时　遗传信息的转录.doc,,,,,,,word补充习题一套_题目答案知识标注.xlsx
439,11.科学家在实验中发现，DNA分子中基因两条链中只有一条具有转录功能，这条具有转录功能的链叫做模板链，另一条无转录功能的链叫做编码链.下图DNA分子中基因A和基因b (　　),"A.是位于两个DNA分子上的非等位基因
B.分别以DNA的两条单链为转录的模板
C.其中一个基因复制，另一个基因不一定复制
D.其中一个基因转录，另一个基因也一定转录",B,"答案　B
解析　据图分析，A和b位于同一个DNA分子上，A错误；图中显示，基因A和b的模板链不同，是分别以同一个DNA分子的两条单链为模板，B正确；DNA复制时，以两条链为模板，进行复制，C错误；DNA中基因是选择性表达的，两个基因不一定都转录，D错误.",5,5,第4章　基因的表达\第1节　基因指导蛋白质的合成\第1课时　遗传信息的转录.doc,,,,,,,word补充习题一套_题目答案知识标注.xlsx
440,"12.如图为某真核生物中DNA分子的一段碱基序列，请分析回答下列问题:
(1)转录时遵循________原则，若以图中的b链为模板进行转录，得到的mRNA的碱基序列是________________.
(2)转录的主要场所是________，原料是________，提供能量的物质是__________，需要在________酶的作用下进行.
(3)转录的产物除mRNA外，还有________，其具有转运氨基酸的功能；还有__________，其参与构成________(填细胞器).",,(1)碱基互补配对,"答案　(1)碱基互补配对
GGCCUGAAGAGAAGU　(2)细胞核　(4种游离的)核糖核苷酸　ATP　RNA聚合　(3)tRNA　rRNA　核糖体",5,5,第4章　基因的表达\第1节　基因指导蛋白质的合成\第1课时　遗传信息的转录.doc,,,,,,,word补充习题一套_题目答案知识标注.xlsx
441,"13.抗生素是临床上治疗各种由细菌引起的疾病的特效药，能够有效地抑制细菌蛋白质的合成，而不影响人的蛋白质的合成.抗生素是通过什么机制抑制细菌蛋白质的合成的呢？有人推测是抗生素能抑制细菌DNA的转录过程，而不影响人体DNA的转录过程.请分析回答下列问题:
(1)实验设计的思路:
①设计两组实验(甲、乙两组)，体外模拟细菌________的过程.甲组加适量________，乙组加等量蒸馏水作为________，检测两组实验中________的生成量.
②设计两组实验(丙、丁两组)，体外模拟人体细胞________的过程.丙组加适量________，丁组加等量蒸馏水，检测两组实验中________的生成量.
(2)实验结果及结论:
①若甲组________的生成量明显少于乙组，则说明抗生素是通过抑制________来抑制细菌蛋白质合成的.
②若________________________，则说明抗生素不影响人体DNA的转录过程.",,(1)①转录　抗生素　对照　RNA　②转录　抗生素　RNA　(2)①RNA　细菌的转录　②丙组的RNA生成量等于丁组的RNA生成量,"答案　(1)①转录　抗生素　对照　RNA　②转录　抗生素　RNA　(2)①RNA　细菌的转录　②丙组的RNA生成量等于丁组的RNA生成量
解析　设计实验的基本原则是对照原则，要探究抗生素抑制细菌蛋白质合成的原因是否为抗生素能抑制细菌DNA的转录过程，而不影响人体DNA的转录过程，需要设计四组实验，即体外模拟细菌与人体细胞DNA转录的过程，其中两组加适量抗生素，另外两组加等量蒸馏水，观察指标是两组实验中RNA的生成量.(1)先设计甲、乙两组实验，体外模拟细菌DNA的转录过程，甲组加适量抗生素，乙组加等量蒸馏水作为对照，检测两组实验中RNA的生成量.再设计丙、丁两组实验，体外模拟人体细胞转录的过程.丙组加适量抗生素，丁组加等量蒸馏水，检测两组实验中RNA的生成量.(2)实验结果及结论:①若甲组RNA生成量明显少于乙组，则说明抗生素是通过抑制细菌的转录来抑制细菌蛋白质合成的.②若丙组的RNA生成量等于丁组的RNA生成量，说明抗生素不影响人体DNA的转录过程.",14,14,第4章　基因的表达\第1节　基因指导蛋白质的合成\第1课时　遗传信息的转录.doc,,,,,,,word补充习题一套_题目答案知识标注.xlsx
442,[例1] 下列关于遗传信息的翻译的叙述中，正确的是(　　),"A.通过翻译将mRNA中的碱基序列翻译为蛋白质中的氨基酸序列
B.生物体内合成蛋白质时，一种氨基酸只能由一种密码子决定
C.生物体内合成蛋白质的氨基酸有21种，则tRNA也有21种
D.生物体内合成蛋白质时，一种密码子一定能决定一种氨基酸",A,"答案　A
解析　mRNA上的一个密码子决定一个氨基酸，所以在翻译过程中mRNA中的碱基序列决定了蛋白质中的氨基酸序列，A正确；密码子具有简并性，一种氨基酸可以由一种或多种密码子决定，B错误；绝大多数生物体内合成蛋白质的氨基酸有21种，tRNA有62种，C错误；正常情况下终止密码子不能决定氨基酸，D错误.",5,5,第4章　基因的表达\第1节　基因指导蛋白质的合成\第2课时　遗传信息的翻译和中心法则.doc,,,,,,,word补充习题一套_题目答案知识标注.xlsx
443,[例2] 如图表示真核细胞中某基因表达过程的一部分，下列分析正确的是(　　),"A.图示mRNA中起始密码子位于RNA链上的左侧
B.mRNA上决定甘氨酸的密码子都是GGU
C.图中碱基的配对方式有A—U、C—G、A—T
D.图示过程的正常进行需要ATP和RNA聚合酶",A,"答案　A
解析　由图可知，核糖体移动的方向是从左向右，起始密码子位于RNA链上的左侧，A正确；一种氨基酸可由一种或一种以上密码子决定，决定甘氨酸的密码子有GGU、GGC、GGA、GGG，B错误；题图表示翻译过程，碱基的配对方式有A—U、C—G、G—C、U—A，C错误；RNA聚合酶在转录过程中起作用，D错误.
(1)翻译的方向:翻译过程中，mRNA相对静止，核糖体沿着mRNA移动，进而读取下一个密码子.故核糖体移动的方向就是翻译的方向.
(2)tRNA和氨基酸之间的对应关系:一种tRNA只能转运一种氨基酸，但一种氨基酸可以由一种或多种tRNA转运.
(3)密码子、反密码子和氨基酸之间的对应关系:
①密码子共有64种，但其中有2种终止密码子不编码任何氨基酸，编码氨基酸的密码子共有62种.翻译时反密码子与62种决定氨基酸的密码子对应.
②一种密码子只决定一种氨基酸，但一种氨基酸可对应一种或多种密码子.
探究点二　中心法则及其发展
中心法则揭示了生物遗传信息传递的规律，据图回答下列问题:
(1)②表示转录过程，需要RNA聚合酶；④表示逆转录过程，需要逆转录酶的参与.
(2)正常情况下，在人体细胞内能进行的过程是①②③.
(3)任意一个人体细胞均能发生①②③过程吗？
提示　高度分化的细胞不再进行细胞分裂，因而不能发生①过程.
(4)请写出新型冠状病毒(一种RNA复制病毒)遗传信息传递表达的过程及发生场所.
提示",5,5,第4章　基因的表达\第1节　基因指导蛋白质的合成\第2课时　遗传信息的翻译和中心法则.doc,,,,,,,word补充习题一套_题目答案知识标注.xlsx
444,[例3] 中心法则揭示了生物遗传信息传递的一般规律.下列叙述错误的是(　　),"A.①②③三个过程可在根尖分生区细胞中发生
B.①②③分别表示DNA的复制、转录和翻译过程
C.④表示逆转录，某些病毒增殖时可发生该过程
D.④⑤是虚线，表示其在生物界可能不存在",D,"答案　D
解析　根尖分生区细胞能进行有丝分裂，细胞分裂前的间期发生DNA分子的复制和有关蛋白质的合成，基因的表达通过转录和翻译过程合成蛋白质，A正确；据分析可知，①表示DNA分子的复制过程，②表示转录过程，③表示翻译过程，B正确；④表示逆转录，某些RNA病毒(如HIV病毒)增殖时可发生该过程，C正确；④逆转录过程和⑤RNA分子复制过程可发生在被某些病毒侵染的细胞中，D错误.",5,5,第4章　基因的表达\第1节　基因指导蛋白质的合成\第2课时　遗传信息的翻译和中心法则.doc,,,,,,,word补充习题一套_题目答案知识标注.xlsx
445,[例4] 下列关于中心法则的叙述，一定正确的是(　　),"A.肽链的合成一定以RNA为模板，以氨基酸为原料
B.酶的合成一定以RNA为模板，以氨基酸为原料
C.RNA的合成一定以DNA为模板，以核糖核苷酸为原料
D.DNA的合成一定以DNA为模板，以脱氧核苷酸为原料",A,"答案　A
解析　肽链是以mRNA为模板、以氨基酸为原料，经过翻译过程形成的，A正确；大多数酶的化学本质是蛋白质，是以mRNA为模板，以氨基酸为原料合成的，少数酶的化学本质是RNA，是以DNA为模板，以核糖核苷酸为原料合成的，B错误；RNA的合成原料一定是核糖核苷酸，而合成的模板可以是DNA也可以是RNA，C错误；DNA合成的原料一定是脱氧核苷酸，而合成的模板可以是DNA也可以是RNA，D错误.
(1)并不是所有的生物均能发生中心法则的所有过程.
(2)DNA复制、转录、翻译是所有具有细胞结构的生物所遵循的法则.
(3)DNA复制只发生在能分裂的细胞中，而转录和翻译则可以发生在任何时期.
(4)在病毒体内不会发生RNA的复制和逆转录过程，该过程是在被病毒寄生的宿主细胞内进行的.
(5)细胞生物体内不会自主发生RNA的复制和逆转录过程，除非被病毒侵染.
思维导图
晨读必背",5,5,第4章　基因的表达\第1节　基因指导蛋白质的合成\第2课时　遗传信息的翻译和中心法则.doc,,,,,,,word补充习题一套_题目答案知识标注.xlsx
446,1.下列说法错误的是(　　),"A.一种tRNA只能转运一种氨基酸
B.tRNA上存在碱基互补配对和氢键
C.能决定氨基酸的密码子有64种
D.一种氨基酸可能对应一种或多种密码子",C,"答案　C
解析　决定氨基酸的密码子有62种，C错误.",5,5,第4章　基因的表达\第1节　基因指导蛋白质的合成\第2课时　遗传信息的翻译和中心法则.doc,,,,,,,word补充习题一套_题目答案知识标注.xlsx
447,2.下列有关蛋白质合成的叙述，错误的是(　　),"A.tRNA的反密码子可识别mRNA上的碱基序列
B.一个mRNA分子上可结合多个核糖体使翻译更高效
C.终止密码子一定不编码氨基酸
D.核糖体可在mRNA上移动",C,"答案　C
解析　终止密码子UGA在特殊情况下可以编码硒代半胱氨酸，C错误.",5,5,第4章　基因的表达\第1节　基因指导蛋白质的合成\第2课时　遗传信息的翻译和中心法则.doc,,,,,,,word补充习题一套_题目答案知识标注.xlsx
448,3.下列有关图示生理过程的叙述中，正确的是(　　),"A.能发生图示生理过程的细胞有真正的细胞核
B.该图表示的是转录和翻译
C.该图表示的生理过程所需要的能量都是由线粒体提供
D.mRNA上所含有的密码子均能在tRNA上找到与其相对应的反密码子",B,"答案　B
解析　题图所示的转录和翻译同时进行，发生在原核生物中，原核细胞没有真正的细胞核，A错误；题图表示的是转录和翻译两个生理过程，B正确；原核生物没有线粒体，题图表示的生理过程所需要的能量都是由细胞质提供，C错误；mRNA上的2种终止密码子没有与之对应的反密码子，D错误.",5,5,第4章　基因的表达\第1节　基因指导蛋白质的合成\第2课时　遗传信息的翻译和中心法则.doc,,,,,,,word补充习题一套_题目答案知识标注.xlsx
449,"4.如图表示某真核生物基因表达的部分过程，请回答下列问题:
(1)图中表示遗传信息的________过程，发生的场所是________，此过程除图中所示条件外，还需要________等.
(2)图中③表示________，合成的主要场所是________，通过________运输到细胞质中，穿过________层膜，________(填“需要”或“不需要”)能量.
(3)图中方框内的碱基应为________，对应的aa5应为________(赖氨酸的密码子为AAA，苯丙氨酸的密码子为UUU).
(4)图中的氨基酸共对应________个密码子.核糖体的移动方向是________.",,(1)翻译　核糖体　酶和能量　(2)mRNA　细胞核　核孔　0　需要　(3)UUU　赖氨酸　(4)7　从左到右,"答案　(1)翻译　核糖体　酶和能量　(2)mRNA　细胞核　核孔　0　需要　(3)UUU　赖氨酸　(4)7　从左到右
解析　(1)图中核糖体上进行的是翻译过程，此过程需要的条件是模板、原料、能量、酶等.(2)③为mRNA，主要在细胞核中合成，通过核孔转移到细胞质中，此过程穿过0层膜，需要能量.(3)密码子存在于mRNA分子上，与tRNA上的反密码子进行碱基互补配对，故图中方框内的碱基为UUU，对应的密码子为AAA，相应氨基酸是赖氨酸.(4)图中共有7个氨基酸，对应7个密码子.根据图中最后一个氨基酸的加入位置可知，核糖体的移动方向为从左到右.
课后·分层训练
(时间:30分钟)
知识点1　遗传信息的翻译",5,5,第4章　基因的表达\第1节　基因指导蛋白质的合成\第2课时　遗传信息的翻译和中心法则.doc,,,,,,,word补充习题一套_题目答案知识标注.xlsx
450,1.正常情况下，下列生理过程能够发生的是(　　),"A.相同的tRNA携带不同的密码子
B.相同的氨基酸由不同的密码子决定
C.相同的密码子翻译成不同的氨基酸
D.相同的tRNA携带不同的氨基酸",B,"答案　B
解析　密码子位于mRNA上，A错误；正常情况下，相同的氨基酸由一种或几种密码子决定，相同的密码子翻译成相同的氨基酸，相同的tRNA携带相同的氨基酸，B正确，C、D错误.",5,5,第4章　基因的表达\第1节　基因指导蛋白质的合成\第2课时　遗传信息的翻译和中心法则.doc,,,,,,,word补充习题一套_题目答案知识标注.xlsx
451,2.如图表示真核细胞基因表达过程中的某一阶段.下列有关叙述错误的是(　　),"A.图示过程是转录
B.需要tRNA作为运载工具
C.以氨基酸为原料
D.图示过程的模板是mRNA",A,"答案　A
解析　题图所示过程是翻译，A错误.",5,5,第4章　基因的表达\第1节　基因指导蛋白质的合成\第2课时　遗传信息的翻译和中心法则.doc,,,,,,,word补充习题一套_题目答案知识标注.xlsx
452,"3.根据下表提供的信息，可以确定色氨酸的密码子是(　　)
DNA
C
G
mRNA
G
tRNA
A
氨基酸
色氨酸","A.UGG B.TGG
C.ACC D.UCG",A,"答案　A
解析　密码子是指mRNA上决定一个氨基酸的三个相邻的碱基.由tRNA的第一个碱基为A可知，该密码子的第一个碱基为U，由mRNA的第三个字母为G，可确定DNA的模板链，进而可推知该密码子为UGG.",5,5,第4章　基因的表达\第1节　基因指导蛋白质的合成\第2课时　遗传信息的翻译和中心法则.doc,,,,,,,word补充习题一套_题目答案知识标注.xlsx
453,4.如图为真核细胞中某生理过程示意图，下列与该过程有关的说法正确的是(　　),"A.图示过程在内质网、线粒体和叶绿体中都能够进行
B.转运肽链起始端氨基酸的tRNA中含有起始密码子
C.转运肽链最末端氨基酸的tRNA能识别终止密码子
D.一条mRNA可以结合多个核糖体同时合成多条肽链",D,"答案　D
解析　题图所示过程为翻译过程，场所为核糖体，在线粒体和叶绿体中含有少量核糖体，而在内质网中不含有核糖体，A错误；密码子是指mRNA上决定1个氨基酸的3个相邻的碱基，而在转运肽链起始端氨基酸的tRNA中含有的是识别起始密码子的反密码子，B错误；终止密码子只表示翻译的终止，一般不决定氨基酸，因此一般没有反密码子与之对应，C错误；一条mRNA可以结合多个核糖体同时合成多条肽链，这样可以使少量的mRNA短时间内合成大量相同的蛋白质，D正确.
知识点2　中心法则及其发展",5,5,第4章　基因的表达\第1节　基因指导蛋白质的合成\第2课时　遗传信息的翻译和中心法则.doc,,,,,,,word补充习题一套_题目答案知识标注.xlsx
454,5.下列关于DNA复制、转录和逆转录的叙述，错误的是(　　),"A.逆转录和DNA复制的产物都是DNA
B.转录需要RNA聚合酶，逆转录需要逆转录酶
C.细胞中的DNA复制和逆转录都以DNA为模板
D.DNA复制和逆转录所需要的原料都是脱氧核苷酸",C,"答案　C
解析　DNA复制以DNA的两条链为模板；逆转录以RNA为模板.",5,5,第4章　基因的表达\第1节　基因指导蛋白质的合成\第2课时　遗传信息的翻译和中心法则.doc,,,,,,,word补充习题一套_题目答案知识标注.xlsx
455,6.如图表示遗传信息的流动过程，下列有关叙述正确的是(　　),"A.图中只有①②③过程存在碱基互补配对
B.①过程与④过程所需的原料相同
C.真核细胞中完成①②③过程的主要场所相同
D.健康的人体细胞中，只有⑤过程不能发生",B,"答案　B
解析　由图分析可知，①表示DNA复制，②表示转录，③表示翻译，④表示逆转录，⑤表示RNA复制，图中所有过程均存在碱基互补配对，A错误；①过程与④过程所需的原料相同，均为4种脱氧核糖核苷酸，B正确；真核细胞中DNA复制和转录的主要场所是细胞核，翻译的场所是核糖体，C错误；人体细胞中，正常情况下不会发生④⑤过程，若人体细胞被RNA病毒侵染，则在被病毒侵染的细胞内可能会发生④或⑤过程，D错误.",5,5,第4章　基因的表达\第1节　基因指导蛋白质的合成\第2课时　遗传信息的翻译和中心法则.doc,,,,,,,word补充习题一套_题目答案知识标注.xlsx
456,7.如图为有关遗传信息传递和表达的模拟实验.下列相关叙述合理的是(　　),"A.若X是mRNA，Y是多肽，则管内必须加入氨基酸
B.若X是DNA，Y含有U，则管内必须加入逆转录酶
C.若X是tRNA，Y是多肽，则管内必须加入脱氧核苷酸
D.若X是HIV的RNA，Y是DNA，则管内必须加入DNA酶",A,"答案　A
解析　若X是mRNA，Y是多肽，则管内发生的是翻译过程，因此管内必须加入氨基酸；若X是DNA，Y含有U，则Y为RNA，管内发生的是转录过程，因此不需要加入逆转录酶，而需要加入RNA聚合酶等；若X是tRNA，Y是多肽，则管内发生的是翻译过程，因此不需要加入脱氧核苷酸；若X是HIV的RNA，Y是DNA，则管内发生的是逆转录过程，因此需要加入逆转录酶.",14,14,第4章　基因的表达\第1节　基因指导蛋白质的合成\第2课时　遗传信息的翻译和中心法则.doc,,,,,,,word补充习题一套_题目答案知识标注.xlsx
457,8.细胞内有些tRNA分子的反密码子中含有稀有碱基次黄嘌呤(I).含有I的反密码子在与mRNA中的密码子互补配对时，存在如图所示的配对方式(Gly表示甘氨酸).下列说法错误的是(　　),"A.一种反密码子可以识别不同的密码子
B.密码子与反密码子的碱基之间通过氢键结合
C.tRNA分子由两条链组成，mRNA分子由单链组成
D.mRNA中的碱基改变不一定造成所编码氨基酸的改变",C,"答案　C
解析　根据题图可知，反密码子CCI可与mRNA中的GGU、GGC、GGA互补配对，说明一种反密码子可以识别不同的密码子，A正确；密码子与反密码子的碱基互补配对，碱基之间通过氢键结合，B正确；tRNA分子和mRNA分子都是单链结构，C错误；由于某些氨基酸可对应多种密码子，故mRNA中的碱基改变不一定造成所编码氨基酸的改变，D正确.",5,5,第4章　基因的表达\第1节　基因指导蛋白质的合成\第2课时　遗传信息的翻译和中心法则.doc,,,,,,,word补充习题一套_题目答案知识标注.xlsx
458,9.研究发现，人类免疫缺陷病毒(HIV)携带的RNA在宿主细胞内不能直接作为合成蛋白质的模板.依据中心法则(下图)，下列相关叙述错误的是(　　),"A.合成子代病毒蛋白质外壳的完整过程至少要经过④②③环节
B.HIV遗传物质的基本单位是四种脱氧核糖核苷酸
C.HIV的基因是有遗传效应的RNA片段
D.科学家可以研发特异性抑制逆转录酶的药物来治疗艾滋病",B,"答案　B
解析　由于HIV携带的RNA在宿主细胞内不能直接作为合成蛋白质的模板，因此在合成子代病毒蛋白质外壳时，至少需要以RNA为模板通过④逆转录过程形成DNA，再以DNA为模板通过②转录过程形成mRNA，之后，以mRNA为模板通过③翻译过程合成蛋白质，A正确；HIV的遗传物质是RNA，RNA的基本单位是四种核糖核苷酸，B错误；根据题意分析可知，该病毒的遗传物质是RNA，因此其基因应该是具有遗传效应的RNA片段，C正确；HIV携带的RNA只有经过逆转录过程形成DNA再经过转录和翻译过程才能形成病毒的蛋白质外壳，所以可以研发特异性抑制逆转录酶的药物来抑制艾滋病病毒的增殖，进而治疗艾滋病，D正确.",5,5,第4章　基因的表达\第1节　基因指导蛋白质的合成\第2课时　遗传信息的翻译和中心法则.doc,,,,,,,word补充习题一套_题目答案知识标注.xlsx
459,10.一个mRNA分子有m个碱基，其中G＋C有n个；由该mRNA合成的蛋白质有两条多肽链.则其模板DNA分子的A＋T的个数、合成蛋白质时能脱去的最多的水分子数分别(不考虑侧链基团脱水)是(　　),"A.m，m/3－1 B.m，m/3－2
C.2(m－n)，m/3－1 D.2(m－n)，m/3－2",D,"答案　D
解析　mRNA分子有m个碱基，其中G＋C有n个，则A＋U为m－n个，根据碱基互补配对原则，其模板链中A＋T为m－n个，模板DNA分子的两条链中A＋T的个数相等，共有A＋T数为2(m－n)；一个mRNA分子有m个碱基，该mRNA最多可决定m/3个氨基酸，由该mRNA合成的蛋白质有两条多肽链，则合成蛋白质时能脱去的最多的水分子数是m/3－2.",5,5,第4章　基因的表达\第1节　基因指导蛋白质的合成\第2课时　遗传信息的翻译和中心法则.doc,,,,,,,word补充习题一套_题目答案知识标注.xlsx
460,11.下面甲、乙两图为真核细胞中发生的代谢过程的示意图，有关说法正确的是(　　),"A.甲图所示的过程叫作翻译，多个核糖体共同完成一条多肽链的合成
B.乙图所示过程叫作转录，转录产物的作用一定是作为甲图中的模板
C.甲图所示翻译过程的方向是从右到左
D.甲图和乙图中都发生了碱基互补配对且碱基互补配对方式完全相同",C,"答案　C
解析　由甲图可知，翻译过程中一个mRNA分子上结合多个核糖体，同时合成多条肽链；转录产物有信使RNA、转运RNA和核糖体RNA三种，而翻译的模板只是信使RNA；甲图中多肽链②最长，说明合成该多肽链的核糖体是最早与mRNA结合的，因此核糖体在mRNA上的移动方向是从右到左；转录和翻译过程中都发生了碱基互补配对，但碱基互补配对方式不完全相同.",5,5,第4章　基因的表达\第1节　基因指导蛋白质的合成\第2课时　遗传信息的翻译和中心法则.doc,,,,,,,word补充习题一套_题目答案知识标注.xlsx
461,12.RNA病毒可分为＋RNA病毒和－RNA病毒，其中＋RNA能够作为翻译的直接模板，－RNA不能作为翻译的直接模板.下图是新型冠状病毒的物质构成和遗传信息的传递过程，下列说法正确的是(　　),"A.①和②过程需要逆转录酶和4种核糖核苷酸等物质
B.③过程的碱基配对方式有A—T和G—C两种
C.新型冠状病毒的遗传物质包括＋RNA和－RNA
D.＋RNA→－RNA→＋RNA过程需要等量的嘌呤和嘧啶",D,"答案　D
解析　①和②过程需要RNA聚合酶，不需要逆转录酶，A错误；③表示翻译过程，该过程中A与U互配，G与C互配，B错误；新型冠状病毒的遗传物质是＋RNA，C错误；图示三个过程中都遵循碱基互补配对原则，且嘌呤总是和嘧啶配对，所以＋RNA→－RNA→＋RNA过程需要等量的嘌呤和嘧啶，D正确.",5,5,第4章　基因的表达\第1节　基因指导蛋白质的合成\第2课时　遗传信息的翻译和中心法则.doc,,,,,,,word补充习题一套_题目答案知识标注.xlsx
462,13.下列关于下图所示生理过程的叙述，正确的是(　　),"A.过程①需要解旋酶和RNA聚合酶的参与
B.物质2上的任意三个碱基叫作密码子
C.同时有A—U和U—A配对的是过程②
D.过程②从左向右进行，形成多条不同的多肽",C,"答案　C
解析　过程①为转录，需要RNA聚合酶的参与，不需要解旋酶的参与，A错误；物质2上只有决定一个氨基酸的三个相邻碱基才能叫作一个密码子，B错误；过程②为翻译，同时有A—U和U—A配对，C正确；过程②从左向右进行，形成多条相同的多肽，D错误.",5,5,第4章　基因的表达\第1节　基因指导蛋白质的合成\第2课时　遗传信息的翻译和中心法则.doc,,,,,,,word补充习题一套_题目答案知识标注.xlsx
463,"14.如图①②③分别表示细胞中3种生物大分子的合成过程.请回答下列问题:
(1)在人体内，图①过程发生的主要场所是________，图②过程是在________酶的作用下，将核糖核苷酸连接在一起形成α链.
(2)细胞内酶的合成________(填“一定”或“不一定”)需要经过图③过程.若要过程③中合成的肽链中亮氨酸(密码子为UUA、UUG、CUU、CUC、CUA、CUG)转变成色氨酸(密码子为UGG)，可以通过改变DNA模板链上的一个碱基来实现，即________.
(3)假若转录形成α链的基因中有一个碱基对发生了替换，导致该基因编码的肽链中氨基酸数目减少，其原因可能是基因中碱基对的替换导致________________________.
(4)在整个生物界中，遗传信息的传递途径除了①②③外，还包括________________两条途径.",,(1)细胞核　RNA聚合　(2)不一定　A变为C　(3)终止密码子提前出现，翻译提前终止　(4)RNA的逆转录和RNA的复制,"答案　(1)细胞核　RNA聚合　(2)不一定　A变为C　(3)终止密码子提前出现，翻译提前终止　(4)RNA的逆转录和RNA的复制
解析　(1)①表示DNA复制，在人体细胞中主要发生在细胞核中.②表示转录，需要RNA聚合酶的参与.(2)绝大多数酶的化学本质是蛋白质，少数酶的化学本质为RNA，③表示翻译过程，故细胞内酶的合成不一定需要经过图③过程.当亮氨酸的密码子为UUG时，对应模板链碱基序列为AAC，当第二个碱基A变为C时，此序列对应的密码子变为UGG，编码色氨酸.(3)基因中一个碱基对的替换可能会导致终止密码子提前出现，翻译提前终止，这会使该基因编码的肽链中氨基酸数目减少.(4)根据中心法则，在整个生物界中，遗传信息的传递途径除了①②③外，还包括RNA的逆转录和RNA的复制两条途径.",5,5,第4章　基因的表达\第1节　基因指导蛋白质的合成\第2课时　遗传信息的翻译和中心法则.doc,,,,,,,word补充习题一套_题目答案知识标注.xlsx
464,[例1] 囊性纤维化是由于编码CFTR蛋白的基因异常引起的，该实例说明 (　　),"A.基因通过控制酶的合成控制代谢过程，进而控制生物的性状
B.基因通过控制蛋白质的结构直接控制生物的性状
C.基因与环境相互作用共同调控生物的性状
D.基因和性状间不是简单的线性关系",B,"答案　B
解析　人类编码CFTR蛋白的基因缺失3个碱基对，导致CFTR蛋白缺少一个氨基酸进而使蛋白质结构改变，使人患有囊性纤维化，该实例说明基因可以通过控制蛋白质的结构直接控制生物性状.",6,6,第4章　基因的表达\第2节　基因表达与性状的关系.doc,,,,,,,word补充习题一套_题目答案知识标注.xlsx
465,[例2] 如图为圆粒豌豆的产生机制，请据图判断下列叙述错误的是(　　),"A.淀粉分支酶基因R是豌豆种子细胞中具有遗传效应的DNA片段
B.b过程能发生A与T、C与G的配对
C.R中插入一小段DNA序列使淀粉分支酶出现异常，活性大大降低，可导致种子中蔗糖增多
D.此图解体现了基因通过控制酶的合成来控制代谢过程，进而控制生物体的性状",B,"答案　B
解析　豌豆种子细胞中，基因是有遗传效应的DNA片段，A正确；b表示翻译过程，该过程中的碱基配对方式为A—U、C—G，B错误；淀粉分支酶能催化蔗糖合成淀粉，R中插入一小段DNA序列使淀粉分支酶出现异常，活性大大降低，可导致种子中蔗糖增多，C正确；此图解说明基因能够通过控制酶的合成来控制代谢过程，进而控制生物体的性状，D正确.
探究点二　基因选择性表达与细胞分化
科学家提取了鸡的输卵管细胞、红细胞(有细胞核)和胰岛B细胞，对这3种细胞中的DNA和mRNA进行了检测，结果如下表所示.回答有关问题:
检测的
3种细胞
卵清蛋白基因、珠蛋白基因、胰岛素基因
卵清蛋白
mRNA
珠蛋白
mRNA
胰岛素
mRNA
输卵管细胞
＋＋＋
＋
－
－
红细胞
＋＋＋
－
＋
－
胰岛B细胞
＋＋＋
－
－
＋
说明:“＋”表示检测发现相应的分子，“－”表示检测未发现相应的分子.
(1)鸡的输卵管细胞、红细胞和胰岛B细胞都含有卵清蛋白基因、珠蛋白基因和胰岛素基因的原因是三种细胞都是由受精卵经有丝分裂和细胞分化形成的.
(2)鸡的输卵管细胞、红细胞和胰岛B细胞中都只检测到一种mRNA的原因是基因的选择性表达.
(3)鸡的输卵管细胞、红细胞和胰岛B细胞中含有的mRNA和蛋白质不完全相同(填“相同”“不同”或“不完全相同”).
(1)管家基因和奢侈基因
①管家基因:指所有细胞中都表达的一类基因，这类基因指导合成的蛋白质是维持细胞基本生命活动所必需的，如核糖体蛋白基因、ATP合成酶基因等.
②奢侈基因:只在某类细胞中特异性表达的基因.
(2)细胞分化",6,6,第4章　基因的表达\第2节　基因表达与性状的关系.doc,,,,,,,word补充习题一套_题目答案知识标注.xlsx
466,[例3] 人的胰岛B细胞能产生胰岛素，但不能产生血红蛋白，据此推测胰岛B细胞中(　　),"A.只有胰岛素基因
B.比人受精卵基因要少
C.有胰岛素基因和其他基因，但没有血红蛋白基因
D.既有胰岛素基因，也有血红蛋白基因和其他基因",D,"答案　D
解析　胰岛B细胞含有该个体全部的基因，A错误；胰岛B细胞是由受精卵经有丝分裂而来的，所含的基因与受精卵相同，B错误；胰岛B细胞除了含有胰岛素基因，还有血红蛋白基因和其他基因，C错误，D正确.",6,6,第4章　基因的表达\第2节　基因表达与性状的关系.doc,,,,,,,word补充习题一套_题目答案知识标注.xlsx
467,[例4] 下列关于细胞分化的叙述，正确的是(　　),"A.细胞分化只发生在胚胎期
B.不同的细胞中，mRNA完全不同
C.细胞分化过程中，细胞内的DNA会发生改变
D.细胞分化是基因选择性表达的结果",D,"答案　D
解析　细胞分化是指在个体发育中，由一个或一种细胞增殖产生的后代，在形态、结构和生理功能上发生稳定性差异的过程.细胞分化的实质:基因的选择性表达.细胞分化发生在整个生命进程中，在胚胎期达到最大限度，A错误；分化过程中，由于基因的选择性表达，不同细胞中mRNA不完全相同，B错误；细胞分化过程中遗传物质不发生改变，C错误；细胞分化是基因选择性表达的结果，D正确.
探究点三　表观遗传
阅读教材资料“柳穿鱼花的形态结构和小鼠毛色的遗传”，简要回答相关问题:
(1)资料1中，柳穿鱼是一种园林花卉.教材所示的两株柳穿鱼，除了花的__________不同，其他方面基本相同.
(2)资料2中，某种小鼠实验中子一代的基因型均为Avya，却表现为介于黄色和黑色之间的一系列过渡类型，原因是______________________________.
(3)柳穿鱼植株B的Lcyc基因不表达的原因是它被________(Lcyc基因有多个________)了.
(4)柳穿鱼Lcyc基因和小鼠Avy基因发生甲基化修饰如下图:
从图中看出，两种基因的________没有改变，但部分碱基发生了甲基化修饰，抑制了基因的表达，进而对表型产生影响.
(5)有研究表明，吸烟会使人的体细胞________的甲基化水平升高，对染色体上的________也会产生影响.不仅如此，还有研究发现，男性吸烟者的精子活力下降，精子中________的甲基化水平明显升高.
提示　(1)形态结构 　(2)Avy基因前端甲基化程度越高，Avy基因的表达受到的抑制越明显，小鼠体毛的颜色就越深　(3)高度甲基化　碱基连接甲基基团　(4)碱基序列　(5)DNA　组蛋白　DNA
表观遗传",6,6,第4章　基因的表达\第2节　基因表达与性状的关系.doc,,,,,,,word补充习题一套_题目答案知识标注.xlsx
468,"[例5] 柳穿鱼植株A和植株B花的形态结构不同，其他方面基本相同.
下列叙述不正确的是(　　)","A.两株柳穿鱼体内的Lcyc基因的序列相同
B.柳穿鱼的叶肉细胞内不存在Lcyc基因
C.植株B的Lcyc基因不表达的原因是它被高度甲基化了
D.两植株杂交，F2中有少部分的花与植株B相似",B,"答案　B
解析　柳穿鱼的所有体细胞是由一个受精卵通过有丝分裂产生的，因此理论上均含有Lcyc基因.",6,6,第4章　基因的表达\第2节　基因表达与性状的关系.doc,,,,,,,word补充习题一套_题目答案知识标注.xlsx
469,[例6] 黄色小鼠(AA)与黑色小鼠(aa)杂交，产生的F1(Aa)不同个体出现了不同体色.研究表明，不同体色的小鼠A基因的碱基序列相同，但A基因上二核苷酸(CpG)胞嘧啶有不同程度的甲基化(如图)现象出现，甲基化不影响基因DNA复制.有关分析错误的是(　　),"A.F1个体体色的差异与A基因甲基化程度有关
B.甲基化可能影响RNA聚合酶与该基因的结合
C.碱基甲基化不影响碱基互补配对过程
D.甲基化是引起基因结构改变的常见方式",D,"答案　D
解析　根据对题干信息的分析可知，F1个体的基因型都是Aa，而A基因碱基序列相同，有不同程度的甲基化现象，说明F1个体体色差异与A基因甲基化程度有关，A正确；RNA聚合酶与基因的结合是基因表达的关键环节，而A基因甲基化会影响其表达过程，B正确；碱基甲基化不影响DNA复制过程，而DNA复制过程有碱基互补配对现象，C正确；基因中碱基甲基化后碱基种类没有改变，因此基因结构(基因中碱基对排列顺序)没有发生改变，D错误.
思维导图
晨读必背",6,6,第4章　基因的表达\第2节　基因表达与性状的关系.doc,,,,,,,word补充习题一套_题目答案知识标注.xlsx
470,1.下列有关基因控制生物性状的实例分析，属于通过控制蛋白质的结构直接来控制生物体性状的是(　　),"A.白化病 B.苯丙酮尿症
C.囊性纤维化 D.豌豆粒形",C,"答案　C
解析　白化病、苯丙酮尿症、豌豆粒形都是基因通过控制酶的合成来控制代谢过程，进而控制生物体的性状，A、B、D不符合题意；囊性纤维化属于基因通过控制蛋白质的结构直接来控制生物体的性状，C符合题意.",9,9,第4章　基因的表达\第2节　基因表达与性状的关系.doc,,,,,,,word补充习题一套_题目答案知识标注.xlsx
471,2.脊椎动物的一些基因活性与其周围特定胞嘧啶的甲基化有关，甲基化使基因失活，相应的非甲基化能活化基因的表达，以下推测正确的是(　　),"A.肝细胞和胰岛B细胞的呼吸酶基因均处于甲基化状态
B.肝细胞和胰岛B细胞的胰岛素基因均处于非甲基化状态
C.肝细胞的呼吸酶基因和胰岛素基因均处于非甲基化状态
D.胰岛B细胞的呼吸酶基因和胰岛素基因均处于非甲基化状态",D,"答案　D
解析　分析题意可知，相应的非甲基化能活化基因的表达，肝细胞和胰岛B细胞中均存在呼吸酶，表明呼吸酶基因均处于非甲基化状态，肝细胞的胰岛素基因处于甲基化状态，胰岛B细胞的胰岛素基因处于非甲基化状态，A、B、C错误，D正确.",6,6,第4章　基因的表达\第2节　基因表达与性状的关系.doc,,,,,,,word补充习题一套_题目答案知识标注.xlsx
472,3.下列有关表观遗传的叙述，不正确的是(　　),"A.生物表观遗传中基因表达发生改变
B.生物表观遗传中表型发生改变
C.生物表观遗传中基因的碱基序列发生改变
D.生物表观遗传现象可以遗传给下一代",C,"答案　C
解析　生物表观遗传是指基因的碱基序列没有变化，但部分碱基发生了甲基化修饰，基因的表达和表型发生可遗传变化的现象.",6,6,第4章　基因的表达\第2节　基因表达与性状的关系.doc,,,,,,,word补充习题一套_题目答案知识标注.xlsx
473,4.如图为基因对性状控制流程示意图.下列选项不正确的是(　　),"A.①是转录过程，它以DNA的一条链为模板、四种脱氧核苷酸为原料合成mRNA
B.②是翻译过程，核糖体沿着mRNA移动
C.白化病是基因通过控制酶的合成而间接控制性状的实例
D.囊性纤维化是基因通过控制蛋白质的结构直接控制性状的实例",A,"答案　A
解析　图中①过程表示转录，它以DNA的一条链为模板、四种核糖核苷酸为原料合成mRNA，而脱氧核苷酸是合成DNA的原料，A错误；②过程表示翻译，核糖体沿着mRNA移动合成多肽链，B正确；人的白化病是基因通过控制酶的合成来影响细胞代谢，进而间接控制生物的性状，C正确；囊性纤维化是基因通过控制蛋白质的结构直接控制生物性状的实例，D正确.
课后·分层训练
(时间:30分钟)
知识点1　基因表达产物与性状的关系",9,9,第4章　基因的表达\第2节　基因表达与性状的关系.doc,,,,,,,word补充习题一套_题目答案知识标注.xlsx
474,1.如图所示，生活在水池中的水毛茛，裸露在空气中的叶呈扁平片状，浸在水中的叶则呈狭小细长的丝状.下列分析和推测合理的是(　　),"A.丝状叶是水诱导水毛茛产生的变异
B.扁平叶是显性性状，丝状叶是隐性性状
C.两种形态的叶，细胞的基因组成是相同的
D.若减少水池中的水，则露出水面的丝状叶将变成片状叶",C,"答案　C
解析　丝状叶是水环境条件影响的结果，不是水诱导水毛茛产生的变异，A错误；扁平叶和丝状叶是由环境引起的，其基因型相同，没有显隐性关系，B错误；叶片来自于同一株水毛茛，因此组成这两种叶的细胞基因组成是相同的，C正确；浸在水中的叶成狭小细长的丝状，基因已经选择性表达，细胞分化是不可逆的，不能再变成片状叶，D错误.",6,6,第4章　基因的表达\第2节　基因表达与性状的关系.doc,,,,,,,word补充习题一套_题目答案知识标注.xlsx
475,2.下列关于基因与性状的关系的叙述，正确的是(　　),"A.基因都是通过控制蛋白质的结构直接控制生物体的性状的
B.生物体的性状表现是自身遗传信息与环境共同作用的结果
C.一对等位基因只能控制—对相对性状
D.基因具有独立性，细胞中不同基因表达时不会相互作用",B,"答案　B
解析　基因可通过控制蛋白质的结构直接控制生物体的性状，也可以通过控制酶的合成来控制代谢过程，进而控制生物体的性状，A错误；生物体的性状表现由自身遗传信息与环境因素共同决定，B正确；基因与性状的关系并不是简单的一一对应的关系，一个性状可以受到多个基因的影响，一个基因也可以影响多个性状，C错误；基因具有独立性，但同一细胞中不同基因表达时可能会相互作用，D错误.",6,6,第4章　基因的表达\第2节　基因表达与性状的关系.doc,,,,,,,word补充习题一套_题目答案知识标注.xlsx
476,3.下面为脉孢霉体内精氨酸的合成途径示意图，从图中可得出(　　),"A.一种物质的合成只受一个基因的控制
B.基因可通过控制酶的合成来控制代谢
C.若基因②不表达，则基因③和④也不表达
D.若基因③不存在，则瓜氨酸仍可合成精氨酸琥珀酸",B,"答案　B
解析　由题图可知，精氨酸的合成需要酶①②③④的参与，而它们分别受基因①②③④的控制；基因通过控制酶的合成来控制代谢过程，从而控制生物体的性状；基因具有一定的独立性，基因②不表达时，基因③④仍可表达，只是无法合成精氨酸；若基因③不存在，酶③不能合成，则瓜氨酸→精氨酸琥珀酸的途径不能进行.
知识点2　基因的选择性表达与细胞分化",6,6,第4章　基因的表达\第2节　基因表达与性状的关系.doc,,,,,,,word补充习题一套_题目答案知识标注.xlsx
477,4.同一哺乳动物个体的神经细胞与肝细胞的形态、结构和功能均不同，其原因是两种细胞的(　　),"A.核DNA相同，mRNA相同，蛋白质不同
B.核DNA相同，mRNA不同，蛋白质不同
C.核DNA不同，mRNA不同，蛋白质不同
D.核DNA不同，mRNA相同，蛋白质不同",B,"答案　B
解析　同一哺乳动物个体的神经细胞和肝细胞最初都来自同一个受精卵，二者的遗传物质(DNA)相同，在细胞分化的过程中，由于基因的选择性表达，两种细胞的mRNA不完全相同，编码的蛋白质不完全相同，两种细胞的形态、结构和功能不同，B符合题意.",6,6,第4章　基因的表达\第2节　基因表达与性状的关系.doc,,,,,,,word补充习题一套_题目答案知识标注.xlsx
478,5.同一个体中，在所有细胞中都表达的一类基因，称为管家基因，只在某类细胞中特异性表达的基因称为奢侈基因.下列相关叙述错误的是(　　),"A.管家基因指导合成的蛋白质是维持细胞生命活动所必需的
B.奢侈基因表达的产物赋予细胞特定的形态、结构和功能
C.所有细胞中都含有管家基因，但只有部分细胞含有奢侈基因
D.奢侈基因能表达说明细胞已发生了分化",C,"答案　C
解析　管家基因在所有细胞中都表达，其指导合成的蛋白质是维持细胞生命活动所必需的，A正确；奢侈基因只在某类细胞中特异性表达，其表达产物赋予细胞特定的形态、结构和功能，B正确；所有细胞中都含有管家基因和奢侈基因，奢侈基因只在特定细胞中表达，C错误；奢侈基因表达说明细胞已发生了分化，D正确.",6,6,第4章　基因的表达\第2节　基因表达与性状的关系.doc,,,,,,,word补充习题一套_题目答案知识标注.xlsx
479,"6.科学家提取了同一只鸡的输卵管细胞、红细胞和胰岛B细胞，对这3种细胞中的DNA和mRNA进行了检测，结果如表所示.下列相关叙述错误的是(　　)
检测的
3种细胞
卵清蛋白基因、珠蛋白基因、胰岛素基因、核糖体蛋白基因
卵清
蛋白
mRNA
珠蛋白
mRNA
胰岛素
mRNA
核糖体
蛋白
mRNA
输卵管细胞
＋＋＋＋
＋
－
－
＋
红细胞
＋＋＋＋
－
＋
－
＋
胰岛B细胞
＋＋＋＋
－
－
＋
＋
注:“＋”表示检测发现相应的分子，“－”表示检测未发现相应的分子.","A.分化后的不同种细胞可合成相同的蛋白质
B.鸡的红细胞成熟后，仍能检测到卵清蛋白基因和胰岛素基因
C.红细胞和胰岛B细胞中表达的基因不完全相同
D.去除细胞中不表达的基因，不影响细胞的全能性",D,"答案　D
解析　由表分析可知，分化后的三种细胞都能合成核糖体蛋白mRNA，即都能合成核糖体蛋白，则分化后的不同种细胞可合成相同的蛋白质，A正确；鸡的成熟红细胞中含有细胞核和各种细胞器，故鸡的红细胞成熟后，仍能检测到卵清蛋白基因和胰岛素基因，B正确；由表分析可知，红细胞和胰岛B细胞中表达的基因不完全相同，C正确；细胞具有全能性的根本原因是细胞中含有该生物体的全套遗传物质，若去除部分基因，则会影响细胞的全能性，D错误.
知识点3　表观遗传",6,6,第4章　基因的表达\第2节　基因表达与性状的关系.doc,,,,,,,word补充习题一套_题目答案知识标注.xlsx
480,7.表观遗传是指生物体基因的碱基序列保持不变，但基因表达和表型发生可遗传变化的现象.下列能体现表观遗传的是(　　),"A.都不患红绿色盲的两人所生的后代却可能患红绿色盲，因为母亲的遗传信息中携带了红绿色盲基因
B.同卵双生的两人在同样的环境中长大后，他们在性格、健康等方面却会有较大的差异
C.龙生九子，各有不同，同一对父母生出来的多个子女在长相上各不相同
D.父母均正常，后代因控制血红蛋白分子合成的基因结构改变而患上镰状细胞贫血",B,"答案　B
解析　母亲携带了红绿色盲基因，其在有性生殖过程中将红绿色盲基因传递给后代，使后代患红绿色盲，这属于遗传信息的正常传递过程，没有体现表观遗传，A错误；一般情况下，同卵双生的两人的遗传信息是完全一样的，在同样的环境中长大后，他们在性格、健康等方面却会有较大的差异，即遗传信息一样，表型不一样，符合表观遗传的定义，B正确；同一对父母生出来的多个子女的遗传信息不完全相同，导致他们在长相上各不相同，不符合表观遗传的定义，C错误；患上镰状细胞贫血的后代遗传信息发生了改变，由此导致的性状改变不属于表观遗传，D错误.",2,2,第4章　基因的表达\第2节　基因表达与性状的关系.doc,,,,,,,word补充习题一套_题目答案知识标注.xlsx
481,8.柳穿鱼是一种园林花卉，其花的形态结构与Lcyc基因的表达直接相关.花呈左右对称的植株(品系M)，其Lcyc基因在开花时表达，花呈辐射对称的植株(品系N)，其Lcyc基因由于被高度甲基化，不表达.品系M与品系N杂交得F1，F1的花与品系M相似，F1自交的F2中大部分植株的花与品系M相似，少部分植株的花与品系N相似.下列有关叙述错误的是(　　),"A.品系M和品系N的基因型不同
B.品系M和品系N的Lcyc基因的碱基序列相同
C.甲基化可能会影响基因的转录和翻译，进而影响生物的表型
D.根据题意可推测DNA甲基化可遗传给下一代",A,"答案　A
解析　由题分析可知，品系M和品系N的表型不同与它们的Lcyc基因是否被高度甲基化有关，故品系M和品系N的基因型相同，A错误；品系M和品系N的Lcyc基因的碱基序列相同，B正确；由题分析可知，甲基化可能会影响基因的转录和翻译，进而影响生物体的性状，C正确；由F1的花与品系M相似，F1自交的F2中大部分植株的花与品系M相似，少部分植株的花与品系N相似可推测，DNA甲基化可遗传给下一代，D正确.",6,6,第4章　基因的表达\第2节　基因表达与性状的关系.doc,,,,,,,word补充习题一套_题目答案知识标注.xlsx
482,9.表观遗传现象普遍存在于生物体的整个生命活动过程中.下列有关叙述错误的是(　　),"A.表观遗传对生物种群的生存和繁衍不都是有利的
B.染色体的组蛋白发生乙酰化修饰也可对生物体的表型产生影响
C.一个蜂群中，蜂王和工蜂在形态、结构、生理和行为等方面的不同与表观遗传有关
D.孟德尔的豌豆杂交实验中F1黄色圆粒豌豆自交，后代中出现绿色皱粒豌豆是表观遗传的结果",D,"答案　D
解析　表观遗传对生物种群的生存和繁衍可能是有利的，也可能是有害的，A正确；除了DNA甲基化，构成染色体的组蛋白发生甲基化、乙酰化等修饰也会影响基因的表达，进而对生物体的表型产生影响，B正确；一个蜂群中，蜂王和工蜂都是由受精卵发育而来的，但它们在形态、结构、生理和行为等方面截然不同，表观遗传在其中发挥了重要作用，C正确；F1黄色圆粒豌豆自交，后代中出现绿色皱粒豌豆是基因自由组合的结果，D错误.",6,6,第4章　基因的表达\第2节　基因表达与性状的关系.doc,,,,,,,word补充习题一套_题目答案知识标注.xlsx
483,10.如图为基因的作用与性状的表现流程示意图，关于该流程的叙述正确的是 (　　),"A.①过程发生在细胞分裂前的间期，以DNA的两条链为模板合成mRNA
B.②过程中需要mRNA、氨基酸、核糖体、酶、ATP即可完成
C.某段DNA上发生了碱基的改变，则形成的mRNA、蛋白质一定会改变
D.基因可以通过控制酶的合成来控制代谢过程，从而控制生物体的性状",D,"答案　D
解析　①过程是转录，它是以DNA的一条链为模板、四种核糖核苷酸为原料合成mRNA的过程，可以发生在细胞发育的各个时期，A错误；②过程中除了需要mRNA、氨基酸、核糖体、ATP酶外，还需要tRNA，B错误；某段DNA上发生了碱基的改变，则形成的mRNA会发生改变，但由于密码子具有简并性，其控制合成的蛋白质不一定会改变，C错误；基因通过控制酶的合成来控制代谢过程从而间接控制生物体的性状，D正确.",6,6,第4章　基因的表达\第2节　基因表达与性状的关系.doc,,,,,,,word补充习题一套_题目答案知识标注.xlsx
484,"11.取同种生物的不同类型的细胞，检测其基因表达，结果如图所示.
已知4种基因分别是①晶状体蛋白基因、②胰岛素基因、③呼吸酶基因、④血红蛋白基因.则基因1和基因4分别最可能是(　　)","A.①③ B.③④
C.②④ D.①②",B,"答案　B
解析　据图可知，基因1在所有细胞中都表达，说明其表达产物不具有特异性，所有细胞均有，故可能为③呼吸酶基因；基因3只在胰岛细胞中表达，在其他细胞中不表达，说明基因3的表达产物具有特异性，即可能为②胰岛素基因，同理基因2可能是①晶状体蛋白基因，而基因4在这三种细胞中都没有表达，说明这三种细胞中都没有该基因的表达产物，即基因4为血红蛋白基因，血红蛋白只存在于红细胞中，B正确.",6,6,第4章　基因的表达\第2节　基因表达与性状的关系.doc,,,,,,,word补充习题一套_题目答案知识标注.xlsx
485,"12.请回答下列与表观遗传有关的问题:
(1)表观遗传是指_____________________________________________.
(2)DNA甲基化是表观遗传现象产生的重要原因之一，DNA甲基化是指在有关酶的催化下，DNA中部分碱基上连接一个________，通常来说，甲基化程度越高，基因的表达受到抑制________.
(3)某种猫的毛色由X染色体上的一对等位基因A(黄色)和a(黑色)控制，杂合雌猫(XAXa)的毛色表现为黑黄相间.研究发现，在胚胎时期，雌猫体细胞中两条X染色体中的一条随机发生染色质固缩失活，失活后的X染色体上的部分基因不再表达，染色体失活后的细胞经分裂产生的子细胞也保留相同的染色体失活状态，据此推测，细胞中含________基因的X染色体失活时，该处毛色表现为黄色，含________基因的X染色体失活时，表现为黑色.据此推测，该表观遗传现象的产生与________有关.",,(1)生物体基因的碱基序列保持不变，但基因表达和表型发生可遗传变化的现象　(2)甲基基团(—CH3)　越明显(或越强)　(3)a　A　X染色体随机失活,"答案　(1)生物体基因的碱基序列保持不变，但基因表达和表型发生可遗传变化的现象　(2)甲基基团(—CH3)　越明显(或越强)　(3)a　A　X染色体随机失活
解析　(1)表观遗传是指生物体基因的碱基序列保持不变，但基因表达和表型发生可遗传变化的现象.(2)DNA甲基化是指在有关酶的催化下，DNA中部分碱基上连接一个甲基基团(—CH3)，通常来说，甲基化程度越高，基因的表达受到的抑制越明显.(3)依题意分析，雌猫体细胞内，某条X染色体失活，则会表现出另一条X染色体上的基因控制的性状，因此，若细胞中含a基因的X染色体失活，则该处毛色表现为黄色；同理，若细胞中含A基因的X染色体失活，则该处毛色表现为黑色.据此推测，该表观遗传现象的产生与X染色体随机失活有关.",2,2,第4章　基因的表达\第2节　基因表达与性状的关系.doc,,,,,,,word补充习题一套_题目答案知识标注.xlsx
486,"13.囊性纤维化是北美白种人中常见的一种遗传病，由一对等位基因控制，其致病机理如图所示.请回答下列有关问题:
(1)据图分析，①过程需要________酶参与催化反应，②过程发生的场所是________.
(2)异常CFTR蛋白在第508位缺失一个氨基酸(苯丙氨酸)的根本原因是________________________________________，缺失氨基酸后，CFTR蛋白的空间结构________(填“改变”或“不变”).
(3)囊性纤维化的实例表明，基因表达产物与性状的关系是____________________________________________
____________________________________________________________.
(4)一对表型正常的夫妇生育了一个患囊性纤维化的女儿，推测CFTR基因位于________(填“常染色体”或“性染色体”)上.该夫妇第二胎生下一对表型均正常的“龙凤胎”，则这对“龙凤胎”均为携带者的概率为________.",,(1)RNA聚合　核糖体(或细胞质)　(2)正常CFTR基因缺失了3个碱基，成为异常CFTR基因　改变　(3)基因通过控制蛋白质的结构直接控制生物体的性状　(4)常染色体　4/9,"答案　(1)RNA聚合　核糖体(或细胞质)　(2)正常CFTR基因缺失了3个碱基，成为异常CFTR基因　改变　(3)基因通过控制蛋白质的结构直接控制生物体的性状　(4)常染色体　4/9
解析　(1)据图分析，①过程表示转录，需要RNA聚合酶参与催化反应，②过程表示翻译，发生的场所是核糖体(或细胞质).(2)据图分析，异常CFTR蛋白在第508位缺失一个氨基酸，推测异常CFTR基因比正常CFTR基因少3个碱基，异常CFTR蛋白的氨基酸数目减少，其空间结构和功能发生改变.(3)囊性纤维化实例说明基因通过控制蛋白质的结构直接控制生物体的性状.(4)由一对表型正常的夫妇生育了一个患囊性纤维化的女儿，可推测CFTR基因位于常染色体上.“龙凤胎”是异卵双胞胎，二者均是携带者的概率为4/9.",2,2,第4章　基因的表达\第2节　基因表达与性状的关系.doc,,,,,,,word补充习题一套_题目答案知识标注.xlsx
487,1.如图为核苷酸的模式图，下列相关说法正确的是(　　),"A.DNA与RNA在核苷酸上只有②不同
B.如果要构成ATP，在①位置上加上两个磷酸基团即可
C.人体内的③有5种，②有2种
D.③在细胞核内共有4种",C,"答案　C
解析　分析题图可知，①是磷酸基团，②是五碳糖，③是含氮碱基.DNA与RNA在核苷酸上的不同主要有两点，一是在DNA中②为脱氧核糖，在RNA中②为核糖；二是在DNA中③有A、T、C、G 4种，在RNA中③有A、U、C、G 4种，A错误；如果要构成ATP，要在①位置上加上两个磷酸基团，②应为核糖，③应为腺嘌呤，B错误；人体内既有RNA又有DNA，故人体内的③有5种，②有2种，C正确；DNA和RNA均可存在于细胞核内，故③在细胞核内共有5种，D错误.",0,0,第4章　基因的表达\重难突破4　基因的表达.doc,,,,,,,word补充习题一套_题目答案知识标注.xlsx
488,2.下列关于图中①②两种分子的说法正确的是(　　),"A.①为DNA，在正常情况下复制后形成两个相同的DNA
B.②为tRNA，一种tRNA可携带不同的氨基酸
C.遗传信息位于①上，密码子位于②上
D.①和②共有的碱基是A、C、G、T",A,"答案　A
解析　①为DNA，复制时两条链都作为模板，形成两个相同的DNA，A正确；②为tRNA，一种tRNA只能携带一种氨基酸，B错误；遗传信息位于DNA上，密码子位于mRNA上，C错误；DNA和tRNA共有的碱基为A、C、G，D错误.",5,5,第4章　基因的表达\重难突破4　基因的表达.doc,,,,,,,word补充习题一套_题目答案知识标注.xlsx
489,3.如图表示真核细胞的翻译过程，下列有关叙述错误的是(　　),"A.核糖体由rRNA和蛋白质组成
B.异亮氨酸的密码子是UAG
C.翻译时，核糖体沿着②向右移动
D.一个mRNA分子可结合多个核糖体",B,"答案　B
解析　核糖体由rRNA和蛋白质组成，A正确；分析题图可知，异亮氨酸的反密码子是UAG，密码子是AUC，B错误；翻译时核糖体沿着②mRNA向右移动，C正确；一个mRNA分子可结合多个核糖体同时进行翻译，这样可以提高翻译的效率，D正确.",5,5,第4章　基因的表达\重难突破4　基因的表达.doc,,,,,,,word补充习题一套_题目答案知识标注.xlsx
490,4.如图所示为细胞中遗传信息的传递和表达过程，相关叙述正确的是(　　),"A.①是DNA的复制，②是转录，③是翻译，三个过程中碱基配对情况不完全相同
B.②③过程发生的场所可能相同，③是以DNA为模板合成具有一定氨基酸顺序的肽链
C.①②过程所需要的原料相同
D.③过程中不同核糖体合成的是同一种肽链，核糖体的移动方向是由右向左",A,"答案　A
解析　①是DNA的复制，②是转录，③是翻译.DNA复制过程中碱基配对方式为A—T、C—G、G—C、T—A，转录过程中碱基配对方式为A—U、C—G、G—C、T—A，翻译过程中碱基配对方式为A—U、C—G、G—C、U—A，可见这三个过程中碱基配对情况不完全相同，A正确；②是转录过程，主要发生在细胞核中，此外还可以发生在线粒体和叶绿体中；③是翻译过程，发生在核糖体上，也能发生在线粒体和叶绿体中，该过程是以mRNA为模板合成具有一定氨基酸顺序的肽链，B错误；①②过程所需要的原料不同，①过程所需要的原料是脱氧核苷酸，②过程所需要的原料是核糖核苷酸，C错误；③过程中不同核糖体合成的是同一种肽链，核糖体的移动方向是由左向右，D错误.",5,5,第4章　基因的表达\重难突破4　基因的表达.doc,,,,,,,word补充习题一套_题目答案知识标注.xlsx
491,"5.图甲、乙、丙表示细胞内正在进行的生理过程，据图分析下列相关叙述错误的是(　　)
甲
乙
丙","A.正常人体细胞内不会进行4、6、7过程
B.1、4、6、8、10过程均需要核糖核苷酸作为原料
C.1过程需要RNA聚合酶参与，3过程需要DNA聚合酶参与
D.病毒体内不能单独进行图甲、乙或丙所代表的生理过程",B,"答案　B
解析　图甲表示DNA的复制、转录和翻译过程，图乙表示RNA的复制和翻译过程，图丙表示逆转录、DNA的复制、转录和翻译过程.正常人体细胞内不会进行RNA的复制和逆转录过程，即不会进行4、6、7过程，A正确；1、4、6、8过程的产物为RNA，需要核糖核苷酸作为原料，10过程表示DNA的复制，需要脱氧核苷酸作为原料，B错误；1过程需要RNA聚合酶参与，3过程需要DNA聚合酶参与，C正确；病毒不具有独立代谢的功能，不能单独进行图甲、乙或丙所代表的生理过程，D正确.",0,0,第4章　基因的表达\重难突破4　基因的表达.doc,,,,,,,word补充习题一套_题目答案知识标注.xlsx
492,6.当细胞中缺乏氨基酸时，负载tRNA(携带氨基酸的tRNA)会变为空载tRNA(没有携带氨基酸的tRNA)参与基因表达的调控.如图是缺乏氨基酸时，tRNA调控基因表达的相关过程.下列相关叙述正确的是(　　),"A.①过程所需的嘧啶数与嘌呤数相等
B.②过程中，a核糖体结合过的tRNA数目最多
C.当细胞缺乏氨基酸时，空载tRNA只通过激活蛋白激酶抑制基因表达
D.终止密码子与d核糖体距离最近",B,"答案　B
解析　①过程为转录，该过程以DNA的一条链为模板，该链中嘌呤数和嘧啶数无法确定，因此转录过程中所需的嘌呤数和嘧啶数也无法确定，A错误；②过程中，a核糖体合成的肽链最长，说明该核糖体是从mRNA的右侧向左侧移动进行翻译的，结合过的tRNA数目最多，B正确；从图中分析可知，当细胞缺乏氨基酸时，空载tRNA可以通过④过程抑制细胞核内的转录过程，从而抑制基因表达，也可以通过激活蛋白激酶Gcn2P来抑制翻译过程，从而抑制基因表达，C错误；分析②过程，翻译的方向是从右侧到左侧，d核糖体离起始密码子最近，a核糖体离终止密码子最近，D错误.",5,5,第4章　基因的表达\重难突破4　基因的表达.doc,,,,,,,word补充习题一套_题目答案知识标注.xlsx
493,7.图1中Ⅲ、Ⅱ、Ⅰ表示哺乳动物一条染色体上相邻的三个基因，a、b为基因的间隔序列；图2为Ⅰ基因进行的某种生理过程.下列叙述错误的是(　　),"A.Ⅲ、Ⅱ、Ⅰ基因在不同的细胞中表达情况可能不同
B.图2中甲为RNA聚合酶，丙中所含的五碳糖是核糖
C.若丙中A＋U占36%，则丙所对应的乙片段中G占32%
D.基因指导合成的终产物不一定都是具有催化作用的酶",C,"答案　C
解析　若丙中A＋U占36%，则丙对应的DNA片段中A＋T也占36%，则C＋G占64%，其中G占双链DNA的32%，但乙链中G的含量无法确定，C错误.",0,0,第4章　基因的表达\重难突破4　基因的表达.doc,,,,,,,word补充习题一套_题目答案知识标注.xlsx
494,8.某病毒的遗传物质是单链RNA(－RNA)，宿主细胞内病毒的增殖过程如图，－RNA和＋RNA的碱基序列是互补的.下列叙述正确的是(　　),"A.－RNA和＋RNA均可与核糖体结合作为翻译的模板
B.据图推测，只有－RNA上有RNA聚合酶的结合位点
C.过程①所需的嘌呤数和过程③所需的嘧啶数相同
D.过程②需要的tRNA来自病毒，原料及场所都由宿主细胞提供",C,"答案　C
解析　由图示可得，只有＋RNA可与核糖体结合作为翻译的模板，A错误；图中既能以－RNA为模板合成＋RNA，也能以＋RNA为模板合成－RNA，说明－RNA和＋RNA均有RNA聚合酶的结合位点，B错误；由于－RNA和＋RNA的碱基是互补配对的，所以过程①所需嘌呤数量与过程③所需嘧啶数量相同，C正确；②为翻译过程，该过程需要的tRNA、原料及场所都由宿主细胞提供，D错误.",5,5,第4章　基因的表达\重难突破4　基因的表达.doc,,,,,,,word补充习题一套_题目答案知识标注.xlsx
495,9.如图表示遗传信息在生物大分子间的传递规律，以下有关说法正确的是(　　),"A.图1、图2所示的生理过程完全相同
B.图1表示细菌细胞内基因的表达过程，图2表示酵母菌细胞内核基因的表达过程
C.图2信息反映多个核糖体完成一条多肽链的合成，有利于提高蛋白质的合成效率
D.图1所示过程的方向是自右向左，②③④⑤表示正在合成的多肽链",D,"答案　D
解析　真核细胞的转录主要发生在细胞核中，翻译发生在细胞质中的核糖体上，在空间和时间上被分隔开进行，而原核细胞的转录和翻译没有分隔，可以同时进行，边转录边翻译.图1表示翻译过程，发生在真核细胞中；图2表示转录和翻译过程，该过程可以发生在原核细胞中，也可以发生在真核细胞的线粒体和叶绿体中，A、B错误；图2每条mRNA上有多个核糖体同时进行多条多肽链的合成，C错误；图1中①是mRNA，⑥是核糖体，②③④⑤表示正在合成的4条多肽链，翻译的方向是自右向左，D正确.",0,0,第4章　基因的表达\重难突破4　基因的表达.doc,,,,,,,word补充习题一套_题目答案知识标注.xlsx
496,10.如图为细胞中遗传信息的传递过程，下列有关叙述正确的是(　　),"A.图①过程为遗传信息的复制，在人体的所有细胞中都可能发生
B.图②过程为遗传信息的转录，需要四种脱氧核糖核苷酸作为原料
C.图③过程为遗传信息的翻译，最后得到的三条多肽链的结构相同
D.图④过程为染色体上基因的表达，需要多种RNA和多种酶的参与",C,"答案　C
解析　图①过程为遗传信息的复制，并不是在人体的所有细胞中都能发生，如成熟的红细胞，A错误；图②过程为遗传信息的转录，需要四种核糖核苷酸作为原料，B错误；图③过程为遗传信息的翻译，最后得到的三条多肽链的结构相同，C正确；图④是转录和翻译同时进行，染色体上基因的转录和翻译不能同时进行，D错误.",5,5,第4章　基因的表达\重难突破4　基因的表达.doc,,,,,,,word补充习题一套_题目答案知识标注.xlsx
497,11.人类免疫缺陷病毒的RNA，在人体细胞内不能直接作为合成蛋白质的模板，该病毒在宿主细胞内增殖的过程，如图所示.下列叙述正确的是(　　),"A.过程①所需嘧啶的比例与④所需嘌呤的比例是相同的
B.过程③和过程④都是从同一条链上的相同起点开始的
C.过程⑤中氨基酸的排列顺序是由tRNA的种类决定的
D.①②③④⑤过程碱基配对的方式完全相同",A,"答案　A
解析　过程①表示病毒RNA逆转录形成单链DNA的过程，过程④表示DNA转录形成病毒RNA的过程，两个过程中都遵循碱基互补配对原则，即嘌呤与嘧啶配对，因此①过程所需嘧啶的比例与④过程所需嘌呤的比例是相同的，A正确；过程③和过程④形成的是不同的RNA，不是从同一条链的相同起点开始的，B错误；过程⑤中氨基酸的排列顺序是由mRNA上核糖核苷酸的排列顺序决定的，C错误；①为RNA与DNA碱基配对，②为DNA与DNA碱基配对，③④为DNA与RNA碱基配对，⑤为RNA与RNA碱基配对，因此碱基的配对方式不完全相同，D错误.",5,5,第4章　基因的表达\重难突破4　基因的表达.doc,,,,,,,word补充习题一套_题目答案知识标注.xlsx
498,"12.如图表示人体细胞中遗传信息的传递过程.请回答:
(1)DNA独特的________结构为过程①提供精确的模板，通过________保证了该过程的准确进行.
(2)过程②需要________酶的催化，以________________为原料.
(3)过程③中核糖体的移动方向为________(填“从左到右”或“从右到左”)，多个核糖体相继结合在同一个mRNA分子上的生物学意义是__________________________________________________________________
________________________________________________________________.
过程③的产物从核糖体上脱离后，还需要经过盘曲折叠成____________________________________，才能发挥相应的生物效应.
(4)图中所示遗传信息的传递途径是______________________________________
_______________________________________________________________(用文字和箭头表示).",,(1)双螺旋　碱基互补配对　(2)RNA聚合　4种游离的核糖核苷酸　(3)从右到左　少量的mRNA分子就可以迅速合成大量的蛋白质(或提高翻译效率)　具有特定空间结构和功能的蛋白质,"答案　(1)双螺旋　碱基互补配对　(2)RNA聚合　4种游离的核糖核苷酸　(3)从右到左　少量的mRNA分子就可以迅速合成大量的蛋白质(或提高翻译效率)　具有特定空间结构和功能的蛋白质
(4)
解析　(1)DNA独特的双螺旋结构为过程①DNA复制提供精确的模板，通过碱基互补配对保证了该过程的准确进行.(2)过程②是转录，需要RNA聚合酶的催化，并以4种游离的核糖核苷酸为原料，合成RNA.(3)过程③是翻译，根据核糖体上肽链的长度判断，核糖体的移动方向为从右到左.多个核糖体相继结合在同一个mRNA分子上的生物学意义是少量的mRNA分子就可以迅速合成出大量的蛋白质(或提高了翻译效率).由图示可知，过程③的产物从核糖体上脱离后，还需要经过盘曲折叠成具有特定空间结构和功能的蛋白质，才能发挥相应的生物效应.(4)图中所示遗传信息的传递途径是
.",5,5,第4章　基因的表达\重难突破4　基因的表达.doc,,,,,,,word补充习题一套_题目答案知识标注.xlsx
499,"13.miRNA是真核细胞中一类不编码蛋白质的短序列RNA，其主要功能是调控其他基因的表达，在细胞分化、凋亡、个体发育和疾病发生等方面起着重要作用.研究发现，BCL2是一个抗凋亡基因，其编码的蛋白质有抑制细胞凋亡的作用，该基因的表达受MIR－15a基因控制合成的miRNA调控，如图所示.请分析回答下列问题:
(1)A过程是________，需要________的催化.
(2)B过程中能与①发生碱基互补配对的是________，物质②是指________.
(3)据图分析可知，miRNA调控BCL2基因表达的机理是__________________________________________________________
_______________________________________________________.
(4)若MIR－15a基因缺失，则细胞发生癌变的可能性________(填“增加”“减少”或“不变”)，理由是________________________________
____________________________________________________.",,(1)转录　RNA聚合酶　(2)tRNA(或反密码子)　肽链　(3)miRNA能与BCL2基因转录生成的mRNA发生碱基互补配对形成双链，阻断翻译过程　(4)增加　MIR－15a基因缺失，无法合成miRNA，无法调控BCL2基因的表达，使BCL2基因表达产物增加，抑制细胞凋亡，细胞癌变的可能性增加,"答案　(1)转录　RNA聚合酶　(2)tRNA(或反密码子)　肽链　(3)miRNA能与BCL2基因转录生成的mRNA发生碱基互补配对形成双链，阻断翻译过程　(4)增加　MIR－15a基因缺失，无法合成miRNA，无法调控BCL2基因的表达，使BCL2基因表达产物增加，抑制细胞凋亡，细胞癌变的可能性增加
解析　(1)A过程是转录，需要RNA聚合酶的催化.(2)B过程表示翻译，mRNA与tRNA发生碱基互补配对，物质②表示翻译形成的肽链.(3)分析题图，miRNA调控BCL2基因表达的机理是miRNA能与BCL2基因转录生成的mRNA发生碱基互补配对形成双链，阻断mRNA与核糖体结合，阻断翻译过程.(4)若MIR－15a基因缺失，无法合成miRNA，无法调控BCL2基因的表达，使BCL2基因表达产物增加，抑制细胞(包括癌细胞)凋亡，细胞癌变的可能性增加.",6,6,第4章　基因的表达\重难突破4　基因的表达.doc,,,,,,,word补充习题一套_题目答案知识标注.xlsx
500,1.下列有关RNA的叙述中错误的是 (　　),"A.分化后的不同细胞中tRNA种类是相同的
B.分化后的不同细胞中mRNA种类是相同的
C.mRNA上有多少个决定氨基酸的密码子就有多少个tRNA与之对应
D.烟草花叶病毒的遗传物质是RNA",B,"答案　B
解析　分化后的不同细胞中蛋白质种类不完全相同，则指导其合成的mRNA也不完全相同，B错误.",5,5,第4章　基因的表达\阶段检测卷(四).doc,,,,,,,word补充习题一套_题目答案知识标注.xlsx
501,"2.某同学对遗传信息的传递和表达进行了如下总结归纳，其中正确的是(　　)
选项
生理过程
模板
原料
产物
A
DNA复制
DNA双链
核糖核苷酸
DNA
B
转录
DNA一条链
核糖核苷酸
RNA
C
翻译
rRNA
氨基酸
多肽
D
RNA复制
RNA
脱氧核苷酸
RNA",,B,"答案　B
解析　DNA复制是以DNA双链为模板，以脱氧核苷酸为原料，合成子代DNA的过程，A错误；转录是以DNA一条链为模板，以核糖核苷酸为原料，合成RNA的过程，B正确；翻译是指游离在细胞质中的各种氨基酸为原料，以mRNA为模板合成具有一定氨基酸顺序的蛋白质的过程，C错误；RNA复制是以RNA为模板，以核糖核苷酸为原料，合成子代RNA的过程，D错误.",5,5,第4章　基因的表达\阶段检测卷(四).doc,,,,,,,word补充习题一套_题目答案知识标注.xlsx
502,3.翻译过程中需要多种RNA参与，下列不属于RNA在翻译过程中的功能的是(　　),"A.构成核糖体，提供翻译的场所
B.作为模板，决定蛋白质的氨基酸种类和排列顺序
C.为蛋白质合成提供能量，使翻译过程快速进行
D.运输氨基酸，并将氨基酸置于特定的位置上",C,"答案　C
解析　翻译过程中需要rRNA、mRNA和tRNA三种RNA参与.rRNA构成核糖体，提供翻译的场所，A正确；mRNA提供模板，决定蛋白质的氨基酸种类和排列顺序，B正确；少数RNA作为酶可降低化学反应的活化能，但不能为化学反应提供能量，C错误；tRNA能运输氨基酸，并将携带的氨基酸置于特定的位置上，D正确.",5,5,第4章　基因的表达\阶段检测卷(四).doc,,,,,,,word补充习题一套_题目答案知识标注.xlsx
503,"4.DNA分子模板链上的碱基序列携带的遗传信息最终翻译的氨基酸如下表，则图中所示的tRNA所携带的氨基酸是(　　)
GCA
CGT
ACG
TGC
精氨酸
丙氨酸
半胱氨酸
苏氨酸","A.精氨酸 B.丙氨酸
C.半胱氨酸 D.苏氨酸",B,"答案　B
解析　题中表格为“DNA分子模板链上的碱基序列携带的遗传信息最终翻译的氨基酸”，并不表示遗传密码；由图中tRNA中的反密码子可知，此tRNA所携带氨基酸的遗传密码为GCA，相应DNA分子上的遗传信息应为CGT，故其所携带的氨基酸应为丙氨酸.",5,5,第4章　基因的表达\阶段检测卷(四).doc,,,,,,,word补充习题一套_题目答案知识标注.xlsx
504,5.如图是人体细胞内进行的某项生理过程，①②③表示核苷酸链，下列相关叙述错误的是(　　),"A.图示过程不可能发生在人成熟红细胞中
B.酶A可催化核糖核苷酸之间形成磷酸二酯键
C.该过程存在A—U、T—A、C—G和G—C的碱基配对方式
D.①与②的碱基种类和排列顺序相同",D,"答案　D
解析　由图分析可知，该过程表示转录，人成熟红细胞中没有细胞核和DNA，不会发生转录过程，A正确；酶A表示RNA聚合酶，细胞中游离的核糖核苷酸与DNA模板链上的碱基互补配对，在RNA聚合酶的作用下，依次连接，然后形成一个RNA分子，RNA聚合酶的功能是催化核糖核苷酸之间形成磷酸二酯键，B正确；RNA是以DNA的一条链为模板合成的，因此该过程存在A—U、T—A、C—G和G—C的碱基配对方式，C正确；由图分析可知，①为RNA链，②为DNA链，其碱基种类不完全相同，D错误.",0,0,第4章　基因的表达\阶段检测卷(四).doc,,,,,,,word补充习题一套_题目答案知识标注.xlsx
505,6.支原体是目前人类已知的最小的单细胞原核生物，某些支原体感染人体后会引起发烧、咳嗽等症状.下列有关叙述正确的是 (　　),"A.支原体主要以RNA作为遗传物质
B.支原体与其他细胞生物共用同一套密码子
C.组成支原体的蛋白质在人体细胞核糖体上合成
D.支原体的DNA上含有多个起始密码子和终止密码子",B,"答案　B
解析　支原体是单细胞原核生物，其遗传物质为DNA，A错误；地球上几乎所有生物共用一套密码子，B正确；组成支原体的蛋白质在自身核糖体上合成，C错误；起始密码子和终止密码子位于mRNA上，D错误.",5,5,第4章　基因的表达\阶段检测卷(四).doc,,,,,,,word补充习题一套_题目答案知识标注.xlsx
506,7.科学家尼伦伯格和马太进行了蛋白质体外合成实验，破译了第一个遗传密码.他们在每个试管中分别加入一种氨基酸，再在每个试管中加入除去了DNA和mRNA的细胞提取液，以及人工合成的RNA多聚尿嘧啶核苷酸，实验过程及结果如图所示.下列有关分析错误的是(　　),"A.该实验模拟的是细胞内的翻译过程
B.该实验的自变量是氨基酸的种类
C.细胞提取液能为蛋白质的合成提供模板、酶和能量等条件
D.实验结果表明苯丙氨酸的密码子是UUU",C,"答案　C
解析　该实验是蛋白质的体外合成实验，模拟了细胞内的翻译过程，A正确；该实验的各个试管中所加入的氨基酸不同，说明自变量是氨基酸的种类，B正确；细胞提取液能为蛋白质的合成提供场所、酶和能量等条件，但没有提供模板，模板是加入的多聚尿嘧啶核苷酸，C错误；实验结果显示，只有加入了苯丙氨酸的试管合成了肽链，表明苯丙氨酸的密码子是UUU，D正确.",5,5,第4章　基因的表达\阶段检测卷(四).doc,,,,,,,word补充习题一套_题目答案知识标注.xlsx
507,8.胰岛素的A、B两条肽链是由一个基因编码的，其中A链中的氨基酸有m个，B链中的氨基酸有n个(不考虑终止密码子).下列有关叙述中不正确的是(　　),"A.胰岛素基因中至少含有的碱基数是6(m＋n)
B.胰岛素mRNA中至少含有的密码子为(m＋n)个
C.胰岛素基因的两条DNA单链分别编码A、B两条肽链
D.A、B两条肽链可能是经蛋白酶的作用后形成的",C,"答案　C
解析　DNA(或基因)中碱基数∶mRNA上碱基数∶氨基酸个数＝6∶3∶1，胰岛素中有m＋n个氨基酸，则胰岛素基因中至少含有的碱基数是6(m＋n)，A正确；胰岛素中有m＋n个氨基酸，则胰岛素mRNA中至少含有的密码子为(m＋n)个，B正确；胰岛素基因的两条DNA单链中只有一条能作为模板转录形成mRNA，再以mRNA为模板翻译形成蛋白质，A、B两条肽链是由胰岛素基因的不同区段来编码的，不是两条DNA单链分别编码A、B两条肽链，C错误；核糖体合成的多肽链需经内质网、高尔基体的加工、修饰等才能形成胰岛素，在加工、修饰的过程需要蛋白酶的水解作用，以适当去掉一些氨基酸等，D正确.",5,5,第4章　基因的表达\阶段检测卷(四).doc,,,,,,,word补充习题一套_题目答案知识标注.xlsx
508,9.某细胞中有关物质合成如图，①～⑤表示生理过程，Ⅰ、Ⅱ表示结构或物质.据图分析下列叙述正确的是(　　),"A.用某药物抑制②过程，该细胞的有氧呼吸可能受到影响
B.物质Ⅱ上也具有基因，此处基因的传递遵循孟德尔遗传规律
C.图中③过程核糖体在mRNA上由左向右移动
D.③⑤为同一生理过程，所用密码子的种类和数量相同",A,"答案　A
解析　线粒体是进行有氧呼吸的主要场所，②过程为核基因的转录过程，以②过程形成的mRNA为模板翻译成的前体蛋白可进入线粒体发挥作用，因此若用某药物抑制②过程，可能会影响线粒体的功能，进而导致该细胞的有氧呼吸受到影响，A正确；物质Ⅱ为环状的线粒体DNA，其上具有的基因为细胞质基因，细胞质基因的传递不遵循孟德尔遗传规律，B错误；③过程表示翻译，一个mRNA分子上可以相继结合多个核糖体，同时进行多条肽链的合成，且先结合的核糖体中合成的肽链最长，据此可知③过程核糖体在mRNA上由右向左移动，C错误；③⑤均为翻译过程，由于翻译的模板mRNA不同，因此所用密码子的种类和数量不一定相同，D错误.",5,5,第4章　基因的表达\阶段检测卷(四).doc,,,,,,,word补充习题一套_题目答案知识标注.xlsx
509,10.D型肠毒素是金黄色葡萄球菌合成并分泌到细胞外使人畜患病的一种多肽类物质，下列有关叙述错误的是(　　),"A.D型肠毒素能与双缩脲试剂发生紫色反应
B.控制D型肠毒素合成的基因中只有一条链能作为合成D型肠毒素mRNA的模板
C.D型肠毒素在金黄色葡萄球菌细胞内合成时需要3种RNA参与
D.D型肠毒素的加工和分泌离不开内质网、高尔基体等细胞器的参与",D,"答案　D
解析　由题可知，D型肠毒素属于多肽，能与双缩脲试剂发生紫色反应，A正确；控制D型肠毒素合成的基因中只有一条链能作为合成D型肠毒素mRNA的模板，B正确；翻译过程中需要mRNA、rRNA和tRNA 3种RNA参与，C正确；金黄色葡萄球菌属于原核生物，其细胞内不含内质网和高尔基体等具膜细胞器，D错误.",5,5,第4章　基因的表达\阶段检测卷(四).doc,,,,,,,word补充习题一套_题目答案知识标注.xlsx
510,11.已知某蛋白质由4条多肽链组成，共含有肽键596个.该蛋白质分子的模板mRNA中A＋G有800个，则转录产生该mRNA的基因的碱基数和基因中C＋T数至少分别为(　　),"A.3 600、1 800 B.3 600、800
C.1 600、800 D.2 000、1 000",A,"答案　A
解析　根据题意“某蛋白质由4条多肽链组成，共含有肽键596个”，可知该蛋白质含有氨基酸600个，则其模板mRNA和转录产生该mRNA的基因的碱基数至少分别为1 800个和3 600个.根据碱基互补配对原则，基因中C＋T数至少为3 600÷2＝1 800个，A符合题意.",5,5,第4章　基因的表达\阶段检测卷(四).doc,,,,,,,word补充习题一套_题目答案知识标注.xlsx
511,12.如图为tRNA的结构示意图，已知UCA和ACU分别是丝氨酸和苏氨酸的密码子.下列相关叙述错误的是(　　),"A.翻译时，该tRNA的3′­端携带的氨基酸为苏氨酸
B.单链tRNA内部存在碱基互补配对和氢键
C.tRNA既是基因表达的产物，也能参与其他基因的表达
D.核糖体与mRNA的结合部位会形成2个tRNA的结合位点",A,"答案　A
解析　翻译时，tRNA的3′­端携带氨基酸，根据图中tRNA上的反密码子序列可知，对应的密码子为UCA，该tRNA携带的氨基酸是丝氨酸，A错误；由图分析可知，单链tRNA分子的局部位置存在碱基互补配对，碱基间通过氢键连接，B正确；RNA是基因表达的产物，tRNA、rRNA和mRNA参与基因表达中的翻译过程，C正确；核糖体与mRNA的结合部位会形成2个tRNA的结合位点，D正确.",5,5,第4章　基因的表达\阶段检测卷(四).doc,,,,,,,word补充习题一套_题目答案知识标注.xlsx
512,13.正常人体细胞中含有酪氨酸酶基因，若某人的酪氨酸酶基因异常，则其会表现出白化症状.下列有关分析正确的是(　　),"A.酪氨酸酶基因表达的场所只有细胞核
B.酪氨酸酶基因在人体所有细胞内都能表达
C.老年人头发变白也与酪氨酸酶基因异常有关
D.囊性纤维化与白化症状的出现说明基因控制生物体性状的途径不同",D,"答案　D
解析　基因表达一般包括转录和翻译两个过程，真核细胞进行转录和翻译的场所分别是细胞核(主要)和核糖体(细胞质)，A错误；正常人体的所有细胞中都含有酪氨酸酶基因，但酪氨酸酶基因只在皮肤、毛发等处的细胞内表达，B错误；老年人头发变白与黑色素细胞衰老，导致酪氨酸酶活性降低有关，C错误；囊性纤维化是基因通过控制蛋白质的结构直接控制生物体的性状，白化症状是基因通过控制酶的合成来控制代谢过程，进而控制生物的性状，D正确.",0,0,第4章　基因的表达\阶段检测卷(四).doc,,,,,,,word补充习题一套_题目答案知识标注.xlsx
513,14.某自花传粉植物的花色由两对独立遗传的等位基因(A/a、B/b)控制，基因对性状的影响如图所示.下列相关叙述错误的是(　　),"A.一个性状可以受多个基因的影响
B.紫色色素的合成只受基因b控制
C.基因A、b通过控制酶的合成，间接控制该植物的花色
D.基因型为AaBb的个体测交，子代的表型及比例为红花∶紫花∶白花＝1∶1∶2",B,"答案　B
解析　由题意可知，该植物的花色由两对等位基因控制，说明一个性状可以受多个基因的影响，A正确；由图分析可知，紫色色素的合成受基因A和基因b的共同控制，基因A、b通过控制酶的合成，间接控制该植物的花色，B错误，C正确；基因型为AaBb的个体测交，子代的基因型为AaBb、Aabb、aaBb、aabb，表型及比例为红花∶紫花∶白花＝1∶1∶2，D正确.",0,0,第4章　基因的表达\阶段检测卷(四).doc,,,,,,,word补充习题一套_题目答案知识标注.xlsx
514,15.研究表明，脊椎动物的DNA甲基化一般发生在5′­CpG­3′位点，即其后与鸟嘌呤相连的胞嘧啶常发生甲基化，如图为人体内某DNA分子的一条链(片段)，下列最可能发生甲基化的是 (　　),"A.① B.②
C.③ D.④",D,"答案　D
解析　由题意可知，脊椎动物的DNA甲基化最可能发生在其后与鸟嘌呤相连的胞嘧啶上.图中只有④处的胞嘧啶后连接鸟嘌呤，故④处最可能发生甲基化，D符合题意.",0,0,第4章　基因的表达\阶段检测卷(四).doc,,,,,,,word补充习题一套_题目答案知识标注.xlsx
515,16.DNA分子甲基化是表观遗传中常见的现象，在哺乳动物的生殖细胞形成过程中和胚胎发育早期，某些基因可通过去甲基化和再甲基化进行重新编程，从而产生具有发育潜能的细胞.下列有关叙述错误的是(　　),"A.基因组成相同的同卵双胞胎具有的微小差异可能与表观遗传有关
B.DNA去甲基化药物可用于治疗DNA甲基化引起的疾病
C.高度分化的细胞一般不再具有继续增殖的能力，不存在DNA甲基化修饰
D.特定阶段细胞的DNA甲基化程度可能与其细胞全能性的大小有关",C,"答案　C
解析　基因组成相同的同卵双胞胎具有的微小差异与表观遗传有关，A正确；DNA去甲基化药物可用于治疗DNA甲基化引起的疾病，B正确；高度分化的细胞中也存在DNA甲基化修饰，C错误；由题分析可知，特定阶段细胞的DNA甲基化程度可能与其细胞全能性的大小有关，D正确.",6,6,第4章　基因的表达\阶段检测卷(四).doc,,,,,,,word补充习题一套_题目答案知识标注.xlsx
516,17.新型冠状病毒具有很强的传染力，其遗传物质为“＋RNA”，繁殖过程如下图.与大肠杆菌相比，下列相关叙述正确的是(　　),"A.完成遗传物质的复制均需RNA聚合酶
B.遗传物质复制过程中所需的原料相同
C.蛋白质的合成均需要宿主细胞的核糖体
D.遗传物质复制均遵循碱基互补配对原则",D,"答案　D
解析　识图分析可知，图中新型冠状病毒遗传物质的复制需要RNA聚合酶，而大肠杆菌细胞内的遗传物质是DNA，复制过程需要解旋酶和DNA聚合酶，A错误；病毒的遗传物质是RNA，复制时需要的原料为四种核糖核苷酸，而大肠杆菌细胞内的遗传物质是DNA，复制时所需原料为四种脱氧核苷酸，B错误；病毒的蛋白质的合成需要在宿主细胞的核糖体上进行，而大肠杆菌细胞内具有自己的核糖体结构，C错误；无论是RNA还是DNA的复制，其过程均遵循碱基互补配对原则，D正确.",4,4,第4章　基因的表达\阶段检测卷(四).doc,,,,,,,word补充习题一套_题目答案知识标注.xlsx
517,"18.结合图表分析，下列有关说法正确的是(　　)
抗菌药物
抗菌机理
青霉素
抑制细菌细胞壁的合成
环丙沙星
抑制细菌DNA旋转酶(DNA旋转酶可促进DNA形成负超螺旋，以利于双链打开)的活性
红霉素
能与核糖体结合
利福平
抑制RNA聚合酶的活性","A.环丙沙星和红霉素分别抑制细菌的①和③
B.青霉素和利福平能抑制DNA的复制
C.结核杆菌的④和⑤都发生在细胞质中
D.①～⑤可发生在人体健康细胞中",A,"答案　A
解析　首先判定出图中各个过程的名称:①为DNA复制，②为转录，③为翻译，④为RNA复制，⑤为逆转录.然后根据表格中抗菌药物的抗菌机理来分析各选项.青霉素的作用对象是细胞壁，与DNA复制无关；分析题意，环丙沙星可抑制DNA形成负超螺旋，不利于DNA复制；红霉素能与核糖体结合，抑制翻译过程；利福平抑制RNA聚合酶的活性，进而抑制转录和RNA复制；④和⑤只有某些RNA病毒在增殖过程中才能进行.",4,4,第4章　基因的表达\阶段检测卷(四).doc,,,,,,,word补充习题一套_题目答案知识标注.xlsx
518,19.科学家在研究某种小鼠毛色的遗传时发现，纯合黄色小鼠(AvyAvy)与黑色小鼠(aa)杂交，F1(Avya)中小鼠的体色表现为介于黄色和黑色之间的一系列过渡类型.进一步研究发现，F1中不同体色小鼠的Avy基因碱基序列相同，但有不同程度的甲基化现象，甲基化程度越高，Avy基因的表达受到的抑制越明显.下列相关推测正确的是(　　),"A.该种小鼠体色的遗传不遵循孟德尔的遗传定律
B.被甲基化的基因的遗传信息发生改变，从而使生物体的性状发生改变
C.Avy基因的甲基化程度越高，F1小鼠的体色就越浅
D.基因的甲基化可能会阻止RNA聚合酶与Avy基因的结合",D,"答案　D
解析　由题分析可知，该种小鼠体色的遗传遵循孟德尔的遗传定律，A错误；由题分析可知，基因的甲基化不会影响基因的碱基序列，只是抑制了基因的表达，因此，甲基化不会改变基因的遗传信息，B错误；由题意可知，甲基化程度越高，Avy基因的表达受到的抑制越明显，因此，Avy基因的甲基化程度越高，F1小鼠的体色就越深，C错误；由题意可知，基因的甲基化抑制基因的表达，因此，基因的甲基化可能会阻止RNA聚合酶与Avy基因的结合，D正确.",0,0,第4章　基因的表达\阶段检测卷(四).doc,,,,,,,word补充习题一套_题目答案知识标注.xlsx
519,20.蜂群中，少数幼虫因一直取食蜂王浆而发育成蜂王，大多数幼虫因以花粉和花蜜为食而发育成工蜂.DNMT3蛋白是DNMT3基因表示的一种DNA甲基转移酶，能使DNA某些区域添加甲基基团(如图)，敲除DNMT3基因后，蜜蜂幼虫将发育成蜂王.下列相关叙述错误的是(　　),"A.甲基化不会改变DNA分子中碱基之间的配对方式
B.DNMT3蛋白在图示过程中起催化作用
C.DNA被甲基化后可以正常转录但不能翻译
D.DNA甲基化修饰可以遗传给后代，使后代出现同样的表型",C,"答案　C
解析　分析题图可知，胞嘧啶和5­甲基胞嘧啶在DNA分子中都可以与鸟嘌呤配对，说明甲基化不会改变DNA分子中碱基之间的配对方式，A正确；由题分析可知，DNMT 3蛋白可催化胞嘧啶甲基化，B正确；甲基化使DNA分子的结构发生变化，被甲基化的DNA分子可能无法正常转录，C错误；DNA甲基化属于表观遗传现象，可以遗传给后代，使后代出现同样的表型，D正确.
二、非选择题(每题10分，共40分)",5,5,第4章　基因的表达\阶段检测卷(四).doc,,,,,,,word补充习题一套_题目答案知识标注.xlsx
520,"21.生物基因的碱基序列没有变化，但部分碱基发生了甲基化修饰，抑制了基因的表达，进而对表型产生影响.这种DNA甲基化修饰可以遗传给后代，使后代出现同样的表型.像这样，生物体基因的碱基序列保持不变，但基因表达和表型发生可遗传变化的现象，叫作表观遗传现象.
(1)基因通过其表达产物——________来控制性状.1957年，科学家克里克首先预见了遗传信息传递的一般规律，并将这一规律命名为________.即遗传信息可以从DNA流向DNA，即DNA的自我复制；也可以从DNA流向RNA，进而流向蛋白质，即遗传信息的________和________.表观遗传现象是否违背了上述法则？________(填“是”或“否”).
(2)细胞分化的实质是________________的结果，表观遗传能够使生物体在基因的碱基序列不变的情况下发生可遗传的性状改变.
(3)生物体的性状也不完全是由基因决定的，________对性状也有着重要的影响.例如，后天的营养和体育锻炼等对人的身高也有重要作用.",,(1)蛋白质　中心法则　转录　翻译　否　(2)基因选择性表达　(3)环境,"答案　(1)蛋白质　中心法则　转录　翻译　否　(2)基因选择性表达　(3)环境
解析　基因通过控制蛋白质的合成来控制生物体的性状.1957年，科学家克里克首先预见了遗传信息传递的一般规律，并将这一规律命名为中心法则.遗传信息可以从DNA流向RNA，进而流向蛋白质，这就是遗传信息的转录和翻译.表观遗传是指生物体在基因的碱基序列不变的情况下发生可遗传的性状改变，其遵循中心法则，并没有违背中心法则.细胞分化的实质是基因的选择性表达.生物体的性状由基因决定，同时还受环境的影响.",6,6,第4章　基因的表达\阶段检测卷(四).doc,,,,,,,word补充习题一套_题目答案知识标注.xlsx
521,"22.如图为四种病毒侵染人体相应细胞后的增殖过程，请回答下列问题:
(1)过程①需要的原料是________，催化过程②的酶是________________.
(2)乙肝病毒感染肝细胞后，一般很难清除，据图判断原因是______________________.治疗乙肝时，通过药物抑制过程③比抑制过程④的副作用小，这是因为________________________________________
_____________________________________________________________.
(3)据图分析可知，脊髓灰质炎病毒的＋RNA除了参与病毒组成外，还能________________.假设脊髓灰质炎病毒基因组＋RNA含有a个碱基，其中G和C占碱基总数的比例为b，则以病毒基因组＋RNA为模板合成一条子代＋RNA，共需要含碱基A和U的核糖核苷酸________个.
(4)逆转录酶在过程⑤中发挥重要作用，由此可判断逆转录酶的作用有__________(填序号).
①催化DNA链的形成　②催化RNA单链的形成　③切割DNA分子",,(1)脱氧核苷酸　RNA聚合酶　(2)乙肝病毒的DNA会整合到人体细胞的核DNA中　在人体细胞中，过程③是乙肝病毒增殖过程中的特有过程，而过程④在人体蛋白质合成过程中都存在　(3)作为翻译和复制的模板　2a(1－b)　(4)①,"答案　(1)脱氧核苷酸　RNA聚合酶　(2)乙肝病毒的DNA会整合到人体细胞的核DNA中　在人体细胞中，过程③是乙肝病毒增殖过程中的特有过程，而过程④在人体蛋白质合成过程中都存在　(3)作为翻译和复制的模板　2a(1－b)　(4)①
解析　(1)过程①为DNA复制，需要的原料是脱氧核苷酸；过程②为转录，需要RNA聚合酶的催化.(2)据图分析可知，乙肝病毒的双链DNA会整合到人体细胞的核DNA中，所以很难清除.在人体细胞中，过程③是乙肝病毒增殖过程中的特有过程，而过程④在人体蛋白质合成过程中都存在，因此通过药物抑制过程③比抑制过程④的副作用小.(3)据图分析可知，脊髓灰质炎病毒的＋RNA可以作为翻译的模板形成RNA复制酶和该病毒的蛋白质外壳，也可以作为复制的模板形成－RNA进而形成＋RNA，也可以参与子代病毒的组成.假设脊髓灰质炎病毒基因组＋RNA含有a个碱基，其中G和C占碱基总数的比例为b，则A＋U有a(1－b)个，根据碱基互补配对原则，以病毒基因组＋RNA为模板先合成－RNA，再合成一条子代＋RNA，共需要含碱基A和U的核糖核苷酸2a(1－b)个.(4)过程⑤为通过逆转录形成DNA的过程，说明逆转录酶可以催化DNA链的形成.",5,5,第4章　基因的表达\阶段检测卷(四).doc,,,,,,,word补充习题一套_题目答案知识标注.xlsx
522,"23.下图表示某基因表达的部分过程，其中①～⑤表示相关物质或结构，回答下列问题:
(1)物质①是由两条反向平行的脱氧核苷酸链盘旋成规则的________结构，其中________________构成基本骨架.该物质的遗传信息蕴藏在________之中.
(2)合成物质③时，__________________________________________________
________________________(至少答出两种)等物质需要从细胞质进入细胞核.物质③通过与密码子互补配对发挥作用，密码子是指物质②上决定一个氨基酸的________碱基.
(3)结构⑤由________组成，图示过程中该结构移动的方向是________(填“左→右”或“右→左”).
(4)若物质②中某个碱基发生改变，但物质④却没有变化，其原因是________________________________________________________.",,(1)双螺旋　磷酸和脱氧核糖交替连接　碱基的排列顺序　(2)ATP、核糖核苷酸、(RNA聚合)酶　3个相邻的　(3)蛋白质和rRNA　右→左　(4)一种氨基酸可能对应多种密码子,"答案　(1)双螺旋　磷酸和脱氧核糖交替连接　碱基的排列顺序　(2)ATP、核糖核苷酸、(RNA聚合)酶　3个相邻的　(3)蛋白质和rRNA　右→左　(4)一种氨基酸可能对应多种密码子
解析　(2)③为tRNA，通过转录形成，合成物质③时，所需要的ATP、核糖核苷酸、酶等物质需要从细胞质进入细胞核.密码子是指物质②mRNA上决定一个氨基酸的3个相邻的碱基.
(3)结构⑤是核糖体，由蛋白质和rRNA组成，据图可知，核糖体移动的方向是从右向左.
(4)由于一种氨基酸可能对应多种密码子，所以若物质②中某个碱基发生改变，翻译形成的物质④可能不变.",5,5,第4章　基因的表达\阶段检测卷(四).doc,,,,,,,word补充习题一套_题目答案知识标注.xlsx
523,"24.如图为基因与性状的关系示意图，请据图回答下列相关问题:
(1)在真核细胞中，①过程发生的场所有________________；细胞进行②过程时，经常会出现多个核糖体在同一条mRNA上移动的现象，该现象的意义在于_________________________________________________________
_________________________________________________________.
(2)若图中DNA被甲基化修饰，则会直接影响________(填“①过程”或“②过程”)，镰状细胞贫血是由基因编码的血红蛋白结构异常所导致的，这属于基因对性状的________(填“直接”或“间接”)控制.
(3)已知药物X能抑制大肠杆菌基因的表达.若想探究药物X是抑制大肠杆菌基因的转录过程还是翻译过程，请你完善下面的实验步骤，并预期实验结果和结论.
实验步骤:将含大肠杆菌的培养液均分成甲、乙两组，甲组添加适量的蒸馏水，乙组添加等量的________，在________的条件下培养.一段时间后，检测两组实验中大肠杆菌细胞内RNA和蛋白质的含量.
预期实验结果和结论:
①若________________________________，则说明药物X抑制基因表达的转录过程.
②若________________________________，则说明药物X抑制基因表达的翻译过程.",,(1)细胞核、线粒体和叶绿体　少量的mRNA分子就可以迅速合成大量的蛋白质　(2)①过程　直接　(3)药物X溶液　相同且适宜　乙组大肠杆菌细胞内的RNA和蛋白质含量均明显小于甲组　两组大肠杆菌细胞内的RNA含量基本相同，而乙组大肠杆菌细胞内的蛋白质含量明显小于甲组,"答案　(1)细胞核、线粒体和叶绿体　少量的mRNA分子就可以迅速合成大量的蛋白质　(2)①过程　直接　(3)药物X溶液　相同且适宜　乙组大肠杆菌细胞内的RNA和蛋白质含量均明显小于甲组　两组大肠杆菌细胞内的RNA含量基本相同，而乙组大肠杆菌细胞内的蛋白质含量明显小于甲组
解析　(1)据图分析，①②过程分别是转录和翻译.在真核细胞中，①过程发生的场所有细胞核、线粒体和叶绿体.一个mRNA分子上可以相继结合多个核糖体，同时进行多条肽链的合成，因此少量的mRNA分子就可以迅速合成大量的蛋白质.(2)DNA被甲基化修饰后会直接影响基因的转录，间接影响翻译过程.镰状细胞贫血是由基因编码的血红蛋白结构异常所导致的，说明基因可直接控制生物体的性状.(3)欲探究药物X是抑制大肠杆菌基因的转录过程还是翻译过程，可将含大肠杆菌的培养液均分成甲、乙两组，甲组添加适量的蒸馏水，乙组添加等量的药物X溶液，在相同且适宜的条件下进行培养.一段时间后，检测两组实验中大肠杆菌细胞内RNA和蛋白质的含量.若药物X抑制基因表达的转录过程，则与甲组相比，乙组大肠杆菌细胞内的RNA和蛋白质含量均偏低；若药物X抑制基因表达的翻译过程，则与甲组相比，乙组大肠杆菌细胞内的蛋白质含量偏低，但RNA含量基本不变.",5,5,第4章　基因的表达\阶段检测卷(四).doc,,,,,,,word补充习题一套_题目答案知识标注.xlsx
524,[例1] 图甲、乙、丙、丁分别表示不同的变异类型，其中图丙中的基因2由基因1变异而来.下列有关说法正确的是(　　),"A.图甲、乙都表示染色体结构变异中的易位，发生在减数分裂Ⅰ的前期
B.图丙表示染色体结构变异中的缺失
C.图丁表示染色体结构变异中的缺失或重复
D.如图所示的4种变异中能够遗传的是图甲、丙所示变异",C,"答案　C
解析　图甲表示同源染色体的非姐妹染色单体间的互换，发生在减数分裂四分体时期，属于基因重组，A错误；图丙中基因2与基因1相比，多了1个碱基对，属于基因突变，B错误；图丁中弯曲的部位表示在其同源染色体上没有配对的片段，可能是上面的染色体重复了一段，或下面的染色体缺失了一段，C正确；图中4种变异都能够遗传，D错误.",8,8,第5章　基因突变及其他变异\微专题5　有关遗传变异的常考题型.doc,,,,,,,word补充习题一套_题目答案知识标注.xlsx
525,[例2] 如图为豌豆某条染色体部分基因的排布示意图，①②③④分别代表四个基因序列，最短的序列包括2 000个碱基对.下列相关叙述正确的是 (　　),"A.如果①基因序列整体缺失，则最有可能发生了基因突变
B.如果在射线诱导下②与③发生了位置互换，则属于基因重组
C.②基因序列中的某个碱基发生替换，但未引起性状的改变，也属于基因突变
D.如果③基因序列中缺失了20个碱基对，则属于染色体结构变异",C,"答案　C
解析　如果①基因序列整体缺失，最有可能发生了染色体结构变异，A错误；同一条染色体上的基因排列顺序改变，属于染色体结构变异(倒位)，B错误；发生在基因内部的碱基排列顺序的改变都是基因突变，但由于密码子具有简并性等原因，基因突变不一定会导致性状的改变，C正确；基因内部碱基缺失属于基因突变，D错误.
重点题型2　缺失、单体、三体与多倍体的遗传
几种常考类型产生配子的分析方法
注　分析三体产生的配子类型时，为了避免混淆，可以进行标号，如AAa，可以记为A1A2a，则染色体的三种分离方式为1A1A2、1a，1A1、1A2a，1A2、1A1a，最后把A合并即可得到各种配子的比例.",8,8,第5章　基因突变及其他变异\微专题5　有关遗传变异的常考题型.doc,,,,,,,word补充习题一套_题目答案知识标注.xlsx
526,[例3] 某同源四倍体的基因型为AAaa，下列有关叙述错误的是(　　),"A.该四倍体中所含染色体组数最多的细胞不含染色单体
B.该四倍体的一个染色体组中不含控制相对性状的等位基因
C.该四倍体产生配子的类型及比例为AA∶Aa∶aa＝1∶6∶1
D.该四倍体的出现可能是由于二倍体的减数分裂出现差错，产生了染色体数目异常的配子",C,"答案　C
解析　该四倍体中所含染色体组数最多的细胞处于有丝分裂的后期或末期，细胞内不含染色单体，A正确；生物的一个染色体组为一套非同源染色体，不含控制相对性状的等位基因，B正确；基因型为AAaa的个体产生配子的类型及比例为AA∶Aa∶aa＝1∶4∶1，C错误；若二倍体的减数分裂出现差错，形成了含有两个染色体组的配子，两个异常配子结合，可发育为四倍体，D正确.",8,8,第5章　基因突变及其他变异\微专题5　有关遗传变异的常考题型.doc,,,,,,,word补充习题一套_题目答案知识标注.xlsx
527,[例4] 已知某一对染色体三体的植物在减数分裂Ⅰ过程中，3条同源染色体随机移向细胞两极，最终可形成含1条或2条该染色体的配子.现有一个三体且1条染色体缺失(只含缺失染色体的花粉不能参与受精作用)的植株甲，其细胞中该染色体及基因型如图所示.若甲自交，子代没有染色体结构和数目异常的个体比例为(　　),"A. B.
C. D.",B,"答案　B
解析　根据题意可知，该三体形成的雌配子及其比例为A∶aa∶a∶Aa＝1∶1∶2∶2，雄配子及其比例为aa∶a∶Aa＝1∶2∶2，因此若甲自交，子代没有染色体结构和数目异常的个体aa比例为×＝，B正确.
重点题型3　变异类型的实验探究",7,7,第5章　基因突变及其他变异\微专题5　有关遗传变异的常考题型.doc,,,,,,,word补充习题一套_题目答案知识标注.xlsx
528,"[例5] 几种性染色体异常果蝇的性别、育性(可育/不可育)等如图所示.
(1)正常果蝇在减数分裂Ⅰ中期的细胞内染色体组数为________，在减数分裂Ⅱ后期的细胞中染色体数是________.
(2)白眼雌果蝇(XrXrY)最多能产生Xr、XrXr、________和________四种类型的配子.该果蝇与红眼雄果蝇(XRY)杂交，子代中红眼雌果蝇的基因型为________.
(3)用黑身白眼雌果蝇(aaXrXr)与灰身红眼雄果蝇(AAXRY)杂交，F1雌果蝇表现为灰身红眼，雄果蝇表现为灰身白眼.F1自由交配得F2，F2中灰身红眼与黑身白眼果蝇的比例为________，从F2灰身红眼雌果蝇和灰身白眼雄果蝇中各随机选取一只杂交，子代中出现黑身白眼果蝇的概率为________.
(4)以红眼雌果蝇(XRXR)与白眼雄果蝇(XrY)为亲本杂交，在F1群体中发现一只白眼雄果蝇(记为“M”).M果蝇出现的原因有三种可能:第一种是环境改变引起表型变化，但基因型未变；第二种是亲本果蝇________________；第三种是亲本雌果蝇在减数分裂时________.请设计简便的杂交实验，确定M果蝇的出现是由哪一种原因引起的.
实验步骤:____________________________________________.
结果预测:
Ⅰ.若________________，则为第一种情况；
Ⅱ.若________________，则为第二种情况；
Ⅲ.若________________，则为第三种情况.",,(1)2　8　(2)XrY　Y(两空顺序可颠倒)　XRXr、XRXrY　(3)3∶1　1/18　(4)发生了基因突变　X染色体分离异常　M果蝇与正常白眼雌果蝇杂交，分析子代的表型　Ⅰ.子代出现红眼(雌)果蝇　Ⅱ.子代表型全部为白眼　Ⅲ.无子代产生,"答案　(1)2　8　(2)XrY　Y(两空顺序可颠倒)　XRXr、XRXrY　(3)3∶1　1/18　(4)发生了基因突变　X染色体分离异常　M果蝇与正常白眼雌果蝇杂交，分析子代的表型　Ⅰ.子代出现红眼(雌)果蝇　Ⅱ.子代表型全部为白眼　Ⅲ.无子代产生
解析　(1)正常果蝇是二倍体，每个染色体组含有4条染色体.减数分裂Ⅰ中期，染色体已复制，但数目未变，故此时染色体组数为2.减数分裂Ⅰ形成的子细胞中染色体数目减半，减数分裂Ⅱ后期，由于着丝粒分裂，姐妹染色单体分离，染色体数目暂时加倍，为8条.(2)基因型为XrXrY的个体中含有三条同源染色体，在减数分裂Ⅰ后期，同源染色体分离，随机移向细胞的两极，所以，最多能产生Xr、XrXr、XrY和Y四种类型的配子.该果蝇与红眼雄果蝇(XRY)杂交，子代中红眼雌果蝇的基因型可通过写遗传图解得出(注意运用图中信息确定果蝇的表型，如XRXrXr死亡).(3)黑身白眼雌果蝇(aaXrXr)×灰身红眼雄果蝇(AAXRY)→F1(AaXRXr、AaXrY)，F1自由交配得F2，F2中灰身红眼果蝇(A_XRXr、A_XRY)所占比例为(3/4)×(1/2)＝3/8，黑身白眼果蝇(aaXrXr、aaXrY)所占比例为(1/4)×(1/2)＝1/8，两者的比例为3∶1.从F2灰身红眼雌果蝇(A_XRXr)和灰身白眼雄果蝇(A_XrY)中各随机选取一只杂交，子代中出现黑身果蝇(aa)的概率为(2/3)×(2/3)×(1/4)＝1/9；出现白眼果蝇(XrXr、XrY)的概率为1/2，因此子代中出现黑身白眼果蝇的概率为(1/9)×(1/2)＝1/18.(4)以红眼雌果蝇(XRXR)与白眼雄果蝇(XrY)为亲本杂交，在F1群体中发现一只白眼雄果蝇(M果蝇)，M果蝇出现有三种可能原因，一是题目中已提示的环境因素，二是亲本果蝇发生了基因突变，产生了基因型为Xr的卵细胞，三是亲本雌果蝇在减数分裂时X染色体分离异常，形成了不含性染色体的卵细胞.三种可能情况下，M果蝇基因型分别为XRY、XrY、XrO.因此，本实验可以用M果蝇与正常白眼雌果蝇(XrXr)杂交，统计子代果蝇的眼色.第一种情况下，XRY与XrXr杂交，子代雌性果蝇全部为红眼，雄性果蝇全部为白眼；第二种情况下，XrY与XrXr杂交，子代全部是白眼；第三种情况下，XrO不育，因此与XrXr杂交，没有子代产生.",2,2,第5章　基因突变及其他变异\微专题5　有关遗传变异的常考题型.doc,,,,,,,word补充习题一套_题目答案知识标注.xlsx
529,[例1] 关于基因突变的叙述正确的是 (　　),"A.基因突变只发生在有丝分裂前的间期DNA复制过程中
B.基因突变会引起基因所携带的遗传信息的改变
C.基因碱基对的缺失、增添、替换方式中对性状影响较小的通常是增添
D.基因突变的方向与环境变化有明确的因果关系，能为进化提供原材料",B,"答案　B
解析　基因突变主要发生在有丝分裂前的间期或减数分裂前的间期DNA复制过程中；基因突变会导致遗传信息的改变；基因碱基对的替换对性状的影响通常较小；基因突变是不定向的，与环境之间没有必然的因果关系.",7,7,第5章　基因突变及其他变异\第1节　基因突变和基因重组.doc,,,,,,,word补充习题一套_题目答案知识标注.xlsx
530,[例2] 如图是分解尿素的野生型细菌其脲酶基因转录的mRNA部分序列.现发现一突变菌株的脲酶由于基因突变而失活，突变后基因转录的mRNA在图中箭头所示位置增加了31个核苷酸，使图示序列中出现终止密码子(终止密码子有UAG、UGA和UAA).下列有关分析合理的是(　　),"A.突变基因转录的mRNA中，终止密码子为UGA
B.突变基因转录的mRNA中，终止密码子为UAG
C.突变基因表达的蛋白质含有101个氨基酸
D.突变基因表达的蛋白质含有103个氨基酸",A,"答案　A
解析　密码子由三个相邻的碱基组成，271个碱基和后面2个碱基一起构成91个密码子，插入的31个核苷酸和后面2个碱基一起构成11个密码子，后面是UGA，为终止密码子，表示翻译结束，所以表达的蛋白质含有102个氨基酸.
基因突变的“一定”和“不一定”
(1)基因突变一定会引起基因结构的改变，即基因中碱基排列顺序一定发生改变.
但DNA中基因的数量和位置不变
(2)基因突变不一定会引起生物性状的改变.
(3)基因突变不一定都产生等位基因.病毒和原核细胞的基因组结构简单，基因数目少，而且一般是单个存在的，不存在等位基因.
(4)基因突变不一定都能遗传给后代.
①基因突变如果发生在体细胞中，一般不遗传，但有些植物可以通过无性生殖遗传.
②如果发生在配子中，将遵循遗传规律传递给后代.
探究点二　基因突变的原因及特点",7,7,第5章　基因突变及其他变异\第1节　基因突变和基因重组.doc,,,,,,,word补充习题一套_题目答案知识标注.xlsx
531,[例3] 如图所示为结肠癌发病过程中细胞形态和部分染色体上基因的变化.下列叙述正确的是(　　),"A.图示中与结肠癌有关的基因互为等位基因
B.结肠癌的发生是多个基因突变累积的结果
C.图中染色体上基因的变化说明基因突变是定向的
D.上述基因突变可传递给子代细胞，从而一定可以传给子代个体",B,"答案　B
解析　等位基因是指位于同源染色体的同一位置上，控制相对性状的基因，图示中与结肠癌有关的基因不是等位基因，A错误；由图可知，结肠癌的发生是多个基因突变累积的结果，B正确；基因突变具有随机性和不定向性，C错误；体细胞中的基因突变一般不遗传给子代，生殖细胞中的基因突变可随配子遗传给子代，D错误.",7,7,第5章　基因突变及其他变异\第1节　基因突变和基因重组.doc,,,,,,,word补充习题一套_题目答案知识标注.xlsx
532,[例4] 下列有关基因突变的叙述错误的是(　　),"A.在没有诱变因子的情况下，基因突变也会发生
B.基因突变可发生在任意生物体内，体现了其随机性
C.基因突变是新基因产生的途径和生物变异的根本来源
D.基因突变可使生物体获得新的生存空间",B,"答案　B
解析　基因突变可以自发产生，A正确；基因突变可发生在任意生物体内，体现了其普遍性，B错误；基因突变可使生物体获得新性状，适应改变了的环境进而获得新的生存空间，D正确.
探究点三　基因重组的类型",7,7,第5章　基因突变及其他变异\第1节　基因突变和基因重组.doc,,,,,,,word补充习题一套_题目答案知识标注.xlsx
533,[例5] 下列关于基因重组的叙述，正确的是(　　),"A.黄圆与绿皱豌豆杂交，后代产生黄皱与绿圆个体是基因重组的结果
B.基因重组可以产生原来没有的新性状
C.杂合子自交因基因重组导致子代出现性状分离
D.基因重组是生物变异的根本来源",A,"答案　A
解析　基因突变可产生原来没有的新性状，是生物变异的根本来源，基因重组可产生新的性状组合，B、D错误；杂合子自交后代发生性状分离是由于等位基因随着同源染色体的分开而分离，不是由于基因重组，C错误.",7,7,第5章　基因突变及其他变异\第1节　基因突变和基因重组.doc,,,,,,,word补充习题一套_题目答案知识标注.xlsx
534,[例6] 如图是某二倍体(AABb)动物的几个细胞分裂示意图.据图判断错误的是(　　),"A.甲图表明该动物发生了基因突变
B.乙图表明该动物在减数分裂前的间期发生了基因突变
C.丙图表明该动物在减数分裂Ⅰ时发生了互换
D.甲、乙、丙所产生的变异均可遗传给后代",D,"答案　D
解析　甲、乙、丙是同一个二倍体动物的细胞分裂图，其基因型为AABb，分析可知，甲图表示有丝分裂后期，染色体上基因A与a不同，是基因突变的结果；乙图表示减数分裂Ⅱ后期，其染色体上基因A与a不同，基因a只能是基因突变的结果；丙图表示减数分裂Ⅱ后期，基因B与b所在的染色体颜色不一致，则该动物在减数分裂Ⅰ时发生了互换；甲进行有丝分裂产生的是体细胞，其产生的变异一般不遗传给后代.
据细胞分裂图巧判姐妹染色单体上等位基因的来源
思维导图
晨读必背",7,7,第5章　基因突变及其他变异\第1节　基因突变和基因重组.doc,,,,,,,word补充习题一套_题目答案知识标注.xlsx
535,1.如果一个基因的中部缺失了1个核苷酸对，则不可能出现的后果是 (　　),"A.没有蛋白质产物
B.翻译为蛋白质时在缺失位置终止
C.所控制合成的蛋白质减少多个氨基酸
D翻译形成的蛋白质中，缺失部位以后的氨基酸序列发生变化",A,"答案　A
解析　若基因的中部缺失1个核苷酸对，则该基因仍然能表达，不影响缺失部位之前的序列的表达，即会有蛋白质产物.",7,7,第5章　基因突变及其他变异\第1节　基因突变和基因重组.doc,,,,,,,word补充习题一套_题目答案知识标注.xlsx
536,2.下列有关生物体内基因重组和基因突变的叙述，正确的是(　　),"A.能发生基因重组的生物，不能发生基因突变
B.基因型为Aa的个体自交，因基因重组而导致子代性状分离
C.基因重组会导致生物产生新基因和新性状
D.不进行减数分裂的生物，有可能发生基因重组",D,"答案　D
解析　能发生基因重组的生物，也能发生基因突变，A错误；基因型为Aa的个体自交，因基因分离而导致子代性状分离，B错误；基因突变会导致生物产生新基因和新性状，基因重组不会导致生物产生新基因和新性状，C错误；不进行减数分裂的生物，有可能发生基因重组，如R型细菌转化为S型细菌属于基因重组，D正确.",7,7,第5章　基因突变及其他变异\第1节　基因突变和基因重组.doc,,,,,,,word补充习题一套_题目答案知识标注.xlsx
537,3.某镰状细胞贫血患者因血红蛋白基因发生突变，导致血红蛋白中某一位置的氨基酸由谷氨酸变成缬氨酸.下列有关叙述不正确的是 (　　),"A.患者血红蛋白mRNA的碱基序列与正常人不同
B.患者红细胞中血红蛋白的空间结构与正常人不同
C.患者细胞中携带谷氨酸的tRNA与正常人不同
D.此病症可通过显微观察进行检测",C,"答案　C
解析　由于患者血红蛋白基因的碱基序列发生改变，因此转录形成的mRNA的碱基序列也发生改变，与正常人不同，A正确；镰状细胞贫血患者红细胞中血红蛋白的空间结构发生了改变，B正确；患者细胞中携带谷氨酸的tRNA没有发生改变，与正常人相同，C错误；此病症可通过显微镜观察红细胞的形态进行检测，D正确.",7,7,第5章　基因突变及其他变异\第1节　基因突变和基因重组.doc,,,,,,,word补充习题一套_题目答案知识标注.xlsx
538,4.癌基因学说认为，致癌因子能导致细胞周期失控，细胞过度增殖，引发细胞癌变，根本原因是 (　　),"A.阻止细胞的不正常分裂
B.原癌基因和抑癌基因发生突变
C.引发致癌蛋白高度表达
D.肿瘤抑制蛋白不能正常发挥作用",B,"答案　B
解析　细胞癌变的根本原因是致癌因子使原癌基因和抑癌基因发生突变，其中原癌基因表达的蛋白质是细胞正常生长和增殖所必需的，抑癌基因表达的蛋白质能抑制细胞的生长和增殖，或者促进细胞凋亡.二者发生基因突变可导致细胞无限增殖.
课后·分层训练
(时间:30分钟)
知识点1　基因突变的实例",7,7,第5章　基因突变及其他变异\第1节　基因突变和基因重组.doc,,,,,,,word补充习题一套_题目答案知识标注.xlsx
539,1.原核生物某基因原有213对碱基，现经过突变，成为210对碱基(未涉及终止密码子改变)，它指导合成的蛋白质分子与原蛋白质相比，差异可能为(　　),"A.少一个氨基酸，氨基酸顺序不变
B.少一个氨基酸，氨基酸顺序改变
C.氨基酸数目不变，但顺序改变
D.A、B都有可能",D,"答案　D
解析　突变后少了三个碱基对，氨基酸数比原来少1个；若少的三个碱基对正好控制着原蛋白质的一个氨基酸，则少一个氨基酸，其余氨基酸顺序不变；若减少的三个碱基对正好对应着两个密码子中的碱基，则在减少一个氨基酸的基础上，缺失部位后氨基酸顺序也会改变；若减少的不是三个连续的碱基对，则对氨基酸的种类和顺序影响将更大.",7,7,第5章　基因突变及其他变异\第1节　基因突变和基因重组.doc,,,,,,,word补充习题一套_题目答案知识标注.xlsx
540,2.镰状细胞贫血是一种遗传病，病人不能产生正常的红细胞.其根本原因是(　　),"A.红细胞易变形破裂
B.血红蛋白中的一个氨基酸不正常
C.信使RNA中的一个密码子发生了变化
D.基因结构的改变",D,"答案　D
解析　红细胞容易变形破裂不是镰状细胞贫血产生的根本原因，A错误；血红蛋白中的一个氨基酸不正常是镰状细胞贫血产生的直接原因，不是根本原因，B错误；信使RNA中的一个密码子发生了变化不是镰状细胞贫血产生的根本原因，C错误；由于基因中碱基对的替换导致基因碱基序列的改变，是镰状细胞贫血产生的根本原因，D正确.",7,7,第5章　基因突变及其他变异\第1节　基因突变和基因重组.doc,,,,,,,word补充习题一套_题目答案知识标注.xlsx
541,3.下图表示发生在细胞DNA上的一种碱基改变方式，下列叙述正确的是(　　),"A.这种改变一定会引起生物性状发生改变
B.该DNA的结构一定没发生改变
C.该DNA的热稳定性一定不变
D.该细胞内一定发生了基因突变",C,"答案　C
解析　依题意和分析题图可知，该DNA结构的这种改变属于碱基的替换，若发生在DNA分子中没有遗传效应的片段上(基因之间的区域)，则没有发生基因突变，一定不会引起生物性状发生改变，若发生在DNA分子中的基因上，则一定发生了基因突变，由于多种密码子可编码同一种氨基酸，则不一定会引起生物性状发生改变，A、B、D错误；DNA热稳定性的高低与氢键数目的多少有关，该DNA结构的这种改变，没有改变氢键的数目，所以该DNA的热稳定性一定不变，C正确.
知识点2　基因突变的原因、特点及意义",7,7,第5章　基因突变及其他变异\第1节　基因突变和基因重组.doc,,,,,,,word补充习题一套_题目答案知识标注.xlsx
542,4.下列关于基因突变的叙述，正确的是(　　),"A.基因突变不受环境影响
B.基因突变不会导致遗传信息的改变
C.基因突变可发生在个体发育的任何时期
D.生物性状的改变只由基因突变引起",C,"答案　C
解析　基因突变受环境的影响，A错误；基因突变会导致遗传信息的改变，B错误；基因突变具有随机性，可发生在个体发育的任何时期，C正确；生物性状是基因和环境共同作用的结果，D错误.",7,7,第5章　基因突变及其他变异\第1节　基因突变和基因重组.doc,,,,,,,word补充习题一套_题目答案知识标注.xlsx
543,5.诱发基因突变的因素可以分为物理因素、化学因素和生物因素，下列相关叙述正确的是(　　),"A.亚硝酸盐摄入过量使人体发生基因突变，属于物理因素的作用
B.紫外线照射使大豆发生基因突变，属于化学因素的作用
C.碱基类似物处理使西瓜幼苗发生变异，属于物理因素的作用
D.乙肝病毒感染使人体发生基因突变，属于生物因素的作用",D,"答案　D
解析　亚硝酸盐属于化学诱变因素，A错误；紫外线属于物理诱变因素，B错误；碱基类似物属于化学诱变因素，C错误；乙肝病毒属于生物诱变因素，D正确.",7,7,第5章　基因突变及其他变异\第1节　基因突变和基因重组.doc,,,,,,,word补充习题一套_题目答案知识标注.xlsx
544,6.鼻咽癌是种族差异非常明显的恶性肿瘤，我国南方几省特别是珠江三角洲地区的鼻咽癌发病率居全球首位.下列关于细胞癌变说法错误的是(　　),"A.细胞癌变后形态结构不会发生显著变化
B.诱发细胞癌变的致癌因素有物理因素、化学因素和生物因素
C.细胞癌变后细胞膜表面的糖蛋白减少，癌细胞更容易转移和扩散
D.癌症的治疗方法有手术切除、化疗、放疗等手段",A,"答案　A
解析　细胞癌变后形态结构会发生显著变化，细胞变成近似球形，A错误；诱发细胞癌变的致癌因素有物理因素、化学因素和生物因素三类，B正确；癌细胞的细胞膜表面的糖蛋白减少，癌细胞更容易转移和扩散，C正确；癌症的治疗方法有手术切除、化疗、放疗等手段，D正确.
知识点3　基因重组",7,7,第5章　基因突变及其他变异\第1节　基因突变和基因重组.doc,,,,,,,word补充习题一套_题目答案知识标注.xlsx
545,7.下列配子产生的过程不是通过基因重组导致的是(　　),"A.基因组成为的个体产生了Ab和aB的配子
B.基因组成为的个体产生了Ab和aB的配子
C.基因组成为的个体产生了ab和AB的配子
D.基因组成为的个体产生了ABC和abc的配子",A,"答案　A
解析　基因重组有两种类型，一是四分体时期同源染色体中非姐妹染色单体的互换，二是减数分裂Ⅰ后期非同源染色体上非等位基因的自由组合.A项中发生了基因突变，B项中发生了互换，C、D项中发生了非同源染色体上的非等位基因的自由组合.",7,7,第5章　基因突变及其他变异\第1节　基因突变和基因重组.doc,,,,,,,word补充习题一套_题目答案知识标注.xlsx
546,8.下列有关基因突变和基因重组的描述正确的是(　　),"A.基因突变和基因重组都能产生新的基因
B.有丝分裂和减数分裂都可以发生基因突变、基因重组
C.基因决定性状，但基因突变后生物的性状不一定随之改变
D.基因突变和基因重组都是变异产生的根本来源",C,"答案　C
解析　基因突变能产生新基因和新的基因型，基因重组能产生新的基因型，不能产生新基因，A错误；有丝分裂可以发生基因突变，但不能发生基因重组，B错误；基因决定性状，基因突变后生物的性状不一定会改变，如AA突变成Aa，另外密码子还具有简并性，C正确；基因突变产生新基因，是变异产生的根本来源，D错误.",7,7,第5章　基因突变及其他变异\第1节　基因突变和基因重组.doc,,,,,,,word补充习题一套_题目答案知识标注.xlsx
547,9.如图是某二倍体动物细胞分裂示意图，其中字母表示基因.据图判断，下列叙述正确的是(　　),"A.此细胞含有8条染色体，8个核DNA分子
B.此动物体细胞的基因型一定是AaBbCcDd
C.此细胞发生的一定是显性突变d→D
D.此细胞既发生了基因突变又发生了基因重组",D,"答案　D
解析　图示细胞有4条染色体，8个核DNA分子；细胞中正在发生同源染色体的分离，非同源染色体上非等位基因的自由组合，即基因重组；其中一条染色体的姐妹染色单体相同位置的基因为D和d，其对应的同源染色体上含有d、d，但不能确定是D突变成d，还是d突变成D，故可能发生的是隐性突变，也可能发生的是显性突变，则动物体细胞的基因型不一定是AaBbCcDd.",7,7,第5章　基因突变及其他变异\第1节　基因突变和基因重组.doc,,,,,,,word补充习题一套_题目答案知识标注.xlsx
548,10.基因E可通过突变成为其等位基因e，下列叙述错误的是(　　),"A.若碱基对A—T替换成碱基对T—A，不能说明基因突变具有可逆性
B.X射线的照射不会影响基因E和基因e的突变率
C.基因E中的碱基对G—C被替换成碱基对A—T，可导致基因突变
D.在基因e的ATGCC序列中插入碱基C，可导致其基因突变",B,"答案　B
解析　碱基对由A—T替换成碱基对T—A，没有体现基因突变具有可逆性，A正确；X射线属于物理诱变因素，会提高基因E和基因e的突变率，B错误；基因突变是指基因中碱基的增添、缺失或替换，故基因E中的碱基对G—C被替换成碱基对A—T可导致基因突变，C正确；基因突变是指基因中碱基的增添、缺失或替换，故在基因e的ATGCC序列中插入碱基C，可导致其基因突变，D正确.",7,7,第5章　基因突变及其他变异\第1节　基因突变和基因重组.doc,,,,,,,word补充习题一套_题目答案知识标注.xlsx
549,11.α­珠蛋白与α­珠蛋白突变体分别由141个和146个氨基酸组成，其中第1～138个氨基酸完全相同，其余氨基酸不同.该变异是由基因上编码第139个氨基酸的一个碱基对缺失引起的.该实例不能说明(　　),"A.该变异属于基因突变
B.基因能指导蛋白质的合成
C.DNA片段的缺失导致变异
D.该变异导致终止密码子后移",C,"答案　C
解析　α­珠蛋白突变体是由基因上编码第139个氨基酸的一个碱基对缺失引起的，该变异属于基因突变，A不符合题意；该实例能说明基因指导蛋白质的合成，B不符合题意；基因突变是DNA上点突变，并非片段缺失，C符合题意；发生该基因突变后，蛋白质的氨基酸长度增加，说明该变异导致终止密码子后移，D不符合题意.",7,7,第5章　基因突变及其他变异\第1节　基因突变和基因重组.doc,,,,,,,word补充习题一套_题目答案知识标注.xlsx
550,12.每年的2月4日是“世界抗癌日”，2022年世界抗癌日活动的主题是“消除癌症误区”.下列叙述正确的是(　　),"A.长期接触癌症患者的人细胞癌变的概率会明显提高
B.环境中致癌因素会使正常基因突变成原癌基因和抑癌基因
C.癌症的发生并不是单一基因突变的结果，而是有累积效应
D.癌细胞的细胞膜上的糖蛋白增加，导致癌细胞易发生转移",C,"答案　C
解析　细胞癌变的内因是原癌基因和抑癌基因的突变，与是否长期接触癌症患者无关，A错误；正常细胞中存在原癌基因和抑癌基因，环境中致癌因素会使原癌基因和抑癌基因突变，使正常细胞变为癌细胞，B错误；癌症的发生并不是单一基因突变的结果，而是有累积效应，C正确；癌细胞表面发生改变，细胞膜上的糖蛋白减少，导致细胞之间的黏着性降低，易于分散、转移，D错误.",7,7,第5章　基因突变及其他变异\第1节　基因突变和基因重组.doc,,,,,,,word补充习题一套_题目答案知识标注.xlsx
551,"13. 太空育种就是将农作物种子或试管苗送到太空，利用太空特殊的、地面无法模拟的环境的诱变作用，使种子或幼苗产生变异，再返回地面选育新种子、新材料，培育新品种的作物育种新技术.如图为太空育种的一般流程，请回答下列问题:
种子返地种植―→多种变异植株新品种
(1)太空育种的原理是____________________________________.
(2)据估计，在自然状态下，高等生物105～108个生殖细胞中，才会有1个生殖细胞发生基因突变，说明_________________________________________________
____________________________________________________________________.
(3)经检测，某农作物种子经卫星搭载后，某基因的序列中部分G—C碱基对替换成A—T碱基对，但该农作物的性状没有发生改变，其原因可能有_______________________________________(答出两点).
这种不会导致新的性状出现的基因突变属于________________.
(4)处理过的种子有的出苗后不久死亡，这说明___________________________
_________________________________________________________.",,(1)基因突变　(2)基因突变的频率很低　(3)密码子具有简并性，突变后氨基酸序列没有发生改变；突变发生在基因的非编码序列；该突变为隐性突变等(答出两点、答案合理即可)　中性突变　(4)对生物体来说，基因突变可能破坏生物体与现有环境的协调关系，而对生物体有害,"答案　(1)基因突变　(2)基因突变的频率很低　(3)密码子具有简并性，突变后氨基酸序列没有发生改变；突变发生在基因的非编码序列；该突变为隐性突变等(答出两点、答案合理即可)　中性突变　(4)对生物体来说，基因突变可能破坏生物体与现有环境的协调关系，而对生物体有害
解析　(1)太空育种的原理是基因突变.(2)据估计，在自然状态下，高等生物105～108个生殖细胞中，才会有1个生殖细胞发生基因突变，说明基因突变的频率很低.(3)基因的序列中发生了碱基对的替换，但农作物的性状没有发生改变，其原因可能有密码子具有简并性，突变后氨基酸序列没有发生改变；突变发生在基因的非编码序列；该突变为隐性突变等.这种不会导致新的性状出现的基因突变属于中性突变.(4)处理过的种子有的出苗后不久死亡，这说明对生物体来说，基因突变可能破坏生物体与现有环境的协调关系，而对生物体有害.",7,7,第5章　基因突变及其他变异\第1节　基因突变和基因重组.doc,,,,,,,word补充习题一套_题目答案知识标注.xlsx
552,"14.控制果蝇翅型的基因A(长翅)和a(残翅)与控制体色的基因B(灰色)和b(黑身)位于Ⅱ号常染色体上；控制眼型(圆眼和棒眼)的一对等位基因位于X染色体上，Y染色体上没有其等位基因.请回答下列问题:
(1)果蝇的眼型(圆眼和棒眼)和摩尔根杂交实验所研究的眼色(红眼和白眼)的遗传遵循基因的________________(填“分离定律”或“自由组合定律”).
(2)现有一群圆眼果蝇中出现了一只棒眼突变体雄果蝇.欲知其突变是显性突变还是隐性突变，具体操作如下:
①选择________和该棒眼突变体雄果蝇杂交，统计子代表型；
②若子代________，则可确定棒眼是显性突变；
③若子代________，则可确定棒眼是隐性突变.",,(1)分离定律　(2)①纯合圆眼雌果蝇　②雌果蝇都是棒眼，雄果蝇都是圆眼　③雌雄果蝇都是圆眼,"答案　(1)分离定律　(2)①纯合圆眼雌果蝇　②雌果蝇都是棒眼，雄果蝇都是圆眼　③雌雄果蝇都是圆眼
解析　(1)由于控制果蝇的眼型(圆眼和棒眼)的基因和摩尔根杂交实验所研究的眼色(红眼和白眼)都是由位于X染色体上的基因控制的，所以其遗传遵循基因的分离定律.(2)①由于控制眼型(圆眼和棒眼)的基因位于X染色体上，Y染色体上没有其等位基因，所以要确定突变是显性突变还是隐性突变，可选择纯合圆眼雌果蝇和该棒眼突变体雄果蝇杂交；②若子代雌果蝇均为棒眼，雄果蝇都是圆眼，说明棒眼是显性突变；③若子代无棒眼个体，即雌雄果蝇都是圆眼，说明棒眼是隐性突变.",2,2,第5章　基因突变及其他变异\第1节　基因突变和基因重组.doc,,,,,,,word补充习题一套_题目答案知识标注.xlsx
553,[例1] 下列关于染色体组的叙述，正确的是(　　),"A.染色体组内不存在同源染色体
B.体细胞中的一半染色体是一个染色体组
C.配子中的全部染色体是一个染色体组
D.染色体组在减数分裂过程中消失",A,"答案　A
解析　染色体组内的染色体在形态和功能上各不相同，不存在同源染色体，A正确；四倍体生物的体细胞中的一半染色体是两个染色体组，B错误；一般情况下，配子中的全部染色体是体细胞中染色体数目的一半，但不一定是一个染色体组，C错误；染色体组在有丝分裂和减数分裂过程中都不会消失，D错误.",8,8,第5章　基因突变及其他变异\第2节　染色体变异.doc,,,,,,,word补充习题一套_题目答案知识标注.xlsx
554,[例2] 下列关于染色体组、单倍体、二倍体和多倍体的叙述，错误的是(　　),"A.组成一个染色体组的染色体中不含减数分裂中能联会的染色体
B.由受精卵发育而成，体细胞含有两个染色体组的个体叫二倍体
C.含一个染色体组的个体是单倍体，但单倍体未必只含一个染色体组
D.人工诱导多倍体唯一的方法是用秋水仙素处理萌发的种子或幼苗",D,"答案　D
解析　一个染色体组中的染色体是非同源染色体，减数分裂中能联会的染色体是同源染色体；二倍体指的是由受精卵发育而成，体细胞含有两个染色体组的个体；含一个染色体组的个体是单倍体，但单倍体未必只含一个染色体组，例如小麦的单倍体含有三个染色体组；人工诱导多倍体的方法是用秋水仙素或低温处理萌发的种子或幼苗.
一个染色体组应具备的条件
探究点二　低温诱导植物细胞染色体数目的变化",8,8,第5章　基因突变及其他变异\第2节　染色体变异.doc,,,,,,,word补充习题一套_题目答案知识标注.xlsx
555,[例3] 关于“低温诱导植物染色体数目的变化”的实验，下列叙述正确的是(　　),"A.低温能够抑制纺锤体的形成
B.制作装片的步骤包括解离、染色、漂洗、制片
C.可用新鲜的菠菜叶肉细胞作为实验材料
D.显微镜下观察到的细胞染色体数目均加倍",A,"答案　A
解析　低温处理和利用秋水仙素处理材料的原理是相同的，都是抑制纺锤体的形成，A正确；制作装片的步骤包括解离、漂洗、染色、制片，B错误；菠菜叶肉细胞已高度分化，不再分裂，所以不可用新鲜的菠菜叶肉细胞作为实验材料，C错误；显微镜下观察到的细胞，绝大部分处于分裂间期，只有极少数细胞染色体数目加倍，D错误.",8,8,第5章　基因突变及其他变异\第2节　染色体变异.doc,,,,,,,word补充习题一套_题目答案知识标注.xlsx
556,[例4] 下列关于低温诱导植物细胞染色体数目的变化实验的叙述，错误的是(　　),"A.固定后要用体积分数95%的酒精进行冲洗2次
B.使用卡诺氏液浸泡，不让细胞的形态发生改变
C.经过低温处理后的根尖只有部分细胞染色体数目发生改变
D.取根尖约0.5～1 cm，放入冰箱的低温室内(4 ℃)，进行低温诱导",D,"答案　D
解析　取根尖约0.5～1 cm，放入卡诺氏液浸泡，D错误.
探究点三　染色体结构变异
可遗传变异的比较
(1)“互换”方面的比较
(2)“缺失或重复”方面的比较
(3)三种可遗传变异的对比
变异类型
变异水平
显微观
察结果
可发生的细
胞分裂方式
基因突变
分子水
平变异
光学显
微镜下
不可见
二分裂、无丝分裂、
有丝分裂、减数分裂
基因重组
减数分裂
染色体
变异
细胞水
平变异
光学显微
镜下可见
有丝分裂、
减数分裂",8,8,第5章　基因突变及其他变异\第2节　染色体变异.doc,,,,,,,word补充习题一套_题目答案知识标注.xlsx
557,[例5] 下面有关变异的叙述，错误的是 (　　),"A.非同源染色体上的非等位基因之间可发生基因重组
B.相对于DNA病毒，RNA病毒更容易发生基因突变
C.染色体结构变异均可导致基因的种类和数目发生改变
D.有丝分裂和减数分裂过程中均可发生染色体数目变异",C,"答案　C
解析　减数分裂Ⅰ后期非同源染色体上的非等位基因的自由组合，属于基因重组，A正确；相对于DNA病毒，RNA病毒的遗传物质是单链的，更容易发生基因突变，B正确；染色体结构变异不一定导致基因的种类和数目发生改变，如倒位，C错误；有丝分裂和减数分裂过程中均可发生染色体数目变异，D正确.",8,8,第5章　基因突变及其他变异\第2节　染色体变异.doc,,,,,,,word补充习题一套_题目答案知识标注.xlsx
558,[例6] 如图所示，果蝇X染色体上基因(b)发生重复使正常的卵圆形眼变为棒状眼，下列叙述正确的是(　　),"A.果蝇的棒状眼是基因突变的结果
B.果蝇的棒状眼是染色体变异的结果
C.该变异不改变染色体上基因数量
D.该变异在光学显微镜下不可见",B,"答案　B
解析　由图示可知，染色体上多了一个基因b，属于染色体结构变异中的重复，即果蝇的棒状眼是染色体结构变异的结果，A错误，B正确；该变异为染色体结构变异中的重复，基因数量增加，C错误；该变异为染色体结构变异，在光学显微镜下可见，D错误.
探究点四　染色体变异与育种",2,2,第5章　基因突变及其他变异\第2节　染色体变异.doc,,,,,,,word补充习题一套_题目答案知识标注.xlsx
559,[例7] 下列有关变异和生物育种的说法，正确的是(　　),"A.基因重组只发生在减数分裂过程中
B.与单倍体育种相比，杂交育种操作更为复杂
C.二倍体水稻经花药离体培养获得单倍体的过程称为单倍体育种
D.可通过杂交育种和单倍体育种，利用aabb和AABB获得AAbb的植株",D,"答案　D
解析　基因重组可发生在减数分裂中，另外肺炎链球菌转化实验中R型细菌转化为S型细菌也是基因重组，广义的基因重组还包括转基因技术，A错误；与单倍体育种相比，杂交育种操作更为简单，B错误；单倍体育种是指利用花药离体培养获得单倍体，然后再用秋水仙素处理单倍体植株的幼苗获得染色体数目加倍的纯合子植株，C错误；利用基因型为aabb和AABB的植株获得基因型为AAbb的植株可以通过杂交育种(需要杂交和连续自交以及筛选)，也可以通过单倍体育种(先让aabb和AABB杂交获得AaBb，再利用AaBb进行花药离体培养获得4种单倍体的植株，最后用秋水仙素处理单倍体植株的幼苗，获得纯合的4种植株，从中选出基因型为AAbb的后代)，D正确.
(1)单倍体育种时，若亲本为二倍体，则获得的品种为纯合子；若亲本为多倍体，则获得的品种不一定为纯合子.
(2)单倍体育种中，用秋水仙素处理的是单倍体幼苗，所以一般都是地上部分细胞内染色体数目加倍，地下部分细胞内染色体数目不变.
思维导图
晨读必背",8,8,第5章　基因突变及其他变异\第2节　染色体变异.doc,,,,,,,word补充习题一套_题目答案知识标注.xlsx
560,1.下列关于单倍体的叙述，正确的是(　　),"A.单倍体一定不可育
B.单倍体一定只含有1个染色体组
C.生物的精子和卵细胞都是单倍体
D.经花药离体培养得到的植株是单倍体",D,"答案　D
解析　雄蜂是单倍体，可育，A错误；单倍体可能含有1个染色体组，也可能含有多个染色体组，B错误；生物的精子或卵细胞是生殖细胞，由其发育成的个体是单倍体，C错误；经花药离体培养得到的植株是单倍体，D正确.",8,8,第5章　基因突变及其他变异\第2节　染色体变异.doc,,,,,,,word补充习题一套_题目答案知识标注.xlsx
561,2.基因型为BBbbDDDd的细胞中所含的染色体组数最可能是(　　),"A.2个 B.3个
C.4个 D.8个",C,"答案　C
解析　基因型为BBbbDDDd的个体，控制同一性状的基因出现了4次，故细胞中最可能含有4个染色体组.",8,8,第5章　基因突变及其他变异\第2节　染色体变异.doc,,,,,,,word补充习题一套_题目答案知识标注.xlsx
562,3.下列关于低温诱导植物细胞染色体数目加倍实验的叙述，正确的是(　　),"A.原理:低温抑制染色体着丝粒分裂，使子染色体不能分别移向细胞两极
B.解离:盐酸和酒精的混合液和卡诺氏液都可以使洋葱根尖解离
C.染色:甲紫和醋酸洋红液都可以使染色体着色
D.观察:显微镜下可以看到大多数细胞的染色体数目发生改变",C,"答案　C
解析　低温诱导染色体数目加倍的原理是低温抑制纺锤体的形成，使子染色体不能分别移向细胞两极；卡诺氏液用于细胞的固定，解离液为盐酸和酒精的混合液；甲紫和醋酸洋红液都可以用于染色体的染色；大多数细胞处于分裂间期，染色体数目不变.",8,8,第5章　基因突变及其他变异\第2节　染色体变异.doc,,,,,,,word补充习题一套_题目答案知识标注.xlsx
563,4.下列关于果蝇可遗传变异的叙述，正确的是(　　),"A.基因突变是果蝇可遗传变异的主要来源
B.果蝇非同源染色体之间交换片段属于染色体结构变异
C.染色体中某一片段位置颠倒不会引起果蝇性状的改变
D.基因型为Aa的果蝇交配，因基因重组而导致子代性状分离",B,"答案　B
解析　基因重组是果蝇可遗传变异的主要来源，A错误；果蝇非同源染色体之间交换片段属于染色体结构变异中的易位，B正确；染色体中某一片段位置颠倒会导致染色体上的基因的排列顺序发生变化，可能会引起果蝇性状的改变，C错误；基因型为Aa的果蝇交配，因等位基因分离，使子代发生性状分离，D错误.
课后·分层训练
(时间:30分钟)
知识点1　染色体数目变异",8,8,第5章　基因突变及其他变异\第2节　染色体变异.doc,,,,,,,word补充习题一套_题目答案知识标注.xlsx
564,1.下列关于染色体变异的叙述，正确的是(　　),"A.所有生物都能发生染色体变异
B.脱氧核苷酸数目和排列顺序发生改变，不会导致染色体结构变异
C.大多数染色体结构变异对生物体是有利的
D.用光学显微镜能直接观察到染色体数目变异，而不能观察到染色体结构变异",B,"答案　B
解析　原核生物细胞中没有染色体，因此不能发生染色体变异，A错误；大多数染色体结构变异对生物体是不利的，有的甚至会导致生物体死亡，C错误；用光学显微镜能直接观察到染色体数目变异，也能观察到染色体结构变异，D错误.",8,8,第5章　基因突变及其他变异\第2节　染色体变异.doc,,,,,,,word补充习题一套_题目答案知识标注.xlsx
565,2.下列关于单倍体和多倍体的叙述，错误的是(　　),"A.单倍体生物的体细胞中不一定含有奇数个染色体组
B.采用花药离体培养的方法可获得单倍体植株
C.低温处理是人工诱导多倍体的方法之一
D.多倍体在动物中很常见，在植物中极少见",D,"答案　D
解析　单倍体生物的体细胞中可能含有偶数个染色体组，也可能含有奇数个染色体组，A正确；采用花药离体培养的方法可获得单倍体植株，B正确；低温处理是人工诱导多倍体的方法之一，目前最常用且最有效的方法是用秋水仙素处理萌发的种子或幼苗，C正确；多倍体在植物中很常见，在动物中极少见，D错误.",8,8,第5章　基因突变及其他变异\第2节　染色体变异.doc,,,,,,,word补充习题一套_题目答案知识标注.xlsx
566,3.如图为某果蝇的原始生殖细胞示意图，下列相关叙述正确的是(　　),"A.在减数分裂前的间期，该细胞进行染色体复制，染色体数目加倍
B.图中的染色体2、4、6、8形态、大小不同，可构成一个染色体组
C.该细胞经减数分裂后可以产生四个成熟的生殖细胞
D.若该细胞分裂后产生了一个基因组成为ABD的配子，则一定是发生了基因突变",B,"答案　B
解析　原始生殖细胞可进行减数分裂产生配子，在减数分裂前的间期，该细胞进行染色体复制，复制后的每条染色体都由两条完全相同的姐妹染色单体构成，染色体数目不变，A错误；图中的染色体2、4、6、8形态、大小不同，可构成一个染色体组，B正确；由图可知，该细胞含有两条同型的性染色体，应为卵原细胞，一个卵原细胞经减数分裂只能产生一个卵细胞，C错误；若该细胞分裂后产生了一个基因组成为ABD的配子，则可能是在减数分裂Ⅰ的四分体时期，1、2染色体的非姐妹染色单体发生了片段交换，导致基因重组，也可能是发生了基因突变，D错误.",8,8,第5章　基因突变及其他变异\第2节　染色体变异.doc,,,,,,,word补充习题一套_题目答案知识标注.xlsx
567,"4.下列有关单倍体的叙述不正确的是(　　)
①由未受精的卵细胞发育成的个体，一定是单倍体　②含有两个染色体组的生物体，一定不是单倍体　③生物的精子或卵细胞一定都是单倍体　④基因型为aaaBBBccc的植株一定是单倍体　⑤基因型为Abcd的生物体一般是单倍体","A.③④⑤ B.②③④
C.①③⑤ D.②④⑤",B,"答案　B
解析　由未受精的卵细胞发育而来的个体一定是单倍体，①正确；含有两个染色体组的生物体，可能是二倍体，也可能是四倍体生物的单倍体，②错误；生物的精子或卵细胞是生殖细胞，不是个体，所以不能称为单倍体，③错误；基因型为aaaBBBccc的植株可能是单倍体，也可能是三倍体，④错误；基因型为Abcd的生物体细胞中只有一个染色体组，一般是单倍体，⑤正确.
知识点2　染色体结构变异",8,8,第5章　基因突变及其他变异\第2节　染色体变异.doc,,,,,,,word补充习题一套_题目答案知识标注.xlsx
568,5.下列变异中，不属于染色体结构变异的是(　　),"A.染色体缺失了某一片段
B.染色体增加了某一片段
C.染色体中DNA的一个碱基发生了改变
D.染色体某一片段位置颠倒了180°",C,"答案　C
解析　染色体中DNA的一个碱基发生了改变，可能为基因突变，C符合题意.",8,8,第5章　基因突变及其他变异\第2节　染色体变异.doc,,,,,,,word补充习题一套_题目答案知识标注.xlsx
569,6.导致遗传物质变化的原因有很多，如图字母表示染色体的不同片段，其中变异类型①和②依次是 (　　),"A.突变和倒位 B.重组和倒位
C.重组和易位 D.易位和倒位",D,"答案　D
解析　据图分析，①过程的结果导致基因a、b丢失，但多出了一个染色体原来没有过的基因j，因此表示染色体的易位；②过程的结果导致基因c、d、e的位置变化，表示染色体的倒位，D符合题意.",8,8,第5章　基因突变及其他变异\第2节　染色体变异.doc,,,,,,,word补充习题一套_题目答案知识标注.xlsx
570,7.图1、图2为某种生物的两种染色体行为示意图，其中①和②、③和④互为同源染色体，则下列有关两图的叙述，正确的是(　　),"A.均为染色体结构变异
B.均涉及DNA链的断开和重接
C.均发生在同源染色体之间
D.基因的数目和排列顺序均发生改变",B,"答案　B
解析　图1中发生的是同源染色体的非姐妹染色单体之间的互换，属于基因重组，不属于染色体结构变异；图2中发生的是一条染色体的某一片段移接到另一条非同源染色体上，属于染色体结构变异中的易位，A、C错误；图1、图2所示的变异都涉及DNA链的断开和重接，B正确；图1互换的过程中基因的数目不发生改变，D错误.
知识点3　低温诱导植物细胞染色体数目的变化",8,8,第5章　基因突变及其他变异\第2节　染色体变异.doc,,,,,,,word补充习题一套_题目答案知识标注.xlsx
571,8.下列关于“低温诱导植物细胞染色体数目的变化”实验中各试剂及其作用的叙述，错误的是(　　),"A.卡诺氏液的作用是固定细胞的形态
B.质量分数为15%的盐酸可用来配制解离液
C.甲紫溶液是碱性染料，可对染色体进行染色
D.清水的作用是洗去卡诺氏液和解离液",D,"答案　D
解析　在“低温诱导植物细胞染色体数目的变化”实验中，将剪取的诱导处理的根尖放入卡诺氏液中浸泡，以固定细胞的形态，A正确；解离液由体积分数为95%的酒精和质量分数为15%的盐酸等体积混合而成，B正确；甲紫溶液是碱性染料，可对染色体进行染色，C正确；清水的作用是洗去解离液，防止解离过度，洗去卡诺氏液要用体积分数为95%的酒精，D错误.",8,8,第5章　基因突变及其他变异\第2节　染色体变异.doc,,,,,,,word补充习题一套_题目答案知识标注.xlsx
572,9.在“低温诱导洋葱(2n＝16)染色体数目的变化”实验中，正确的是(　　),"A.体积分数为95%的酒精用于根尖的固定和解离，但作用不同
B.可用洋葱鳞片叶的表皮细胞替代根尖作为实验材料
C.若在显微镜下观察到染色体数为32的细胞，并不能确定低温诱导已成功
D.制片时可用酸性的改良苯酚品红溶液对根尖进行染色",C,"答案　C
解析　低温诱导染色体数目的变化的实验中，将根尖放入卡诺氏液中浸泡，目的是固定细胞形态；盐酸和体积分数为95%的酒精混合液可以使洋葱根尖解离，A错误；洋葱鳞片叶的表皮细胞高度分化，不分裂，B错误；有丝分裂后期，着丝粒分裂，染色体数目暂时加倍，所以用显微镜观察到染色体数为32的细胞，还不能判断低温诱导已成功，C正确；制片时可用碱性的改良苯酚品红溶液对根尖进行染色，D错误.
知识点4　染色体变异与育种",8,8,第5章　基因突变及其他变异\第2节　染色体变异.doc,,,,,,,word补充习题一套_题目答案知识标注.xlsx
573,10.下列关于单倍体与多倍体的说法，错误的是(　　),"A.单倍体的体细胞中并非都只有一个染色体组
B.单倍体育种过程中，人工诱导染色体数目加倍时的操作对象是单倍体幼苗
C.多倍体育种过程中，人工诱导染色体数目加倍时的操作对象是正常萌发的种子或幼苗
D.单倍体植株都是不育的，多倍体植株都是可育的",D,"答案　D
解析　单倍体是由配子发育而来的，体细胞中可能有一个或者一个以上的染色体组，如果有两个或者四个染色体组等，则可能是可育的；多倍体的体细胞中含有三个或三个以上染色体组，若含有三个染色体组，则是不育的，A正确，D错误；单倍体育种包括两个步骤，一是花药离体培养获得单倍体植株，二是人工诱导使这些植株的染色体数目加倍，人工诱导时的操作对象是单倍体幼苗，B正确；多倍体育种过程中，人工诱导染色体数目加倍时的操作对象是正常萌发的种子或幼苗，C正确.",8,8,第5章　基因突变及其他变异\第2节　染色体变异.doc,,,,,,,word补充习题一套_题目答案知识标注.xlsx
574,11.普通西瓜(二倍体)每个细胞含22条染色体.如图为一个三倍体无子西瓜的剖面图，下列叙述正确的是(　　),"A.培育无子番茄与培育无子西瓜所利用的原理相同
B.①的细胞内含有22条染色体，②的细胞内含有33条染色体
C.无子西瓜培育过程中，秋水仙素处理可使着丝粒不分裂，导致染色体加倍
D.无子西瓜形成的原因是减数分裂过程中染色体联会紊乱",D,"答案　D
解析　培育无子西瓜(多倍体育种)的原理是染色体变异，而培育无子番茄的原理是生长素能够促进子房发育为果实；题图为三倍体无子西瓜，是由三倍体植株的子房发育而来的，所以①和②的细胞内均含有33条染色体；秋水仙素的作用是抑制细胞分裂过程中纺锤体的形成，而不是抑制着丝粒的分裂；该无子西瓜形成的原因是三倍体植株减数分裂过程中同源染色体联会紊乱，不能形成正常的配子.",8,8,第5章　基因突变及其他变异\第2节　染色体变异.doc,,,,,,,word补充习题一套_题目答案知识标注.xlsx
575,12.某动物的基因型为AaBb，其一个精原细胞减数分裂的图像如图所示，下列相关叙述错误的是(　　),"A.乙细胞发生变异的原因是减数分裂Ⅰ后期异常
B.该精原细胞最终产生4个基因型不同的配子
C.甲细胞的变异最可能发生在减数分裂前的间期
D.甲细胞中不含同源染色体，有2个染色体组",A,"答案　A
解析　乙细胞发生的是染色体变异，原因是减数分裂Ⅱ后期异常，A错误；该精原细胞最终产生的配子的基因型为AB、aB、abb、a，共4种，B正确；甲细胞中含有a基因，乙细胞中不含A基因，说明A基因发生了基因突变，最可能发生在减数分裂前的间期，C正确；甲细胞处于减数分裂Ⅱ后期，细胞中不含同源染色体，有2个染色体组，D正确.",8,8,第5章　基因突变及其他变异\第2节　染色体变异.doc,,,,,,,word补充习题一套_题目答案知识标注.xlsx
576,"13.某雌雄异株的高等植物的性别决定方式为XY型，因X染色体缺失某一片段而导致雌株叶片异形，异形叶雌株与正常叶雄株杂交，F1雌雄比为2∶1，F1雌雄株杂交得F2，F2雌株中正常叶与异形叶之比为3∶1，雄株全部为正常叶.请回答下列相关问题:
(1)该植物异形叶的出现是由于发生了________(填变异类型)，异形叶雌株与正常叶雄株杂交，F1中雌雄比不是1∶1，原因可能是________________________，仅考虑叶形，F1的表型及比例为________.F2的雌雄比为________.
(2)已知该植物花的红色对黄色为显性，相关基因A/a位于X染色体上，现有各种性状的雌株和雄株若干，请设计杂交实验探究某异形叶红花雌株(不含黄花基因)的缺失片段中有无控制花色的基因，要求写出实验设计思路，并预期实验结果和结论:__________________________________________
______________________________________________________________.",,(1)染色体结构的变异(或染色体变异)　含有X染色体缺失某一片段的雄株致死　异形叶∶正常叶＝1∶2　4∶3　(2)让该异形叶红花雌株与黄花雄株杂交，统计子代中雌株的花色及比例.若子代中雌株全为红花，则说明X染色体的缺失片段中无控制花色的基因；若子代中雌株的花色及比例为红花∶黄花＝1∶1，则说明X染色体的缺失片段中有控制花色的基因,"答案　(1)染色体结构的变异(或染色体变异)　含有X染色体缺失某一片段的雄株致死　异形叶∶正常叶＝1∶2　4∶3　(2)让该异形叶红花雌株与黄花雄株杂交，统计子代中雌株的花色及比例.若子代中雌株全为红花，则说明X染色体的缺失片段中无控制花色的基因；若子代中雌株的花色及比例为红花∶黄花＝1∶1，则说明X染色体的缺失片段中有控制花色的基因
解析　(1)由染色体的某一片段缺失而引起的变异为染色体结构变异.假设缺失某一片段的X染色体用XO表示，则异形叶雌株(XXO)与正常叶雄株(XY)杂交得F1，F1的性染色体组成及比例为XXO∶XX∶XOY∶XY＝1∶1∶1∶1，而F1雌雄比为2∶1，说明性染色体组成为XOY的个体不能存活，即含有X染色体缺失某一片段的雄株致死，则F1的表型及比例为异形叶∶正常叶＝1∶2.F1雌雄株杂交得F2，F1雌株产生的雌配子的类型及比例为X∶XO＝3∶1，F1雄株产生的雄配子的类型及比例为X∶Y＝1∶1，则F2的性染色体组成及比例为XXO∶XX∶XOY∶XY＝1∶3∶1∶3，其中性染色体组成为XOY的个体不能存活，则F2的雌雄比为4∶3.(2)要探究某异形叶红花雌株(不含黄花基因)的缺失片段中有无控制花色的基因，可让该异形叶红花雌株与黄花雄株杂交，统计子代中雌株的花色及比例.若X染色体的缺失片段中无控制花色的基因，则杂交组合为XAXAO×XaY，子代雌株均开红花；若X染色体的缺失片段中有控制花色的基因，则杂交组合为XAXO×XaY，子代中雌株的花色及比例为红花∶黄花＝1∶1.",14,14,第5章　基因突变及其他变异\第2节　染色体变异.doc,,,,,,,word补充习题一套_题目答案知识标注.xlsx
577,"14.水稻(2N＝24)种群中偶尔会出现一种三体植株(多1条6号染色体)，三体水稻的细胞在减数分裂时6号染色体的任意两条移向细胞一极，剩下一条移向另一极.已知某株三体水稻的基因型为Aaa.请回答下列问题:
(1)该三体水稻的细胞在减数分裂时可形成________个四分体.若该三体水稻是由基因型为Aa的水稻自交产生的，则其出现的原因可能是___________________________________________________________________________________________________________________________(答出一种).
(2)该三体水稻产生的雌配子有________种，其中基因组成为Aa的雌配子的比例为________.若染色体数异常的雄配子不能参与受精作用，则该三体水稻植株自交，子代中基因型为Aaa的个体所占的比例为________.",,(1)12　基因型为Aa的水稻产生配子时，减数分裂Ⅰ过程中两条6号染色体没有分离，而是进入到同一个子细胞中，最终产生了基因型为Aa的配子或基因型为Aa的水稻产生配子时，减数分裂Ⅱ过程中含有a基因的6号染色体的着丝粒分裂后，形成的两条染色体没有分别移向细胞两极，而是移向了同一极，产生了基因型为aa的配子(答出一种、答案合理即可)　(2)4　1/3　5/18,"答案　(1)12　基因型为Aa的水稻产生配子时，减数分裂Ⅰ过程中两条6号染色体没有分离，而是进入到同一个子细胞中，最终产生了基因型为Aa的配子或基因型为Aa的水稻产生配子时，减数分裂Ⅱ过程中含有a基因的6号染色体的着丝粒分裂后，形成的两条染色体没有分别移向细胞两极，而是移向了同一极，产生了基因型为aa的配子(答出一种、答案合理即可)　(2)4　1/3　5/18
解析　(1)三体水稻的原始生殖细胞中含有25条染色体，在减数分裂过程中可形成12个四分体.基因型为Aa的水稻自交，产生了基因型为Aaa的三体水稻，则参与受精的雌雄配子的组合可能是A与aa或a与Aa.基因型为Aa的配子产生的原因可能是减数分裂Ⅰ过程中两条6号染色体没有分离，而是进入到同一个子细胞中，减数分裂Ⅱ过程正常；基因型为aa的配子产生的原因可能是减数分裂Ⅱ过程中含有a基因的6号染色体的着丝粒分裂后，形成的两条6号染色体没有分别移向细胞两极，而是移向了同一极.(2)该三体水稻的基因型为Aaa，其产生的雌雄配子的类型及比例均为A∶aa∶Aa∶a＝1∶1∶2∶2.若染色体数异常的雄配子不能参与受精作用，则参与受精的雄配子的类型及比例为A∶a＝1∶2，该三体水稻植株自交，子代中基因型为Aaa的个体所占的比例为1/6×1/3＋2/6×2/3＝5/18.",8,8,第5章　基因突变及其他变异\第2节　染色体变异.doc,,,,,,,word补充习题一套_题目答案知识标注.xlsx
578,[例1] 随着科学的发展，人类对遗传病的认识越来越多，下列关于人类遗传病的叙述，错误的是(　　),"A.遗传病是指由遗传物质改变而引起的疾病
B.先天性疾病不一定是遗传病，后天性疾病也可能是遗传病
C.遗传病患者一定携带致病基因
D.基因突变是单基因遗传病产生的根本原因",C,"答案　C
解析　人类遗传病通常是指由遗传物质改变而引起的人类疾病，可能是由基因结构改变引起，也可能是由染色体变异引起，A正确；先天性疾病不一定是遗传病，如孕妇服用某些药物等可能引起胎儿先天发育异常，但不属于遗传病；后天性疾病也可能是遗传病，如一些遗传性早秃通常要到40岁左右才发病，B正确；染色体异常遗传病是指由染色体变异引起的遗传病，这类遗传病患者不携带致病基因，C错误；基因突变是单基因遗传病产生的根本原因，D正确.",9,9,第5章　基因突变及其他变异\第3节　人类遗传病.doc,,,,,,,word补充习题一套_题目答案知识标注.xlsx
579,[例2] 如图为13三体综合征的发生原理和父母生育风险模式图，已知图中父方的13号染色体与21号染色体发生异常连接而成为一条染色体，图中仅表示出父亲产生部分精子的染色体情况.下列相关叙述正确的是(　　),"A.理论上父方减数分裂产生与图相关染色体的精子有四种
B.子代中无症状携带者发生的概率为1/4
C.图中亲代的子代中不会出现21三体综合征的患者
D.图中13三体患者体细胞中染色体数最多有47条",B,"答案　B
解析　父方的13号染色体与21号染色体发生异常连接而成为一条染色体，父方可以产生的精子种类有六种:只含异常染色体的；含有正常13号和21号染色体的；含有正常13号和异常染色体的；只含有21号染色体的；含有21号和异常染色体的；只含有13号染色体的，则父方能够形成六种精子，A错误；分析题图可知，只含21号染色体的精子和只含13号染色体的精子与母方提供的卵子结合形成的个体不能存活，则其余四种类型的精子与母方提供的卵子结合形成的个体可以存活，其中无症状携带者概率为1/4，B正确；当精细胞中有异常染色体和正常21号染色体时，能够形成21三体综合征患者，C错误；13三体患者体细胞中最多有94条染色体，D错误.
(1)携带致病基因≠患病，如隐性遗传病致病基因的携带者(Aa)不患病.
(2)不携带致病基因≠不患遗传病，如唐氏综合征患者.
(3)遗传病不一定都遗传给后代，如染色体异常导致的遗传病不一定遗传给后代，杂合的遗传病患者，其子女也不一定患病；但能遗传的疾病一定是遗传病.
(4)遗传病的致病基因不都是由亲代传给子代，也可能是孕妇或患者本人接触过诱变剂或致畸药物等.
探究点二　遗传病的调查、监测和预防
某单基因遗传病的遗传方式为伴X染色体隐性遗传病，现有一对夫妇，其中一方患病，另一方表现正常，妻子怀孕后，想知道胎儿是否携带致病基因.
(1)若丈夫为患者，胎儿是男性时，需要对胎儿进行基因检测吗？为什么？
提示　需要，因为表现正常的女性有可能是致病基因携带者，男性胎儿可能患病.
(2)若妻子为患者，则表现正常的胎儿的性别是男孩还是女孩？为什么？
提示　女孩.女性患者与正常男性婚配，所生女孩的两条X染色体，一条来自父方，一条来自母方，来自父方的染色体上含有正常显性基因.
(3)在调查秃头发病率时，调查小组选择了敬老院老人这个群体.这样选择合理吗？请解释原因.
提示　不合理.因为敬老院老人年龄整体偏大，由于非遗传性的衰老、健康原因造成秃头的情况比较多，如果只调查老年人，就不符合在人群中随机抽样调查的原则.",9,9,第5章　基因突变及其他变异\第3节　人类遗传病.doc,,,,,,,word补充习题一套_题目答案知识标注.xlsx
580,[例3] 下列关于“调查常见的人类遗传病并探讨其检测和预防”的叙述中，正确的是 (　　),"A.为保证调查的有效性，调查的患者应足够多
B.可利用多个患病家系的调查数据，计算其发病率
C.调查时最好选取群体发病率较高的单基因遗传病
D.若所调查的遗传病发病率较高，则可判定该遗传病为显性遗传病",C,"答案　C
解析　为保证调查的有效性，调查的人群应足够多，而不是调查的患者足够多，A错误；调查发病率应该是在人群中随机取样，且调查遗传方式时需要在人群中随机取样，B错误；调查时最好选取群体发病率较高的单基因遗传病，C正确；若所调查的遗传病发病率较高，不一定是显性遗传病，要确定其遗传方式，需绘制遗传系谱图，再根据遗传系谱图进行判断分析，D错误.",9,9,第5章　基因突变及其他变异\第3节　人类遗传病.doc,,,,,,,word补充习题一套_题目答案知识标注.xlsx
581,[例4] 下列关于人类遗传病的检测和预防的叙述，正确的是(　　),"A.患白化病的妇女与正常男性生育的后代适宜选择生女孩
B.产前诊断能有效地检测胎儿是否患有遗传病或先天性疾病
C.羊水检查是产前诊断的唯一手段
D.遗传咨询的第一步就是分析确定遗传病的遗传方式",B,"答案　B
解析　白化病是一种常染色体上的隐性单基因遗传病，患病概率不存在性别的差异，所以选择性别不能排除后代患病，A错误；产前诊断是在出生前对胚胎或胎儿发育状况或是否患有疾病等进行检测诊断，B正确；羊水检查、B超检查、孕妇血细胞检查等都是产前诊断的手段，C错误；遗传咨询的第一步是了解家族病史，对是否患某种遗传病作出诊断，D错误.
思维导图
晨读必背",9,9,第5章　基因突变及其他变异\第3节　人类遗传病.doc,,,,,,,word补充习题一套_题目答案知识标注.xlsx
582,1.21三体综合征患者体细胞中有3条21号染色体.下列相关叙述正确的是(　　),"A.亲代产生配子时21号染色体未正常分离
B.B超检查可诊断21三体综合征胎儿
C.基因治疗可以治愈21三体综合征
D.用光学显微镜无法观察到21号染色体数目异常",A,"答案　A
解析　21三体综合征患病原因可能是亲代产生配子时，减数分裂Ⅰ后期同源染色体未分离或减数分裂Ⅱ后期姐妹染色单体分离后形成的两条21号染色体未分开，形成了含有2条21号染色体的配子，A正确；21三体综合征主要表现为不同程度智力低下等，无法用B超检查诊断，B错误；21三体综合征属于染色体数目变异引起的遗传病，无法用基因治疗治愈，C错误；21三体综合征的病因是第21号染色体增加引起的染色体数目变异，用光学显微镜可观察到患者细胞中含有3条21号染色体，D错误.",9,9,第5章　基因突变及其他变异\第3节　人类遗传病.doc,,,,,,,word补充习题一套_题目答案知识标注.xlsx
583,2.下列关于人类遗传病的叙述，正确的是 (　　),"A.通过羊水检查可确定胎儿是否患某种染色体异常遗传病
B.通过遗传咨询可了解遗传病的遗传方式并计算其在人群中的发病率
C.调查发病率应对多个患者家系进行调查，以获得足够大的群体调查数据
D.调查结果显示某病女性发病率明显高于男性，则此病可能为伴X染色体隐性遗传病",A,"答案　A
解析　通过羊水检查可确定胎儿是否患某种染色体异常遗传病，A正确；通过遗传咨询可了解遗传病的遗传方式，但计算其在人群中的发病率是在足够大的群体中随机抽样调查，B错误；调查遗传病的发病率，应在足够大的人群中随机抽样调查，调查遗传病的遗传方式，应对多个患者家系进行调查，C错误；调查结果显示某病女性发病率明显高于男性，则此病可能为伴X染色体显性遗传病，D错误.",14,14,第5章　基因突变及其他变异\第3节　人类遗传病.doc,,,,,,,word补充习题一套_题目答案知识标注.xlsx
584,3.下列有关人类遗传病的叙述，正确的是(　　),"A.体细胞内没有致病基因的个体不会患遗传病
B.多基因遗传病是指受两对等位基因控制的人类遗传病
C.遗传病并不一定是先天的，有的可以在成年时期才表现出来
D.基因检测可以用来确定胎儿是否患有猫叫综合征、红绿色盲等",C,"答案　C
解析　体细胞内没有致病基因的个体可能会患染色体异常遗传病，A错误；多基因遗传病是指受两对或两对以上等位基因控制的人类遗传病，B错误；遗传病并不一定是先天的，有的可以在成年时期才表现出来，C正确；基因检测可以用来确定胎儿是否患有红绿色盲等基因遗传病，但不能确定猫叫综合征等染色体异常遗传病，D错误.",2,2,第5章　基因突变及其他变异\第3节　人类遗传病.doc,,,,,,,word补充习题一套_题目答案知识标注.xlsx
585,4.下图为某家族单基因遗传病系谱图(不考虑突变与互换，涂黑者为患者)，下列说法错误的是(　　),"A.此病为常染色体显性遗传病
B.5、6均为杂合子
C.8号是纯合子的概率为1/4
D.7号与9号均为纯合子",C,"答案　C
解析　题图中5号和6号个体患病，9号正常，说明该病是显性遗传病，且致病基因只能位于常染色体上，5、6号个体均为杂合子，A、B正确；8号是纯合子的概率为1/3，C错误；7、9号个体正常，均为隐性纯合子，D正确.
课后·分层训练
(时间:30分钟)
知识点1　人类常见遗传病的类型",9,9,第5章　基因突变及其他变异\第3节　人类遗传病.doc,,,,,,,word补充习题一套_题目答案知识标注.xlsx
586,1.下列关于人类遗传病的叙述，错误的是 (　　),"A.单基因遗传病是指受一对等位基因控制的疾病
B.唐氏综合征患者体细胞中有47条染色体
C.控制多基因遗传病的基因的遗传遵循基因的自由组合定律
D.冠心病和哮喘都属于多基因遗传病",C,"答案　C
解析　唐氏综合征属于人类染色体数目异常遗传病，正常人体细胞中有46条染色体，患者体细胞中21号染色体有3条，故患者体细胞中有47条染色体，B正确；多基因遗传病可能存在多对等位基因位于一对染色体上的情况，这种情况与基因的自由组合定律的适用条件不符，不遵循基因的自由组合定律，C错误.",9,9,第5章　基因突变及其他变异\第3节　人类遗传病.doc,,,,,,,word补充习题一套_题目答案知识标注.xlsx
587,2.如图表示人体细胞中某对同源染色体不正常分离的情况，如果一个类型A的卵细胞成功地与一个正常的精子受精，发育成的个体将会得的遗传病可能是 (　　),"A.镰状细胞贫血 B.苯丙酮尿症
C.唐氏综合征 D.白血病",C,"答案　C
解析　一个类型A的卵细胞与正常精子结合，受精卵多了一条染色体，发育成的个体会患染色体异常遗传病.唐氏综合征患者体内21号染色体比正常人多一条.",9,9,第5章　基因突变及其他变异\第3节　人类遗传病.doc,,,,,,,word补充习题一套_题目答案知识标注.xlsx
588,3.下列关于人类遗传病的叙述，正确的是(　　),"A.单基因遗传病是由单个基因控制的遗传病
B.唐氏综合征患者的出现是由于亲本产生的异常精子参与了受精作用
C.多基因遗传病在群体中的发病率比单基因遗传病低
D.遗传病通常是指由遗传物质改变而引起的疾病",D,"答案　D
解析　单基因遗传病是指受一对等位基因控制的遗传病，A错误；唐氏综合征患者的出现是由于亲本产生的异常配子参与了受精作用，B错误；多基因遗传病在群体中的发病率比单基因遗传病高，C错误；遗传病通常是指由遗传物质改变而引起的疾病，D正确.",9,9,第5章　基因突变及其他变异\第3节　人类遗传病.doc,,,,,,,word补充习题一套_题目答案知识标注.xlsx
589,4.下列有关人类遗传病的叙述，正确的是(　　),"A.双亲表现正常，生出红绿色盲女孩，是基因突变的结果
B.由猫叫综合征患者的双亲不患病，可判断该病属于隐性遗传病
C.基因检测可以精确地诊断病因，因此不存在争议
D.抗维生素D佝偻病女性患者的基因型可表示为XDXD、XDXd，二者发病程度相似",A,"答案　A
解析　红绿色盲是伴X染色体隐性遗传病，双亲表现正常，其女儿一定正常，现女儿患病，是由于发生了基因突变，A正确；猫叫综合征属于染色体异常遗传病，不存在显性和隐性之分，B错误；基因检测也存在争议，人们担心由于缺陷基因的检出，在就业、保险等方面受到不平等的待遇，C错误；抗维生素D佝偻病为伴X染色体显性遗传病，女性患者的基因型可表示为XDXD、 XDXd，后者的发病程度比前者轻，D错误.
知识点2　遗传病的检测和预防",2,2,第5章　基因突变及其他变异\第3节　人类遗传病.doc,,,,,,,word补充习题一套_题目答案知识标注.xlsx
590,5.通过羊膜穿刺术等对胎儿细胞进行检查，是产前诊断的有效方法.下列情形一般不需要进行细胞检查的是(　　),"A.孕妇妊娠初期因细菌感染引起发热
B.夫妇中有核型异常者
C.夫妇中有先天性代谢异常者
D.夫妇中有明显先天性肢体畸形者",A,"答案　A
解析　羊膜穿刺术是比较常用的产前诊断方法，可用于遗传病或先天性疾病的检测和预防.孕妇妊娠初期因细菌感染引起的发热不需要进行羊膜穿刺检查.",9,9,第5章　基因突变及其他变异\第3节　人类遗传病.doc,,,,,,,word补充习题一套_题目答案知识标注.xlsx
591,6.某遗传病患者与一正常女子结婚，医生告诫他们只能生男孩.据此推测该病的遗传方式为(　　),"A.常染色体隐性遗传
B.常染色体显性遗传
C.伴X染色体显性遗传
D.伴X染色体隐性遗传",C,"答案　C
解析　常染色体遗传病后代的发病率与性别无关，A错误，B错误；伴X染色体显性遗传病的特点之一是“男病母女病，女正父子正”，该遗传病的男患者与一正常女子结婚，后代女孩都患病，男孩都正常，因此建议生男孩，C正确；伴X染色体隐性遗传病的特点之一是“女病父子病，男正母女正”，该遗传病的男患者与一正常女子结婚，若该女性正常不携带致病基因，则后代无论男女都正常，若该女性携带遗传病的致病基因，则后代无论男女都有可能患病，这与题意不符，D错误.",2,2,第5章　基因突变及其他变异\第3节　人类遗传病.doc,,,,,,,word补充习题一套_题目答案知识标注.xlsx
592,7.幸福的家庭都不希望降生一个有缺陷的后代，因此有必要采取优生措施.下列选项正确的是 (　　),"A.基因检测可以用来确定胎儿是否患有猫叫综合征、红绿色盲等
B.用酪氨酸酶能对白化病进行基因检测
C.遗传咨询是预防遗传病发生的最主要方法
D.禁止近亲结婚是预防遗传病发生的最简单有效的方法",D,"答案　D
解析　基因检测是在DNA分子水平上分析检测某一基因，从而对特定的疾病进行检测，因此基因检测主要是检测由基因突变引起的疾病，如红绿色盲等，而猫叫综合征是人类5号染色体结构改变引起的，不能用基因检测确定，A错误；酪氨酸酶是蛋白质，不能用酪氨酸酶对白化病进行基因检测，B错误；遗传咨询和产前诊断在一定程度上能够有效地预防遗传病的产生和发展，但不是预防遗传病发生的主要方法，C错误；近亲婚配可增加隐性遗传病的发病风险，禁止近亲结婚是预防遗传病发生的最简单有效的方法，D正确.",2,2,第5章　基因突变及其他变异\第3节　人类遗传病.doc,,,,,,,word补充习题一套_题目答案知识标注.xlsx
593,"8.为确定某遗传病的发病率和遗传方式，下列方法正确的有(　　)
①确定要调查的遗传病，掌握其症状及表现
②在患者家系中调查研究遗传方式　③在人群中随机抽样调查研究遗传方式　④在人群中随机抽样调查并计算发病率　⑤在患者家系中调查并计算发病率　⑥汇总结果，统计分析","A.①③⑤⑥ B.①②⑤⑥
C.①③④⑥ D.①②④⑥",D,"答案　D
解析　调查研究遗传病的遗传方式，应在患者家系中调查，③错误；调查并计算遗传病的发病率，应在人群中随机抽样调查，⑤错误.",9,9,第5章　基因突变及其他变异\第3节　人类遗传病.doc,,,,,,,word补充习题一套_题目答案知识标注.xlsx
594,9.下图为唐氏综合征的遗传图解，据图分析，以下叙述错误的是(　　),"A.若发病原因为减数分裂异常，则患者2体内的额外染色体一定来自父方
B.若发病原因为减数分裂异常，则可能是患者2的父亲减数分裂Ⅱ后期发生了差错
C.若发病原因为减数分裂异常，则患者1体内的额外染色体一定来自其母亲
D.若发病原因为有丝分裂异常，则额外的染色体由胚胎发育早期的有丝分裂过程中，染色单体分开后移向一极所致",C,"答案　C
解析　若发病原因为减数分裂异常，则患者2可能是由其父亲在减数分裂Ⅱ后期发生了差错(姐妹染色单体分开后移到同一极)导致的，A、B正确；患者1体内的额外染色体可能来自其父亲(减数分裂Ⅱ后期姐妹染色单体分开后移到同一极)，也有可能来自母亲(减数分裂Ⅰ后期同源染色体没有分离移向同一极或减数分裂Ⅱ后期姐妹染色单体分开后移到同一极)，C错误；若发病原因为有丝分裂异常，则额外的染色体由胚胎发育早期的有丝分裂过程中，染色单体分开后移向一极所致，D正确.",9,9,第5章　基因突变及其他变异\第3节　人类遗传病.doc,,,,,,,word补充习题一套_题目答案知识标注.xlsx
595,10.下列有关单基因遗传病的叙述，正确的是(　　),"A.调查某种病的遗传方式时，可在患者家系中进行调查
B.白化病属于单基因遗传病，即由一个致病基因控制的遗传病
C.单基因遗传病中，常染色体隐性遗传病的发病率高于该病致病基因的基因频率
D.伴X染色体显性遗传病的女性患者的后代中，女儿都患病，儿子都正常",A,"答案　A
解析　调查人群中的遗传病时，最好选取群体中发病率较高的单基因遗传病，调查某种病的遗传方式时，可在患者家系中进行调查，A正确；白化病属于单基因遗传病，由一对等位基因控制，B错误；单基因遗传病中，常染色体隐性遗传病的发病率等于该病致病基因的基因频率的平方，因此其发病率低于该病致病基因的基因频率，C错误；伴X染色体显性遗传病的女性患者的X染色体上的致病基因可能传向女儿，也可能传向儿子，只要含有致病基因就会患该种遗传病，D错误.",2,2,第5章　基因突变及其他变异\第3节　人类遗传病.doc,,,,,,,word补充习题一套_题目答案知识标注.xlsx
596,11.黏多糖贮积症是一种单基因遗传病，患者因体内与黏多糖降解有关的酶异常，导致身材矮小、骨骼畸形、心血管和呼吸系统异常.如图为某患者的家族遗传系谱图，其中Ⅱ2不含致病基因.不考虑基因突变，下列相关叙述错误的是(　　),"A.该病的遗传方式为伴X染色体隐性遗传
B.Ⅰ2和Ⅱ3均为杂合子
C.Ⅲ3与一正常男性结婚，生一正常女孩的概率为1/4
D.该病能体现基因通过控制酶的合成间接控制生物体的性状",C,"答案　C
解析　分析遗传系谱图可知，Ⅱ2和Ⅱ3均不患黏多糖贮积症，但是生有患黏多糖贮积症的儿子Ⅲ4，因此该病是隐性遗传病，又已知Ⅱ2不含致病基因，说明黏多糖贮积症是伴X染色体隐性遗传病，A正确；假设控制该遗传病的基因为A/a，Ⅰ1和Ⅰ2不患病，但其儿子Ⅱ4患病，说明Ⅰ1和Ⅰ2的基因型分别为XAY、XAXa，同理可知Ⅱ3的基因型为XAXa，B正确；由上述分析可知，Ⅲ3的基因型为1/2XAXa、1/2XAXA，正常男性的基因型为XAY，二者婚配，生育一正常女孩的概率为1/2，C错误；由题可知，黏多糖贮积症患者因体内与黏多糖降解有关的酶异常，导致身材矮小、骨骼畸形、心血管和呼吸系统异常，因此该病能体现基因通过控制酶的合成来控制代谢过程，进而控制生物体的性状，D正确.",2,2,第5章　基因突变及其他变异\第3节　人类遗传病.doc,,,,,,,word补充习题一套_题目答案知识标注.xlsx
597,12.下列有关基因检测和基因治疗的叙述，错误的是(　　),"A.基因检测是指通过检测人体细胞中的DNA序列，以了解人体的基因状况
B.基因治疗时需要对机体所有的细胞进行基因修复
C.应用基因检测可以判断胎儿是否患有白化病
D.基因检测可以检测和预防遗传病，但有可能引起基因歧视",B,"答案　B
解析　基因检测是指通过检测人体细胞中的DNA序列，以了解人体的基因状况，A正确；由细胞分化可知，有缺陷的基因只在特定的细胞中表达，所以基因治疗只需要对特定的细胞进行基因修复，B错误；白化病为常染色体隐性遗传病，应用基因检测可以判断胎儿是否患有白化病，C正确；基因检测可以检测和预防遗传病，但有可能引起基因歧视，D正确.",9,9,第5章　基因突变及其他变异\第3节　人类遗传病.doc,,,,,,,word补充习题一套_题目答案知识标注.xlsx
598,13.DNA标记是指DNA分子中某些具有稳定性特征的碱基序列，选择相应的DNA标记并在体外进行DNA复制，根据复制产物的电泳图谱就可以定位遗传病的相关基因.如图1为甲家族某遗传病基因定位电泳图谱，父亲和母亲的DNA标记组成分别为S1S1和S2S2，图2为乙家族有关该遗传病的系谱图.下列相关叙述错误的是(　　),"A.该遗传病的遗传方式是常染色体隐性遗传
B.甲家族中的母亲可能是该遗传病患者
C.乙家族中Ⅰ2的DNA标记组成与甲家族中儿子的相同
D.甲家族中的儿子与乙家族中的Ⅱ1结婚，其女儿患该病的概率是1/3",D,"答案　D
解析　由图2可知，Ⅰ1和Ⅰ2均不患病，但有一个患病的女儿Ⅱ2，故该病为常染色体隐性遗传病，A正确；由于甲家族中父亲和母亲的表型未知，所以可能是母亲为该遗传病患者，也可能是父亲为该遗传病患者，B正确；由于该病为常染色体隐性遗传病，根据乙家族中Ⅱ2患病可知，Ⅰ2为杂合子，根据甲家族中父亲和母亲的DNA标记组成分别为S1S1和S2S2可知，甲家族中的儿子为杂合子，故乙家族中Ⅰ2的DNA标记组成与甲家族中儿子的相同，C正确；甲家族中的儿子为杂合子，乙家族中Ⅱ1为杂合子的概率为2/3，故甲家族中的儿子与乙家族中的Ⅱ1结婚，其女儿患该病的概率是2/3×1/4＝1/6，D错误.",9,9,第5章　基因突变及其他变异\第3节　人类遗传病.doc,,,,,,,word补充习题一套_题目答案知识标注.xlsx
599,"14.我国有20%～25%的人患有遗传病，仅唐氏综合征患者的总数就有60万人以上.现有一对夫妻，其中丈夫是抗维生素D佝偻病患者，妻子表现正常.请回答下列相关问题:
(1)唐氏综合征是一种________病，它的成因是在生殖细胞形成的过程中，________号染色体没有分离，可能发生的时期是___________________________________________________________.
(2)已知控制抗维生素D佝偻病的基因为D/d，请根据该对夫妻的患病情况，写出其所生子女的可能情况(用遗传图解表示).
(3)该对夫妻共生育了三个孩子，这三个孩子在各种性状表现上呈现出多样性，出现这种现象的主要原因是________________________________
___________________________________________________________.",,(1)染色体异常遗传(或染色体)　21　减数分裂Ⅰ后期或减数分裂Ⅱ后期,"答案　(1)染色体异常遗传(或染色体)　21　减数分裂Ⅰ后期或减数分裂Ⅱ后期
(2)如图
(3)基因重组
解析　(1)唐氏综合征又称21三体综合征，是一种常见的染色体异常遗传病，患者比正常人多了一条21号染色体，产生原因是亲本在形成生殖细胞的过程中，减数分裂Ⅰ后期21号染色体未分开或减数分裂Ⅱ后期姐妹染色单体分离形成的两条21号染色体未分开.(2)抗维生素D佝偻病是由X染色体上的显性基因(D)控制的遗传病，该对夫妻中，丈夫是抗维生素D佝偻病患者，基因型为XDY，妻子表现正常，基因型为XdXd，他们所生子女的情况如答案所示.(3)同一双亲的后代呈现多样性主要与基因重组有关.",9,9,第5章　基因突变及其他变异\第3节　人类遗传病.doc,,,,,,,word补充习题一套_题目答案知识标注.xlsx
600,1.如图表示拟南芥细胞中某个基因片段复制并发生改变的过程，下列分析正确的是(　　),"A.该变异属于基因重组
B.该变异若发生在体细胞中，则一定不能遗传给子代植株
C.该细胞分裂产生的子细胞遗传信息不会发生改变
D.若该变异发生在基因中部，有可能导致翻译过程提前终止",D,"答案　D
解析　该变异属于基因突变，A错误；该变异若发生在拟南芥的体细胞中，则通过无性繁殖产生后代时，可以遗传，B错误；该变异会导致子细胞中遗传信息发生改变，C错误；若基因突变导致该位置的密码子变为终止密码子，就会造成翻译过程提前终止，D正确.",7,7,第5章　基因突变及其他变异\重难突破5　可遗传变异及其应用.doc,,,,,,,word补充习题一套_题目答案知识标注.xlsx
601,2.下列过程中不会发生基因重组的是(　　),"A.减数分裂Ⅰ后期非同源染色体之间自由组合
B.减数分裂Ⅰ前期同源染色体的非姐妹染色单体之间互换片段
C.R型活肺炎链球菌与加热致死的S型肺炎链球菌混合后，出现S型活肺炎链球菌
D.进行受精时，精子和卵细胞随机结合",D,"答案　D
解析　减数分裂Ⅰ前期同源染色体的非姐妹染色单体之间互换片段，以及减数分裂Ⅰ后期同源染色体分离、非同源染色体自由组合，均可导致基因重组，A、B不符合题意；R型活肺炎链球菌与加热致死的S型肺炎链球菌混合后，出现S型活肺炎链球菌，该过程中发生了基因重组，C不符合题意；进行受精时，精子和卵细胞的随机结合不会导致基因重组，D符合题意.",7,7,第5章　基因突变及其他变异\重难突破5　可遗传变异及其应用.doc,,,,,,,word补充习题一套_题目答案知识标注.xlsx
602,3.下列关于染色体组的表述，不正确的是(　　),"A.起源相同的一组完整的非同源染色体
B.通常指二倍体生物的一个配子中的染色体
C.人的体细胞中有两个染色体组
D.普通小麦的花粉细胞中有一个染色体组",D,"答案　D
解析　普通小麦是六倍体，其体细胞中含六个染色体组，减数分裂形成的花粉细胞中应含三个染色体组.",8,8,第5章　基因突变及其他变异\重难突破5　可遗传变异及其应用.doc,,,,,,,word补充习题一套_题目答案知识标注.xlsx
603,4.如图为人WNK4基因部分碱基序列及其编码蛋白质的部分氨基酸序列示意图.已知WNK4基因发生了一种突变，导致1169位的赖氨酸变为谷氨酸.该基因发生的突变是(　　),"A.①处插入碱基对G—C
B.②处碱基对A—T替换为G—C
C.③处缺失碱基对A—T
D.④处碱基对G—C替换为A—T",B,"答案　B
解析　根据图中1168位的甘氨酸的密码子GGG可知，WNK4基因是以图中下方的一条脱氧核苷酸链为模板转录形成mRNA的，那么1169位的赖氨酸的密码子是AAG，取代赖氨酸的谷氨酸的密码子最可能是GAG，由此可推知，该基因发生的突变是②处碱基对A—T替换为G—C.",7,7,第5章　基因突变及其他变异\重难突破5　可遗传变异及其应用.doc,,,,,,,word补充习题一套_题目答案知识标注.xlsx
604,5.如图为某细胞一个DNA分子中a、b、c三个基因的分布状况，图中Ⅰ、Ⅱ为非基因片段.下列有关叙述正确的是(　　),"A.基因a，b、c均可能发生基因突变，体现了基因突变具有普遍性
B.Ⅰ、Ⅱ也可能发生碱基的增添、缺失或替换，但不属于基因突变
C.一个细胞周期中，分裂间期基因突变频率较高，主要是由于分裂间期时间相对较长
D.在减数分裂的四分体时期，b、c之间可发生交换",B,"答案　B
解析　基因突变具有普遍性是指基因突变普遍存在于各种生物中，A错误；Ⅰ、Ⅱ是DNA中没有遗传效应的片段，它们的结构中发生的碱基的增添、缺失或替换都不属于基因突变，B正确；是由于间期进行DNA复制，DNA稳定性差，一个细胞周期中，分裂间期基因突变频率较高，C错误；在减数分裂的四分体时期，同源染色体上的等位基因有时会随着非姐妹染色单体之间的互换而发生交换，而图示b、c位于同一条染色体上，D错误.",7,7,第5章　基因突变及其他变异\重难突破5　可遗传变异及其应用.doc,,,,,,,word补充习题一套_题目答案知识标注.xlsx
605,6.在自然界中，昆虫中的雄蜂、雄蚁等是由卵细胞直接发育而来的，被称为单倍体.下列关于单倍体的叙述中，正确的是(　　),"A.含有奇数染色体组的生物体一定是单倍体
B.含有两个染色体组的生物体不可能是单倍体
C.由未受精的卵细胞发育成的生物体都是单倍体
D.普通六倍体小麦花药离体培养所获得的植株不是单倍体",C,"答案　C
解析　体细胞中含有一个染色体组的个体一定是单倍体，但含有多个染色体组(奇数)的个体不一定是单倍体，要看是由配子还是受精卵发育而来的，A错误；含有两个染色体组的生物体，由配子发育而来即为单倍体，由受精卵发育而来即为二倍体，B错误；未受精的卵细胞发育成的新个体是单倍体，如雄蜂是由未受精的卵细胞发育而来，C正确；普通六倍体小麦花药离体培养所获得的植株是单倍体，D错误.",8,8,第5章　基因突变及其他变异\重难突破5　可遗传变异及其应用.doc,,,,,,,word补充习题一套_题目答案知识标注.xlsx
606,7.染色体变异包括染色体数目的变异和染色体结构的变异两大类.下列有关说法正确的是(　　),"A.基因中发生多个碱基对的缺失导致染色体结构变异
B.染色体上基因的种类和数目不变，生物的性状就不会改变
C.非同源染色体间片段的移接只能发生在减数分裂过程中
D.原核生物和真核生物均可发生基因突变，但只有真核生物能发生染色体变异",D,"答案　D
解析　基因中发生多个碱基对的缺失，会导致基因碱基序列发生改变，这属于基因突变，A错误；基因在染色体上的位置及排列顺序也会影响生物的性状，故染色体上基因的种类和数目不变，生物的性状也可能改变，如发生了染色体结构变异中的倒位，B错误；非同源染色体间片段的移接属于染色体结构变异中的易位，可发生在任何时期，C错误；原核生物和真核生物均可发生基因突变，而原核生物的细胞中没有染色体，不能发生染色体变异，真核生物能发生染色体变异，D正确.",8,8,第5章　基因突变及其他变异\重难突破5　可遗传变异及其应用.doc,,,,,,,word补充习题一套_题目答案知识标注.xlsx
607,8.如图是某果蝇种群中正常染色体和异常染色体的图示，下列相关叙述正确的是(　　),"A.图中的变异都属于染色体结构变异
B.图中的变异只能发生在生殖细胞中
C.图中的变异均为可遗传的变异
D.图中的变异均需在人为因素的影响下才能发生",C,"答案　C
解析　图示变异中，丁属于基因突变，A错误；图中的变异可能发生在体细胞中，也可能发生在生殖细胞中，B错误；图中的变异包括基因突变和染色体结构变异，均属于可遗传的变异，C正确；图中的变异在自然状态下也可发生，D错误.",8,8,第5章　基因突变及其他变异\重难突破5　可遗传变异及其应用.doc,,,,,,,word补充习题一套_题目答案知识标注.xlsx
608,9.某二倍体植物的基因A(控制红花)对基因a(控制白花)为完全显性.现将基因型为Aa的幼苗甲用秋水仙素处理，使其成为植株乙；再将植株乙的花粉离体培养成幼苗丙后，用秋水仙素处理丙使其成为植株丁.下列相关叙述错误的是(　　),"A.处理幼苗甲所用的秋水仙素作用于细胞有丝分裂的前期
B.离体培养植株乙的花粉得到的幼苗丙能正常产生配子
C.植株丁中既有纯合子，也有杂合子
D.培育植株丁的原理是基因重组",D,"答案　D
解析　秋水仙素的作用原理是抑制纺锤体的形成，纺锤体形成于有丝分裂前期，所以秋水仙素作用的时期是有丝分裂的前期，A正确；由于幼苗丙含有两个染色体组，所以可以正常产生配子，B正确；由题意可知，植株乙的基因型是AAaa，产生的配子的基因型有AA、Aa和aa三种，所以幼苗丙的基因型也是AA、Aa和aa三种，用秋水仙素处理幼苗丙得到的植株丁的基因型是AAAA、AAaa和aaaa三种，既有纯合子也有杂合子，C正确；培育植株丁的原理是染色体数目变异，D错误.",7,7,第5章　基因突变及其他变异\重难突破5　可遗传变异及其应用.doc,,,,,,,word补充习题一套_题目答案知识标注.xlsx
609,10.洋葱(2n＝16)种群中偶尔会出现三体植株(4号染色体有3条).在减数分裂时，这3条染色体的任意2条向细胞一极移动，剩下一条移向另一极，细胞中其余同源染色体正常分离.下列关于三体洋葱(基因型BBb)的叙述，错误的是(　　),"A.该三体洋葱植株发生的变异属于染色体变异，这种变异为生物进化提供原材料
B.该三体洋葱与基因型为Bb的洋葱杂交，子代出现三体洋葱的概率为1/2
C.该三体洋葱植株在进行细胞分裂时，体细胞中最多含有33条染色体
D.该植株在细胞分裂时，两个B基因的分离可发生在减数分裂Ⅰ及减数分裂Ⅱ的后期",C,"答案　C
解析　该三体洋葱植株体细胞中4号染色体有3条，所以发生的变异属于染色体变异，这种变异将为生物进化提供原材料，A正确；该三体洋葱与基因型为Bb的洋葱杂交，由于三体能产生的配子种类及比例是BB∶B∶Bb∶b＝1∶2∶2∶1，基因型为Bb的洋葱产生的配子种类及比例是B∶b＝1∶1，当三体的BB配子或Bb配子与正常洋葱结合时，就会出现三体洋葱，故子代出现三体洋葱的概率为1/6＋2/6＝1/2，B正确；该三体洋葱植株体细胞中含有17条染色体，在有丝分裂后期时，染色体数目加倍，体细胞中最多含有34条染色体，C错误；该植株在细胞分裂时，两个B基因可能位于一对同源染色体上，也可能位于姐妹染色单体上，故两个B基因的分离可发生在减数分裂Ⅰ和减数分裂Ⅱ的后期，D正确.",11,11,第5章　基因突变及其他变异\重难突破5　可遗传变异及其应用.doc,,,,,,,word补充习题一套_题目答案知识标注.xlsx
610,11.下面为利用纯合高秆(D)抗病(E)小麦和纯合矮秆(d)易染病(e)小麦快速培育纯合矮秆抗病小麦(ddEE)的示意图，有关此图的叙述错误的是 (　　),"A.图中进行①过程的主要目的是让控制不同优良性状的基因组合到一起
B.②过程中发生了非同源染色体的自由组合
C.实施③过程依据的主要生物学原理是细胞增殖
D.④过程的实施中通常用一定浓度的秋水仙素处理",C,"答案　C
解析　题图所示为单倍体育种的过程，①过程表示两个亲本杂交，所依据的原理是基因重组，从而使控制不同优良性状的基因组合到一起；②过程表示的是F1进行减数分裂产生配子的过程，在减数分裂Ⅰ后期非同源染色体自由组合；③过程表示由花药离体培养形成单倍体植株的过程，此过程中不但有细胞的分裂还有细胞的分化，所依据的原理主要是植物细胞的全能性；④过程是诱导染色体数目加倍的过程，一般用一定浓度的秋水仙素处理单倍体幼苗.",7,7,第5章　基因突变及其他变异\重难突破5　可遗传变异及其应用.doc,,,,,,,word补充习题一套_题目答案知识标注.xlsx
611,12.将正常叶棉花植株经过特殊处理，分离获得一株卷叶突变体(由卷叶基因控制)，已知正常叶基因与卷叶基因是一对等位基因.下列有关叙述错误的是(　　),"A.该突变体若为基因突变所致，则理论上再经诱变可能会恢复为正常叶形
B.该突变体若为1条染色体的片段缺失所致，则该卷叶基因为隐性基因
C.该突变体若为个别染色体的增加所致，则该变异类型属于染色体结构的变异
D.卷叶基因若为正常叶基因中的单个碱基对替换所致，则该卷叶基因编码的肽链长度可能变长",C,"答案　C
解析　该突变体若为基因突变所致，则理论上突变体再经诱变有可能恢复正常叶形，A正确；该突变体若为1条染色体的片段缺失所致，由题意可知，正常叶基因随染色体片段的缺失而消失，故该卷叶基因为隐性基因，B正确；个别染色体的增加或减少属于染色体数目的变异，C错误；卷叶基因若为正常叶基因中的单个碱基对替换所致，则可能导致基因转录出的mRNA中终止密码子提前、推后或不发生改变，因此卷叶基因编码的肽链长度可能变短，可能变长，也可能不发生改变，D正确.",7,7,第5章　基因突变及其他变异\重难突破5　可遗传变异及其应用.doc,,,,,,,word补充习题一套_题目答案知识标注.xlsx
612,13.玉米株色的紫色(A)对绿色(a)为显性，该对基因位于第6号染色体上.将经X射线照射的紫株玉米的花粉授给绿株玉米，F1中出现1%的绿株.F1紫株和绿株的第6号染色体的检测结果如图所示.下列相关叙述正确的是(　　),"A.亲本中紫株的基因型为Aa，绿株的基因型为aa
B.X射线照射紫株花粉后，1%的花粉发生了基因突变
C.F1紫株的基因型为Aa，F1绿株的基因型为aa
D.F1紫株和绿株杂交，F2有4种基因型，2种表型",D,"答案　D
解析　分析题图可知，X射线照射紫株玉米的花粉后，导致1%的雄配子第6号染色体发生了染色体片段缺失，从而丢失了紫色(A)基因，导致F1中出现1%的绿株.由于F1中含2条正常6号染色体的表型为紫株，有1条6号染色体片段缺失的表型为绿株，且绿株只占F1的1%，故亲本为AA×aa，F1紫株基因型为Aa，绿株基因型为aO，F2有4种基因型(Aa、AO、aa、aO)，2种表型.",7,7,第5章　基因突变及其他变异\重难突破5　可遗传变异及其应用.doc,,,,,,,word补充习题一套_题目答案知识标注.xlsx
613,"14.普通小麦是目前世界各地栽培的重要粮食作物.普通小麦的形成包括不同物种杂交和染色体加倍过程，如图所示(其中A、B、D分别代表不同物种的一个染色体组，每个染色体组均含7条染色体).在此基础上，人们又通过杂交育种培育出许多优良品种.回答下列问题:
(1)在普通小麦的形成过程中，杂种一是高度不育的，原因是________________________________________________________
_________________________________.
已知普通小麦是杂种二染色体加倍形成的多倍体，普通小麦体细胞中有________条染色体.一般来说，与二倍体相比，多倍体的优点是________________________
_________________________________________________________(答出2点即可).
(2)若要用人工方法使植物细胞染色体加倍，可采用的方法有________________________(答出1点即可).
(3)现有甲、乙两个普通小麦品种(纯合子)，甲的表型是抗病易倒伏，乙的表型是易感病抗倒伏.若要以甲、乙为实验材料设计实验获得抗病抗倒伏且稳定遗传的新品种，请简要写出实验思路.",,(1)无同源染色体，不能进行正常的减数分裂　42　营养物质含量高、茎秆粗壮　(2)秋水仙素处理　(3)甲、乙两个品种杂交得F1，F1自交，选取F2中既抗病又抗倒伏、且自交后代不发生性状分离的植株.,"答案　(1)无同源染色体，不能进行正常的减数分裂　42　营养物质含量高、茎秆粗壮　(2)秋水仙素处理　(3)甲、乙两个品种杂交得F1，F1自交，选取F2中既抗病又抗倒伏、且自交后代不发生性状分离的植株.
解析　(1)杂种一(AB)含有一粒小麦的一个染色体组(A)和斯氏麦草的一个染色体组(B)，由于杂种一无同源染色体，不能进行正常的减数分裂，故其高度不育.普通小麦(AABBDD)有6个染色体组，结合题干信息“A、B、D分别代表不同物种的一个染色体组，每个染色体组均含7条染色体”可知，普通小麦体细胞中有42条染色体.一般来说，与二倍体植株相比，多倍体植株茎秆粗壮，叶片、果实和种子都比较大，糖类和蛋白质等营养物质的含量有所增加.(2)人工诱导多倍体的方法有:用秋水仙素处理萌发的种子或幼苗，低温处理等.(3)若要以甲(抗病易倒伏)和乙(易感病抗倒伏)纯种小麦为实验材料，获得抗病抗倒伏且稳定遗传的新品种，可通过杂交育种或单倍体育种的方法来实现.
方法一:
P　甲(抗病易倒伏) × 乙(易感病抗倒伏)
↓
F1
↓⊗
F2　抗病易倒伏、抗病抗倒伏、易感病易倒伏、易感病抗倒伏
↓
筛选出抗病抗倒伏小麦植株进行连续自交，自交后代不发生性状分离的植株即为目标植株
方法二:
P　甲(抗病易倒伏) × 乙(易感病抗倒伏)
↓
F1
↓花药离体培养
单倍体幼苗
↓用秋水仙素处理
F2　抗病易倒伏、抗病抗倒伏、易感病易倒伏、易感病抗倒伏
↓
从中选择抗病抗倒伏的小麦植株即可",8,8,第5章　基因突变及其他变异\重难突破5　可遗传变异及其应用.doc,,,,,,,word补充习题一套_题目答案知识标注.xlsx
614,1.下列实例中，最可能发生了不可遗传的变异的是(　　),"A.表型正常的夫妇，生下一个患红绿色盲的女儿
B.通过诱变育种培育出抗虫棉花品种
C.因水、肥等条件不同，两块地的同种玉米的产量不同
D.四倍体葡萄的果实比二倍体的大得多",C,"答案　C
解析　生物的变异，有的仅仅是由环境的影响造成的，而不是由亲代遗传物质的改变引起的，属于不可遗传的变异；有的是由亲代生殖细胞内遗传物质的改变引起的，能够遗传给后代，属于可遗传的变异.因水、肥等条件不同，两块地的同种玉米的产量存在差异，这种变异通常仅是由环境因素变化引起的，不能遗传给后代，属于不可遗传的变异，C符合题意.",2,2,第5章　基因突变及其他变异\阶段检测卷(五).doc,,,,,,,word补充习题一套_题目答案知识标注.xlsx
615,2.结肠癌是一种常见的消化道恶性肿瘤，是正常结肠上皮细胞中原癌基因与抑癌基因发生突变并累积的结果.下列有关叙述错误的是 (　　),"A.原癌基因表达的蛋白质是细胞正常的生长和增殖所必需的
B.抑癌基因表达的蛋白质可能会促进细胞凋亡
C.高度分化的人体细胞不能增殖，不会发生癌变
D.与正常细胞相比，癌细胞的遗传物质发生了改变",C,"答案　C
解析　原癌基因表达的蛋白质是细胞正常的生长和增殖所必需的，抑癌基因表达的蛋白质能抑制细胞的生长和增殖，或者促进细胞凋亡，A、B正确；高度分化的人体细胞可能会发生癌变，如结肠上皮细胞就是高度分化的细胞，C错误；细胞癌变是由于正常细胞的原癌基因和抑癌基因发生突变，故与正常细胞相比，癌细胞的遗传物质发生了改变，D正确.",7,7,第5章　基因突变及其他变异\阶段检测卷(五).doc,,,,,,,word补充习题一套_题目答案知识标注.xlsx
616,3.基因突变具有随机性的特点，下列不能体现该特点的是(　　),"A.基因突变可发生在生物个体发育的任何时期
B.基因突变可发生在细胞内不同的DNA分子上
C.基因突变可发生在同一个DNA分子的不同部位
D.一个基因可以发生不同的突变，产生一个以上的等位基因",D,"答案　D
解析　基因突变的随机性，表现为基因突变可以发生在生物个体发育的任何时期；可以发生在细胞内不同的DNA分子上，以及同一个DNA分子的不同部位；一个基因可以发生不同的突变，产生一个以上的等位基因，体现了基因突变具有不定向性，D符合题意.",7,7,第5章　基因突变及其他变异\阶段检测卷(五).doc,,,,,,,word补充习题一套_题目答案知识标注.xlsx
617,4.下列有关基因突变和基因重组的叙述，正确的是(　　),"A.对生物体来说，基因突变要么有害，要么有利
B.基因突变后，基因间的位置关系并没有发生改变
C.基因重组是生物变异的根本来源，能为生物进化提供原材料
D.有丝分裂和减数分裂过程中都能发生基因突变和基因重组",B,"答案　B
解析　对生物体来说，基因突变可能破坏生物体与现有环境的协调关系，而对生物体有害；但有些基因突变对生物体是有利的，如植物的抗病性突变；还有些基因突变既无害也无益，是中性的，A错误；基因突变的结果是改变了基因的种类，可产生原有基因的等位基因，但不会改变基因的位置，B正确；基因突变是生物变异的根本来源，为生物的进化提供了丰富的原材料，C错误；有丝分裂过程中不发生基因重组，D错误.",11,11,第5章　基因突变及其他变异\阶段检测卷(五).doc,,,,,,,word补充习题一套_题目答案知识标注.xlsx
618,5.癌症是目前人类面临的重大医学难题.下列有关细胞癌变的叙述，正确的是(　　),"A.细胞癌变后其细胞周期可能变短，且癌细胞能够无限增殖
B.癌细胞易于分散和转移与其细胞膜上糖蛋白增多有关
C.只要远离致癌因子，人体细胞就不会发生癌变
D.现代医学相当发达，在癌症发生的早期就能及时发现",A,"答案　A
解析　一般情况下，细胞癌变后其细胞周期变短，在适宜条件下，癌细胞能够无限增殖，A正确；癌细胞易于分散和转移与其细胞膜上的糖蛋白等物质减少有关，B错误；致癌因子是导致癌症的重要因素，远离致癌因子可大大降低细胞癌变的概率，但在没有外来因素的影响时，基因突变也会由于DNA复制偶尔发生错误等原因自发产生，因此就算远离致癌因子，人体细胞也可能发生癌变，只是发生细胞癌变的概率较低，C错误；在癌症发生的早期，患者往往不表现出任何症状，因而难以及时发现，D错误.",7,7,第5章　基因突变及其他变异\阶段检测卷(五).doc,,,,,,,word补充习题一套_题目答案知识标注.xlsx
619,6.已知红绿色盲为伴X染色体隐性遗传病，并指为常染色体显性遗传病.一对色觉正常但患有并指的夫妇生育了一个手指正常但患有红绿色盲的儿子(不考虑基因突变).下列说法正确的是(　　),"A.该对夫妇中有一方为纯合子
B.该对夫妇再生育一个手指正常儿子的概率为1/4
C.人群中红绿色盲女性患者多于男性
D.红绿色盲男孩的致病基因来自其母亲",D,"答案　D
解析　并指为常染色体显性遗传病，并指夫妇能生育手指正常的孩子，说明双亲均为杂合子，生育手指正常儿子的概率为1/4×1/2＝1/8，A、B错误；红绿色盲为伴X染色体隐性遗传病，人群中男性患者多于女性患者，红绿色盲男孩的致病基因来自其母亲，C错误，D正确.",2,2,第5章　基因突变及其他变异\阶段检测卷(五).doc,,,,,,,word补充习题一套_题目答案知识标注.xlsx
620,7.如图甲、乙两个细胞为两个不同植物体的正常体细胞，据图分析下列相关叙述错误的是(　　),"A.甲细胞中含有三个染色体组，含有甲细胞的植物体为三倍体
B.基因A与B所在的染色体可构成一个染色体组
C.乙细胞中的基因A突变后，其遗传性状可能不发生改变
D.含有甲细胞的植物体结籽率会极低",A,"答案　A
解析　如果含有甲细胞的植物是由配子直接发育而成的，则该植物体是单倍体，A错误；基因A与B所在的染色体为一组非同源染色体，可构成一个染色体组，B正确；乙细胞中的基因A突变后由于密码子的简并性或基因的选择性表达等原因，其遗传性状可能不发生改变，C正确；含有甲细胞的植物体为三倍体或单倍体，在产生配子时联会紊乱，故结籽率会极低，D正确.",8,8,第5章　基因突变及其他变异\阶段检测卷(五).doc,,,,,,,word补充习题一套_题目答案知识标注.xlsx
621,8.如图是关于两种染色体互换的比较，下列说法错误的是(　　),"A.①发生在同源染色体的非姐妹染色单体之间，属于基因重组
B.②发生在非同源染色体之间，属于染色体结构变异中的易位
C.大多数发生①②的变异对生物体是有利的
D.②会使染色体上的基因的排列顺序发生改变",C,"答案　C
解析　①发生在同源染色体的非姐妹染色单体之间，属于基因重组，A正确；②发生在非同源染色体之间，属于染色体结构变异中的易位，B正确；②属于染色体结构变异，大多数染色体结构变异对生物体是不利的，有的甚至会导致生物体死亡，C错误；②会使染色上的基因数目或排列顺序发生改变，D正确.",8,8,第5章　基因突变及其他变异\阶段检测卷(五).doc,,,,,,,word补充习题一套_题目答案知识标注.xlsx
622,9.下图是同一种生物体内有关细胞分裂的一组图像.下列说法错误的是(　　),"A.DNA分子的复制和基因的表达只发生在图⑤所表示的时期
B.基因重组的发生与图②有关，而与图③无直接关系
C.若图②、③均已发生基因突变，该生物体的性状有可能不变
D.在雄性动物的睾丸中能同时观察到上图5个分裂时期的细胞",A,"答案　A
解析　DNA分子的复制和基因的表达(包括转录和翻译两个过程)主要发生在细胞分裂前的间期，即图⑤所示的时期，而基因表达也能发生在其他时期，A错误.",7,7,第5章　基因突变及其他变异\阶段检测卷(五).doc,,,,,,,word补充习题一套_题目答案知识标注.xlsx
623,10.一表型正常的男性与一患某种单基因遗传病的女性结婚，二者无论是生男孩还是女孩，孩子的患病概率都是50%，这种遗传病的遗传方式不可能是(　　),"A.常染色体隐性遗传
B.常染色体显性遗传
C.伴X染色体显性遗传
D.伴X染色体隐性遗传",D,"答案　D
解析　假设控制该遗传病的基因为A/a，若该遗传病的遗传方式是常染色体隐性遗传，则患病女性的基因型为aa，其与基因型为Aa的表型正常的男性结婚，后代中无论是男孩还是女孩，患病概率都是50%，A不符合题意；若该遗传病的遗传方式是常染色体显性遗传，则表型正常的男性的基因型为aa，其与基因型为Aa的患病女性结婚，后代中无论是男孩还是女孩，患病概率都是50%，B不符合题意；若该遗传病的遗传方式是伴X染色体显性遗传，则表型正常的男性的基因型为XaY，其与基因型为XAXa的患病女性结婚，后代中无论是男孩还是女孩，患病概率都是50%，C不符合题意；若该遗传病的遗传方式是伴X染色体隐性遗传，则患病女性的基因型为XaXa，表型正常的男性的基因型为XAY，二者结婚，后代中男孩都患病，女孩都正常，D符合题意.",2,2,第5章　基因突变及其他变异\阶段检测卷(五).doc,,,,,,,word补充习题一套_题目答案知识标注.xlsx
624,11.爱美人士都不喜欢自己的脸上有雀斑.研究发现，雀斑多数是有遗传性的，且为常染色体显性遗传.一对均患遗传性雀斑的夫妇，生了一个不患遗传性雀斑的儿子和一个患遗传性雀斑的女儿.下列有关遗传性雀斑的叙述，正确的是 (　　),"A.某人因暴晒而出现的雀斑一定能遗传给后代
B.需在患者家系中调查，才能确定遗传性雀斑的发病率
C.遗传性雀斑与镰状细胞贫血的遗传方式相同
D.该女儿与正常男性婚配，生出患遗传性雀斑孩子的概率为2/3",D,"答案　D
解析　某人因暴晒而出现了雀斑，其遗传物质不一定发生了改变，不一定会遗传给后代，A错误；调查遗传病的发病率应在人群中随机取样调查，B错误；遗传性雀斑与镰状细胞贫血均为单基因遗传病，但遗传性雀斑属于常染色体显性遗传病，镰状细胞贫血属于常染色体隐性遗传病，C错误；假设控制遗传性雀斑的基因为A/a，该夫妇均患遗传性雀斑，但生出了不患遗传性雀斑的儿子，说明这对夫妇的基因型均为Aa，其女儿患遗传性雀斑，基因型为1/3AA、2/3Aa，则该女儿与正常男性(aa)婚配，生出不患遗传性雀斑孩子(aa)的概率为2/3×1/2＝1/3，则生出患遗传性雀斑孩子的概率为1－1/3＝2/3，D正确.",7,7,第5章　基因突变及其他变异\阶段检测卷(五).doc,,,,,,,word补充习题一套_题目答案知识标注.xlsx
625,12.通过对胎儿或新生儿的组织细胞进行显微观察，不能发现的遗传病是 (　　),"A.苯丙酮尿症 B.唐氏综合征
C.猫叫综合征 D.镰状细胞贫血",A,"答案　A
解析　苯丙酮尿症属于单基因遗传病，其形成原因是基因突变，在显微镜下观察不到，A符合题意；唐氏综合征(21三体综合征)形成的原因是染色体数目变异，猫叫综合征形成的原因是染色体结构变异，均可通过显微镜观察到；镰状细胞贫血形成的原因是基因突变，基因突变通过显微镜观察不到，但患者的红细胞是弯曲的镰刀状，可通过显微镜观察到，B、C、D不符合题意.",9,9,第5章　基因突变及其他变异\阶段检测卷(五).doc,,,,,,,word补充习题一套_题目答案知识标注.xlsx
626,"13.下列有关生物变异的叙述，错误的有(　　)
①DNA分子中发生碱基的增添、缺失或替换均会导致基因突变　②染色体变异在光学显微镜下可以观察到，而基因突变则不行　③多倍体都是人工培育出来的　④一般情况下，染色体变异的危害比基因突变和基因重组的危害更大","A.①② B.②③
C.①③ D.③④",C,"答案　C
解析　基因通常是有遗传效应的DNA片段，DNA分子中发生碱基的增添、缺失或替换不一定改变基因的碱基序列，故不一定导致基因突变，①错误；染色体变异在光学显微镜下可以观察到，而基因突变则不行，②正确；多倍体可以是自然条件下产生的，③错误；一般情况下，染色体变异的危害比基因突变和基因重组的危害更大，④正确.综上所述，C符合题意.",8,8,第5章　基因突变及其他变异\阶段检测卷(五).doc,,,,,,,word补充习题一套_题目答案知识标注.xlsx
627,14.(2021·湖南卷，10)有些人的性染色体组成为XY，其外貌与正常女性一样，但无生育能力，原因是其X染色体上有一个隐性致病基因a，而Y染色体上没有相应的等位基因.某女性化患者的家系图谱如图所示.下列叙述错误的是(　　),"A.Ⅱ­1的基因型为XaY
B.Ⅱ­2与正常男性婚后所生后代的患病概率为
C.Ⅰ­1的致病基因来自其父亲或母亲
D.人群中基因a的频率将会越来越低",C,"答案　C
解析　根据题意可知，女性化患者的基因型应为XaY，题图中Ⅱ­1为女性化患者，故其基因型为XaY，A正确；Ⅱ­2的基因型为XAXa，她与正常男性(XAY)婚后所生后代患病(XaY)的概率为，B正确；Ⅰ­1的基因型为XAXa，若致病基因来自父亲，则其父亲的基因型为XaY，为女性化患者，不可育，不符合题意，故Ⅰ­1的致病基因只能来自其母亲，C错误；由于女性化患者不育，故人群中基因a的频率将会越来越低，D正确.",2,2,第5章　基因突变及其他变异\阶段检测卷(五).doc,,,,,,,word补充习题一套_题目答案知识标注.xlsx
628,15.下列有关单倍体和多倍体的叙述，正确的是(　　),"A.单倍体的体细胞中只含有1个染色体组
B.水稻的单倍体植株所结的种子小、产量低
C.自然界中某些单倍体能产生可育配子
D.体细胞中含有3个染色体组的个体一定是三倍体",C,"答案　C
解析　体细胞中只含有1个染色体组的生物一定是单倍体，但单倍体的体细胞中不一定只含有1个染色体组，A错误；自然条件下，水稻是二倍体，其单倍体植株长得弱小，且不育，B错误；单倍体并非都不可育，含有奇数个染色体组的配子直接发育成的单倍体，一般表现为高度不育，含有偶数个染色体组的配子直接发育成的单倍体可能会产生可育配子，C正确；体细胞中含有3个染色体组的个体，不一定是三倍体，若该个体是由配子直接发育而来的，则为单倍体，若该个体是由受精卵发育而来的，则为三倍体，D错误.",8,8,第5章　基因突变及其他变异\阶段检测卷(五).doc,,,,,,,word补充习题一套_题目答案知识标注.xlsx
629,16.玉米(2N＝20)种群中偶尔会出现三体植株(2号染色体有3条)，在减数分裂过程中，这3条染色体中的任意两条移向细胞一极，剩余一条移向细胞的另一极，其他染色体正常分离.下列有关三体玉米的叙述，正确的是(　　),"A.三体玉米植株的体细胞中含有3个染色体组
B.三体玉米植株的出现是基因重组的结果
C.三体玉米植株的细胞中最多有21条染色体
D.三体玉米植株测交，子代出现三体植株的概率为1/2",D,"答案　D
解析　由题可知，三体玉米植株的2号染色体有3条，发生了染色体数目变异，其仍是二倍体，体细胞中含有2个染色体组，A、B错误；三体玉米植株处于有丝分裂后期的细胞中染色体数目最多，有42条，C错误；三体玉米植株产生的配子中，一半染色体数目正常，一半染色体多一条，则其测交，子代出现三体植株的概率为1/2，D正确.",8,8,第5章　基因突变及其他变异\阶段检测卷(五).doc,,,,,,,word补充习题一套_题目答案知识标注.xlsx
630,17.果蝇的性染色体组成为XXY、XO时分别表现为雌性和雄性，性染色体组成为XXX、OY时胚胎致死.以白眼雌果蝇(XrXr)与红眼雄果蝇(XRY)为亲本杂交，F1中偶然出现了一只红眼雄果蝇和一只白眼雌果蝇.不考虑基因突变，下列分析错误的是(　　),"A.亲本雌果蝇产生了含两条X染色体的卵细胞和不含性染色体的卵细胞
B.亲本雄果蝇产生了性染色体组成为XY的精子和不含性染色体的精子
C.F1中红眼雄果蝇和白眼雌果蝇的基因型分别为XRO和XrXrY
D.题中所发生的变异可通过光学显微镜观察到",B,"答案　B
解析　由题分析可知，亲本雌果蝇产生了含两条X染色体的卵细胞(XrXr)和不含性染色体的卵细胞(O)，雄果蝇产生的精子正常(XR和Y)，F1中红眼雄果蝇的基因型为XRO，白眼雌果蝇的基因型为XrXrY，A、C正确，B错误；由题分析可知，红眼雄果蝇和白眼雌果蝇的出现是染色体数目变异的结果，染色体数目变异可通过光学显微镜观察到，D正确.",2,2,第5章　基因突变及其他变异\阶段检测卷(五).doc,,,,,,,word补充习题一套_题目答案知识标注.xlsx
631,18.生物的某些变异可通过细胞分裂过程中某一时期染色体的行为来识别.甲、乙两模式图分别表示细胞减数分裂过程中出现的“环形圈”“十字形结构”现象，图中字母表示染色体上的基因.下列有关叙述正确的是(　　),"A.甲、乙两图中两种变异类型分别属于染色体结构变异、基因重组
B.甲图是个别碱基的增添或缺失导致染色体上基因数目改变的结果
C.乙图是四分体时期同源染色体的非姐妹染色单体之间发生互换的结果
D.甲、乙两图所示现象常出现在减数分裂Ⅰ的前期，染色体数与核DNA数之比为1∶2",D,"答案　D
解析　甲、乙两图变异都属于染色体结构变异，A错误；甲图中部分基因发生了增添或缺失，导致染色体上基因数目改变，B错误；乙图中的右上角含s基因的黑色部分与左下角含w基因的白色部分已发生互换，且它们之间的互换发生在非同源染色体之间，所以该变异为易位，而不是四分体时期同源染色体非姐妹染色单体之间发生互换的基因重组，C错误.",8,8,第5章　基因突变及其他变异\阶段检测卷(五).doc,,,,,,,word补充习题一套_题目答案知识标注.xlsx
632,19.尿黑酸症和棕色牙齿为两种罕见的遗传病，分别由等位基因A/a、B/b控制，其中一种遗传病的致病基因位于X染色体上.如图为某家族遗传系谱图.下列相关叙述正确的是(　　),"A.尿黑酸症是常染色体显性遗传病
B.棕色牙齿是伴X染色体隐性遗传病
C.Ⅲ3个体的基因型为AAXBXb的概率为1/4
D.Ⅳ1和Ⅳ5近亲结婚，生育一个棕色牙齿女儿的概率是1/4",D,"答案　D
解析　根据Ⅱ1和Ⅱ2不患尿黑酸症，Ⅲ2患尿黑酸症，可确定尿黑酸症的遗传方式是常染色体隐性遗传，再根据题干“其中一种遗传病的致病基因位于X染色体上”及“Ⅲ2是棕色牙齿，而Ⅳ2不是棕色牙齿”，可确定棕色牙齿是伴X染色体显性遗传病，A、B错误；Ⅱ1、Ⅱ2的基因型分别为AaXBY、AaXbXb，Ⅲ3的基因型为AAXBXb的概率为1/3，C错误；Ⅳ1与棕色牙齿有关的基因型为XBXb，Ⅳ5与棕色牙齿有关的基因型为XbY，二者婚配生育一个棕色牙齿女儿(XBXb)的概率是1/4，D正确.",2,2,第5章　基因突变及其他变异\阶段检测卷(五).doc,,,,,,,word补充习题一套_题目答案知识标注.xlsx
633,20.已知鹌鹑的性别决定方式为ZW型，育种专家发现了一只白羽雌鹌鹑突变体，突变性状是由性染色体上的某个基因突变产生的(假设突变性状和栗羽性状由一对等位基因A、a控制).为了进一步了解突变基因的显隐性和在染色体中的位置，设计了杂交实验方案:利用该突变鹌鹑与多只纯合栗羽雄鹌鹑杂交，观察并记录子代雌雄鹌鹑的表型及比例. 下列说法正确的是(　　),"A.若突变基因为隐性，位于Z、W染色体的同源区段上，则子代雄性全部表现为白羽性状
B.若突变基因为显性，位于Z染色体上，则子代雌性全部表现为白羽性状
C.若突变基因为隐性，位于Z、W染色体的同源区段上，则子代雌性全部表现为白羽性状
D.若突变基因为显性，位于Z染色体上，则子代雄性全部表现为白羽性状",D,"答案　D
解析　鹌鹑的性别决定方式为ZW型，雌鹌鹑的性染色体组成为ZW，雄鹌鹑的性染色体组成为ZZ.若突变基因为隐性，位于Z、W染色体的同源区段上，则亲本白羽雌鹌鹑的基因型为ZaWa，栗羽雄鹌鹑的基因型为ZAZA，子代雄性和雌性鹌鹑全部表现为栗羽性状，A、C错误；若突变基因为显性，位于Z染色体上，则亲本白羽雌鹌鹑的基因型为ZAW，栗羽雄鹌鹑的基因型为ZaZa，子代中雄鹌鹑的基因型为ZAZa，全部表现为白羽性状，雌鹌鹑的基因型为ZaW，全部表现为栗羽性状，B错误，D正确.
二、非选择题(每题10分，共40分)",2,2,第5章　基因突变及其他变异\阶段检测卷(五).doc,,,,,,,word补充习题一套_题目答案知识标注.xlsx
634,"21.镰状细胞贫血是一种常染色体隐性遗传病，患者的红细胞由中央微凹的圆饼状变为弯曲的镰刀状，其致病机理如图所示，图中X、Y表示碱基，①～③表示生理过程.请分析回答下列问题:
(1)图中X、Y分别表示碱基________，②过程的场所在________，导致镰状细胞贫血的直接原因是________________________________________.除发生图示碱基的变化以外，发生基因突变时还可能发生碱基的________.
(2)若双亲均为镰状细胞贫血致病基因携带者，则他们生下一个镰状细胞贫血儿子的概率为________.
(3)与只能合成正常血红蛋白的个体相比，镰状细胞贫血致病基因携带者能同时合成正常的血红蛋白和异常的血红蛋白，其在氧含量正常时不表现出镰状细胞贫血的症状，且对疟疾有较强的抵抗力，推测在疟疾高发地区，人群中镰状细胞贫血致病基因携带者所占比例较其他地区________，原因是_______________________________________________________________
__________________________________________________________.",,(1)A、U　细胞核　缬氨酸取代谷氨酸，使血红蛋白的结构和功能发生改变　增添或缺失　(2)1/8　(3)高　在疟疾高发地区，镰状细胞贫血致病基因携带者在氧含量正常时不表现出镰状细胞贫血的症状，且对疟疾有较强的抵抗力，其生存机会更大，能将自己的基因传递下去(答案合理即可),"答案　(1)A、U　细胞核　缬氨酸取代谷氨酸，使血红蛋白的结构和功能发生改变　增添或缺失　(2)1/8　(3)高　在疟疾高发地区，镰状细胞贫血致病基因携带者在氧含量正常时不表现出镰状细胞贫血的症状，且对疟疾有较强的抵抗力，其生存机会更大，能将自己的基因传递下去(答案合理即可)
解析　(1)由图分析可知，X为腺嘌呤(A)，Y为尿嘧啶(U).②过程表示转录，其场所在细胞核.由图分析可知，导致镰状细胞贫血的直接原因是缬氨酸取代谷氨酸，使血红蛋白的结构和功能发生改变.基因突变是指DNA分子中发生碱基的替换、增添或缺失，而引起的基因碱基序列的改变，图示基因发生了碱基的替换，故发生基因突变时还可能发生碱基的增添或缺失.(2)若双亲均为镰状细胞贫血致病基因携带者，则他们生下一个镰状细胞贫血儿子的概率为1/8.(3)由题分析可知，在疟疾高发地区，人群中镰状细胞贫血致病基因携带者所占比例比其他地区高，原因是在疟疾高发地区，镰状细胞贫血致病基因携带者在氧含量正常时不表现出镰状细胞贫血的症状，且对疟疾有较强的抵抗力，其生存机会更大，能将自己的基因传递下去.",7,7,第5章　基因突变及其他变异\阶段检测卷(五).doc,,,,,,,word补充习题一套_题目答案知识标注.xlsx
635,"22.某二倍体作物有高产易感病甲(DDtt)和低产抗病乙(ddTT)两个纯合品种，利用甲、乙品种进行如图所示的作物育种.请分析回答下列问题:
(1)太空育种是利用太空中的特殊环境，使生物发生变异，进而培育作物新品种的育种技术，太空育种的主要原理是________________________.
(2)过程①②的育种方法为________，该育种方法利用的主要原理是________________________ .
(3)过程④可采用的方法有________，让植株戊和植株己杂交，发现子代高度不育，原因是________________________.
(4)过程①⑤⑥的育种方法为__________，过程⑤表示________，利用该方法培育新品种的优点是________________________________________.",,(1)基因突变　(2)杂交育种　基因重组　(3)秋水仙素处理或低温诱导　植株戊是二倍体，植株己是四倍体，其杂交子代为三倍体，减数分裂时联会紊乱，不能产生可育配子　(4)单倍体育种　花药(或花粉)离体培养　能明显缩短育种年限，得到的个体都是纯合子,"答案　(1)基因突变　(2)杂交育种　基因重组　(3)秋水仙素处理或低温诱导　植株戊是二倍体，植株己是四倍体，其杂交子代为三倍体，减数分裂时联会紊乱，不能产生可育配子　(4)单倍体育种　花药(或花粉)离体培养　能明显缩短育种年限，得到的个体都是纯合子
解析　(1)太空育种的主要原理是基因突变.(2)由图分析可知，过程①②的育种方法为杂交育种，其原理是基因重组.(3)过程③④属于多倍体育种，过程④可采用的方法有秋水仙素处理或低温诱导，其目的是诱导细胞染色体数目加倍.植株戊是二倍体，植株己是四倍体，它们的杂交子代为三倍体，三倍体在减数分裂时联会紊乱，不能产生可育配子，因而高度不育.(4)过程①⑤⑥属于单倍体育种，⑤表示花药(或花粉)离体培养，利用单倍体植株培育新品种，能明显缩短育种年限，且得到的植株不但能正常生殖，而且每对染色体上成对的基因都是纯合的，自交的后代不会发生性状分离.",7,7,第5章　基因突变及其他变异\阶段检测卷(五).doc,,,,,,,word补充习题一套_题目答案知识标注.xlsx
636,"23.人类的苯丙酮尿症是一种单基因遗传病，患病的原因之一是患者体内苯丙氨酸羟化酶基因发生了改变，该基因的模板链局部碱基序列由GTC突变为GTG，使其编码的氨基酸由谷氨酰胺变成了组氨酸，导致患者体内缺乏苯丙氨酸羟化酶，使体内的苯丙氨酸不能正常转变成酪氨酸，而只能转变为苯丙酮酸，苯丙酮酸在体内积累过多，就会损伤婴儿的中枢神经系统.请分析回答下列问题:
(1)上述材料中的苯丙酮尿症是由于相应基因的碱基发生了________而引起的一种遗传病.
(2)从上述材料分析可知，编码谷氨酰胺的密码子为________.
(3)以下为某家族苯丙酮尿症(设基因为B、b)和进行性肌营养不良症(设基因为D、d)的遗传系谱图，其中Ⅱ4家族中没有出现过进行性肌营养不良症.
①图可推知，苯丙酮尿症是________染色体________性遗传病；进行性肌营养不良症是________染色体________性遗传病.
②Ⅲ4的基因型是________；Ⅱ1和Ⅱ3基因型相同的概率为________.
③若Ⅲ1与一正常男性婚配，他们所生的孩子最好是________(填“男孩”或“女孩”)；在父亲基因型为Bb的情况下，该性别的孩子患苯丙酮尿症的概率为________.",,(1)替换　(2)CAG　(3)①常　隐,"答案　(1)替换　(2)CAG　(3)①常　隐
伴X　隐　②BbXDXd或BbXDXD　100%
③女孩　1/6
解析　(1)材料中的苯丙酮尿症是由于苯丙氨酸羟化酶基因的模板链局部碱基序列由GTC突变为GTG，导致其编码的氨基酸发生变化，最终导致苯丙氨酸羟化酶缺乏而形成的，该过程中相应基因的碱基发生了替换.(2)谷氨酰胺对应基因的模板链局部碱基序列为GTC，故密码子为CAG.(3)①Ⅱ1和Ⅱ2都不患苯丙酮尿症，其女儿Ⅲ2患苯丙酮尿症，故苯丙酮尿症为常染色体隐性遗传病.Ⅱ3和Ⅱ4不患进行性肌营养不良症，其儿子Ⅲ5患进行性肌营养不良症，且Ⅱ4家族中没有出现过进行性肌营养不良症，即Ⅱ4不携带进行性肌营养不良症的致病基因，故进行性肌营养不良症是伴X染色体隐性遗传病.②关于进行性肌营养不良症，Ⅱ3的基因型为XDXd，Ⅱ4的基因型为XDY，Ⅲ4的基因型为XDXD或XDXd；关于苯丙酮尿症，Ⅱ3的基因型为Bb，Ⅱ4的基因型为bb，Ⅲ4的基因型为Bb.故Ⅲ4的基因型是BbXDXd或BbXDXD.关于进行性肌营养不良症，因为Ⅱ1的女儿Ⅲ1为患者，故可推知Ⅱ1的基因型为XDXd；关于苯丙酮尿症，Ⅱ1的基因型为Bb，故Ⅱ1和Ⅱ3的基因型都是BbXDXd.③关于进行性肌营养不良症，Ⅲ1的基因型为XdXd，其所生儿子一定是进行性肌营养不良症患者(XdY)；关于苯丙酮尿症，Ⅲ1的基因型为1/3BB或2/3Bb，男女患病的概率相等，而且较低，故建议生女孩.父亲基因型为Bb的情况下，Ⅲ1的基因型为2/3Bb时，女儿有可能患苯丙酮尿症(bb)，患病的概率为2/3×1/4＝1/6.",9,9,第5章　基因突变及其他变异\阶段检测卷(五).doc,,,,,,,word补充习题一套_题目答案知识标注.xlsx
637,"24.某二倍体植物的花色受独立遗传且完全显性的三对等位基因(用I、i，A、a，B、b表示)控制.基因控制花瓣色素合成的途径如图所示.请分析并回答:
(1)正常情况下，红花植株的基因型有________种，某基因型为IiaaBb的红花植株中有少部分枝条开出了白花，推测可能是由于形成花芽的细胞在分裂过程中发生了________，也可能是因某条染色体发生缺失，出现了基因型为________的花芽细胞.
(2)研究人员在研究中发现，由于染色体发生了结构变异(重复)或者数目变异，出现了基因型为IIaaBbb的开粉红色花的植株，这是因为花芽细胞中b基因数多于B基因数时，B基因的表达减弱而形成粉红花突变体.请设计杂交实验，确定该突变植株属于哪种变异类型？
实验步骤:
让该突变体植株与基因型为IIaabb的植株杂交，观察并统计子代的表型及比例.
①预测结果:
若子代表型及比例为________，则属于染色体数目变异.
若子代表型及比例为________，则属于染色体结构变异.
②请将属于染色体结构变异的杂交过程用遗传图解表示.",,(1)4　基因突变　Iiaab　(2)①红色花∶粉红色花∶白色花＝1∶2∶3　红色花∶白色花＝1∶1　②遗传图解如下.,"答案　(1)4　基因突变　Iiaab　(2)①红色花∶粉红色花∶白色花＝1∶2∶3　红色花∶白色花＝1∶1　②遗传图解如下.
解析　(1)根据基因控制花瓣色素合成的途径可知，红花植株的基因型应为I_aaB_，共有4种基因型；某基因型为IiaaBb的红花植株有少部分枝条开出了白花，推测可能是由于形成花芽的细胞在分裂过程中基因B突变为b，也可能是因为基因B所在染色体发生缺失，出现了基因型为Iiaab的花芽细胞.(2)基因型为IIaaBbb的开粉红花的植株，其形成若属于染色体片段重复，则减数分裂时产生的配子为1/2IaB和1/2Iabb，与基因型为IIaabb的植株杂交，后代将出现红色花∶白色花＝1∶1；其形成若属于染色体数目变异，则减数分裂时产生的配子为1/6IaB、1/3IaBb、1/6Iabb、1/3Iab，与基因型为IIaabb的植株杂交，后代将出现红色花∶粉红色花∶白色花＝1∶2∶3.",8,8,第5章　基因突变及其他变异\阶段检测卷(五).doc,,,,,,,word补充习题一套_题目答案知识标注.xlsx
638,[例1] 已知人的褐眼(A)对蓝眼(a)是显性.在一个有30 000人的群体中，蓝眼的有3 600人，褐眼的有26 400人(其中纯合子有12 000人).那么，在这个人群中A、a的基因频率分别是(　　),"A.64%和36% B.36%和64%
C.50%和50% D.82%和18%",A,"答案　A
解析　因等位基因成对存在，30 000人中共有基因30 000×2＝60 000(个)，蓝眼(aa)的有3 600人，含a基因7 200个，褐眼(A_)的有26 400人，纯合子(AA)有12 000人，含A基因24 000个，杂合子(Aa)有14 400个，含28 800个基因，其中A基因14 400个，a基因14 400个.则A的基因频率＝×100%＝64%，a的基因频率＝×100%＝36%.",11,11,第6章　生物的进化\微专题6　基因频率和基因型频率的计算方法.doc,,,,,,,word补充习题一套_题目答案知识标注.xlsx
639,[例2] 在一次红绿色盲的调查中，其调查男女各200名，调查发现，女性红绿色盲基因的携带者有15人，患者有5人，男性患者有11人.那么这个群体中红绿色盲基因的频率是(　　),"A.4.5% B.6%
C.9% D.7.8%",B,"答案　B
解析　因为女性的性染色体组成为XX，男性为XY，红绿色盲基因(用b表示)及其等位基因(用B表示)只位于X染色体上，所以基因b共有15×1＋5×2＋11×1＝36(个)，因此红绿色盲基因的频率＝×100%＝6%.
重点题型2　利用基因型计算法(针对位于常染色体上或X、Y染色体同源区段上的基因)
(1)已知基因型的个体数，求某基因的频率，则基因频率＝[(该基因纯合子个体数×2＋杂合子个体数)/(总个体数×2)]×100%.
(2)已知基因型频率，求基因频率，则A的基因频率＝AA的基因型频率＋Aa的基因型频率；a的基因频率＝aa的基因型频率＋Aa的基因型频率.",2,2,第6章　生物的进化\微专题6　基因频率和基因型频率的计算方法.doc,,,,,,,word补充习题一套_题目答案知识标注.xlsx
640,[例3] 某小麦种群中TT个体占20%，Tt个体占60%，tt个体占20%，由于某种病害导致tt个体全部死亡，则病害发生前后该种群中T的基因频率分别是(　　),"A.50%、50% B.50%、62.5%
C.62.5%、50% D.50%、100%",B,"答案　B
解析　由题意可知，病害发生前的各种基因型频率是TT＝20%，Tt＝60%，tt＝20%，所以病害发生前T的基因频率＝20%＋×60%＝50%；病害发生后，tt个体全部死亡，TT的基因型频率为20%÷(20%＋60%)＝25%，Tt的基因型频率为60%÷(20%＋60%)＝75%，所以病害发生后T的基因频率＝25%＋×75%＝62.5%.
重点题型3　遗传平衡定律",11,11,第6章　生物的进化\微专题6　基因频率和基因型频率的计算方法.doc,,,,,,,word补充习题一套_题目答案知识标注.xlsx
641,[例4] 一个随机交配的足够大的种群中，某一相对性状(由基因A、a控制)中显性性状的基因型的频率是0.36，则(　　),"A.该种群繁殖一代后杂合子(Aa)的基因型频率是0.32
B.显性基因的基因频率大于隐性基因的基因频率
C.若该种群基因库中的基因频率发生变化，说明一定发生了基因突变
D.若该种群中A基因的频率为0.4，则表现为A基因所控制的性状的个体在种群中占40%",A,"答案　A
解析　根据题意可知，aa的基因型频率为1－0.36＝0.64，则a的基因频率为0.8，A的基因频率为0.2，该种群繁殖一代后杂合子(Aa)的基因型频率是2×0.2×0.8＝0.32，A正确；显性基因的基因频率小于隐性基因的基因频率，B错误；种群的基因频率发生变化说明生物发生了进化，但不一定发生了基因突变，C错误；若A的基因频率为0.4，则a的基因频率为0.6，表现为A基因所控制的性状的个体(AA、Aa)在种群中所占的比例为0.42＋2×0.4×0.6＝0.64，即64%，D错误.",11,11,第6章　生物的进化\微专题6　基因频率和基因型频率的计算方法.doc,,,,,,,word补充习题一套_题目答案知识标注.xlsx
642,[例5] 已知某种群中，AA基因型频率为25%，aa基因型频率为39%，则该种群的个体自交一代后，基因型AA的频率为 (　　),"A.50% B.34%
C.25% D.61%",B,"答案　B
解析　常染色体上的基因，已知各基因型的比例，求该种群自交一代后，某基因型或某基因的频率时，不能用遗传平衡定律，要先计算出当代各种基因型的频率，再在自交后代中统计出各种基因型的频率.由于AA＝25%，aa＝39%，可知Aa＝1－25%－39%＝36%.AA个体自交后代的基因型为AA，在整个后代中的频率仍为25%，aa个体的自交后代为aa，在整个后代中的频率仍为39%，Aa的个体自交后代中AA基因型个体占1/4，因此占总后代的比例为36%×1/4＝9%.故该群体的个体自交一代，基因型为AA的频率为25%＋9%＝34%.",11,11,第6章　生物的进化\微专题6　基因频率和基因型频率的计算方法.doc,,,,,,,word补充习题一套_题目答案知识标注.xlsx
643,[例6] 果蝇的体色由常染色体上的一对等位基因控制，基因型BB、Bb为灰身，bb为黑身.若人为地组成一个群体，其中80%为BB个体，20%为bb的个体，群体随机交配，其子代中Bb的比例为(　　),"A.25% B.32%
C.50% D.64%",B,"答案　B
解析　因为BB＝80%，bb＝20%，所以B＝BB＋1/2×Bb＝80%＋0＝80%，b＝1－B＝1－80%＝20%.则有Bb＝2×80%×20%＝32%.",11,11,第6章　生物的进化\微专题6　基因频率和基因型频率的计算方法.doc,,,,,,,word补充习题一套_题目答案知识标注.xlsx
644,[例1] 关于证明“生物有共同的祖先”的各项证据，分类正确的是(　　),"A.脊椎动物的骨骼化石——胚胎学证据
B.脊椎动物的前肢与人的上肢骨骼的比较——比较解剖学证据
C.脊椎动物早期胚胎发育过程比较——细胞水平的证据
D.脊椎动物DNA碱基序列比较——最直接证据",B,"答案　B
解析　脊椎动物的骨骼化石——化石证据，A错误；比较解剖学是对各类脊椎动物的器官和系统进行解剖和比较研究的科学，脊椎动物的前肢与人的上肢骨骼的比较是比较解剖学证据，B正确；脊椎动物早期胚胎发育过程比较——胚胎学证据，C错误；化石是研究生物进化最重要的、最直接的证据，D错误.",12,12,第6章　生物的进化\第1节　生物有共同祖先的证据 第2节　自然选择与适应的形成.doc,,,,,,,word补充习题一套_题目答案知识标注.xlsx
645,[例2] 人的上肢、猫的前肢、鲸的胸鳍和蝙蝠的翼手的示意图如下.这些器官的外形和功能各不相同，但通过解剖比较发现，都由同种类型的骨骼组成.这一事实为人和其他脊椎动物具有共同祖先的观点提供了(　　),"A.化石证据 B.比较解剖学证据
C.胚胎学证据 D.分子水平的证据",B,"答案　B
解析　通过研究比较脊椎动物的器官、系统的形态和结构属于比较解剖学证据.
探究点二　自然选择
长颈鹿主要以树叶为食，而在漫长的干旱季节，食物的缺乏是经常发生的.下图是长颈鹿的进化过程图，据图分析:
(1)请利用拉马克的观点解释长颈鹿脖子长的原因.
拉马克的
“用进废退”学说
提示　长颈鹿主要以树叶为食，要想获得足够的食物就需天天伸长脖子去取食高处的树叶，由于“用进废退”，从而形成了现在的长颈鹿.
(2)请用达尔文的进化观点解释长颈鹿颈长的原因.
提示　长颈鹿在繁殖后代的过程中发生了变异，有的长颈鹿脖子长，有的长颈鹿脖子短，这些性状均可以遗传给后代.在漫长的干旱季节，食物缺乏，那些脖子较长的个体有较多的机会吃到高处的树叶，能够生存下来并繁殖后代，经过若干代的繁殖，群体中脖子长的个体越来越多，通过逐渐积累，形成了具有脖子长这一适应性特征的现代长颈鹿品种.
(3)请结合变异和环境的关系阐述达尔文的自然选择学说与拉马克的进化学说的不同点.
提示　达尔文的自然选择学说认为不定向的变异在前，环境起到定向的选择作用；拉马克的进化学说认为环境导致变异的发生，即环境导致定向的变异.
(4)雄鹿往往用鹿角作为争夺配偶的武器.按照达尔文的观点，试讨论并解释现在雄鹿鹿角发达的原因.
提示　雄鹿的鹿角存在着发达和不发达的变异，雄鹿之间为争夺配偶要进行生存斗争，生存斗争过程中，有发达鹿角的个体能够得到配偶并把这种变异遗传给后代，没有发达鹿角的个体因争夺不到配偶，其变异就不会遗传给后代.经过一代代的进化，使现在的雄鹿鹿角较为发达.
对达尔文的自然选择学说的理解
(1)内容:过度繁殖、生存斗争、遗传变异和适者生存.
(2)关系图解
①过度繁殖为自然选择提供了更多的选择材料，加剧了生存斗争.
②生物进化是通过生存斗争来实现的，生存斗争是生物进化的动力.
③生物的变异是不定向的，具有有利变异的个体在生存斗争中易取得胜利而得以生存，有利变异通过遗传得以累积和加强，产生适应环境的新类型.
④适者生存是自然选择的结果.",12,12,第6章　生物的进化\第1节　生物有共同祖先的证据 第2节　自然选择与适应的形成.doc,,,,,,,word补充习题一套_题目答案知识标注.xlsx
646,[例3] 下列不属于拉马克进化观点的是(　　),"A.洞穴里的鱼因长期生活在黑暗条件下，眼睛失去原有的作用而退化了
B.南美大食蚁兽的舌头之所以又细又长，是由于长期舔食蚂蚁的结果
C.长颈鹿的脖子之所以很长，是由于其长期觅食高处树叶的结果
D.猎豹的速度之所以很快，是与瞪羚等动物长期相互选择的结果",D,"答案　D
解析　洞穴里的鱼由于长期生活在地下，眼睛萎缩、退化，强调环境的变化是物种产生变化的原因，生活在特定环境中的生物某些器官由于不用而退化，并且传递给下一代，这是拉马克的“用进废退”观点；南美大食蚁兽的舌头经常伸进洞穴里舔食蚂蚁，其舌头变得又细又长，这是拉马克的“用进废退”观点；长颈鹿经常努力伸长颈和前肢去吃树上的叶子，因此颈和前肢都变得很长，长颈鹿颈会越来越长，这是拉马克的“用进废退”的进化观点；生活在草原上的瞪羚和猎豹都能迅速奔跑，是不同物种之间长期相互选择的结果，这是现代生物进化理论的观点，不是拉马克的进化观点.",12,12,第6章　生物的进化\第1节　生物有共同祖先的证据 第2节　自然选择与适应的形成.doc,,,,,,,word补充习题一套_题目答案知识标注.xlsx
647,[例4] 下列叙述符合拉马克的进化学说的是(　　),"A.有一种猫头鹰因视力差、行动迟缓，捉不到田鼠而被淘汰
B.比目鱼的双眼并列于向光的一面，是由于长期卧伏于海底的缘故
C.细菌抗药性的不断增强是抗生素对细菌的抗药性变异定向选择并逐渐积累的结果
D.由于煤烟染黑了树木，曼彻斯特地区的浅色桦尺蛾逐渐被深色桦尺蛾所代替",B,"答案　B
解析　拉马克关于生物进化原因的两个核心理论是用进废退和获得性遗传.视力差的猫头鹰由于得不到食物而被淘汰，符合达尔文的自然选择学说，A不符合题意；拉马克提出，动物的器官用得越多就越发达，器官废而不用，就会造成形态上的退化，比目鱼的双眼并列于向光的一面，是长期卧伏于海底的缘故，符合拉马克的进化学说，B符合题意；细菌抗药性的不断增强是抗生素对细菌的抗药性变异定向选择并不断积累的结果，说明环境的定向选择是适应形成的条件之一，符合达尔文的自然选择学说，C不符合题意；由于煤烟染黑了树木，曼彻斯特地区的浅色桦尺蛾逐渐被深色桦尺蛾所代替，符合达尔文的自然选择学说，D不符合题意.
有关变异和选择的两个注意点
(1)环境因素的作用会提高突变的频率，但任何情况下变异都是不定向的，所以环境不能起到定向诱导变异的作用，它的作用是对不定向的变异进行定向选择.
(2)在运用达尔文自然选择学说分析问题时，要注意“变异在前，选择在后”的思路.
思维导图
晨读必背",12,12,第6章　生物的进化\第1节　生物有共同祖先的证据 第2节　自然选择与适应的形成.doc,,,,,,,word补充习题一套_题目答案知识标注.xlsx
648,1.下列关于生物进化证据的说法，错误的是(　　),"A.生物的遗物或生活痕迹可形成化石
B.亲缘关系越近的生物，细胞代谢方面的共同特征就越多
C.DNA中的碱基序列相似程度越大，生物的亲缘关系可能越近
D.蝙蝠的翼与人的手是同源器官，说明两者存在亲缘关系",D,"答案　D
解析　蝙蝠的翼与人的上肢是同源器官，而不是人的手.",12,12,第6章　生物的进化\第1节　生物有共同祖先的证据 第2节　自然选择与适应的形成.doc,,,,,,,word补充习题一套_题目答案知识标注.xlsx
649,2.人体内残留了哺乳动物体内相当发达的阑尾，这可作为生物进化中哪一方面的证据(　　),"A.化石证据
B.比较解剖学证据
C.胚胎学证据
D.生物遗传方面的证据",B,"答案　B
解析　生物进化的证据主要有化石证据、比较解剖学证据、胚胎学证据.化石是指通过自然作用保存在地层中的古代生物遗体、遗物或生活痕迹；比较解剖学是对各类脊椎动物的器官和系统进行解剖和比较研究的科学；胚胎学是研究动植物的胚胎形成和发育过程的学科.人体内残存了哺乳动物体内相当发达的阑尾，是属于比较解剖学上的证据.",12,12,第6章　生物的进化\第1节　生物有共同祖先的证据 第2节　自然选择与适应的形成.doc,,,,,,,word补充习题一套_题目答案知识标注.xlsx
650,3.下列不属于拉马克进化学说的是(　　),"A.鼹鼠长期生活在地下，眼睛就萎缩退化
B.长颈鹿的颈很长是采食高处树叶反复伸颈的结果
C.羚羊听觉灵敏、奔跑快是长期自然选择的结果
D.蛇身体细长无足，是经常出入鼠穴捕食的结果",C,"答案　C
解析　A、B、D选项都是拉马克进化学说的观点；C选项是达尔文自然选择学说的观点.",12,12,第6章　生物的进化\第1节　生物有共同祖先的证据 第2节　自然选择与适应的形成.doc,,,,,,,word补充习题一套_题目答案知识标注.xlsx
651,4.用达尔文进化学说的观点来判断下列叙述，正确的是(　　),"A.在长期有毒农药的诱导下，农田害虫产生了抗药性
B.长颈鹿经常努力伸长颈和前肢去吃树上的叶子，因此颈和前肢都变得很长
C.北极熊生活在冰天雪地的环境里，它们定向产生了适应白色环境的变异
D.野兔保护性的体色和鹰锐利的目光，是它们长期互相选择的结果",D,"答案　D
解析　农田害虫群体中本身存在着或强或弱抗药性的变异，在有毒农药长期的自然选择作用下，农田害虫的抗药性得到了积累加强；长颈鹿经常努力伸长颈和前肢去吃树上的叶子，因此颈和前肢都变得很长是拉马克用进废退、获得性遗传的观点的体现；变异是不定向的，环境对变异起选择作用，北极熊的体色是与环境一致的白色，是长期自然选择的结果；野兔的保护色和鹰锐利的目光，是它们长期互相选择的结果.
课后·分层训练
(时间:30分钟)
知识点1　生物有共同祖先的证据",12,12,第6章　生物的进化\第1节　生物有共同祖先的证据 第2节　自然选择与适应的形成.doc,,,,,,,word补充习题一套_题目答案知识标注.xlsx
652,1.科学家通过对形成于两亿多年前的三叠纪晚期的史前粪便的研究发现，英国布里斯托地区曾经是一个“大鱼吃小鱼、小鱼吃虾米”的海洋世界.这一发现为布里斯托地区曾经是海洋世界提供了(　　),"A.比较解剖学证据 B.胚胎学证据
C.化石证据 D.分子水平的证据",C,"答案　C
解析　化石是指通过自然作用保存在地层中的古代生物的遗体、遗物或生活痕迹等，题中提到“两亿多年前的三叠纪晚期的史前粪便”，该粪便属于古代生物的遗物，属于化石，因此这一发现为布里斯托地区曾经是海洋世界提供了化石证据，C符合题意.",12,12,第6章　生物的进化\第1节　生物有共同祖先的证据 第2节　自然选择与适应的形成.doc,,,,,,,word补充习题一套_题目答案知识标注.xlsx
653,2.蟒蛇外形上没有四肢，但它的体内还保留着后肢骨的残余结构，说明蟒蛇起源于有四肢的动物.这属于生物进化的(　　),"A.胚胎学证据
B.比较解剖学证据
C.细胞水平的证据
D.化石证据",B,"答案　B
解析　据题可知，蟒蛇外形上没有四肢，但它的体内还保留着后肢骨的残余结构，说明蟒蛇起源于有四肢的动物，这属于生物进化的比较解剖学证据，B符合题意.",12,12,第6章　生物的进化\第1节　生物有共同祖先的证据 第2节　自然选择与适应的形成.doc,,,,,,,word补充习题一套_题目答案知识标注.xlsx
654,"3.人的血红蛋白β链由146个氨基酸组成，比较不同种动物与人类血红蛋白β链的区别，结果如表所示.下列相关叙述错误的是(　　)
动物种类
短尾猿
狗
鸟
青蛙
七鳃鳗
氨基酸不
同的数目
8
32
45
67
125","A.短尾猿与人类亲缘关系最近
B.该数据为生物进化提供了分子水平的证据
C.不同种动物的血红蛋白运输氧气能力不同
D.氨基酸不同与DNA碱基排列顺序没有关系",D,"答案　D
解析　与表中的其他动物相比，短尾猿与人类的血红蛋白β链氨基酸不同的数目最少，说明短尾猿与人类亲缘关系最近，A正确；血红蛋白属于大分子物质，该数据为生物进化提供了分子水平的证据，B正确；不同种动物中组成血红蛋白的氨基酸存在差异，说明不同种动物的血红蛋白质的结构也存在差异，根据“结构决定功能”可知，它们的功能(运输氧气能力)会有不同，C正确；不同种动物血红蛋白的氨基酸序列不同的根本原因是基因(DNA)中碱基的排列顺序不同，D错误.",12,12,第6章　生物的进化\第1节　生物有共同祖先的证据 第2节　自然选择与适应的形成.doc,,,,,,,word补充习题一套_题目答案知识标注.xlsx
655,4.下列不属于生物进化的比较解剖学和胚胎学证据的是(　　),"A.高等动物胚胎发育始于受精卵，说明了高等动物起源于单细胞
B.胚胎发育早期阶段有鳃裂，说明古代脊椎动物原始祖先生活在水中
C.人胚胎发育早期有尾，说明人是从有尾动物进化来的
D.化石证据揭示了生物进化遵循由简单到复杂、由低等到高等、由水生到陆生的进化顺序",D,"答案　D
解析　化石证据不属于比较解剖学和胚胎学证据.",12,12,第6章　生物的进化\第1节　生物有共同祖先的证据 第2节　自然选择与适应的形成.doc,,,,,,,word补充习题一套_题目答案知识标注.xlsx
656,5.有很多事实能够作为支持生物进化学说的证据.如图所示，这些生物体在解剖结构上具有明显的相似之处，对这些相似之处和生物进化的解释，不合理的是(　　),"A.这些生物体具有共同的原始祖先
B.这些相似的结构被称为同源器官
C.这些证据被称为比较解剖学证据
D.这些相似之处表明变异是定向的",D,"答案　D
解析　鼬鼠的前肢、江豚的鳍、马的前肢、蝙蝠的翼和人的上肢，它们的形态和功能都不相同，但它们的内部解剖结构却基本一致，说明它们属于同源器官，B正确；同源器官反映出生物之间存在着一定的亲缘关系，说明凡是有同源器官的生物都是由共同的原始祖先进化而来的，A正确；同源器官属于比较解剖学证据，C正确；变异是不定向的，D错误.
知识点2　自然选择与适应的形成",12,12,第6章　生物的进化\第1节　生物有共同祖先的证据 第2节　自然选择与适应的形成.doc,,,,,,,word补充习题一套_题目答案知识标注.xlsx
657,6.下列关于拉马克进化学说的叙述，错误的是(　　),"A.拉马克认为，地球上的所有生物是由更古老的生物进化来的
B.生物的适应性特征的形成是由于用进废退和获得性遗传
C.器官废而不用，就会造成形态上的退化
D.用进废退获得的性状不可以遗传给后代",D,"答案　D
解析　拉马克指出地球上的所有生物是由更古老的生物进化来的，生物是从低等向高等逐渐进化的，A正确；生物的适应性特征的形成是因为用进废退和获得性遗传，B正确；用进废退即经常使用的器官发达，不使用就退化，C正确；拉马克进化学说认为用进废退获得的性状是可以遗传给后代的，D错误.",12,12,第6章　生物的进化\第1节　生物有共同祖先的证据 第2节　自然选择与适应的形成.doc,,,,,,,word补充习题一套_题目答案知识标注.xlsx
658,7.按达尔文的生物进化学说，下列叙述中正确的是(　　),"A.鲸没有牙齿是因为它们吞食浮游生物
B.天鹅的长颈是因为它取食湖底生物反复伸长的结果
C.马得拉岛上多数昆虫的翅微弱，是大风长期作用的结果
D.蛇的身体细长无足，是因为它们经常进出鼠穴捕食的结果",C,"答案　C
解析　鲸没有牙齿是因为长期自然选择和食性相适应的结果，不是吞食浮游生物的结果，A错误；天鹅的长颈是因为长期自然选择的结果，不是取食湖底生物反复伸长的结果，B错误；马得拉岛上多数昆虫的翅微弱，是经大风长期选择，适应当地环境的结果，C正确；蛇的身体细长无足是因为长期自然选择和生活方式相适应的结果，不是经常进出鼠穴捕食的结果，D错误.",12,12,第6章　生物的进化\第1节　生物有共同祖先的证据 第2节　自然选择与适应的形成.doc,,,,,,,word补充习题一套_题目答案知识标注.xlsx
659,8.仔细分析下列现象，除哪项外都符合拉马克的进化学说(　　),"A.啄木鸟的长喙是长期啄食树内昆虫、反复伸长的结果
B.在暗洞中生活的盲螈，因长期不用眼睛而逐渐失去视觉
C.蛇的四肢由于长期不用而退化，因而获得匍匐行进的习性
D.狼和鹿能迅速奔跑，两者进行着相互选择",D,"答案　D
解析　啄木鸟因为要捕食树缝内的昆虫，只有舌伸长才能捕捉到，才能生存下去，舌短的捉不到昆虫，慢慢被淘汰，因此啄木鸟的长舌是反复不断伸长的结果，符合拉马克的进化学说，A不符合题意；在黑暗洞中生活的盲螈，因长期不用眼睛而逐渐失去视觉，符合拉马克进化学说的中心论点:环境变化是物种变化的原因，B不符合题意；根据用进废退学说原理，环境变化是物种变化的原因，生物必须适应环境才能生存，故蛇的四肢由于不用而退化，因而获得匍匐前进的习性，C不符合题意；狼和鹿能迅速奔跑，两者进行着相互选择，符合达尔文的自然选择学说，不符合拉马克的进化学说，D符合题意.",12,12,第6章　生物的进化\第1节　生物有共同祖先的证据 第2节　自然选择与适应的形成.doc,,,,,,,word补充习题一套_题目答案知识标注.xlsx
660,9.关于达尔文自然选择学说和拉马克进化学说的区别，下列说法正解的是(　　),"A.达尔文自然选择学说认为环境的作用可以引起不定向的变异
B.拉马克进化学说认为不定向的变异是由动物的意愿决定的
C.达尔文自然选择学说认为生物变异后就能适应环境
D.拉马克进化学说认为生物通过变异适应环境",D,"答案　D
解析　达尔文自然选择学说认为变异是不定向的，环境起选择作用，只有具有有利变异的个体才能适应环境，并得以保留.拉马克进化学说认为生物的变异是定向的，生物为了适应环境而产生相应的变异.",12,12,第6章　生物的进化\第1节　生物有共同祖先的证据 第2节　自然选择与适应的形成.doc,,,,,,,word补充习题一套_题目答案知识标注.xlsx
661,10.18世纪某山谷中存在趾间有蹼和趾间无蹼的两种鼠，1900年由于筑坝，此山谷成为沼泽.现在人们发现，山谷中绝大多数鼠趾间有蹼，偶然才能找到一只趾间无蹼的鼠.下列有关该现象的解释，不符合达尔文自然选择学说的是(　　),"A.趾间无蹼的个体不适应环境而被淘汰
B.趾间有蹼的个体可以生存并繁衍
C.山谷环境的改变，使鼠由趾间无蹼向趾间有蹼方向变异
D.趾间有蹼通过逐代积累而成为显著的适应性特征",C,"答案　C
解析　根据达尔文的自然选择学说，适应是自然选择的结果，山谷成为沼泽后，趾间无蹼的个体不适应环境而被淘汰，趾间有蹼的个体得以生存并繁衍，通过逐代积累，趾间有蹼成为显著的适应性特征，A、B、D不符合题意；变异是不定向的，环境只是起选择作用，C符合题意.",12,12,第6章　生物的进化\第1节　生物有共同祖先的证据 第2节　自然选择与适应的形成.doc,,,,,,,word补充习题一套_题目答案知识标注.xlsx
662,11.如图为某马铃薯害虫灾区先后使用两种杀虫剂的实验结果曲线图，下列相关说法错误的是(　　),"A.使用某一种杀虫剂后，开始的1～2年效果较好
B.该种害虫具有抗药性，这是在使用杀虫剂之后才产生的
C.使用杀虫剂Ⅰ和使用杀虫剂Ⅱ对害虫来说是不同的环境
D.生存下来的害虫个体通过遗传使抗药性得以积累",B,"答案　B
解析　从图中可以看到，使用两种杀虫剂后，开始使用的1～2年效果较好，之后随着使用时间的延长，杀虫效果越来越差，A正确；遗传和变异是生物进化的基础，在未使用杀虫剂前，某些害虫个体就已具有抗药性的变异，有的抗药性强，有的抗药性弱，B错误；使用杀虫剂Ⅰ和使用杀虫剂Ⅱ对害虫来说是不同的环境，C正确；使用杀虫剂后，抗药性弱的害虫被杀死，抗药性强的害虫存活下来并繁殖后代，经过多代的选择，害虫的抗药性得以积累，D正确.",12,12,第6章　生物的进化\第1节　生物有共同祖先的证据 第2节　自然选择与适应的形成.doc,,,,,,,word补充习题一套_题目答案知识标注.xlsx
663,12.雄性缝蝇的求偶方式有:①向雌蝇提供食物；②用丝缕简单缠绕食物后送给雌蝇；③把食物裹成丝球送给雌蝇；④仅送一个空丝球给雌蝇.以上四种方式都能求偶成功.下列叙述错误的是(　　),"A.求偶时提供食物给雌蝇有利于其繁殖，是一种适应性行为
B.④是一种仪式化行为，对缝蝇繁殖失去进化意义
C.③是雌蝇对雄蝇长期选择的结果
D.④可能由③进化而来",B,"答案　B
解析　无论哪种求偶方式，都可使雄性缝蝇求偶成功，有利于缝蝇的交配繁殖，是一种适应性行为，A正确；分析题意可知，①向雌蝇提供食物可能是雄性缝蝇求偶方式中最原始的一种，随着生物的进化，由①单纯的提供食物，到②简单的“包装”，再到③“包装”变得复杂，最终演化出④仅送包裹食物的空丝球的求偶方式，④的出现对缝蝇繁殖仍具有进化意义，B错误；雄性缝蝇求偶方式的进化是雌蝇对雄蝇长期选择的结果，C正确；由以上分析可知，④仅送一个空丝球给雌蝇可能是由③进化而来的，D正确.",12,12,第6章　生物的进化\第1节　生物有共同祖先的证据 第2节　自然选择与适应的形成.doc,,,,,,,word补充习题一套_题目答案知识标注.xlsx
664,13.孔雀鱼雄鱼的鱼身具有艳丽的斑点，斑点数量多的雄鱼有更多机会繁殖后代，但也容易受到天敌的捕食.关于种群中雄鱼的平均斑点数量，下列推测错误的是(　　),"A.缺少天敌，斑点数量可能会增多
B.引入天敌，斑点数量可能会减少
C.天敌存在与否决定斑点数量相关基因的变异方向
D.自然环境中，斑点数量增减对雄鱼既有利也有弊",C,"答案　C
解析　由题意可知，孔雀鱼雄鱼的斑点数量越多，越利于繁殖后代，但易被天敌捕食，故自然环境中，斑点数量的增减对孔雀鱼雄鱼既有利也有弊，在缺少天敌时，孔雀鱼雄鱼的斑点数量可能会增多，A、D推测正确；引入天敌后，斑点数量多的孔雀鱼雄鱼易被天敌捕食逐渐被淘汰，而斑点少的孔雀鱼雄鱼更易长期生存下去，孔雀鱼雄鱼的平均斑点数量可能会减少，B推测正确；变异具有不定向性，因此孔雀鱼雄鱼的斑点数量相关基因的变异方向与天敌存在与否无关，C推测错误.",12,12,第6章　生物的进化\第1节　生物有共同祖先的证据 第2节　自然选择与适应的形成.doc,,,,,,,word补充习题一套_题目答案知识标注.xlsx
665,14.在某小岛上的一种啄木鸟，其喙长分布如图1所示，而其唯一的食物是一种在树干中的虫，虫在树干中的深度分布如图2所示.下列关于子一代鸟喙的可能长度的说法合理的是(　　),"A.都比父母的长，因为鸟需要适应它们的环境
B.都比父母的长，因为较长的鸟喙是生存所需的
C.不一定比父母的长，仅一代的时间还不足以进化出较长的鸟喙
D.不一定比父母的长，因为虫在树干中的深度并不是都很深",C,"答案　C
解析　由题图可知，在树干深度5～8 cm处的虫较多，但鸟的喙长在2.5～4 cm的较多，喙长的鸟才能吃到虫子，所以啄木鸟进化的趋势是喙长的鸟因得到较多食物而生存下来，但是由自然选择学说可知，生物的进化是一个长期的过程，所以在较短的一代之后，子一代的鸟喙不一定比父母的长，C符合题意.",12,12,第6章　生物的进化\第1节　生物有共同祖先的证据 第2节　自然选择与适应的形成.doc,,,,,,,word补充习题一套_题目答案知识标注.xlsx
666,"15.如图表示达尔文的自然选择学说对长颈鹿进化历程的解释，据图回答下列问题:
(1)图1中，长颈鹿个体之间脖子的长度存在差异，说明生物具有________的特性，且这种特征是________(填“定向”或“不定向”)的，________________是生物进化的内因.
(2)图2中，脖子长的长颈鹿由于能够吃到高处的树叶，能够在缺少食物的条件下，在____________中获胜，得以生存、繁衍.环境对长颈鹿起了________作用，而这种作用是________(填“定向”或“不定向”)的.
(3)用简洁的语言描述图3所示的现象: __________________________________
________________________________________________________________.
(4)受到当时科学发展水平的限制，达尔文对遗传和变异的认识局限于________水平.",,(1)变异　不定向　遗传和变异　(2)生存斗争　选择　定向　(3)在生存斗争中，适者生存，不适者被淘汰　(4)性状,"答案　(1)变异　不定向　遗传和变异　(2)生存斗争　选择　定向　(3)在生存斗争中，适者生存，不适者被淘汰　(4)性状
解析　(1)长颈鹿个体之间脖子的长度存在差异，说明生物具有变异的特性，变异是不定向的.遗传和变异是生物进化的内因.(2)在缺失食物的条件下，脖子长属于有利变异，脖子长的个体能够吃到高处的树叶，在生存斗争中获胜，并得以生存和繁衍.环境对长颈鹿起了选择作用，而这种作用是不定向的.(3)图3中显示，脖子短的个体死亡，脖子长的个体生存下来，即在生存斗争中，适者生存，不适者被淘汰.(4)受到当时科学发展水平的限制，达尔文对遗传和变异的认识局限于性状水平.",12,12,第6章　生物的进化\第1节　生物有共同祖先的证据 第2节　自然选择与适应的形成.doc,,,,,,,word补充习题一套_题目答案知识标注.xlsx
667,[例1] 英国科学家根据两块头骨化石碎片鉴别了一个新的小型鳄鱼物种，它与恐龙一并生活在1.26亿年前，其体长仅61厘米，却长着锋利的牙齿.下列有关叙述不符合现代生物进化理论的是(　　),"A.恐龙与小型鳄鱼没有亲缘关系，小型鳄鱼的进化与恐龙没有关联
B.突变为小型鳄鱼的进化提供了原材料
C.小型鳄鱼进化的基本单位是生活在一定区域的同种鳄鱼群体
D.自然选择决定了小型鳄鱼的进化方向",A,"答案　A
解析　恐龙与小型鳄鱼没有直接的亲缘关系，但它们具有共同的祖先，且它们之间的进化是相互影响的，故小型鳄鱼的进化与恐龙有关联；突变和基因重组产生生物进化的原材料，故突变为小型鳄鱼的进化提供了原材料；种群是生物进化的基本单位，小型鳄鱼进化的基本单位是生活在一定区域的同种鳄鱼群体；自然选择决定了小型鳄鱼的进化方向.",12,12,第6章　生物的进化\第3节　种群基因组成的变化与物种的形成.doc,,,,,,,word补充习题一套_题目答案知识标注.xlsx
668,"[例2] 桦尺蛾的体色受一对等位基因控制，其中黑色(S)对浅色(s)为显性.将某桦尺蛾种群分成两组，分别迁移到A、B两个区域，A地是煤炭工业重镇，B地是闭塞的山区，数年后抽样调查，结果如表所示.下列有关说法不正确的是(　　)
区域
SS%
Ss%
ss%
A
80
18
2
B
2
8
90","A.A地S基因的频率为89%，B地S基因的频率为6%
B.A地的大部分s基因突变为S基因，故S基因的频率升高
C.从上述材料得知生物进化的方向是由自然选择决定的
D.从上述材料得知生物进化的实质就是种群基因频率的变化",B,"答案　B
解析　由题干中的数据可知，A地种群内S基因的频率＝[(80×2＋18)/(80×2＋18×2＋2×2)]×100%＝89%，s基因的频率＝1－89%＝11%；而B地种群内S基因的频率＝[(2×2＋8)/(2×2＋8×2＋90×2)]× 100%＝6%，s基因的频率＝1－6%＝94%，A正确；由上述分析可知，A地种群内控制黑色的S基因的频率较高，而B地种群内控制浅色的s基因的频率较高，这与这两地种群的生活环境对其的选择有关，B错误；A地种群生活在污染严重的环境中，而B地种群生活在基本未受污染的环境中.可见生物进化的方向是自然选择决定的，生物进化的实质是种群的基因频率发生改变，C、D正确.
[题后反思]　(1)若环境污染持续加重，一段时间内，A地s基因的频率是否会降为0?
(2)若环境污染得到治理，A地树干上长满地衣，并且地衣为浅色，S、s基因的基因频率会如何变化？
答案　(1)不会.　(2)S基因的频率降低，s基因的频率升高.
解析　(1)若环境污染持续加重，桦尺蛾中的黑色个体数量会增加，黑色个体中有杂合子，杂合子中含有s基因，故s基因的频率不会降为0.(2)若环境污染得到治理，浅色地衣数量增加，浅色性状对个体的生存有利，故S基因的频率降低，s基因的频率升高.
探究点二　探究抗生素对细菌的选择作用
一般情况下，一定浓度的抗生素会杀死细菌，但变异的细菌可能产生耐药性.在实验室连续培养细菌时，如果向培养基中添加抗生素，耐药菌有可能存活下来.某实验小组设计了如表所示的实验，探究抗生素对细菌的选择作用.请回答下列问题:
步骤1
分组
编号
用记号笔在培养皿的底部画2条相互垂直的直线，将培养皿分为4个区域，分别标记为①～④
步骤2
接种
取少量细菌的培养液，用无菌的涂布器(或无菌棉签)均匀地涂抹在培养基平板上
步骤3
控制
变量
用无菌的镊子先夹取1张不含抗生素的纸片放在①号区域的中央(对照组)，再分别夹取1张抗生素纸片放在②～④号区域的中央(实验组)，盖上皿盖
步骤4
培养
将培养皿倒置于37 ℃恒温箱中培养12～16 h
步骤5
观测
结果
观察培养基上纸片附近是否出现抑菌圈，如果有，测量、记录抑菌圈的直径并取平均值
步骤6
重复
实验
从特定的菌落上挑出细菌，接种到已灭菌的液体培养基中培养，重复步骤2～5.如此重复几代，记录每一代培养物抑菌圈的直径
(1)步骤6中要从什么位置挑选细菌再进行培养？原因是什么？
提示　从抑菌圈边缘的菌落上挑取细菌.因为抑菌圈边缘生长的细菌可能是耐药菌.
(2)连续培养几代后，抑菌圈的直径会发生什么变化？这说明抗生素对细菌产生了什么作用？
提示　抑菌圈由大变小，经过抗生素的持续多代筛选，细菌的耐药性越来越强.抗生素对细菌生长的抑制作用越弱，抑菌圈的直径就越小.
(3)在本实验的培养条件下，耐药菌所产生的变异是有利还是有害的？怎么理解变异是有利还是有害的？
提示　在本实验条件下，耐药菌产生的变异一般来说是有利的，有利于生物在特定环境中生存和繁殖的变异在此环境中就是有利变异.在生物进化过程中，生物产生的有利变异是指有利于生物生存和适应环境的变异，而不是对人类有利的变异.
(4)滥用抗生素的现象十分普遍，请举例说明滥用抗生素的危害.
提示　抗生素的滥用及不合理使用在一定程度上使抗生素接触细菌的机会增大，细菌耐药性积累并加强，将导致抗生素的药效减弱，甚至完全不起作用.
(1)抗生素不是诱变因子，因此细菌耐药性变异的产生与抗生素的使用无关.
(2)滤纸片上的抗生素杀死了其周围的细菌，使该部位不能形成菌落，而出现抑菌圈.
(3)细菌产生耐药性变异的过程属于基因突变，而基因突变具有不定向性.",11,11,第6章　生物的进化\第3节　种群基因组成的变化与物种的形成.doc,,,,,,,word补充习题一套_题目答案知识标注.xlsx
669,"[例3] 探究细菌对各种抗生素药敏程度的实验方法如图:将含有一定浓度不同抗生素的滤纸片放置在已接种被检菌的固体培养基表面，抗生素向周围扩散，如果抑制生长，则在滤纸片周围出现抑菌圈(图中里面的圈)，结果如图所示.回答下列问题:
(1)衡量本实验结果的指标是____________.
(2)题图中最有效的是________培养皿中的抗生素.
(3)用上述最有效的抗生素对细菌进行处理，并测定细菌数量变化，如右图所示.据此分析:
①向培养基中加抗生素的时刻为______点.
②细菌种群的进化是定向的，而变异是________，细菌的抗药性产生在环境变化之________(填“前”“中”或“后”).
③抗生素对细菌变异的作用不是“诱导”而是________.
④尽管有抗药性基因存在，但使用抗生素仍然能治疗由细菌引起的感染，原因在于细菌种群中________________________________________________________.",,(1)抑菌圈的大小　(2)B　 (3)①b　②不定向的　前　③选择　④有抗药性基因的个体占极少数,"答案　(1)抑菌圈的大小　(2)B　 (3)①b　②不定向的　前　③选择　④有抗药性基因的个体占极少数
解析　(1)根据题意分析可知，衡量本实验结果的指标是抑菌圈的大小.(2)通过抑菌圈的大小来确定杀菌能力，即抑菌圈越大杀菌力越强，题图中B培养皿中的抗生素产生的抑菌圈最大.(3)①抗生素会使细菌中不具有抗药性的个体大量死亡而数量下降，所以是在b点使用抗生素.②变异是不定向的，而在自然选择下进化是定向的；由图可知，使用该抗生素后，细菌数量并未降到零，因此细菌的抗药性在环境变化之前就已经产生了. ③自然选择是对个体的表型进行选择，而不是诱导相应性状的出现.④在细菌种群中，含有抗药性基因的个体只占少数，所以抗生素仍然能治疗由细菌引起的感染.
探究点三　隔离在物种形成中的作用
加拉帕戈斯群岛由许多互不相连、彼此独立的小岛组成.1835年，达尔文发现该群岛上有13种地雀，如图表示这13种地雀之间的进化关系.
(1)从图中可以看出，这些不同种的地雀都是由南美洲地雀这一共同祖先进化而来的.
(2)南美洲大陆的一种地雀来到加拉帕戈斯群岛后，在不同岛屿上形成不同种群，在自然状态下，这些不同种群之间能进行基因交流吗？为什么？
提示　不能，因为存在地理隔离.
(3)不同岛屿上的地雀种群，产生突变的情况一样吗？为什么？
提示　不一样，因为突变是随机的、不定向的.
(4)不同岛屿上的地雀种群，进化方向相同吗？为什么？
提示　不相同.因为不同岛屿上的环境不同，自然选择的方向不同.
(5)请设计实验验证不同岛屿上的地雀属于不同的物种.
提示　让不同岛屿上的地雀交配，发现不能产生后代或产生的后代不可育.
(6)总结物种形成的三个环节:突变和基因重组、自然选择、隔离.
(7)隔离是物种形成的必要条件，物种的形成必须经过长期的地理隔离吗？能否在短时间内就形成生殖隔离？请举例说明.
提示　地理隔离不是必须的，可以在短时间内形成生殖隔离.如用低温或秋水仙素处理萌发的二倍体西瓜种子或幼苗即可获得四倍体西瓜，四倍体西瓜是新物种，没有经过长期的地理隔离.",11,11,第6章　生物的进化\第3节　种群基因组成的变化与物种的形成.doc,,,,,,,word补充习题一套_题目答案知识标注.xlsx
670,[例4] 下图表示某群岛上蝉的物种演化示意图，其中甲、乙、丙、丁、戊分别代表不同种类的蝉.下列叙述错误的是 (　　),"A.戊和丁的形成是地理隔离造成生殖隔离
B.由乙形成丙和丁的过程说明变异是不定向的
C.由甲形成乙和戊的过程是自然选择的结果
D.图示说明新物种的形成一定要经过地理隔离",D,"答案　D
解析　分析题图可知，A岛和B岛存在地理隔离，环境不同，选择方向不同，最终导致戊和丁形成生殖隔离，A正确；由乙形成丙和丁的过程说明变异是不定向的，B正确；新物种的形成是通过定向自然选择形成的，由于环境的不同，自然选择的方向不同，C正确；新物种的形成不一定非要经过地理隔离，如丙和丁，D错误.",11,11,第6章　生物的进化\第3节　种群基因组成的变化与物种的形成.doc,,,,,,,word补充习题一套_题目答案知识标注.xlsx
671,[例5] 下列有关生物进化与物种形成的叙述，正确的是(　　),"A.突变是不定向的，重组是定向的，都是进化的原材料
B.当自然选择对隐性基因不利时，显性基因频率不会变化
C.捕食者的存在有利于增加物种多样性
D.隔离的实质是阻断种群间的基因交流，种群间不能进行基因交流意味着新物种形成",C,"答案　C
解析　突变和基因重组都是不定向的，都能为生物进化提供原材料，A错误；当自然选择对隐性基因不利时，隐性基因频率降低，显性基因频率升高，B错误；捕食者的存在有利于增加物种多样性，C正确；新物种形成的标志是出现生殖隔离，D错误.
思维导图
晨读必背",13,13,第6章　生物的进化\第3节　种群基因组成的变化与物种的形成.doc,,,,,,,word补充习题一套_题目答案知识标注.xlsx
672,1.下列有关现代生物进化理论的叙述，正确的是(　　),"A.因为突变频率很低，所以无法为进化提供足够的原材料
B.滥用抗生素会诱发细菌产生抗药性突变
C.当种群基因频率发生改变时，该种群一定发生了进化
D.在进化过程中，不适应环境的基因将直接被自然环境淘汰",C,"答案　C
解析　尽管自然条件下基因突变频率很低，但由于种群的个体数量多，故突变的基因仍有许多，所以能为生物进化提供足够的原材料，A错误；细菌的抗药性突变在抗生素使用之前就存在，抗生素只是对抗药性突变起了选择作用，B错误；生物进化的实质在于种群基因频率的改变，当种群基因频率发生改变时，该种群一定发生了进化，C正确；在进化过程中，不适应环境的表型将直接被自然环境淘汰，D错误.",11,11,第6章　生物的进化\第3节　种群基因组成的变化与物种的形成.doc,,,,,,,word补充习题一套_题目答案知识标注.xlsx
673,2.下列关于物种和隔离的叙述，正确的是(　　),"A.物种是生物进化和繁殖的基本单位
B.二倍体西瓜与四倍体西瓜属于同一物种
C.地理隔离和生殖隔离都会阻止生物之间的基因交流
D.种群必须经过地理隔离，才能达到生殖隔离",C,"答案　C
解析　种群是生物进化和繁殖的基本单位，A错误；二倍体西瓜与四倍体西瓜杂交可得到三倍体西瓜，但是三倍体西瓜不可育，说明它们之间存在生殖隔离，不属于同一物种，B错误；地理隔离和生殖隔离都会阻止生物之间的基因交流，隔离是新物种形成的必要条件，C正确；生殖隔离的产生不一定要经过长期的地理隔离，如多倍体的形成，D错误.",11,11,第6章　生物的进化\第3节　种群基因组成的变化与物种的形成.doc,,,,,,,word补充习题一套_题目答案知识标注.xlsx
674,3.下列关于基因频率与生物进化关系的叙述，正确的是(　　),"A.种群基因频率的改变不一定引起生物的进化
B.生物进化的实质是种群基因频率的改变
C.只有在新物种形成时，才发生基因频率的改变
D.生物性状的改变一定引起生物的进化",B,"答案　B
解析　生物进化的实质是种群基因频率的改变，所以基因频率发生改变一定会引起生物的进化，A错误；只要生物发生了进化，就会发生基因频率的改变，但不一定形成新物种，C错误；生物的性状受基因和外界环境的共同作用，性状改变，基因不一定改变，故基因频率不一定改变，生物也不一定进化，D错误.",11,11,第6章　生物的进化\第3节　种群基因组成的变化与物种的形成.doc,,,,,,,word补充习题一套_题目答案知识标注.xlsx
675,"4.不同基因型的褐鼠对灭鼠灵药物的抗性及对维生素K的依赖性(即需要从外界环境中获取维生素K才能维持正常的生命活动)的表型如表.若对维生素K含量不足环境中的褐鼠种群长期连续使用灭鼠灵进行处理，则褐鼠种群 (　　)
基因型
rr
Rr
RR
对灭鼠灵的抗性
敏感
抗性
抗性
对维生素K的依赖性
无
中度
高度","A.基因r的频率最终下降至0
B.抗性个体RR∶Rr＝1∶1
C.RR个体数量增加，rr个体数量减少
D.绝大多数抗性个体的基因型为Rr",D,"答案　D
解析　由于环境是维生素K含量不足的环境，所以对维生素K依赖度较高的RR个体数量减少，长期使用灭鼠灵导致rr个体数量大量减少，所以Rr个体的数量最多，两种基因频率都不为0.
课后·分层训练
(时间:30分钟)
知识点1　种群和种群基因库",11,11,第6章　生物的进化\第3节　种群基因组成的变化与物种的形成.doc,,,,,,,word补充习题一套_题目答案知识标注.xlsx
676,1.下列关于基因库的叙述，错误的是(　　),"A.一个种群就是一个基因库
B.每种生物不止有一个基因库
C.种群越小，其基因库越不稳定
D.基因突变丰富了种群的基因库",A,"答案　A
解析　一个种群中全部个体所含有的全部基因，叫作这个种群的基因库，种群基因库与种群不是同一个概念，A错误；每种生物可以有不同种群，因此可以有不同的基因库，B正确；种群越小，基因库越小、越不稳定，C正确；基因突变可产生新的等位基因，丰富了种群基因库，D正确.",11,11,第6章　生物的进化\第3节　种群基因组成的变化与物种的形成.doc,,,,,,,word补充习题一套_题目答案知识标注.xlsx
677,2.现有一个由AA、Aa、aa三种基因型个体组成的动物种群，已知该种群中具有繁殖能力的个体之间通过随机交配进行繁殖，而aa个体不具有繁殖能力.该种群繁殖一代，若子代中AA∶Aa∶aa＝9∶6∶1，则亲代中AA、Aa和aa的数量比可能为(　　),"A.4∶3∶4 B.5∶5∶1
C.6∶2∶3 D.4∶1∶4",B,"答案　B
解析　设亲代具有繁殖能力的个体中AA的比例为x，则Aa的比例为1－x，产生的配子A的比例为x＋(1－x)/2＝(1＋x)/2，a配子的比例为(1－x)/2，随机交配的后代中，AA所占的比例为[(1＋x)/2]2＝9/16，可求得x＝1/2，即该种群具有繁殖能力的个体中AA和Aa所占比例均为1/2，但亲本中aa的数量无法计算，故选项B符合题意.",11,11,第6章　生物的进化\第3节　种群基因组成的变化与物种的形成.doc,,,,,,,word补充习题一套_题目答案知识标注.xlsx
678,3.下列有关种群的叙述，正确的是(　　),"A.一个自然保护区内的所有蛇是一个种群
B.种群中的每个个体均含有这个种群基因库中的全部基因
C.不同种群的生物肯定不属于同一个物种
D.基因突变可以改变种群基因库的组成",D,"答案　D
解析　种群是指生活在一定区域的同种生物全部个体的集合.蛇有很多种，因此一个自然保护区内的所有蛇不是一个种群，A错误；一个种群中全部个体所含有的全部基因，叫作这个种群的基因库，种群中的每个个体不一定含有该种群基因库中的全部基因，B错误；物种是指能够在自然状态下相互交配并且产生可育后代的一群生物，不同种群的生物可能属于同一个物种，C错误；基因突变可产生新的基因，即可以改变种群基因库的组成，D正确.
知识点2　种群基因频率的变化",11,11,第6章　生物的进化\第3节　种群基因组成的变化与物种的形成.doc,,,,,,,word补充习题一套_题目答案知识标注.xlsx
679,4.下列有关生物进化的叙述，错误的是(　　),"A.自然选择直接选择的是个体的表型
B.现代生物进化理论以自然选择为核心
C.种群内显性基因的频率一定高于隐性基因的频率
D.基因突变和染色体变异统称为突变",C,"答案　C
解析　自然选择直接作用的是生物的个体，而且是个体的表型，A正确；现代生物进化理论以自然选择为核心，B正确；显性基因和隐性基因的基因频率高低取决于所控制的性状是否更适应环境，因此显性基因的基因频率不一定高于隐性基因的基因频率，C错误；基因突变和染色体变异统称为突变，D正确.",11,11,第6章　生物的进化\第3节　种群基因组成的变化与物种的形成.doc,,,,,,,word补充习题一套_题目答案知识标注.xlsx
680,5.下列有关现代生物进化理论的叙述，错误的是(　　),"A.种群是生物进化的基本单位
B.自然选择学说是现代生物进化理论的核心
C.自然选择通过作用于个体而影响种群的基因频率
D.生物进化过程的实质在于有利变异的保存",D,"答案　D
解析　现代生物进化理论认为，生物进化的基本单位是种群，A正确；现代生物进化理论是在自然选择学说的基础上建立起来的，故自然选择学说是现代生物进化理论的核心，B正确；自然选择通过作用于个体(直接选择的是表型)而影响种群的基因频率，C正确；生物进化的实质是种群基因频率的改变，D错误.",11,11,第6章　生物的进化\第3节　种群基因组成的变化与物种的形成.doc,,,,,,,word补充习题一套_题目答案知识标注.xlsx
681,6.如图表示环境条件发生变化后某个种群中A和a的基因频率的变化情况，下列说法错误的是(　　),"A.环境条件发生变化后，使生物产生适应性的变异
B.P点时两曲线相交，此时A和a的基因频率均为50%
C.Q点时表示环境发生了变化，A基因控制的性状更适应环境
D.在自然选择的作用下，种群的基因频率会发生定向改变",A,"答案　A
解析　变异是自发产生的，变异发生后，在自然(环境条件)选择下，有利的变异被选择保留下来，导致种群的基因频率发生定向改变，A错误，D正确；P点时两曲线相交，此时A和a的基因频率相等，均为50%，B正确；Q点后A的基因频率增大，表示环境发生了变化，A基因控制的性状更适应环境，C正确.
知识点3　隔离在物种形成中的作用",11,11,第6章　生物的进化\第3节　种群基因组成的变化与物种的形成.doc,,,,,,,word补充习题一套_题目答案知识标注.xlsx
682,7.明朝张谦德的《朱砂鱼谱》记载:“蓄类贵广，而选择贵精，须每年夏间市取数千头，分数缸饲养，逐日去其不佳者，百存一二，并作两三缸蓄之，加意培养，自然奇品悉具.”其中“逐日去其不佳者”和“分数缸饲养”的作用分别是(　　),"A.自然选择，地理隔离
B.人工选择，地理隔离
C.自然选择，生殖隔离
D.人工选择，生殖隔离",B,"答案　B
解析　根据题干信息“逐日去其不佳者”，可知这种育种方法属于选择育种，是人为选择去除生长状态不好的个体，属于人工选择；在育种过程中采取隔离措施，可防止个体间相互交配而使基因混杂，对新品种的形成具有重要作用，“分数缸饲养”的作用是采取了地理隔离.综上所述，B符合题意.",11,11,第6章　生物的进化\第3节　种群基因组成的变化与物种的形成.doc,,,,,,,word补充习题一套_题目答案知识标注.xlsx
683,8.下列关于生物进化和物种形成的叙述，正确的是(　　),"A.一般情况下，生物进化方向与基因突变方向一致
B.在生物进化过程中，新物种形成的标志是产生新基因
C.二倍体西瓜和四倍体西瓜是一个物种
D.若无其他因素影响，一个随机交配种群(足够大)的基因频率可保持不变",D,"答案　D
解析　基因突变是不定向的，自然选择决定生物进化的方向，A错误；在生物进化过程中，新物种形成的标志是形成生殖隔离，B错误；二倍体西瓜和四倍体西瓜杂交不能产生可育后代，二者之间存在生殖隔离，因此二倍体西瓜和四倍体西瓜是两个物种，C错误；若无其他因素影响，一个随机交配种群(足够大)的基因频率保持不变，D正确.",11,11,第6章　生物的进化\第3节　种群基因组成的变化与物种的形成.doc,,,,,,,word补充习题一套_题目答案知识标注.xlsx
684,9.如图是某种动物的生活区域被一条宽20 m、南北向的公路和一条也是20 m宽、东西向的铁路分割成大小相等的四个区域示意图，下列有关叙述错误的是 (　　),"A.该物种的基因多样性可能会增加
B.地理隔离影响该物种个体间的基因交流
C.该物种在①②③④四个区域内的生存斗争均可能加剧
D.该物种在②④区域进化方向不同的主要原因是突变和基因重组",D,"答案　D
解析　自然选择决定了生物进化的方向，该物种在②④区域进化方向不同的主要原因是自然选择.
知识点4　探究抗生素对细菌的选择作用",11,11,第6章　生物的进化\第3节　种群基因组成的变化与物种的形成.doc,,,,,,,word补充习题一套_题目答案知识标注.xlsx
685,10.生活中滥用抗生素的现象十分普遍.下列关于“探究抗生素对细菌的选择作用”实验的叙述，错误的是(　　),"A.在培养基的特定区域放置不含抗生素的纸片，作为空白对照
B.实验中抑菌圈的直径越大，抗生素的抑菌作用越强
C.抗生素的使用可诱导细菌产生耐药性变异
D.抗生素的选择作用会导致耐药菌比例逐代提高",C,"答案　C
解析　在“探究抗生素对细菌的选择作用”实验中，在培养基的特定区域放置不含抗生素的纸片，作为空白对照，A正确；一定浓度的抗生素可杀死细菌，故实验中抑菌圈的直径越大，说明抗生素的抑菌作用越强，B正确；抗生素只是起选择作用，C错误；抗生素的选择作用会导致耐药菌比例逐代提高，D正确.",11,11,第6章　生物的进化\第3节　种群基因组成的变化与物种的形成.doc,,,,,,,word补充习题一套_题目答案知识标注.xlsx
686,11.抗青霉素葡萄球菌是一种突变型菌种.将未接触过青霉素的葡萄球菌接种到含青霉素的培养基上，结果有极少数存活下来.存活下来的葡萄球菌在相同培养基中经多代培养后，对青霉素的抗性明显增强.原因是 (　　),"A.青霉素使用量的增加提高了葡萄球菌对青霉素的抗性
B.青霉素的选择作用提高了葡萄球菌抗青霉素基因的频率
C.葡萄球菌对青霉素抗性的增强是定向突变的结果
D.葡萄球菌的抗青霉素基因是在使用青霉素后产生的",B,"答案　B
解析　青霉素对葡萄球菌只起到选择作用；青霉素的选择作用提高了葡萄球菌抗青霉素基因的频率，淘汰掉了不抗青霉素的个体；突变是不定向的；葡萄球菌的抗青霉素基因是在使用青霉素前通过基因突变产生的.",11,11,第6章　生物的进化\第3节　种群基因组成的变化与物种的形成.doc,,,,,,,word补充习题一套_题目答案知识标注.xlsx
687,12.关于地理隔离和生殖隔离，下列说法不正确的是(　　),"A.生殖隔离不一定是地理隔离的必然结果
B.存在地理隔离的两个种群，如果人为地放在一起，一定不能相互交配产生可育后代
C.生殖隔离产生的关键原因是种群基因库的差异
D.不同的物种之间一定具有生殖隔离",B,"答案　B
解析　不经过地理隔离也可能产生生殖隔离，存在地理隔离的两个种群，如果环境条件相差不大，也可能不会导致生殖隔离；若地理隔离的两个种群属于同一个物种，人为地放在一起，由于不存在生殖隔离仍能产生可育后代.",11,11,第6章　生物的进化\第3节　种群基因组成的变化与物种的形成.doc,,,,,,,word补充习题一套_题目答案知识标注.xlsx
688,13.假设羊的毛色遗传由一对基因控制，黑色(B)对白色(b)为显性.一个随机交配多代的羊群中，白毛和黑毛的基因频率各占一半，现需对羊群进行人工选择，逐代淘汰白色个体.下列说法错误的是(　　),"A.淘汰前，该羊群中黑色个体数量多于白色个体数量
B.白色羊至少要淘汰2代，才能使b基因频率下降到25%
C.白色个体连续淘汰2代，羊群中Bb的比例为2/3
D.若每代均不淘汰，不论交配多少代，羊群中纯合子的比例均为1/2",C,"答案　C
解析　淘汰前，该羊群中白毛和黑毛的基因频率各占一半，黑色个体数量(B_)所占比例为0.5×0.5＋2×0.5×0.5＝0.75，多于白色个体数量，A正确；淘汰一次后，BB∶Bb＝1∶2，再自由交配一次，BB∶Bb∶bb＝4∶4∶1，淘汰掉bb，BB∶Bb＝1∶1，b的基因频率是1/2×1/2＝1/4，B正确；淘汰一次后，BB∶Bb＝1∶2，再自由交配一次，BB∶Bb∶bb＝4∶4∶1，淘汰掉bb，BB∶Bb＝1∶1，羊群中Bb的比例为1/2，C错误；若每代均不淘汰，不论交配多少代，基因频率不变，羊群中纯合子的比例均为1/2，D正确.",11,11,第6章　生物的进化\第3节　种群基因组成的变化与物种的形成.doc,,,,,,,word补充习题一套_题目答案知识标注.xlsx
689,"14.如图为甲、乙两岛屿上鸟类的分布情况，甲岛上分布有S、L两种鸟，乙岛上的鸟类是迁移的S鸟的后代.请回答下列问题:
(1)若干年后，甲、乙两岛上S鸟的喙出现差异，这是两岛上不同的________________因素作用的结果，该因素在S鸟的进化过程中起________作用.
(2)若干年后，由于甲岛与乙岛上的S鸟存在________，两岛上S鸟种群的基因库可能存在较大差异.若想知道甲岛与乙岛上的S鸟是否为同一物种，请设计实验并预测实验结果:______________________________.
(3)某较大的自由交配的S鸟种群中，决定羽毛颜色为灰色的基因是A，决定羽毛颜色为黑色的基因是a，A的基因频率为0.1，a的基因频率为0.9，若无突变、迁入和迁出，以及自然选择等的作用，则该种群中基因型为AA、Aa和aa的个体分别占________________；若由于某种原因，a基因的频率逐渐下降，A基因的频率逐渐上升，则后代中基因型为aa的个体数量的变化趋势是________________.",,(1)环境(或食物)　选择　(2)地理隔离　让两岛上的S鸟雌雄个体交配，观察能否产生可育后代.若能产生可育后代，则两岛上的S鸟是同一物种；若不能产生后代或产生的后代不可育，则两岛上的S鸟不是同一物种　(3)1%、18%、81%　逐渐减少,"答案　(1)环境(或食物)　选择　(2)地理隔离　让两岛上的S鸟雌雄个体交配，观察能否产生可育后代.若能产生可育后代，则两岛上的S鸟是同一物种；若不能产生后代或产生的后代不可育，则两岛上的S鸟不是同一物种　(3)1%、18%、81%　逐渐减少
解析　(1)若干年后，甲、乙两岛上S鸟的喙出现差异，这是两岛上不同的环境因素作用的结果.该因素在S鸟的进化过程中起到了选择的作用.(2)甲岛与乙岛上的S鸟存在地理隔离，因此两岛上S鸟的基因库存可能存在较大差异.若想知道甲岛与乙岛上的S鸟是否为同一物种，可让两岛上的S鸟雌雄个体交配，观察能否产生可育后代.若能产生可育后代，则两岛上的S鸟是同一物种；若不能产生后代或产生的后代不可育，则两岛上的S鸟不是同一物种.(3)由题意分析可知，根据遗传平衡定律，基因型为AA的个体占0.1×0.1×100%＝1%，基因型为Aa的个体占2×0.1×0.9×100%＝18%，基因型为aa的个体占0.9×0.9×100%＝81%.若由于某种原因，a基因的频率逐渐下降，A基因的频率逐渐上升，则后代中基因型为aa的个体的数量将逐渐减少.",11,11,第6章　生物的进化\第3节　种群基因组成的变化与物种的形成.doc,,,,,,,word补充习题一套_题目答案知识标注.xlsx
690,[例1] 协同进化是生物进化中一种常见的现象，下列叙述错误的是(　　),"A.有细长花距的兰花和有细长的吸管似口器的蛾，两者相互选择协同进化
B.猎豹与羚羊的“军备竞赛”是协同进化的结果
C.物种之间的协同进化主要通过生存斗争实现
D.协同进化就是生物与无机环境之间在相互影响中不断进化和发展",D,"答案　D
解析　协同进化包括不同物种之间、生物与无机环境之间的相互影响.",13,13,第6章　生物的进化\第4节　协同进化与生物多样性的形成.doc,,,,,,,word补充习题一套_题目答案知识标注.xlsx
691,"[例2] 下列属于协同进化实例的有(　　)
①通过捕食关系，猎豹跑得越来越快，羚羊跑得也越来越快　②某种兰花和专门给它传粉的蛾　③随着光合生物的出现地球上的原始大气中有了氧气，这为好氧生物的出现提供了条件","A.1个 B.2个
C.3个 D.都不是",C,"答案　C
解析　不同物种之间、生物与无机环境之间在相互影响中不断进化和发展，这就是协同进化，①②③均属于协同进化的实例.
探究点二　生物多样性的形成",13,13,第6章　生物的进化\第4节　协同进化与生物多样性的形成.doc,,,,,,,word补充习题一套_题目答案知识标注.xlsx
692,[例3] 不同物种之间、生物与无机环境之间，在相互影响中不断进化和发展.下列说法错误的是(　　),"A.捕食者往往捕食个体数量多的物种，这有利于增加物种多样性
B.一个物种的形成或灭绝，会影响到若干其他物种的进化
C.地衣在裸岩上定居，可为苔藓的生长提供土壤条件
D.在生物的进化过程中，好氧生物的出现早于光合生物",D,"答案　D
解析　捕食者往往捕食个体数量多的物种，为其他物种的形成腾出空间，增加物种多样性，A正确；生物与生物之间存在着各种种间关系，协同进化，故一个物种的形成或灭绝，会影响到若干其他物种的进化，B正确；地衣在裸岩上定居，能分泌有机酸加速岩石风化形成土壤，故可为苔藓的生长提供土壤条件，C正确；随着光合生物的出现，大气中有了氧气，为好氧生物的出现创造了条件，D错误.",13,13,第6章　生物的进化\第4节　协同进化与生物多样性的形成.doc,,,,,,,word补充习题一套_题目答案知识标注.xlsx
693,[例4] 下列关于协同进化与生物多样性的叙述，错误的是(　　),"A.不同物种之间可以相互选择协同进化
B.捕食者的存在有利于增加物种的多样性
C.生物多样性的形成就是新物种不断产生的过程
D.生态系统多样性形成的原因可概括为协同进化",C,"答案　C
解析　协同进化指不同物种之间或生物与无机环境之间，在相互影响中不断进化和发展，故不同物种之间可以相互选择、协同进化；捕食者的存在使食物链中的生物通过反馈进行调节，有利于增加物种的多样性；生物多样性包括物种多样性、遗传(基因)多样性和生态系统多样性；生物多样性的形成是协同进化的结果.
(1)生物进化的“两个两”
(2)物种形成的“三个三”
思维导图
晨读必背",13,13,第6章　生物的进化\第4节　协同进化与生物多样性的形成.doc,,,,,,,word补充习题一套_题目答案知识标注.xlsx
694,1.协同进化就是“生态的舞台，共同的表演”，下列关于协同进化的说法，错误的是 (　　),"A.协同进化可发生在不同物种之间
B.协同进化可发生在生物与无机环境之间
C.猎豹与羚羊之间的“军备竞赛”实现了二者的协同进化
D.研究协同进化无法预测某物种的存在",D,"答案　D
解析　研究协同进化可预测某物种的存在，如达尔文根据某种兰花具有细长的花距而预测出为其传粉的某种昆虫应具有吸管似的口器，D错误.",13,13,第6章　生物的进化\第4节　协同进化与生物多样性的形成.doc,,,,,,,word补充习题一套_题目答案知识标注.xlsx
695,2.在北极的一个山脉中，原始的狼已经在体格和生活习性上进化成不同的变种，其中一种狼的体重较轻，四肢发达而灵活，以猎鹿为主；另一种狼的体重较重，足短而力强，常常攻击羊群.下列叙述错误的是(　　),"A.狼的性状不同是自然选择的结果
B.上述现象说明自然选择是不定向的
C.在生存斗争中，捕食者和被捕食者之间进行着相互选择
D.自然选择对不同种群的基因频率的改变所起的作用有所差别，最终导致这些种群的基因库差异很大，并逐步出现生殖隔离",B,"答案　B
解析　狼进化的实例恰恰解释了自然选择是定向的，因环境不同，选择不同，导致种群基因库改变并逐渐出现生殖隔离；捕食者与被捕食者在相互选择中协同进化.",13,13,第6章　生物的进化\第4节　协同进化与生物多样性的形成.doc,,,,,,,word补充习题一套_题目答案知识标注.xlsx
696,3.下列关于生物多样性的叙述，不正确的是(　　),"A.生物多样性包括遗传多样性、物种多样性和生态系统多样性三个层次的内容
B.生物多样性的形成是不同物种之间、生物与无机环境之间协同进化的结果
C.物种的绝灭不利于生物多样性的形成
D.生物多样性的形成不一定是新物种形成的过程",C,"答案　C
解析　一个物种的绝灭，会影响到若干其他物种的进化，因为物种与物种之间存在协同进化，物种的绝灭有可能利于生物多样性的形成，C错误.",13,13,第6章　生物的进化\第4节　协同进化与生物多样性的形成.doc,,,,,,,word补充习题一套_题目答案知识标注.xlsx
697,4.某种兰花有细长的花距，花距底部储存着花蜜，这种兰花的传粉需借助具有细长口器的蛾在吸食花蜜的过程中完成.下列叙述正确的是(　　),"A.蛾口器的特征决定兰花花距变异的方向
B.花距变长是兰花新物种形成的必要条件
C.口器与花距的相互适应是协同进化的结果
D.蛾的口器会因吸食花蜜而越变越长",C,"答案　C
解析　变异是不定向的，A错误；新物种产生的必要条件是隔离，B错误；根据题干可知，口器与花距的相互适应是相互选择、协同进化的结果，C正确；口器的变长是自然选择的结果，D错误.
课后·分层训练
(时间:30分钟)
知识点1　协同进化",13,13,第6章　生物的进化\第4节　协同进化与生物多样性的形成.doc,,,,,,,word补充习题一套_题目答案知识标注.xlsx
698,1.协同进化不会发生在(　　),"A.狼和兔之间
B.浅色桦尺蛾和深色桦尺蛾之间
C.好氧型生物和无机环境之间
D.杂草和水稻之间",B,"答案　B
解析　不同物种之间、生物与无机环境之间在相互影响中不断进化和发展，这就是协同进化.同种生物之间不存在协同进化，B符合题意.",13,13,第6章　生物的进化\第4节　协同进化与生物多样性的形成.doc,,,,,,,word补充习题一套_题目答案知识标注.xlsx
699,2.下列关于生物进化历程的叙述，错误的是(　　),"A.目前发现的最早的生物化石是古细菌化石
B.先出现原核生物，然后出现真核生物
C.先出现单细胞生物，然后出现多细胞生物
D.先出现生产者、消费者，然后出现分解者",D,"答案　D
解析　就目前所掌握的证据来看，最早的生物化石是35亿年前的古细菌化石，A正确；生物进化的顺序是由简单到复杂，即先出现原核生物，然后出现真核生物，先出现单细胞生物，然后出现多细胞生物，先出现分解者、生产者，然后出现消费者，B、C正确，D错误.",13,13,第6章　生物的进化\第4节　协同进化与生物多样性的形成.doc,,,,,,,word补充习题一套_题目答案知识标注.xlsx
700,3.安第斯山区有数十种蝙蝠以花蜜为食.其中，长舌蝠的舌长为体长的1.5倍.只有这种蝙蝠能从长筒花狭长的花冠筒底部取食花蜜，且为该植物的唯一传粉者.由此无法推断出(　　),"A.长舌有助于长舌蝠避开与其他蝙蝠的竞争
B.长筒花可以在没有长舌蝠的地方繁衍后代
C.长筒花狭长的花冠筒是自然选择的结果
D.长舌蝠和长筒花相互适应，协同进化",B,"答案　B
解析　由题干信息可知，长舌蝠为长筒花的唯一传粉者，体现了二者的协同进化，相互依赖关系，故在没有长舌蝠的地方长筒花因不能传粉而无法繁衍后代，长舌蝠独具的长舌可有效避开与其他蝙蝠间的竞争，长筒花狭长的花冠筒的形成是长期自然选择的结果.",13,13,第6章　生物的进化\第4节　协同进化与生物多样性的形成.doc,,,,,,,word补充习题一套_题目答案知识标注.xlsx
701,4.龙门山洞穴沟虾是一种新物种，它与我们常见的虾外形差异很大，没有扇形的尾巴和长长的触角，身体里没有色素，几乎透明，甚至连眼睛也没有，看起来宛如科幻电影里的外星生物.下列相关说法正确的是(　　),"A.龙门山洞穴沟虾的眼睛退化是自然选择直接作用于基因导致的
B.龙门山洞穴沟虾与常见虾交配能产生可育后代
C.一个龙门山洞穴沟虾中所含有的全部基因就是该物种种群的基因库
D.龙门山洞穴沟虾与其生活的无机环境之间会在相互影响中协同进化",D,"答案　D
解析　自然选择直接作用的是生物个体(表型)，而不是基因；龙门山洞穴沟虾是一种新物种，说明其与常见虾之间存在生殖隔离，故它们不能交配或交配不能产生可育后代；一个种群中全部个体所含有的全部基因为该种群的基因库；不同物种之间、生物与无机环境之间在相互影响中不断进化和发展，就是协同进化.
知识点2　生物多样性的形成",13,13,第6章　生物的进化\第4节　协同进化与生物多样性的形成.doc,,,,,,,word补充习题一套_题目答案知识标注.xlsx
702,5.下列关于生物进化与生物多样性形成的叙述，错误的是(　　),"A.最早登陆的生物是适应陆地生活的原始的两栖类
B.生物多样性的形成经历了漫长的进化历程
C.生物的进化与无机环境的变化是相互影响的
D.一个物种的形成或绝灭，会影响其他物种的进化",A,"答案　A
解析　大约在4亿年前，由于造山运动使海洋缩小，陆地扩大，一些海洋植物开始适应陆地生活，形成了原始的陆生植物，主要是蕨类植物，随后才出现了适应陆地生活的动物——原始的两栖类，A错误；生物多样性的形成经历了漫长的进化历程，B正确；生物的进化与无机环境的变化是相互影响的，C正确；由于不同物种之间存在协同进化，因此，一个物种的形成或绝灭，会影响其他物种的进化，D正确.",13,13,第6章　生物的进化\第4节　协同进化与生物多样性的形成.doc,,,,,,,word补充习题一套_题目答案知识标注.xlsx
703,6.狼和鹿是捕食者和被捕食者的关系，从进化的角度分析，下列叙述错误的是(　　),"A.狼在客观上起着促进鹿发展的作用
B.狼的存在有利于增加物种多样性
C.鹿奔跑速度的加快可加速狼的进化
D.鹿的进化速度比狼的进化速度快",D,"答案　D
解析　狼和鹿互为对方的生物环境，相互进行选择，相互选择的结果是双方都朝着快速奔跑的方向进化，它们的进化速度是相当的，不能比较快慢，D错误.",13,13,第6章　生物的进化\第4节　协同进化与生物多样性的形成.doc,,,,,,,word补充习题一套_题目答案知识标注.xlsx
704,7.下列关于生物多样性的叙述，正确的是(　　),"A.生物多样性的形成也就是新的物种不断形成的过程
B.生物多样性包括遗传(基因)的多样性、个体的多样性、物种的多样性
C.种间互助可以通过影响协同进化进而影响生物多样性
D.生物多样性是生物与生物长期相互作用、协同进化的结果",C,"答案　C
解析　生物多样性的形成不仅仅是新的物种不断形成的过程，也是遗传多样性和生态系统多样性不断形成的过程，A错误；生物多样性包括遗传(基因)多样性、物种多样性和生态系统多样性，B错误；生物多样性是生物与生物(不同物种之间)、生物与无机环境之间相互作用、协同进化的结果，D错误.",13,13,第6章　生物的进化\第4节　协同进化与生物多样性的形成.doc,,,,,,,word补充习题一套_题目答案知识标注.xlsx
705,8.近年来我国生态文明建设卓有成效，粤港澳大湾区的生态环境也持续改善.研究人员对该地区的水鸟进行研究，记录到146种水鸟，隶属9目21科，其中有国家级保护鸟类14种，近海与海岸带湿地、城市水域都是水鸟的主要栖息地.该调查结果直接体现了生物多样性中的(　　),"A.遗传多样性和物种多样性
B.种群多样性和物种多样性
C.物种多样性和生态系统多样性
D.遗传多样性和生态系统多样性",C,"答案　C
解析　依据题干信息可知，该地区的水鸟有146种，体现了物种多样性；近海与海岸带湿地、城市水域都是水鸟的主要栖息地，体现了生态系统多样性，故选C.
知识点3　生物进化理论在发展",13,13,第6章　生物的进化\第4节　协同进化与生物多样性的形成.doc,,,,,,,word补充习题一套_题目答案知识标注.xlsx
706,9.下列有关现代生物进化理论的叙述，错误的是(　　),"A.隔离可阻碍种群间个体的基因交流
B.新物种一定比原来的物种适应能力更强
C.与同种或类似的野生种类相比，家养动物的变异往往更多
D.协同进化的结果是形成生物多样性",B,"答案　B
解析　隔离可阻碍种群间个体的基因交流，A正确；进化过程中出现的新物种，有些是靠开辟环境中新的生存空间来生存和繁衍的，不一定就比原来的物种适应能力更强，B错误；与同种或类似的野生种类相比，家养动物的变异类型往往更多，这与人类根据自身的需要采取的杂交育种及人工选择等措施有关，C正确；协同进化的结果是形成生物多样性，D正确.",13,13,第6章　生物的进化\第4节　协同进化与生物多样性的形成.doc,,,,,,,word补充习题一套_题目答案知识标注.xlsx
707,10.下列叙述中，不符合中性突变学说的是(　　),"A.基因突变对生物适应性的影响并不是非益即害的，大量的基因突变是中性的
B.自然选择对中性突变不起作用
C.决定生物进化方向的是基因突变的方向
D.种群间遗传物质出现较大差别是中性突变积累的结果",C,"答案　C
解析　中性突变学说认为，基因突变对生物适应性的影响并不是非益即害的，大量的基因突变是中性的，自然选择对这些基因突变不起作用，这些基因突变经过长期积累，会导致种群间遗传物质出现较大的差别，决定生物进化方向的是中性突变的逐渐积累，而不是自然选择.综上所述，C符合题意.",13,13,第6章　生物的进化\第4节　协同进化与生物多样性的形成.doc,,,,,,,word补充习题一套_题目答案知识标注.xlsx
708,11.现实生活中，人类越来越多地影响生物的进化和生物多样性，下列叙述正确的是(　　),"A.人类对濒危动植物进行保护，不会干扰自然界正常的自然选择
B.家养动物的变异多，但没有形成新物种，不能增加生物多样性
C.生物多样性包括遗传多样性、个体多样性和种群多样性
D.抗生素对病菌进行自然选择，长期使用抗生素使细菌抗药性基因频率不断增加",D,"答案　D
解析　人类如果保护的是适应能力低下的濒危动植物，则有可能干扰自然界正常的自然选择，A错误；家养动物的变异多，可能产生较多的新基因，能通过增加遗传多样性进而增加生物多样性，B错误；生物多样性包括遗传多样性、物种多样性和生态系统多样性，C错误；抗生素对病菌进行自然选择，长期使用抗生素使细菌抗药性基因频率不断增加，D正确.",13,13,第6章　生物的进化\第4节　协同进化与生物多样性的形成.doc,,,,,,,word补充习题一套_题目答案知识标注.xlsx
709,12.下列说法不支持协同进化观点的是(　　),"A.有长着细长花距的兰花，就必然有同样长着细长吸管似的口器的昆虫
B.通过捕食关系猎豹跑得越来越快，斑马的逃生动作越来越敏捷
C.随着最早光合生物的出现，地球上有了氧气，这为好氧型生物的出现和进化提供了前提
D.不同物种的进化是互不干涉、彼此孤立的",D,"答案　D
解析　任何一个物种都不是单独进化的，不同物种之间、生物与无机环境之间在相互影响中不断进化和发展，这就是协同进化.",13,13,第6章　生物的进化\第4节　协同进化与生物多样性的形成.doc,,,,,,,word补充习题一套_题目答案知识标注.xlsx
710,"13.研究化石时发现，某地区在距今10 000年前生活着长尾山鸡和中长尾山鸡.距今5 000年前，该区域出现了一条宽阔的大河，将该地区分割为甲、乙两区域.距今约30年前，统计发现甲区域山鸡仍为长尾和中长尾山鸡，乙区域全部为短尾山鸡.研究发现，甲区域的长尾和中长尾山鸡能正常交配、产生可育后代；甲区域的长尾和中长尾山鸡与乙区域的短尾山鸡均能交配，但受精卵不能发育.回答下列问题:
(1)甲区域的山鸡个体间尾部形态的差异，体现的是________多样性.
(2)乙区域出现的短尾山鸡 ____________(填“是”或“不是”)一个新物种.用现代生物进化理论解释，乙区域出现短尾山鸡的原因_________________________
___________________________.
(3)近些年，甲区域的环境发生剧烈变化，研究人员对该区域山鸡的数量与山鸡的翅色基因(A/a)和翅形基因(B/b)频率的研究数据如下表:
中长尾山鸡
长尾山鸡
数量/只
A
B
数量/只
A
B
1980年
8 000
31%
66%
5 900
38%
59%
1988年
7 900
29%
57%
6 050
41%
60%
1997年
5 900
30%
48%
6 000
40%
57%
2006年
4 200
31%
32%
5 950
39%
61%
分析表中数据可知，近些年发生明显进化的山鸡是________.1997年时，长尾山鸡中基因型为AA的个体数量为________只.",,(1)遗传(基因)　(2)是　突变和基因重组使甲、乙两个地区的山鸡产生不同的变异；大河阻碍甲、乙两区域山鸡间的基因交流；自然选择使山鸡的基因频率发生定向改变；基因库逐渐产生明显差异，最终导致生殖隔离　(3)中长尾山鸡 　960,"答案　(1)遗传(基因)　(2)是　突变和基因重组使甲、乙两个地区的山鸡产生不同的变异；大河阻碍甲、乙两区域山鸡间的基因交流；自然选择使山鸡的基因频率发生定向改变；基因库逐渐产生明显差异，最终导致生殖隔离　(3)中长尾山鸡 　960
解析　(1)甲区域内山鸡是同一物种，所以个体间尾部形态的差异，体现的是遗传多样性(基因多样性).(2)乙区域内出现的短尾山鸡是一个新物种.因为甲区域的两种山鸡与乙区域的短尾山鸡虽均能杂交，但受精卵不能发育，说明短尾山鸡与甲区域的山鸡间产生了生殖隔离.乙区域短尾山鸡出现的原因是突变和基因重组使甲、乙两个地区的山鸡产生不同的变异，大河阻碍甲、乙区域山鸡间的基因交流，自然选择使山鸡的基因频率发生定向改变，从而使基因库逐渐产生明显差异，最终导致生殖隔离.(3)生物进化的实质是种群基因频率的改变，分析表格数据可知，中长尾山鸡的B基因频率变化很大，所以明显进化的山鸡是中长尾山鸡.在1997年时，长尾山鸡A基因频率为40%，所以基因型为AA的占40%×40%＝16%，那么长尾山鸡中基因型为AA的个体数量为6 000×16%＝960(只).",13,13,第6章　生物的进化\第4节　协同进化与生物多样性的形成.doc,,,,,,,word补充习题一套_题目答案知识标注.xlsx
711,"14.现代生物进化理论以自然选择学说为核心，是达尔文自然选择学说的丰富、完善和发展.请回答下列与生物进化有关的问题:
(1)达尔文自然选择学说内容中，适应的来源是________________，而现代生物进化理论则认为________________________产生生物进化的原材料.
(2)现代生物进化理论认为从“基因频率的变化”到“新物种的形成”必须经过的环节是________________.
(3)长江凤鲚和珠江凤鲚是凤鲚的不同种群，科研工作者对长江凤鲚和珠江凤鲚两群体的某线粒体基因片段序列进行分析，结果显示，序列有44个变异位点，总变异率为11.5%，这些差异属于生物多样性中的________________层次.
(4)人类也是生物进化的产物，保护生物多样性就是保护人类自己，理由是_________________________________________________________
___________________________________________________________.",,(1)可遗传的变异　突变和基因重组　(2)隔离　(3)遗传多样性　(4)地球上包括人类在内的所有生物都是在相互依存、相互制约中生存和发展的，人类的生存和发展始终受益于生物多样性,"答案　(1)可遗传的变异　突变和基因重组　(2)隔离　(3)遗传多样性　(4)地球上包括人类在内的所有生物都是在相互依存、相互制约中生存和发展的，人类的生存和发展始终受益于生物多样性
解析　(1)达尔文提出的自然选择学说认为，适应的来源是可遗传的变异.现代生物进化理论认为，突变和基因重组产生进化的原材料.(2)隔离是物种形成的必要条件.(3)同一物种的同一基因有多种变异位点，这些差异属于生物多样性中的遗传多样性层次.(4)地球上包括人类在内的所有生物都是在相互依存、相互制约中生存和发展的，人类的生存和发展始终受益于生物多样性，保护生物多样性就是保护人类自己.",13,13,第6章　生物的进化\第4节　协同进化与生物多样性的形成.doc,,,,,,,word补充习题一套_题目答案知识标注.xlsx
712,1.在19世纪中叶以前，英国曼彻斯特地区的桦尺蛾几乎都是浅色型(s)的，随着工业的发展，工厂排出的煤烟逐渐将树皮熏成黑褐色，到了20世纪中叶，黑色型(S)的桦尺蛾成了常见类型.下列与此相关的叙述正确的是(　　),"A.自然选择的方向发生了改变，所以自然选择是不定向的
B.桦尺蛾种群进化过程中接受选择的是各种基因型的个体
C.该地区桦尺蛾种群进化过程中Ss的基因型频率不会改变
D.长时间的环境污染导致s基因定向突变成S基因",B,"答案　B
解析　自然选择是定向的，A错误；自然选择直接作用于表型，选择的是各种基因型的个体，B正确；基因型为Ss的个体对应的表型为黑色，适应环境，通过选择，其基因型频率增加，C错误；基因突变是不定向的，D错误.",11,11,第6章　生物的进化\重难突破6　生物进化与新物种形成.doc,,,,,,,word补充习题一套_题目答案知识标注.xlsx
713,2.下列关于生物进化与生物多样性的叙述，错误的是(　　),"A.不同物种之间、生物与无机环境之间协同进化导致生物多样性形成
B.捕食者的存在，有利于增加物种多样性
C.有性生殖的出现加快了生物进化的步伐
D.物种之间的协同进化都是通过物种之间的生存斗争实现的",D,"答案　D
解析　物种之间的协同进化不只是通过物种之间的生存斗争实现，物种之间的互利共生等关系也会实现协同进化，D错误.",13,13,第6章　生物的进化\重难突破6　生物进化与新物种形成.doc,,,,,,,word补充习题一套_题目答案知识标注.xlsx
714,3.若高速公路的修建将某种羚羊的栖息地分割成两块，并由此形成两个完全独立的种群.下列叙述正确的是 (　　),"A.高速公路的修建会诱导两个种群发生不同的变异
B.高速公路的修建将增大该羚羊的活动空间
C.许多年后，两个羚羊种群之间有可能产生生殖隔离
D.这两个种群的突变和基因重组对彼此的基因频率有影响",C,"答案　C
解析　变异是不定向的，且高速公路的修建不是诱导两个种群发生不同的变异的原因，A错误；高速公路的修建将减小该羚羊的活动空间，B错误；由于环境不同，通过自然选择，两个区域内的羚羊的基因频率不同，许多年后，两个羚羊种群之间有可能产生生殖隔离，C正确；这两个种群是独立的，它们的突变和基因重组对彼此的基因频率影响是互不干扰的，D错误.",11,11,第6章　生物的进化\重难突破6　生物进化与新物种形成.doc,,,,,,,word补充习题一套_题目答案知识标注.xlsx
715,4.若某种群中原本只存在基因型为Aa的个体，由于外界因素的改变，该种群被分割成甲、乙两个种群，如图表示分割后的两个种群中A基因的基因频率变化情况.下列叙述正确的是(　　),"A.T时刻甲、乙种群中杂合子的基因型频率相同
B.T时刻将甲、乙种群混合后，A基因的基因频率为0.5
C.甲、乙种群均未发生进化
D.环境通过对基因型的选择影响基因频率",A,"答案　A
解析　杂合子的基因型频率＝2×A基因的频率×a基因的频率，所以T时刻甲、乙种群中杂合子的基因型频率相同，A正确；由于甲、乙两个种群不一定一样大，所以不能判断混合后的种群基因频率，B错误；两个种群基因频率均有改变，故均发生了进化，C错误；环境通过对表型的选择影响基因频率，D错误.",11,11,第6章　生物的进化\重难突破6　生物进化与新物种形成.doc,,,,,,,word补充习题一套_题目答案知识标注.xlsx
716,5.下列关于生命起源与生物进化的叙述，错误的是(　　),"A.单细胞生物是地球上最早出现的生命形式
B.捕食者的捕食有利于被捕食者种群的发展
C.加拉帕戈斯群岛上不同种地雀的形成是它们之间相互选择、协同进化的结果
D.杂交育种过程中，汰劣留良的人工选择使种群的基因频率发生了定向改变",C,"答案　C
解析　加拉帕戈斯群岛上不同种地雀的形成，是分布到不同岛屿上的地雀种群适应不同岛屿环境的结果，而不是它们之间协同进化的结果，C错误.",13,13,第6章　生物的进化\重难突破6　生物进化与新物种形成.doc,,,,,,,word补充习题一套_题目答案知识标注.xlsx
717,6.无花果的隐头花序花托的顶端有一个很小的开孔，专有的、高度特化的榕小蜂雌蜂进入小孔后在花上产卵，雌蜂在花序上爬行时能进行传粉，无花果隐头花序是榕小蜂幼体唯一的栖息场所和食物来源.下列分析正确的是(　　),"A.榕小蜂特殊的生殖行为决定了无花果的变异方向
B.两者的依存关系是相互选择、协同进化的结果
C.花序的特化是无花果新物种形成的必要条件
D.两种生物所发生的可遗传的变异决定了进化的方向",B,"答案　B
解析　变异是不定向的，榕小蜂特殊的生殖行为只是起了选择作用；榕小蜂和无花果之间互利共生，两者的依存关系是相互选择、协同进化的结果；花序的特化并未产生生殖隔离，故不是新物种形成的必要条件；自然选择决定生物进化的方向.",13,13,第6章　生物的进化\重难突破6　生物进化与新物种形成.doc,,,,,,,word补充习题一套_题目答案知识标注.xlsx
718,7.澳洲某小岛上生活着两种棕榈科植物.研究认为:200万年前，它们的共同祖先迁移到该岛，一部分生活在pH较高的石灰岩上，开花较早；另一部分生活在pH较低的火山灰上，开花较晚.由于花期不同，不能相互受粉，经过长期演变，最终形成两个不同的物种.下列有关分析正确的是(　　),"A.花期不同阻止了基因交流，最终形成了生殖隔离
B.基因突变产生新的等位基因，导致种群基因频率定向改变
C.土壤酸碱度的选择作用，诱发个体产生不同的变异
D.若将这两种植物种植在相同环境中，它们一定能杂交产生可育后代",A,"答案　A
解析　根据题干信息，两种植物由于生活在不同pH条件下，开花期不同导致出现生殖隔离，因此土壤的酸碱度对生物起了选择作用，并不是诱发了生物变异，A正确、C错误；自然选择会导致基因频率的定向改变，从而引起生物进化，B错误；把这两种植物种植在相同环境中，一般不会产生可育后代，D错误.",12,12,第6章　生物的进化\重难突破6　生物进化与新物种形成.doc,,,,,,,word补充习题一套_题目答案知识标注.xlsx
719,8.如图所示是关于生物进化方面的证据.下列相关叙述，正确的是(　　),"A.图甲中四种地雀喙的差异是由于不同食物的刺激所致的不同变异
B.图乙中昆虫的两类翅形的形成是对环境的主动适应
C.图丙是两种体色的桦尺蛾，它们的性状分化是新物种形成的标志
D.图丁中捕食关系对两者都是有益的，捕食者的存在有利于增加物种多样性",D,"答案　D
解析　图甲中四种地雀喙的差异、图乙中昆虫的两类翅形的形成及图丙中两种体色的桦尺蛾都是自然选择作用的结果，新物种形成的标志是产生生殖隔离，而不是性状分化.",13,13,第6章　生物的进化\重难突破6　生物进化与新物种形成.doc,,,,,,,word补充习题一套_题目答案知识标注.xlsx
720,9.下列各项中，形成了新物种的是(　　),"A.二倍体西瓜经秋水仙素处理成为四倍体西瓜
B.母马与公驴交配产生不育的骡子
C.二倍体水稻花药离体培养获得的单倍体水稻
D.桦尺蛾种群中S的基因频率由95%变为5%",A,"答案　A
解析　二倍体西瓜经秋水仙素处理形成的四倍体西瓜可育，且与原西瓜有生殖隔离，是一个新物种，A正确；母马与公驴交配产生不育的骡子，骡子不是一个新物种，B错误；二倍体水稻花药离体培养获得的单倍体水稻不可育，不是新物种，C错误；桦尺蛾种群中S的基因频率由95%变为5%，只能说明有生物进化，不能说明产生了新物种，D错误.",11,11,第6章　生物的进化\重难突破6　生物进化与新物种形成.doc,,,,,,,word补充习题一套_题目答案知识标注.xlsx
721,10.江汉平原盛产油菜，科技人员非常注重油菜品种的选育.如图表示油菜的含油量随选择世代数的变化情况.选择育种对高含油量油菜品种的产生所起的作用是(　　),"A.定向诱导了控制含油量基因的自由组合过程
B.改变了控制产油的这对等位基因的总频率
C.改变了油菜的基因库，导致新物种的产生
D.淘汰了部分表型，使高含油量基因的基因频率增大",D,"答案　D
解析　基因的自由组合发生在减数分裂过程中，不是定向诱导的结果，A错误；控制产油的一对等位基因的总频率为1，是不变的，B错误；从每一代的变异个体中选育出含油量高的油菜品种进行繁殖培育，必然淘汰许多产油量低的类型，进而使高含油量基因的基因频率增大，改变了油菜的基因库，但不一定出现生殖隔离，因此不一定导致新物种的产生，C错误、D正确.",11,11,第6章　生物的进化\重难突破6　生物进化与新物种形成.doc,,,,,,,word补充习题一套_题目答案知识标注.xlsx
722,11.某种田鼠，已知等位基因T(长尾)和t(短尾)位于X染色体上，且带有Xt的精子与卵细胞结合后使受精卵致死.将长尾雄鼠与杂合长尾雌鼠杂交得到F1，再让F1相互交配得到F2.在理论上，下列推断错误的是(　　),"A.F2中，雌雄个体的数量比为1∶2
B.F2中，长尾∶短尾的数量比为5∶1
C.F2的雌性个体中，T基因频率∶t基因频率为3∶1
D.F2的雄性个体中，T基因频率∶t基因频率为3∶1",C,"答案　C
解析　据题意可知，长尾雄鼠的基因型为XTY，杂合长尾雌鼠的基因型为XTXt，杂交得到F1中，雌鼠为1/2XTXT、1/2XTXt，雄鼠为1/2XTY、1/2XtY，产生的雌配子有3/4XT、1/4Xt，雄配子有1/4XT、1/4Xt、1/2Y，因带有Xt的精子与卵细胞结合后使受精卵致死，导致有3/16XTXt和1/16XtXt的受精卵死亡，故F2中雌鼠只有1/2存活，雌雄鼠个体的数量比为1∶2，A正确；因F2中雌鼠的基因型及比例为3/12XTXT∶1/12XTXt，均为长尾，F2雄鼠的基因型及比例为6/12XTY(长尾)∶2/12XtY(短尾)，故长尾与短尾之比为(3/12＋1/12＋6/12)∶(2/12)＝5∶1，B正确；F2雌鼠中T的基因频率∶t的基因频率为(3×2＋1)∶1＝7∶1，C错误；F2雄鼠中T基因频率∶t基因频率为3∶1，D正确.",2,2,第6章　生物的进化\重难突破6　生物进化与新物种形成.doc,,,,,,,word补充习题一套_题目答案知识标注.xlsx
723,12.根据现代生物进化理论，下列关于协同进化的叙述，不正确的是 (　　),"A.不同物种之间、生物与无机环境之间都存在协同进化，从而导致生物多样性的形成
B.在自然选择过程中，黑色桦尺蛾与灰色桦尺蛾之间表现为协同进化
C.非洲野牛与狮子之间可通过种间竞争等实现协同进化
D.光合生物产生了氧气，而氧气也为好氧生物的出现创造了条件，这属于生物与环境之间的协同进化",B,"答案　B
解析　协同进化是指不同物种之间、生物与无机环境之间在相互影响中不断进化和发展.黑色桦尺蛾与灰色桦尺蛾为同一物种，二者之间不存在协同进化，B错误.",13,13,第6章　生物的进化\重难突破6　生物进化与新物种形成.doc,,,,,,,word补充习题一套_题目答案知识标注.xlsx
724,13.许多动物在不同季节数量有很大差异.春季繁殖，夏季数量增加到最多，到了冬季，由于寒冷、缺少食物等而大量死亡.第二年春季，残存的少量个体继续繁殖而使数量增多.因此形成一个如瓶颈样的模式(如图所示，●为抗药性个体)，其中瓶颈部分代表动物数量减少的时期.下列分析正确的是(　　),"A.突变和基因重组决定了该种群生物进化的方向
B.在图中所示的三年间，该生物种群进化形成了新物种
C.在使用杀虫剂防治害虫时，害虫抗药性基因的频率增加，说明害虫对环境进行了选择
D.在自然越冬无杀虫剂作用时，害虫中抗药性基因的频率下降，说明变异的有利或有害取决于环境的变化",D,"答案　D
解析　自然选择决定生物进化的方向，A错误；种群基因频率发生变化，生物并不一定进化成新物种，B错误；在使用杀虫剂防治害虫时，害虫抗药性基因的频率增加，说明环境对害虫进行了选择，C错误.",11,11,第6章　生物的进化\重难突破6　生物进化与新物种形成.doc,,,,,,,word补充习题一套_题目答案知识标注.xlsx
725,"14.中国女科学家屠呦呦获2015年诺贝尔生理学或医学奖，她发现的青蒿素挽救了数百万人的生命.现有一野生型青蒿种群，请分析回答:
(1)该青蒿种群含有大量可遗传的变异，其来源包括 ________、________、________，可为生物进化提供原材料.
(2)青蒿种群中花的白色和黄色是一对相对性状，其中白花植株抗病性弱易死亡且青蒿素含量低，则经多代培养之后，该种群是否发生进化？________，判断依据为_____________________________________________________
____________________________________________________.
(3)低温处理野生型青蒿(二倍体)可获得四倍体植株，低温的作用是________________________________.四倍体青蒿与野生型青蒿________(填“是”或“不是”)同一物种，原因是________________________________
_____________________________________________________________.",,(1)基因突变　基因重组　染色体变异　(2)是　在自然选择或人工选择的作用下，控制花色的基因频率会发生改变　(3)抑制纺锤体的形成，使细胞中染色体数目加倍　不是　其杂交后代不可育,"答案　(1)基因突变　基因重组　染色体变异　(2)是　在自然选择或人工选择的作用下，控制花色的基因频率会发生改变　(3)抑制纺锤体的形成，使细胞中染色体数目加倍　不是　其杂交后代不可育
解析　(1)可遗传变异的来源包括基因突变、基因重组和染色体变异，其可为生物进化提供原材料.(2)生物进化的实质是种群基因频率的改变，在自然选择或人工选择的作用下，控制花色的基因频率会发生改变，所以经多代培养之后，该种群发生了进化.(3)低温的作用是抑制纺锤体的形成，使细胞中染色体数目加倍，将野生型二倍体青蒿变成四倍体植株.四倍体青蒿与野生型青蒿杂交后代为三倍体，其减数分裂时染色体联会紊乱，不能产生正常的配子，所以不育，因而四倍体青蒿与野生型青蒿不是同一物种.",11,11,第6章　生物的进化\重难突破6　生物进化与新物种形成.doc,,,,,,,word补充习题一套_题目答案知识标注.xlsx
726,1.下列有关适应的叙述，错误的是(　　),"A.达尔文认为适应的来源是生存斗争，适应是自然选择的结果
B.适应不仅指生物对环境的适应，也包括生物的结构与功能相适应
C.适应的相对性与环境条件的不断变化有关
D.适应是普遍存在的，生物都具有适应环境的特征",A,"答案　A
解析　达尔文认为适应的来源是可遗传的变异，适应是自然选择的结果，A错误；适应不仅指生物对环境的适应，也包括生物的结构与功能相适应，B正确；适应的相对性与环境条件的不断变化有关，C正确；适应是普遍存在的，生物都具有适应环境的特征，D正确.",11,11,第6章　生物的进化\阶段检测卷(六).doc,,,,,,,word补充习题一套_题目答案知识标注.xlsx
727,2.某经常刮大风的海岛上生活着一群昆虫，经调查该昆虫群体中翅的长度和个体数的关系如图中曲线所示.下列叙述正确的是(　　),"A.大风导致昆虫发生了变异
B.上述现象说明自然选择是不定向的
C.只有长翅个体能适应该海岛的环境
D.大风对昆虫翅的性状进行了选择",D,"答案　D
解析　该种昆虫不同翅长的变异是基因突变的结果，不是大风导致的，A错误；自然选择是定向的，B错误；由曲线可知，长翅和短翅个体较多，中翅个体较少，说明长翅和短翅个体能适应该海岛的环境，C错误；大风对昆虫翅的性状进行了自然选择，D正确.",11,11,第6章　生物的进化\阶段检测卷(六).doc,,,,,,,word补充习题一套_题目答案知识标注.xlsx
728,3.枯叶蝶在飞行时身体呈鲜艳的黄色，便于吸引异性，降落后的体态和体色像一片枯叶.下列关于枯叶蝶进化过程的叙述，错误的是(　　),"A.枯叶蝶的体色和体态是进化过程中形成的一种保护性适应
B.为了应对敌害，枯叶蝶产生了体色随环境变化的定向变异
C.在进化过程中，敌害对枯叶蝶的变异起到了选择作用
D.在进化过程中，枯叶蝶也能产生不利于应对敌害的变异",B,"答案　B
解析　枯叶蝶在进化过程中把体色和体态变得接近环境是一种适应环境的自我保护，A正确；生物的变异是不定向的，环境(如敌害)对枯叶蝶的体色起到了定向选择作用，使其能够躲避敌害，生存下来，B错误，C正确；生物的变异是不定向的，既可以产生应对敌害的有利变异，也可以产生不利于应对敌害的变异，D正确.",0,0,第6章　生物的进化\阶段检测卷(六).doc,,,,,,,word补充习题一套_题目答案知识标注.xlsx
729,4.下列关于生物化石的叙述，不正确的是(　　),"A.越古老的地层中，形成化石的生物越简单、越低等
B.生物化石都是由生物体的坚硬部分形成的
C.生物化石为研究生物进化提供了最直接、最重要的证据
D.赫氏近鸟龙化石的发现，为鸟类起源于爬行类提供了证据",B,"答案　B
解析　研究发现，越是古老的地层中，发掘的生物化石越简单、越低等，A正确；化石是指通过自然作用保存在地层中的古代生物的遗体、遗物或生活痕迹等，不仅仅是生物体的坚硬部分形成的，B错误；生物化石为研究生物进化提供了最直接、最重要的证据，C正确；赫氏近鸟龙化石的发现，为鸟类起源于爬行类提供了证据，D正确.",12,12,第6章　生物的进化\阶段检测卷(六).doc,,,,,,,word补充习题一套_题目答案知识标注.xlsx
730,5.下列关于证明生物进化证据的论述，正确的是 (　　),"A.化石是保存在地层中的古地质年代的动植物的遗体，是研究生物进化的直接证据
B.蝙蝠的翼和人的手的结构的相似性可以说明两种生物是由共同祖先演化而来的
C.比较人和其他脊椎动物的胚胎发育过程可知人和其他脊椎动物之间存在血缘关系
D.现存的不同生物之间亲缘关系越近，其DNA序列和蛋白质中氨基酸序列相似度越高",D,"答案　D
解析　化石是指通过自然作用保存在地层中的古代生物的遗体、遗物或生活痕迹；蝙蝠的翼和人的上肢是同源器官；比较人和其他脊椎动物的胚胎发育过程可知人和其他脊椎动物之间存在亲缘关系；现存的不同生物之间亲缘关系越近，其DNA序列和蛋白质中氨基酸序列相似度越高.",12,12,第6章　生物的进化\阶段检测卷(六).doc,,,,,,,word补充习题一套_题目答案知识标注.xlsx
731,6.下列关于生物适应性的叙述，错误的是 (　　),"A.生物的适应性可以理解为生物的形态结构适合于完成一定的功能
B.仙人掌的叶退化成针形是对干旱环境的适应
C.生物能够适应环境，但是对环境的适应具有相对性
D.生物的适应具有普遍性，只要生物具有某种适应性特征，就能长期生存和繁衍",D,"答案　D
解析　每种生物的适应都不是绝对的、完全的，只是一定程度上的适应，环境条件的不断变化对生物的适应性有很大的影响，所以生物具有某种适应性特征，不一定能长期生存和繁衍，D错误.",0,0,第6章　生物的进化\阶段检测卷(六).doc,,,,,,,word补充习题一套_题目答案知识标注.xlsx
732,7.下列关于自然界中物种形成的有关因素，正确的是(　　),"A.物种的形成都必须先经过长期的地理隔离
B.物种的形成有的不需要经过隔离
C.地理隔离标志着新物种的产生
D.物种的形成都需要经过生殖隔离",D,"答案　D
解析　物种的形成不一定经过地理隔离，如由于高山气候形成的多倍体植物，A错误；隔离是物种形成的必要条件，B错误；物种形成不一定经过地理隔离，但是一定要经过生殖隔离，生殖隔离形成才标志着新物种形成，C错误，D正确.",11,11,第6章　生物的进化\阶段检测卷(六).doc,,,,,,,word补充习题一套_题目答案知识标注.xlsx
733,8.下图中，a、b、c表示自然条件有差异、存在地理隔离的3个地区，a地区物种甲某些个体迁移到b、c地区，经长期进化逐渐形成两个新物种乙、丙.下列叙述正确的是(　　),"A.上述过程说明地理隔离是新物种形成的标志
B.留居a地区甲种群的基因频率不再发生改变
C.乙、丙两个种群间不能进行基因交流，它们的基因库存在较大差异
D.甲、乙两个种群间存在生殖隔离，它们的基因库组成完全不同",C,"答案　C
解析　生殖隔离是新物种形成的标志，A错误；留居在a地区的甲种群的基因频率因为 自然选择、突变等因素也会发生改变，B错误；乙、丙两种群的基因库存在较大差异，不能进行基因交流，C正确；甲、乙是两个不同的物种，它们之间存在生殖隔离，两种群的基因库有较大差异，并不是完全不同，D错误.",11,11,第6章　生物的进化\阶段检测卷(六).doc,,,,,,,word补充习题一套_题目答案知识标注.xlsx
734,9.许多年前，某大峡谷中的松鼠被一条河流分隔成两个种群，两个种群现在已经发生了明显的分化，过程如图所示，下列相关说法正确的是(　　),"A.地球上新物种的形成都必须先经历a过程
B.b过程的实质是定向改变种群的基因频率
C.①～⑥只能表示物种形成过程中基因突变是不定向的
D.品系1和品系2种群基因库出现了较大差异，立刻形成物种1和物种2",B,"答案　B
解析　图中a过程表示地理隔离，可以阻断基因的交流，新物种的形成不一定非要经历地理隔离，A错误；b过程表示自然选择，它可以使种群的基因频率发生定向改变，B正确；①～⑥表示变异，包括基因突变、基因重组和染色体变异，变异是不定向的，为生物的进化提供了原材料，C错误；品系1和品系2种群基因库出现了较大差异，当两者出现生殖隔离才会导致新物种的形成，D错误.",11,11,第6章　生物的进化\阶段检测卷(六).doc,,,,,,,word补充习题一套_题目答案知识标注.xlsx
735,10.科学家对某地一种蟹的体色深浅进行了研究，结果如图所示.下列有关叙述正确的是(　　),"A.此地各种蟹的全部个体所含的全部基因是该种群的基因库
B.蟹种群内基因频率发生改变的偶然性随种群数量的下降而减少
C.蟹种群进化的实质是种群基因型频率的改变
D.中间体色个体数目最多说明中间体色可能与环境色彩较接近，更适应环境",D,"答案　D
解析　此地各种蟹不是同一物种，各种蟹的全部个体不是一个种群，A错误；蟹种群内基因频率发生改变的偶然性随种群数量的下降而增加，B错误；种群进化的实质是种群基因频率的改变，不是种群基因型频率的改变，C错误；中间体色个体数目最多说明中间体色可能与环境色彩较接近，更适应环境，这样的个体不容易被捕食者发现，生存并繁殖后代的机会较多，经过长期的自然选择，导致中间体色个体较多，D正确.",11,11,第6章　生物的进化\阶段检测卷(六).doc,,,,,,,word补充习题一套_题目答案知识标注.xlsx
736,11.某一野生动物种群的栖息场所被两条交叉的高速公路分割成4块，由此形成4个完全独立的种群.下列相关叙述正确的是(　　),"A.这4个种群的突变和基因重组对彼此的基因频率有影响
B.个体的迁入和迁出、出生和死亡对该种群的基因频率没有影响
C.高速公路的开通会诱导4个种群发生不同的变异及进化
D.自然选择通过作用于个体从而引起种群基因频率的改变",D,"答案　D
解析　不同的完全独立的种群所形成的基因库必然是互相不能沟通的，4个独立的、互不干扰的种群各自因突变和基因重组导致基因频率的改变是互不相关的，A错误；基因频率是一个种群基因库中，某个基因占全部等位基因数的比值，如果某种群的个体数因各种原因而改变，则必然影响种群基因库中某些基因的个数和其全部等位基因的个数，所以个体的迁入和迁出、出生和死亡对该种群的基因频率有影响，B错误；4个种群发生的变异具有不定向性，且高速公路的开通与否也不是诱导种群发生变异的因素，高速公路的开通只是引起不同种群的环境发生改变，改变的环境对种群起到选择的作用，自然选择决定着生物进化的方向，C错误；自然选择通过作用于个体的表型从而引起种群基因频率的改变，D正确.",11,11,第6章　生物的进化\阶段检测卷(六).doc,,,,,,,word补充习题一套_题目答案知识标注.xlsx
737,12.如图为太平洋岛屿鸟类的分布情况，甲岛分布着S、L两种鸟，乙岛的鸟类是S鸟的迁移后代，下列相关叙述错误的是(　　),"A.甲岛所有的鸟类称为一个种群
B.可遗传变异为乙岛鸟类进化提供了可能
C.乙岛的鸟类与S鸟可能具有生殖隔离
D.甲、乙岛的自然条件决定了鸟类的进化方向",A,"答案　A
解析　种群是指生活在一定区域的同种生物全部个体的集合，甲岛分布着S、L两种鸟，因此甲岛所有的鸟类不能称为一个种群，A错误；可遗传变异包括基因突变、基因重组和染色体变异，为生物进化提供原材料，B正确；乙岛的鸟类是S鸟的迁移后代，由于两个岛的环境不同，乙岛的鸟类可能与甲岛的S鸟产生生殖隔离，C正确；自然选择决定生物进化的方向，D正确.",11,11,第6章　生物的进化\阶段检测卷(六).doc,,,,,,,word补充习题一套_题目答案知识标注.xlsx
738,13.物种是生物分类的基本单位，下列各项培育过程所产生的个体属于新物种的是(　　),"A.非洲黑皮肤人与亚洲黄皮肤人结婚生下的混血儿
B.马与驴交配产生的骡子
C.二倍体水稻的花药离体培养获得的单倍体水稻
D.二倍体西瓜经秋水仙素处理成为四倍体西瓜",D,"答案　D
解析　 非洲黑皮肤人与亚洲黄皮肤人结婚生下的混血儿是可育的，与黑皮肤或黄皮肤的个体未产生生殖隔离，不属于新物种的形成，A错误；马与驴交配产生的骡子是不育的，所以骡子不是新物种，B错误；二倍体水稻的花药离体培养获得的单倍体水稻是高度不育的，不属于新物种，C错误；二倍体西瓜经秋水仙素处理成为的四倍体西瓜是可育的，且四倍体与二倍体杂交形成的三倍体是不育的，即二倍体和四倍体之间产生了生殖隔离，所以四倍体西瓜属于新物种，D正确.",8,8,第6章　生物的进化\阶段检测卷(六).doc,,,,,,,word补充习题一套_题目答案知识标注.xlsx
739,14.下列有关基因频率与生物进化的叙述，正确的是(　　),"A.基因频率的改变在世代间具有连续性
B.基因突变可使基因频率发生定向改变
C.生物发生进化，各基因型的频率均改变
D.基因频率的改变仅与环境的变化有关",A,"答案　A
解析　在环境的持续作用下，种群中基因频率的改变在世代间具有连续性，导致生物不断进化，A正确；基因突变是不定向的，在自然选择的作用下，种群的基因频率会发生定向改变，B错误；生物进化的实质是种群基因频率的改变，某基因型的频率不一定改变，C错误；除环境变化外，种群基因频率的改变还与突变和迁入、迁出等有关，D错误.",11,11,第6章　生物的进化\阶段检测卷(六).doc,,,,,,,word补充习题一套_题目答案知识标注.xlsx
740,15.兔的脂肪白色(F)对淡黄色(f)为显性，由常染色体上一对等位基因控制.某兔群由500只纯合白色脂肪兔和1 500只淡黄色脂肪兔组成，F、f的基因频率分别是(　　),"A.15%、85% B.25%、75%
C.35%、65% D.45%、55%",B,"答案　B
解析　依据题干可知，兔群由500只纯合白色脂肪兔(FF)和1 500只淡黄色脂肪兔(ff)组成，则F的基因频率为×100%＝25%，f的基因频率为1－25%＝75%，故选B.",11,11,第6章　生物的进化\阶段检测卷(六).doc,,,,,,,word补充习题一套_题目答案知识标注.xlsx
741,16.金鱼系野生鲫鱼经长期人工选育而成，是中国古代劳动人民智慧的结晶.现有形态多样、品种繁多的金鱼品系.自然状态下，金鱼能与野生鲫鱼杂交产生可育后代.下列叙述错误的是(　　),"A.金鱼与野生鲫鱼属于同一物种
B.人工选择使鲫鱼发生变异，产生多种形态
C.鲫鱼进化成金鱼的过程中，有基因频率的改变
D.人类的喜好影响了金鱼的进化方向",B,"答案　B
解析　金鱼能与野生鲫鱼杂交产生可育后代，因此二者属于同一物种，A正确；鲫鱼的变异是随机的、不定向的，并不是人工选择使之发生变异，B错误；生物进化的实质是种群基因频率发生改变，C正确；人类的喜好决定了人工选择的方向，所以也影响了金鱼的进化方向，D正确.",11,11,第6章　生物的进化\阶段检测卷(六).doc,,,,,,,word补充习题一套_题目答案知识标注.xlsx
742,17.有关生物多样性和进化的叙述，正确的是(　　),"A.长期自然选择和协同进化导致生物多样性的形成
B.协同进化是指不同物种之间在相互影响中不断进化和发展
C.不同的物种及其所包含的基因共同构成了生物多样性
D.基因重组是生物变异的根本来源，并加速了生物进化",A,"答案　A
解析　长期自然选择和协同进化导致生物多样性的形成，A正确；协同进化是指不同物种之间、生物与无机环境之间在相互影响中不断进化和发展，B错误；生物多样性包括遗传多样性、物种多样性和生态系统多样性三个层次，C错误；基因突变是生物变异的根本来源，基因重组只是生物变异的来源之一，D错误.",13,13,第6章　生物的进化\阶段检测卷(六).doc,,,,,,,word补充习题一套_题目答案知识标注.xlsx
743,18.下图表示生物多样性的形成过程，下列说法错误的是(　　),"A.图中P决定生物进化的方向
B.生物多样性主要包括遗传多样性、物种多样性和生态系统多样性
C.图中R表示生殖隔离，它是新物种形成的标志
D.若两个动物交配后产生后代，则它们一定属于同一物种",D,"答案　D
解析　图中P表示自然选择，自然选择决定生物进化的方向，A正确；生物多样性主要包括遗传(基因)多样性、物种多样性和生态系统多样性，B正确；图中R表示生殖隔离，生殖隔离是新物种形成的标志，C正确；若两个动物能自由交配且交配后能产生可育后代，则它们属于同一物种；若两个动物交配后能产生后代，但后代不育，则它们不属于同一物种，如马和驴，D错误.",13,13,第6章　生物的进化\阶段检测卷(六).doc,,,,,,,word补充习题一套_题目答案知识标注.xlsx
744,19.非洲山地大猩猩以蕨类植物作为部分食物，数万年来，当地蕨类植物中有毒物质含量逐渐增加，非洲山地大猩猩的解毒能力也明显增强.下列有关分析正确的是(　　),"A.非洲山地大猩猩和蕨类植物之间存在协同进化
B.取食蕨类植物的大猩猩和不取食蕨类植物的大猩猩间存在生殖隔离
C.蕨类植物中有毒物质含量低的变异不能为进化提供原材料
D.多种变异类型蕨类植物的出现，仅体现了物种多样性",A,"答案　A
解析　协同进化是指不同物种之间、生物与无机环境之间在相互影响中不断进化和发展，蕨类植物的有毒物质含量增加，非洲山地大猩猩的解毒能力增强，说明非洲山地大猩猩和蕨类植物之间存在协同进化，A正确；取食蕨类植物的大猩猩和不取食蕨类植物的大猩猩可能是同一物种，不存在生殖隔离，B错误；生物的有利变异和不利变异均能为进化提供原材料，C错误；多种变异类型蕨类植物的出现，体现了遗传多样性或物种多样性，D错误.",13,13,第6章　生物的进化\阶段检测卷(六).doc,,,,,,,word补充习题一套_题目答案知识标注.xlsx
745,20.蜜蜂采蜜时，口器伸入鼠尾草的花筒中，头部推动鼠尾草“丁”字形雄蕊，花粉落在头部(如图所示).鼠尾草雄蕊先成熟，蜜蜂采蜜后飞出时，不会导致同一朵花的雌蕊受粉.等到雄蕊凋谢后雌蕊成熟，其他蜜蜂再来采蜜时，雌蕊的柱头恰好能接触到蜜蜂头部，巧妙地接受了其他花的花粉而受精.下列相关叙述正确的是 (　　),"A.蜜蜂取食花蜜的细长口器是适应环境产生的定向变异
B.“丁”字形雄蕊结构是鼠尾草新物种形成的必要条件
C.雌、雄花蕊成熟时间不同不利于遗传多样性的形成
D.鼠尾草与蜜蜂相互适应、协同进化",D,"答案　D
解析　蜜蜂的口器是不定向突变造成的，在长期的自然选择中适合取食花蜜的长口器个体被保留，A错误；物种产生的必要条件是隔离，B错误；一朵花的雌蕊和雄蕊成熟时间不同，可以避免自花受粉，增加了异花受粉的概率，有利于遗传多样性的形成，C错误；蜜蜂自身的特点适应鼠尾草特殊的“丁”字形雄蕊，鼠尾草为蜜蜂提供了花蜜，而蜜蜂又为鼠尾草进行了传粉，故它们之间相互适应、协同进化，D正确.
二、非选择题(每题10分，共40分)",13,13,第6章　生物的进化\阶段检测卷(六).doc,,,,,,,word补充习题一套_题目答案知识标注.xlsx
746,"21.共同由来学说是达尔文的生物进化论中的内容之一，化石是支持共同由来学说的重要证据.请回答下列有关问题:
(1)化石是指通过自然作用保存在地层中的古代生物的________________等.
(2)2009年，我国科学家在辽宁省建昌县发现了完整的赫氏近鸟龙化石，其身体骨架与恐龙非常接近，但其骨架周围有清晰的羽毛印痕，显示其后肢和尾部都有飞羽；后肢发达，显示其善跑而不善飞.科学家认为这一化石为鸟类起源于恐龙的假说提供了有力的证据，作出此判断的理由是________________________________________.318万年前的少女露西的骨骼化石表明其上肢骨的结构与黑猩猩的相似，适于攀缘，下肢骨与现代人类的接近，适于直立行走，这一证据支持________________________的假说.更多的化石证据证实了生物是由________________________经过漫长的地质年代逐渐进化而来的，而且揭示出生物由简单到复杂、________、________的进化顺序.",,(1)遗体、遗物或生活痕迹　(2)赫氏近鸟龙既具有恐龙的特征，也具有鸟类的特征　人和黑猩猩可能有共同的祖先　原始的共同祖先　由低等到高等　由水生到陆生(两空顺序可颠倒),"答案　(1)遗体、遗物或生活痕迹　(2)赫氏近鸟龙既具有恐龙的特征，也具有鸟类的特征　人和黑猩猩可能有共同的祖先　原始的共同祖先　由低等到高等　由水生到陆生(两空顺序可颠倒)
解析　(1)化石是指通过自然作用保存在地层中的古代生物的遗体、遗物或生活痕迹等.(2)赫氏近鸟龙化石显示赫氏近鸟龙属于恐龙和鸟类的过渡类型，既具有恐龙的特征，也具有鸟类的特征，因此科学家认为这一化石为鸟类起源于恐龙的假说提供了有力证据.318万年前的少女露西的骨骼化石表明其上肢骨结构与黑猩猩的相似，下肢骨结构与现代人的接近，证明人和黑猩猩可能有共同的祖先.更多的化石证据证实了生物是由原始的共同祖先经过漫长的地质年代逐渐进化而来的，而且揭示出生物由简单到复杂、由低等到高等、由水生到陆生的进化顺序.",12,12,第6章　生物的进化\阶段检测卷(六).doc,,,,,,,word补充习题一套_题目答案知识标注.xlsx
747,"22.达尔文的自然选择学说对生物的进化和适应的形成作出了合理的解释.如图是自然选择学说的解释模型，请回答下列有关问题:
(1)图中①②③分别是指_________________________________________.
(2)该模型能较好地解释长颈鹿适应特征的形成:长颈鹿的祖先主要以树叶为食，在干旱季节里，偶尔出现了颈长的变异，这种可遗传的变异对个体的生存和繁殖是有积极意义的，原因在于________________.经过若干代繁殖，长颈鹿中颈长的个体的比例会________.
(3)依据达尔文的自然选择学说理论，适应的来源是________，适应是________的结果.",,(1)过度繁殖、生存斗争、有利变异　(2)颈长的个体能够吃到高处的树叶，留下后代的机会多　逐渐增加　 (3)可遗传的变异　自然选择,"答案　(1)过度繁殖、生存斗争、有利变异　(2)颈长的个体能够吃到高处的树叶，留下后代的机会多　逐渐增加　 (3)可遗传的变异　自然选择
解析　(1)由题可知，生物都有过度繁殖的倾向；个体之间存在着生存斗争；具有有利变异的个体，生存并留下后代的机会多.(2)在干旱、缺少食物的季节里，颈长的变异对个体的生存和繁殖是有积极意义的，原因在于颈长的个体能够吃到高处的树叶，留下 后代的机会多.经过若干代繁殖，长颈鹿中颈长的个体的比例会逐渐增加.(3)依据达尔文的自然选择学说理论，适应的来源是可遗传的变异，适应是自然选择的结果.",11,11,第6章　生物的进化\阶段检测卷(六).doc,,,,,,,word补充习题一套_题目答案知识标注.xlsx
748,"23.如图是新物种形成的基本过程，请回答下列问题:
(1)种群是指_______________________________________；
物种是指_______________________________________________.
(2)图中A、B、C分别表示________________、________________、________________.据图分析可知，________是物种形成的必要条件.
(3)在讨论种群中基因频率变化的过程中，若满足:①种群中个体数量足够多；②种群个体间的交配是随机的；③________________；④没有发生迁入和迁出；⑤________________，则该种群的基因频率不会发生变化.若某昆虫决定眼色为红色的基因是A，决定眼色为白色的基因是a，某人为组成的昆虫种群中基因型为AA、aa的个体分别占90% 和10%，在满足上述条件的前提下，F2中A的基因频率和aa的基因型频率分别是________.",,(1)生活在一定区域的同种生物全部个体的集合　能够在自然状态下相互交配并且产生可育后代的一群生物　(2)突变和基因重组　地理隔离　生殖隔离　隔离　(3)没有发生突变　不同个体生存和繁殖的机会均等(前两空顺序可颠倒)　90%、1%,"答案　(1)生活在一定区域的同种生物全部个体的集合　能够在自然状态下相互交配并且产生可育后代的一群生物　(2)突变和基因重组　地理隔离　生殖隔离　隔离　(3)没有发生突变　不同个体生存和繁殖的机会均等(前两空顺序可颠倒)　90%、1%
解析　(1)种群是指生活在一定区域的同种生物全部个体的集合；物种是指能够在自然状态下相互交配并且产生可育后代的一群生物.(2)据图分析，A表示突变和基因重组，是不定向的，自然选择是定向的，可改变种群基因频率，经长期的地理隔离(B)，使种群基因库差别不断扩大，导致种群间出现生殖隔离(C)，标志着新物种形成.可见，隔离是物种形成的必要条件.(3)在讨论种群中基因频率变化的过程中，若满足:①种群中个体数量足够多；②种群个体间的交配是随机的；③没有发生突变；④没有迁入和迁出；⑤不同个体生存和繁殖的机会均等，则该种群的基因频率不会发生变化.某人为组成的昆虫种群中，基因型为AA、aa的个体分别占90%和10%，则亲本中a的基因频率为10%，A的基因频率为90%，由于符合题中所述的各条件，根据遗传平衡公式，F2中A的基因频率为90%，a的基因频率为10%，aa的基因型频率＝a2＝1%.",11,11,第6章　生物的进化\阶段检测卷(六).doc,,,,,,,word补充习题一套_题目答案知识标注.xlsx
749,"24.2021年7月7日，中国生态环境部正式宣布我国大熊猫受威胁程度等级由濒危降为易危，引起了人们的广泛关注.请回答下列有关生物多样性的问题:
(1)大熊猫的祖先是杂食性动物，现在的大熊猫主要以竹子为食，食性的改变与环境变化有关，说明生物与环境之间存在协同进化.协同进化是指______________________________________________________________，
协同进化在自然界普遍存在，试举出两例:
__________________________________________________________________________________.
(2)保护生物多样性需要从________________________三个层次进行.有人认为，大熊猫的濒危是自然选择的结果，我国对大熊猫进行保护，会干扰自然界正常的自然选择，你是否同意该观点？请给出相应的理由:__________________________________________.
(3)美国生态学家斯坦利提出了“收割理论”.该理论认为，捕食者往往捕食个体数量多的物种，这样就会避免出现一种或少数几种生物在生态系统中占绝对优势的局面，为其他物种的形成腾出空间.可见，捕食者的存在____________________
_________________________________________________.",,(1)不同物种之间、生物与无机环境之间在相互影响中不断进化和发展　长着细长花距的兰花和细长口器的昆虫、善于奔跑的羚羊和猎豹　(2)遗传(基因)、物种和生态系统　不同意，大熊猫的濒危在很大程度上是人为因素造成的，保护大熊猫是在弥补我们对自然界的过失,"答案　(1)不同物种之间、生物与无机环境之间在相互影响中不断进化和发展　长着细长花距的兰花和细长口器的昆虫、善于奔跑的羚羊和猎豹　(2)遗传(基因)、物种和生态系统　不同意，大熊猫的濒危在很大程度上是人为因素造成的，保护大熊猫是在弥补我们对自然界的过失
(3)有利于增加物种多样性
解析　(1)协同进化是指不同物种之间、生物与无机环境之间在相互影响中不断进化和发展.自然界中协同进化的例子有很多，如长着细长花距的兰花和细长口器的昆虫、善于奔跑的羚羊和猎豹等.(2)保护生物多样性需要从遗传(基因)、物种和生态系统三个层次进行.我国对大熊猫进行保护，不会干扰自然界正常的自然选择，理由是大熊猫的濒危在很大程度上是人为因素造成的.保护大熊猫是在弥补我们对自然界的过失.(3)“收割理论”认为，捕食者往往捕食个体数量多的物种，这样就会避免出现一种或少数几种生物在生态系统中占绝对优势的局面，为其他物种的形成腾出空间，可见，捕食者的存在有利于增加物种多样性.",13,13,第6章　生物的进化\阶段检测卷(六).doc,,,,,,,word补充习题一套_题目答案知识标注.xlsx
750,【例1】减数分裂和受精作用保证了生物前后代染色体数目的恒定，维持了生物遗传的稳定性，对于生物的遗传和变异具有重要意义.下列有关说法不正确的是（　　）,"A.受精过程使卵细胞较未受精时活跃
B.有性生殖产生配子的种类多样化有利于生物的进化
C.基因的分离定律和自由组合定律均发生在减数第一次分裂后期
D.细胞中一条来自父方一条来自母方的两条染色体就是同源染色体",D,"【答案】D
【分析】1、减数分裂是进行有性生殖的生物在产生成熟生殖细胞时，进行的染色体数目减半的细胞分裂.在减数分裂的过程，染色体只复制一次，而细胞分裂两次.
2、受精作用的实质是:精子的细胞核与卵细胞的细胞核融合，使彼此的染色体会合在一起.
【详解】A、受精过程使卵细胞较未受精时活跃，A正确；
B、有性生殖产生配子的种类多样化产生更多可遗传变异，有利于生物的进化，B正确；
C、基因的分离定律和自由组合定律实质是同源染色体分离非同源染色体自由组合，均发生在减数第一次分裂后期，C正确；
D、大小、形态相同，一条来自父方一条来自母方的两条染色体是同源染色体，D错误.
故选D.",1,1,高中生物考点题型突破——专题08 减数分裂和受精作用（5大题型）（解析版）,专题08,,,,,,专题08-11_Word题目答案知识标注_修正版.xlsx
751,【变式1-1】下图是细胞分裂过程中的一个示意图（不考虑变异，不考虑细胞大小、形状的变化），甲、乙为连续两次分裂的过程，下列相关叙述正确的是（　　）,"A.甲和乙过程中均发生了核DNA的半保留复制
B.甲肯定会发生染色体数目加倍或减半的变化
C.B、C细胞染色体数目和D、F细胞一定不同
D.甲、乙过程中细胞质可能都是不均等分配的",D,"【答案】D
【分析】1、有丝分裂前的间期:进行DNA的复制和有关蛋白质的合成；有丝分裂过程: （1）前期:核膜、核仁逐渐解体消失，出现纺锤体和染色体； （2）中期:染色体形态固定、数目清晰； （3）后期:着丝粒分裂，姐妹染色单体分开成为染色体，并均匀地移向两极； （4）末期:核膜、核仁重建、纺锤体和染色体消失.
2、减数第一次分裂前的间期:染色体的复制.减数分裂过程:（1）减数第一次分裂:①前期:联会；②中期:同源染色体成对的排列在赤道板上；③后期:同源染色体分离，非同源染色体自由组合；④末期:细胞质分裂.（2）减数第二次分裂过程:①前期:核膜、核仁逐渐解体消失，出现纺锤体和染色体；②中期:染色体形态固定、数目清晰；③后期:着丝粒分裂，姐妹染色单体分开成为染色体，并均匀地移向两极；④末期:核膜、核仁重建、纺锤体和染色体消失.
【详解】A、若该图表示连续两次有丝分裂，则甲、乙过程中均发生了核DNA的复制；若该图表示减数第一次分裂和减数第二次分裂，则乙过程中未发生核DNA的复制，A错误；
B、只有该图表示连续两次有丝分裂时，甲过程中才会发生染色体数目加倍的变化，B错误；
C、若该图表示连续两次有丝分裂，B、C细胞中染色体数目和D、F细胞中的相同，均为体细胞中染色体数目；若该图表示减数第一次分裂和减数第二次分裂，B、C细胞中染色体数目和D、F细胞中的相同，均为体细胞中染色体数目的一半，C错误；
D、若该图表示减数分裂形成卵细胞的过程，则甲过程中减数第一次分裂后期细胞质不均等分配，乙过程中减数第二次分裂时次级卵母细胞不均等分裂，D正确.
故选D.",1,1,高中生物考点题型突破——专题08 减数分裂和受精作用（5大题型）（解析版）,专题08,,,,,,专题08-11_Word题目答案知识标注_修正版.xlsx
752,【变式1-2】果蝇的体细胞有8条染色体（2n=8），某同学通过高倍显微镜观察某雄果蝇的细胞.下列有关叙述错误的是（ ）,"A.若某细胞只有4条染色体，则该细胞可能处于减数分裂Ⅱ的前期
B.若某细胞有4个四分体，则该细胞的名称可能是初级精母细胞
C.若某细胞有16条染色体，则该细胞中不存在姐妹染色单体
D.若某细胞有8条染色体，则该细胞不可能进行有丝分裂",D,"【答案】D
【分析】减数分裂过程:（1）分裂间期:染色体的复制；（2）减数分裂Ⅰ:①前期:联会，同源染色体上的非姐妹染色单体交叉互换；②中期:同源染色体成对的排列在赤道板上；③后期:同源染色体分离，非同源染色体自由组合.（3）减数分裂Ⅱ:①前期:核膜、核仁逐渐解体消失，出现纺锤体和染色体；②中期:染色体形态固定、数目清晰；③后期:着丝粒分裂，姐妹染色单体分开成为染色体，并均匀地移向两极.
【详解】A、果蝇的体细胞有8条染色体，若某细胞只有4条染色体，染色体数目减半，则该细胞不可处于有丝分裂，可能处于减数分裂Ⅱ的前期（或中期等），A正确；
B、四分体出现在减数分裂Ⅰ前期，若某细胞有4个四分体，则该细胞处于减数分裂Ⅰ前期，则该细胞的名称可能是初级精母细胞， B正确；
C、果蝇的体细胞有8条染色体，若某细胞有16条染色体，则该细胞处于有丝分裂后期，着丝粒已经分裂，该细胞中不存在姐妹染色单体，C正确；
D、若某细胞有8条染色体，则该细胞可能处于有丝分裂前期、中期或减数分裂Ⅰ或减数分裂Ⅱ后期，因此该细胞可能进行有丝分裂，D错误.
故选D.",1,1,高中生物考点题型突破——专题08 减数分裂和受精作用（5大题型）（解析版）,专题08,,,,,,专题08-11_Word题目答案知识标注_修正版.xlsx
753,【变式1-3】某二倍体动物处于不同时期的部分细胞如图所示.下列相关叙述正确的是（ ）,"A.甲细胞处于有丝分裂后期，含有4个四分体
B.乙含有一个染色体组
C.丙细胞不含同源染色体，分裂产生子细胞是精子
D.丁细胞正常分裂产生两个子细胞的基因型均为AaBb",D,"【答案】D
【分析】题图分析:甲图细胞着丝粒分裂，两极都含有同源染色体，为有丝分裂的后期；乙图细胞着丝粒分裂，不含同源染色体，为减数分裂Ⅱ后期；丙图细胞内染色体含有染色单体，着丝粒在赤道板上，无同源染色体，为减数分裂Ⅱ中期；丁图细胞内有同源染色体，着丝粒在赤道板上，为有丝分裂中期.
【详解】A、甲细胞着丝粒分裂，两极都含有同源染色体，为有丝分裂的后期，但同源染色体不会发生联会，因此不含四分体，A错误；
B、乙图细胞着丝粒分裂，不含同源染色体，为减数分裂Ⅱ后期，相同形态的染色体有2条，故含有2个染色体组，B错误；
C、丙细胞不含同源染色体，分裂产生的子细胞是精细胞或极体，若是精细胞，经过变形才能形成精子，C错误；
D、丁细胞内有同源染色体，着丝粒在赤道板上，为有丝分裂中期，产生的子细胞的基因组成是AaBb，D正确.
故选D.",1,1,高中生物考点题型突破——专题08 减数分裂和受精作用（5大题型）（解析版）,专题08,,,,,,专题08-11_Word题目答案知识标注_修正版.xlsx
754,【变式1-4】下列关于人体减数分裂和受精作用过程的叙述，错误的是（ ）,"A.减数分裂Ⅱ后期，同源染色体分离，导致染色单体消失
B.减数分裂前的间期，染色体复制使每条染色体上的DNA数目由1变为2
C.受精作用的实质是精子和卵细胞的细胞核相互融合
D.减数分裂和受精作用使同一双亲的后代呈现多样性",A,"【答案】A
【分析】1、受精作用是精子和卵细胞相互识别、融合成为受精卵的过程.精子的头部进入卵细胞，尾部留在外面，不久精子的细胞核就和卵细胞的细胞核融合，使受精卵中染色体的数目又恢复到体细胞的数目，其中有一半来自精子有一半来自卵细胞.
2、减数分裂使成熟生殖细胞中的染色体数目比原始生殖细胞减少一半，而受精作用使染色体数目又恢复到体细胞的数目.因此对于进行有性生殖的生物体来说，减数分裂和受精作用对于维持每种生物前后代体细胞中染色体数目的恒定，对于遗传和变异都很重要.
【详解】A、减数分裂Ⅰ后期，同源染色体分离，减数分裂Ⅱ后期，姐妹染色单体分离，导致染色单体消失，A错误；
B、减数分裂前的间期（S期），染色体复制使每条染色体上的DNA数目由1变为2，B正确；
C、受精作用的实质是精子和卵细胞的细胞核相互融合，C正确；
D、减数分裂可以形成多种类型的配子，再通过受精作用使得同一双亲的后代呈现多样性，D正确.
故选A.",1,1,高中生物考点题型突破——专题08 减数分裂和受精作用（5大题型）（解析版）,专题08,,,,,,专题08-11_Word题目答案知识标注_修正版.xlsx
755,"【变式1-5】下列关于减数分裂和受精作用的叙述，正确的是（ ）
①减数分裂的结果:染色体数目减半，DNA数目不变
②联会后染色体复制，形成四分体
③受精作用进行时，通常是精子的头部进入卵细胞，尾部也随之进入
④受精卵中的染色体一半来自父方、一半来自母方
⑤减数分裂和受精作用保证了前后代染色体数目的恒定",A.①②B.④⑤C.③⑤D.①⑤,B,"【答案】B
【分析】减数分裂使成熟生殖细胞中的染色体数目比原始生殖细胞减少一半，而受精作用使染色体数目又恢复到体细胞的数目.因此对于进行有性生殖的生物体来说，减数分裂和受精作用对于维持每种生物前后代体细胞中染色体数目的恒定，对于遗传和变异都很重要.
【详解】①减数分裂的结果:染色体数目减半，DNA数目也减半，①错误；
②减数分裂前的间期染色体复制，减数分裂Ⅰ前期，同源染色体联会，形成四分体，②错误；
③受精作用进行时，通常是精子的头部进入卵细胞，尾部留在外面，③错误；
④受精卵中的染色体一半来自父方、一半来自母方，④正确；
⑤减数分裂使成熟生殖细胞中的染色体数目比原始生殖细胞减少一半，而受精作用使染色体数目又恢复到体细胞的数目，因此经过减数分裂及受精作用，子代与亲代的染色体数目可以保持一致，⑤正确.
即B正确，ACD错误.
故选B.
02 配子类型和来源的分析",1,1,高中生物考点题型突破——专题08 减数分裂和受精作用（5大题型）（解析版）,专题08,,,,,,专题08-11_Word题目答案知识标注_修正版.xlsx
756,【例2】图1是某生物的一个初级精母细胞，图2是该生物的五个精细胞，正确的是（ ）,"A.图1中的染色体2由染色体1复制而来
B.②和⑤可能来自同一个次级精母细胞
C.②是同源染色体上的姐妹染色单体之间互换造成的
D.图1中a和b在减数分裂时自由组合",B,"【答案】B
【分析】分析题图:由图可知②中的那条长的染色体在减数分裂时发生了互换，在未交换前的染色体与④相同，则②④来自同一次级精母细胞.
【详解】A、图1中的1和2是一对同源染色体，不是同一条染色体复制而来的，A错误；
B、②⑤染色体基本完全相同，可以考虑同源染色体的非姐妹染色单体发生互换后形成的某个次级精母细胞分裂形成的，B正确；
C、②在形成过程中可能在减数分裂Ⅰ发生过同源染色体上的非姐妹染色单体之间的互换，C错误；
D、图1中a和b所在的染色体是同源染色体，在减数第一次分裂后期分离，不会发生自由组合，D错误.
故选B.",1,1,高中生物考点题型突破——专题08 减数分裂和受精作用（5大题型）（解析版）,专题08,,,,,,专题08-11_Word题目答案知识标注_修正版.xlsx
757,【变式2-1】如图为某雄性哺乳动物进行减数分裂时某时期的一对同源染色体示意图.下列叙述错误的是（ ）,"A.该现象出现在减数分裂前期Ⅰ
B.图中含有8条脱氧核苷酸链
C.据图可知该细胞可能产生4种精子
D.染色体互换发生在姐妹染色体单体之间",D,"【答案】D
【分析】题图分析:据图可知，图中为一对联会的同源染色体，非姐妹染色单体间发生了片段交换.
【详解】A、据图可知，图中为一对联会的同源染色体，非姐妹染色单体间发生了片段交换，该该现象出现在减数分裂前期Ⅰ，A正确；
B、图示一对同源染色体中含有四个双链DNA，共有8条脱氧核苷酸链，B正确；
C、正常情况下，一个精原细胞减数分裂产生2种精子，图示同源染色体的非姐妹染色单体间发生了片段的交换，使该细胞可能产生4种精子，C正确；
D、图示联会的同源染色体的非姐妹染色体单体之间发生了片段交换，D错误.
故选D.",1,1,高中生物考点题型突破——专题08 减数分裂和受精作用（5大题型）（解析版）,专题08,,,,,,专题08-11_Word题目答案知识标注_修正版.xlsx
758,【变式2-2】某雌性动物细胞的一对同源染色体示意图，图中A/a、B/b表示常染色体上的两对等位基因.下列叙述正确的是（ ）,"A.该细胞时期为减数第一次分裂，A/a、B/b符合自由组合定律
B.图中非姐妹染色单体发生交换，基因A和基因B发生了重组
C.等位基因的分离可发生在减数第一次分裂和减数第二次分裂
D.该细胞减数分裂完成后产生AB、aB、Ab、ab四种基因型的配子",C,"【答案】C
【分析】题图分析，细胞中的同源染色体上的非姐妹染色单体正在进行交换，发生于减数第一次分裂前期.
【详解】A、该细胞时期为减数第一次分裂，A/a、B/b不符合自由组合定律，A错误；
B、图中非姐妹染色单体发生交换，基因A和基因b，基因a和B发生了重组，B错误；
C、由于发生交换，等位基因的分离可发生在减数第一次分裂和减数第二次分裂，C正确；
D、该初级卵母细胞减数分裂完成后只能产生一种基因型的卵细胞，D错误.
故选C.
03 减数分裂相关过程中结构或物质数量变化的分析",1,1,高中生物考点题型突破——专题08 减数分裂和受精作用（5大题型）（解析版）,专题08,,,,,,专题08-11_Word题目答案知识标注_修正版.xlsx
759,【例3】如图曲线表示某雄果蝇精原细胞分裂过程中，细胞内染色体数目变化（甲曲线）及每条染色体上DNA含量变化（乙曲线）.下列说法正确的是（　　）,"A.BC段染色体因复制而加倍
B.CE段，一直存在同源染色体
C.E→F数量减半和I→J数量加倍的原因不同
D.图示横轴代表精原细胞减数分裂过程的不同时期",D,"【答案】D
【分析】减数分裂是进行有性生殖的生物在产生成熟生殖细胞时，进行的染色体数目减半的细胞分裂.减数分裂Ⅰ前期，同源染色体联会形成四分体；减数分裂Ⅰ后期同源染色体分离、非同源染色体自由组合；减数分裂Ⅱ后期染色体的着丝粒分裂，姐妹染色单体分开成染色体，移向细胞两极.
【详解】A、BC段DNA因复制而加倍，染色体数目不变，A错误；
B、由图可知，AC段是减数分裂前的间期；CD段是减数分裂Ⅰ前期、中期、后期、末期；DE段是减数分裂Ⅱ前期、中期，减数分裂Ⅱ不含同源染色体，B错误；
C、E→F和I→J处于减数分裂Ⅱ后期，着丝粒分裂，姐妹染色单体分离，形成染色体分别移向细胞两极，染色体数目加倍，每条染色体上的DNA含量由2变为1，所以，E→F数量减半和I→J量加倍的原因都是着丝粒分裂，C错误；
D、AC段是减数分裂前的间期；CD段是减数分裂Ⅰ前期、中期、后期、末期；DE段是减数分裂Ⅱ前期、中期；FG段是减数分裂Ⅱ后期、末期；GH表示减数分裂Ⅱ结束后产生的精细胞及精细胞变形后形成的精子.图示横轴可以代表精原细胞减数分裂过程的不同时期，D正确.
故选D.",1,1,高中生物考点题型突破——专题08 减数分裂和受精作用（5大题型）（解析版）,专题08,,,,,,专题08-11_Word题目答案知识标注_修正版.xlsx
760,【变式3-1】图甲是基因型为Rr的某动物正常的细胞分裂示意图，图乙为该生物细胞在分裂过程中同源染色体对数的变化曲线.下列叙述正确的是（　　）,"A.图甲细胞染色体已互换，正进行同源染色体分离
B.图甲细胞内的染色体数目与图乙中FG段的相同
C.图甲细胞所处的分裂时期应对应图乙的CD段
D.图甲细胞产生的子细胞可能是卵细胞或精细胞",B,"【答案】B
【分析】根据题意和图示分析可知:图甲细胞中没有同源染色体，并且染色体的着丝粒已分裂，细胞处于减数第二次分裂后期.图乙AF区段表示有丝分裂，FH区段表示减数第一次分裂，HI区段表示减数第二次分裂阶段.
【详解】A、图甲细胞处于减数第二次分裂后期，着丝粒已经分裂，正进行染色体的分离，动物基因型是Rr，甲变异的原因可能是减数第一次分裂过程中发生了基因重组，也可能是发生了基因突变，A错误；
B、图甲处于减数第二次分裂后期，细胞内的染色体数目加倍，与体细胞相同，都是2N，与图乙中FG段的相同（FG段染色体数目为2N），B正确；
C、图甲细胞所处的分裂时期位于图乙的HI段，都是减数第二次分裂细胞，C错误；
D、图甲细胞细胞质均等分裂，产生的子细胞可能是极体或精细胞，D错误.
故选B.",1,1,高中生物考点题型突破——专题08 减数分裂和受精作用（5大题型）（解析版）,专题08,,,,,,专题08-11_Word题目答案知识标注_修正版.xlsx
761,【变式3-2】人的精原细胞中有46条染色体（不考虑染色体互换），一个人的精原细胞和一个精原细胞经过减数分裂后，理论上可形成的精子的种类数分别是（　　）,A.4和223B.223和2C.246和2D.223和4,B,"【答案】B
【分析】精原细胞可以进行减数分裂，在进行减数分裂时会发生同源染色体的分离和非同源染色体的自由组合.
【详解】人的一个精原细胞中有46条染色体、23对同源染色体；在减数分裂过程中，因同源染色体分离，非同源染色体自由组合，该精原细胞可形成的精细胞最多有223种，同时一个精原细胞经减数分裂能形成4个精细胞，不考虑基因突变和交叉互换的情况下共有2种，ACD错误、B正确.
故选B.
考点二 减数分裂和有丝分裂的比较
01 减数分裂和有丝分裂的比较",1,1,高中生物考点题型突破——专题08 减数分裂和受精作用（5大题型）（解析版）,专题08,,,,,,专题08-11_Word题目答案知识标注_修正版.xlsx
762,【例1】A点处将果蝇（2n=8）精原细胞置于32P的培养液中培养一个细胞周期，发生了a分裂过程，然后于E点处在31P的培养液中继续培养，发生了b分裂过程（整个过程中不考虑染色体互换）.下列相关叙述不正确的是（ ）,"A.IJ段细胞中含32P的染色体可能有8条
B.GH段细胞中含32P的染色单体一定有8条
C.CD段细胞中含32P的染色体数有8条或16条
D.b分裂过程结束后，产生的含32P的子细胞数为2或3或4",AD,"【答案】AD
【分析】分析曲线图:图中a、b连续两个分裂过程分别是有丝分裂和减数分裂过程.AB表示有丝分裂间期，CD表示有丝分裂前、中、后期，DE表示有丝分裂末期；FG表示减数第一次分裂前的间期，GHI表示减数第一次分裂，IJK表示减数第二次分裂.
【详解】A、IJ段细胞处于减数第二次分裂前期和中期时，只有4条染色体，所以含32P的染色体有4条；每条染色体上的2个DNA分子中一条链为32P，三条链为31P，着丝粒分裂后，含32P的染色体仍为4条，A错误；
B、由于DNA分子复制是半保留复制，经过一次有丝分裂后产生的细胞中的DNA都是一条链为32P，一条链为31P，再经减数分裂间期复制后，每条染色体上的2个DNA分子中一条链为32P，三条链为31P，所以GH段细胞中含32P的染色体一定有8条，B正确；
C、CD段示有丝分裂前、中、后期，细胞中含有32P的染色体条数为8条（前中期）或16条（后期），C正确；
D、该细胞经过一次有丝分裂，一次减数分裂，最后得到8个子细胞，b（减数分裂）的分裂过程结束后，产生的含32P的子细胞数为2-8个，D错误.
故选AD.",1,1,高中生物考点题型突破——专题08 减数分裂和受精作用（5大题型）（解析版）,专题08,,,,,,专题08-11_Word题目答案知识标注_修正版.xlsx
763,【变式1-1】有丝分裂和减数分裂都是细胞增殖的方式，不考虑突变和互换.下列关于某哺乳动物（2N=64）体内两种细胞分裂方式的比较，错误的是（ ）,"A.减数分裂Ⅰ中期细胞中同源染色体的对数与有丝分裂中期相等
B.减数分裂Ⅰ后期和有丝分裂后期均存在同源染色体分离的现象
C.有丝分裂后期细胞中有4个染色体组，是减数分裂Ⅱ后期的两倍
D.一个精原细胞经减数分裂后产生2种细胞，一个体细胞经有丝分裂后产生1种细胞",B,"【答案】B
【分析】
【详解】A、减数分裂Ⅰ中期细胞中同源染色体对数为32对，有丝分裂中期也是32对，A正确；
B、减数分裂Ⅰ后期会发生同源染色体分离，而有丝分裂后期不发生同源染色体的分离，B错误；
C、有丝分裂后期因着丝粒分裂，姐妹染色单体变成染色体，使得染色体组数加倍，即细胞中有4个染色体组，减数分裂Ⅱ后期有2个染色体组，C正确；
D、一个精原细胞经减数分裂后产生2种细胞（含Y或X的细胞），一个体细胞经有丝分裂后只产生1种细胞，D正确；
故选B.",1,1,高中生物考点题型突破——专题08 减数分裂和受精作用（5大题型）（解析版）,专题08,,,,,,专题08-11_Word题目答案知识标注_修正版.xlsx
764,【变式1-2】下图甲、乙、丙为某二倍体雌性生物细胞分裂的相关示意图.图甲为细胞分裂某时期的模式图，图乙为每条染色体上的DNA相对含量在细胞分裂各时期的变化，图丙为细胞分裂各时期染色体与核DNA分子的相对含量.下列叙述不正确的是（ ）,"A.图甲细胞为第一极体，此时可能发生等位基因的分离
B.图甲所示细胞所处的时期可对应图乙的DE段和图丙的c时期
C.图甲细胞分裂后形成的子细胞可对应图乙的DE段和图丙的d时期
D.处于图乙BC段的细胞中可能含有1条、2条或者4条X染色体",D,"【答案】D
【分析】题图分析:甲细胞不含同源染色体，且着丝粒分裂，处于减数第二次分裂后期；乙图中AB段形成的原因是DNA的复制；BC段表示有丝分裂前期和中期、减数第一次分裂、减数第二次分裂前期和中期；CD段形成的原因是着丝点的分裂；DE段表示有丝分裂后期和末期、减数第二次分裂后期和末期；丙图中a组所含染色体数目是体细胞的2倍，处于有丝分裂后期；b组染色体∶DNA=1∶2，且染色体数目与体细胞相同，处于有丝分裂前期和中期、减数第一次分裂；c组染色体∶DNA=1∶1，且染色体数目与体细胞相同，处于有丝分裂末期、减数第二次分裂后期；d组所含染色体数目是体细胞的一半，且染色体∶DNA=1∶1，处于减数第二次分裂末期.
【详解】A、据分析可知，图甲为减数第二次分裂后期，因为图中显示的是某二倍体雌性生物细胞分裂的相关示意图且细胞质均等分裂，故只能为第一极体，若发生了互换或基因突变，此时可能发生等位基因的分离，A正确；
B、图甲细胞处于减数第二次分裂后期，与图丙中的c相对；即图甲所示细胞所处时期可对应图乙的DE段，以及图丙的c时期，B正确；
C、图甲细胞分裂后形成的子细胞为第二极体，对应图乙的DE段和图丙的d时期，C正确；
D、BC段每条染色体上的DNA数目为2，对应的分裂时期为有丝分裂前期和中期，减数第一分裂前期、中期、后期、末期，减数第二次分裂前期和中期，细胞中不存在4条X染色体的情况，D错误.
故选D.
考点三 观察蝗虫精母细胞减数分裂装片
01 观察蝗虫精母细胞减数分裂装片",1,1,高中生物考点题型突破——专题08 减数分裂和受精作用（5大题型）（解析版）,专题08,,,,,,专题08-11_Word题目答案知识标注_修正版.xlsx
765,【例1】如图为显微镜下观察到的某二倍体生物生殖器官内的细胞在减数分裂过程中不同时期的细胞图像.下列叙述正确的是（ ）,"A.豌豆为雌雄同株的植株，不能用作观察减数分裂的实验材料
B.图中按减数分裂时期排列的先后顺序为①③②⑤④，这些过程可在同一个细胞中观察到
C.用低倍显微镜找寻物像时，视野中的细胞大多都含有染色体
D.观察时可能会看到视野中有些细胞中的染色体已经移至两极，且细胞的每一极都存在同源染色体",D,"【答案】D
【分析】题图分析，四幅图为某生物减数分裂不同时期的图像，①细胞处于分裂间期；②细胞处于减数分裂I后期；③细胞处于减数分裂1前期；④细胞处于减数分裂Ⅱ末期；⑤细胞处于减数分裂II后期.
【详解】A、观察减数分裂一般选择雄性生殖器官，豌豆虽为雌雄同株的植株，但可选择其花药作为观察减数分裂的实验材料，A错误；
B、由图可知，①细胞处于分裂间期；②细胞处于减数分裂I后期；③细胞处于减数分裂1前期；④细胞处于减数分裂Ⅱ末期；⑤细胞处于减数分裂II后期，按减数分裂时期排列的先后顺序为①③②⑤④，经解离后的细胞为死细胞，不能在同一个细胞中观察到上述过程，B错误；
C、细胞分裂期在细胞周期中所占的比例小，因此只有小部分处于分裂期的细胞中含有染色体，C错误；
D、着丝粒分裂后染色体移向两极的同时细胞的每一极仍存在同源染色体的细胞为有丝分裂后期，生殖器官内的细胞可进行有丝分裂也可进行减数分裂，D正确.
故选D.",1,1,高中生物考点题型突破——专题08 减数分裂和受精作用（5大题型）（解析版）,专题08,,,,,,专题08-11_Word题目答案知识标注_修正版.xlsx
766,【变式1-1】如图为某植物（染色体数目为2n）减数分裂形成精子的部分显微照片.下列不正确是（　　）,"A.图中减数分裂的顺序为③→①→④→②
B.图①、③所示细胞中含有同源染色体
C.图③所示细胞分裂将产生2个次级精母细胞
D.图③、④形成的子细胞内染色体数相同",B,"【答案】B
【分析】分析题图:图示为二倍体生物的一个细胞减数分裂不同时期的图象，其中①细胞处于减数第二次分裂中期；②细胞处于减数第二次分裂末期；③细胞处于减数第一次分裂后期；④细胞处于减数第二次分裂后期.
【详解】A、据图分析，①细胞处于减数第二次分裂中期（能观察到两个细胞，且染色体排列在赤道板上），②细胞处于减数第二次分裂末期（能观察到4个细胞），③细胞处于减数第一次分裂后期（同源染色体分离），④细胞处于减数第二次分裂后期（观察到2个细胞，着丝粒断裂，姐妹染色单体分离形成染色体，分别在细胞的两极），故图中减数分裂的顺序为③→①→④→②，A正确；
B、图①是减数第二次分裂中期，细胞中没有同源染色体，B错误；
C、图③细胞处于减数第一次分裂后期，且细胞质均等分裂，细胞名称是初级精母细胞，其分裂产生的细胞为2个次级精母细胞，C正确；
D、图③、④形成的子细胞内染色体数相同，都是体细胞染色体数目的一半，D正确.
故选B.",1,1,高中生物考点题型突破——专题08 减数分裂和受精作用（5大题型）（解析版）,专题08,,,,,,专题08-11_Word题目答案知识标注_修正版.xlsx
767,【变式1-2】下列关于观察减数分裂实验的叙述中，正确的是（ ）,"A.可用小鼠的卵巢制成装片观察减数分裂过程
B.跟踪观察一个精原细胞可看到减数分裂的连续变化
C.能观察到减数分裂现象的装片中，可能观察到同源染色体联会现象
D.用洋葱根尖制成装片，能观察到同源染色体联会现象",C,"【答案】C
【分析】观察细胞的减数分裂实验的原理:蝗虫的精母细胞进行减数分裂形成精细胞，再变形成精子，此过程要经过两次连续的细胞分裂:减数第一次分裂和减数第二次分裂，在此过程中，细胞中的染色体形态、位置和数目都在不断地发生变化.
【详解】A、雄配子数量远远对应雌配子，可用小鼠的精巢制成装片观察减数分裂过程，A错误；
B、解离时细胞已经死亡，所以跟踪观察一个精原细胞不能看到减数分裂的连续变化，B错误；
C、联会现象发生在减数第一次分裂过程中，因此实验中可能观察到，C正确；
D、联会现象只发生于减数分裂过程中，洋葱根尖细胞进行有丝分裂，不能观察到同源染色体联会现象，D错误.
故选C.",1,1,高中生物考点题型突破——专题08 减数分裂和受精作用（5大题型）（解析版）,专题08,,,,,,专题08-11_Word题目答案知识标注_修正版.xlsx
768,【例1】1.下列有关孟德尔的杂交实验的叙述，正确的是（ ）,"A.进行豌豆杂交时，需要先除去父本花未成熟全部雄蕊
B.对母本花套袋的目的是防止外来花粉的干扰
C.玉米和豌豆一样都是两性植株，因此玉米杂交实验中也需要对母本花进行去雄
D.玉米和豌豆一样都是两性植株，因此玉米在自然条件下也只能自交",B,"【答案】B
【分析】人工异花传粉过程为:去雄（在花蕾期去掉雄蕊）→套上纸袋→人工异花传粉（待花成熟时，采集另一株植株的花粉涂在去雄花的柱头上）→套上纸袋.
【详解】A、在实验中进行杂交时，要先除去母本未成熟花的全部雄蕊，然后套袋，待母本雌蕊成熟后，进行传粉，然后再套袋，A错误；
B、为防止外来花粉干扰，需要对母本花套袋，B正确；
C、玉米为雌雄同株但为单性花，即雄花和雌花分开，玉米杂交实验中不需要对母本进行去雄，C错误；
D、玉米在自然条件下可进行自交和杂交，D错误.
故选B.",0,0,高中生物考点题型突破——专题09 基因的传递规律（9大题型）（解析版）,专题09,,,,,,专题08-11_Word题目答案知识标注_修正版.xlsx
769,【变式1-1】豌豆花是两性花，自然条件下在未开放时进行自花传粉，即只能进行自交.若要利用豌豆进行杂交实验，则需要进行人工异花传粉，操作过程如图所示.下列相关叙述正确的是（　　）,"A.①操作为人工去雄，待花开放时，除去花中全部的雄蕊
B.②操作为人工采集花粉，待母本去雄后立即进行传粉
C.如图所示的操作中，①是对母本操作，②是对父本操作
D.①操作完成后需要对该花套袋，传粉后不需要对该花再套袋",C,"【答案】C
【分析】人工异花传粉过程为:去雄（在花蕾期去掉雄蕊）→套上纸袋→人工异花传粉（待花成熟时，采集另一株植株的花粉涂在去雄花的柱头上）→套上纸袋.
【详解】A、自然条件下，豌豆在未开放时进行自花传粉，若要实现杂交，则必须对母本去雄，故①操作是人工去雄，须在花未开放时进行，除去花中全部的雄蕊，A错误；
B、②操作是人工采集花粉，对母本去雄后，需待父本花粉成熟时再进行人工传粉并套袋，B错误；
C、如图所示的操作中，①是对母本操作，②是对父本操作，C正确；
D、①操作完成和传粉后都需要对该花套袋，以防止外来花粉的干扰，D错误.
故选C.",0,0,高中生物考点题型突破——专题09 基因的传递规律（9大题型）（解析版）,专题09,,,,,,专题08-11_Word题目答案知识标注_修正版.xlsx
770,【变式1-2】作为“遗传学之父”，孟德尔的豌豆杂交实验闻名于世.下列有关叙述正确的是（ ）,"A.人工授粉完成后仍需套袋，防止受粉后的花进行自花传粉
B.豌豆花开放前已经完成了受粉，自然情况下一般都是纯种
C.杂交实验的母本植株上结种子，父本植株上没有结种子
D.若进行正反交实验，需对母本、父本分别去雄后再杂交",B,"【答案】B
【分析】豌豆是严格的自花传粉，闭花授粉的植物,因此在自然状态下获得的后代均为纯种（纯合子）杂交实验结果可靠.
【详解】A、完成人工授粉后还要套袋，这样可以防止异花传粉，避免外来花粉的干扰，A错误；
B、豌豆是严格的自花传粉、闭花授粉植物，开花前就已经完成了受粉，自然情况下一般都是纯种，B正确；
C、豌豆花是两性花，父本植株未去雄，可进行自交，因此父本植株上也结有种子，C错误；
D、无论正交还是反交实验，都需要对母本去雄后再杂交，D错误.
故选B.
02 一对相对性状的杂交实验",0,0,高中生物考点题型突破——专题09 基因的传递规律（9大题型）（解析版）,专题09,,,,,,专题08-11_Word题目答案知识标注_修正版.xlsx
771,【例2】下列有关孟德尔一对相对性状杂交实验的说法中，叙述正确的是（ ）,"A.选择豌豆是因为豌豆是自花闭花传粉，且花比较大，有利于人工杂交
B.提出假说的核心是“若F1产生配子时成对的遗传因子分离，则测交后代的性状比例接近1∶1”
C.F2出现“3∶1”性状分离比是F1产生数量相等的雌雄配子随机结合的结果
D.孟德尔根据实验现象推测F1产生配子时，成对遗传因子彼此分离属于演绎推理",A,"【答案】A
【分析】孟德尔进行一对相对性状的杂交实验时，运用的“假说—演绎法”的流程如下图所示:
【详解】A、豌豆花比较大，豌豆是自花传粉、闭花受粉的植物，也就是豌豆花在未开放时已经完成了传粉，避免了外来花粉的干扰，所以豌豆在自然状态下一般是纯种，用豌豆做人工杂交实验，结果既可靠，又容易分析，A正确；
B、“若F1产生配子时成对的遗传因子分离，则测交后代的性状比例接近1∶1”，这属于演绎推理，B错误；
C、由于F1产生两种数量相等的雌配子和两种数量相等的雄配子，受精时，F1产生的雌雄配子随机结合，导致F2出现“3∶1”的性状分离比，C错误；
D、孟德尔根据实验现象推测F1产生配子时，成对遗传因子彼此分离属于假说内容，D错误.
故选A.",0,0,高中生物考点题型突破——专题09 基因的传递规律（9大题型）（解析版）,专题09,,,,,,专题08-11_Word题目答案知识标注_修正版.xlsx
772,【变式2-1】下列有关孟德尔的一对相对性状杂交实验的叙述中，正确的是（　　）,"A.F2出现了性状分离，该实验结果能否定融合遗传
B.孟德尔假说的内容之一是“遗传因子在体细胞染色体上成对存在”
C.豌豆是自花传粉植物，可以避免人工杂交实验过程中外来花粉的干扰
D.根据F1测交子代表现型及比例，能直接推测出F1产生配子种类及数量",A,"【答案】A
【分析】孟德尔采用假说—演绎法得出了基因的分离定律和基因的自由组合定律；其基本步骤:提出问题→作出假说→演绎推理→实验验证→得出结论.
【详解】A、因为F1只有一种表型，F2出现了性状分离，说明控制不同表型的遗传因子是可以相互分离的，因此该实验结果能否定融合遗传，A正确；
B、孟德尔研究遗传定律时，配子形成过程和受精作用过程还没有研究出来，也没有染色体这一概念，B错误；
C、豌豆是自花传粉植物，在杂交过程需要进行人工授粉及套袋处理，才能避免外来花粉的干扰，C错误；
D、测交后代中高茎与矮茎植株的数量比接近1:1，能直接推测出F1产生配子种类，但是不能推测数量，D错误.
故选A.",0,0,高中生物考点题型突破——专题09 基因的传递规律（9大题型）（解析版）,专题09,,,,,,专题08-11_Word题目答案知识标注_修正版.xlsx
773,【变式2-2】下列关于孟德尔一对相对性状杂交实验的说法，错误的是（ ）,"A.“测交实验得到的166株后代中，高茎与矮茎植株的数量比接近1:1”是演绎推理的内容
B.孟德尔进行一对相对性状的杂交实验时观察到，无论正反交，F1总表现为高茎
C.孟德尔提出了“为什么子一代没有矮茎的，而子二代又出现了矮茎的呢？”等问题
D.“在体细胞中，遗传因子是成对存在的”是孟德尔为了解释分离现象提出的假说",A,"【答案】A
【分析】孟德尔发现遗传定律用了假说—演绎法，其基本步骤:提出问题→作出假说→演绎推理→实验验证→得出结论.
①提出问题（在纯合亲本杂交和F1自交两组豌豆遗传实验基础上提出问题）；
②做出假设（生物的性状是由细胞中的遗传因子决定的；体细胞中的遗传因子成对存在；配子中的遗传因子成单存在；受精时雌雄配子随机结合）；
③演绎推理（如果这个假说是正确的，这样F1会产生两种数量相等的配子，这样测交后代应该会产生两种数量相等的类型）；
④实验验证（测交实验验证，结果确实产生了两种数量相等的类型）；
⑤得出结论（就是分离定律）.
【详解】A、“测交实验得到的166株后代中，高茎与矮茎植株的数量比接近1:1”是测交实验的实验结果，该结果验证了孟德尔提出的假说，而演绎推理的主要内容是设计测交实验并预测其结果，A错误；
B、“孟德尔进行一对相对性状的杂交实验时观察到，无论正反交，F1总表现为高茎”该过程为观察现象，B正确；
C、“孟德尔提出了为什么子一代没有矮茎的，而子二代又出现了矮茎的呢？等问题”该过程为提出问题，C正确；
D、孟德尔为了解释分离现象提出的假说:生物的性状是由细胞中的遗传因子决定的；体细胞中的遗传因子成对存在；配子中的遗传因子成单存在；受精时雌雄配子随机结合，D正确.
故选A.
03 性状分离比的模拟实验",0,0,高中生物考点题型突破——专题09 基因的传递规律（9大题型）（解析版）,专题09,,,,,,专题08-11_Word题目答案知识标注_修正版.xlsx
774,【例3】在模拟孟德尔杂交实验中，某同学往4个容器内各放入两种小球，如图所示.下列叙述错误的是（　　）,"A.从容器I随机抓取一个小球，可模拟等位基因的分离
B.从容器I、Ⅱ和Ⅲ、Ⅳ各取一个小球组合在一起，模拟孟德尔两对相对性状的杂交实验
C.从容器I和Ⅱ中各取一个小球组合在一起模拟了受精作用
D.从容器Ⅲ和Ⅳ中各取一个小球组合在一起，模拟了非等位基因的自由组合",B,"【答案】B
【分析】分离定律的实质:在生物的体细胞中，控制同一性状的遗传因子成对存在，不相融合；在形成配子时，成对的遗传因子发生分离，分离后的遗传因子分别进入不同的配子中，随配子遗传给后代.
【详解】A、容器Ⅰ模拟Dd的亲本，从Ⅰ中随机抓取一个小球，模拟产生配子时等位基因的分离，A正确；
B、从4个容器中各取一个小球组合在一起，模拟非等位基因的自由组合以及雌雄配子的结合，B错误；
C、Ⅰ和Ⅱ模拟Dd、Dd的亲本杂交，从Ⅰ和Ⅱ中各取一个小球组合在一起，模拟雌雄配子的受精作用，C正确；
D、自由组合发生在非等位基因之间，因此从Ⅲ和Ⅳ中各取一个小球组合在一起，模拟AaBb产生配子时非等位基因的自由组合，D正确.
故选B.",0,0,高中生物考点题型突破——专题09 基因的传递规律（9大题型）（解析版）,专题09,,,,,,专题08-11_Word题目答案知识标注_修正版.xlsx
775,【变式3-1】某学生通过性状分离比模拟实验体验孟德尔假说.甲、乙桶内的小球分别代表雌、雄配子，用甲桶小球与乙桶小球的随机组合来模拟生殖过程中雌雄配子的随机结合，如图所示.下列叙述错误的是（　　）,"A.甲、乙小桶的两个小球组合代表受精作用
B.小球组合有DD、Dd和dd三种类型
C.理论上小球组合为Dd的比例为1/4
D.若小球组合次数少，则结果可能与理论值差异较大",C,"【答案】C
【分析】用两个小桶分别代表雌雄生殖器官，两小桶内的彩球分别代表雌雄配子；用不同彩球的随机结合，模拟生物在生殖过程中，雌雄配子的随机组合.
【详解】A、甲、乙两个小桶分别代表雌、雄生殖器官，分别从每个小桶内随机抓取一个彩球结合在一起，代表雌雄配子的随机结合，A正确；
B、甲桶中抓取D:d的概率为1:1，乙桶中抓取D:d的概率为1:1，分别从每个小桶内随机抓取一个彩球结合在一起，小球组合有DD、Dd和dd三种类型，B正确；
C、在做性状分离比的模拟实验时，重复多次抓取后，理论上Dd的比例为1/2，C错误；
D、若小球组合次数少，偶然性较大，则结果可能与理论值差异较大，D正确.
故选C",0,0,高中生物考点题型突破——专题09 基因的传递规律（9大题型）（解析版）,专题09,,,,,,专题08-11_Word题目答案知识标注_修正版.xlsx
776,【变式3-2】甲、乙两位同学分别用小球做遗传定律模拟实验.甲每次分别从I、Ⅱ小桶中随机抓取一个小球并记录字母组合；乙每次分别从Ⅲ、Ⅳ小桶中随机抓取一个小球并记录字母组合.下列叙述错误的是（ ）,"A.I、Ⅱ小桶分别表示雌、雄生殖器官
B.甲实验模拟的是生物在生殖过程中，雌、雄配子的随机结合
C.乙实验模拟的是非同源染色体上非等位基因自由组合的过程
D.每次需将抓取的小球分别放回原来小桶，摇匀后再重复实验",B,"【答案】B
【分析】根据题意和图示分析可知:Ⅰ、Ⅱ小桶表示雌、雄生殖器官，小桶中的小球表示的是两种雌、雄配子，说明甲同学做的是性状分离比的模拟实验；Ⅲ、Ⅳ小桶代表两对同源染色体，小桶中的小球表示的是两对等位基因A、a和B、b，说明乙同学模拟的是基因的自由组合.
【详解】A、据图可知，Ⅰ、Ⅱ小桶中都含有标注D、d的小球，且甲每次分别从I、Ⅱ小桶中随机抓取一个小球并记录字母组合，推测Ⅰ、Ⅱ小桶分别代表雌、雄生殖器官，A正确；
B、Ⅰ、Ⅱ小桶表示雌、雄生殖器官，小桶中的小球表示的是两种雌、雄配子，因此，甲同学模拟的是生物在生殖过程中等位基因的分离和配子的随机结合，B错误；
C、乙同学模拟了亲本产生配子时减数分裂过程中非同源染色体上的非等位基因的自由组合，C正确；
D、两种模拟实验，每次要保证随机抓取，读取组合后都必须放回，摇匀后再重复实验，以保证每个小桶中小球的数量和比例不变，D正确.
故选B.
考点二 基因的自由组合定律
01 基因的自由组合定律的发现",0,0,高中生物考点题型突破——专题09 基因的传递规律（9大题型）（解析版）,专题09,,,,,,专题08-11_Word题目答案知识标注_修正版.xlsx
777,【例1】在孟德尔两对相对性状的杂交实验中，下列说法错误的（ ）,"A.F1与绿色皱粒豌豆杂交后代中产生YYRr的概率为1/4
B.进行正反交实验可以排除相关基因位于细胞质中
C.F2中与亲本不同性状组合的比例为3/8
D.设计测交实验可验证F1的遗传因子组成",A,"【答案】A
【分析】基因自由组合定律的实质是:位于非同源染色体上的非等位基因的分离或自由组合是互不干扰的；在减数分裂过程中，同源染色体上的等位基因彼此分离的同时，非同源染色体上的非等位基因自由组合.
【详解】A、F1基因型为YyRr，和绿色皱粒豌豆yyrr杂交，产生YYRr的概率为0，A错误；
B、通过正反交实验可以排除相关基因位于细胞质中，B正确；
C、F2中Y-R-为9/16，Yrr为3/16，yyR＿为3/16，yyrr为1/16，亲本基因型为YYRR和yyrr，因此F2中与亲本不同性状组合的比例为3/16+3/16=3/8，C正确；
D、通过测交实验，即与yyrr杂交，可以验证F1的遗传因子组成，D正确.
故选A.",0,0,高中生物考点题型突破——专题09 基因的传递规律（9大题型）（解析版）,专题09,,,,,,专题08-11_Word题目答案知识标注_修正版.xlsx
778,【变式1-1】关于孟德尔两对相对性状的杂交实验，下列叙述错误的是（ ）,"A.每一对相对性状的遗传都遵循分离定律
B.F1出现的性状为显性性状
C.F2中的重组类型指基因型与亲本不同的个体
D.F2中杂合子占3/4",C,"【答案】C
【分析】在孟德尔两对相对性状遗传实验中，两对相对性状分别由两对遗传因子控制，且位于两对非同源染色体上，对于每一对遗传因子的传递来说都遵循分离定律；F1细胞中控制两对性状的遗传因子是相对独立的，且互不融合的，等位基因的分离和非同源染色体上的非等位基因的组合互不影响，F2中有16种组合方式，9种基因型和4种表现型.
【详解】A、每一对遗传因子的传递都遵循分离定律，这是自由组合定律的基础，A正确；
B、F1出现的性状为显性性状，B正确；
C、F2中的重组类型指表现型与亲本不同的个体，C错误；
D、F2中有9种基因型，4种表现型，且纯合子占1/2×1/2=1/4，故杂合子占3/4，D正确.
故选C.",0,0,高中生物考点题型突破——专题09 基因的传递规律（9大题型）（解析版）,专题09,,,,,,专题08-11_Word题目答案知识标注_修正版.xlsx
779,【变式1-2】如图为孟德尔两对相对性状杂交实验的遗传图解.下列叙述正确的是（　　）,"A.图中“甲”和“乙”的表型相同
B.图中“丙”为“9∶3∶3∶1”
C.图中F2黄色圆粒豌豆中纯合子占4/9
D.图中“甲”与绿色皱粒豌豆杂交，子代出现2种基因型",B,"【答案】B
【分析】孟德尔用纯种黄色圆粒豌豆与绿色皱粒豌豆作亲本进行杂交，无论是正交，还是反交，F1总得表现黄色圆粒，F2中都出现了接近于9∶3∶3∶1的数量比，F2中除了亲本类型外，还出现新的性状组合，新性状的出现显示出不同性状之间的自由组合现象.在此基础上，孟德尔提出了“假说”并进行了“演绎推理”和“测交实验”，从中发现了自由组合定律.
【详解】AB、亲本纯种的黄色圆粒豌豆和绿色皱粒豌豆的基因型分别是YYRR和yyrr，二者杂交产生的F1即甲的基因型是YyRr，表型为黄色圆粒.F1（YyRr）自交所得F2的表型及性状分离比为黄色圆粒∶黄色皱粒∶绿色圆粒∶绿色皱粒＝9∶3∶3∶1.可见，乙是的表型为黄色皱粒，图中“丙”为“9∶3∶3∶1”，A错误，B正确；
C、图中F2黄色圆粒豌豆的基因型及比例为YYRR∶YyRR∶YYRr∶YyRr＝1∶2∶2∶4，其中纯合子占1/9，C错误；
D、图中甲的基因型是YyRr，绿色皱粒豌豆的基因型是yyrr，甲与绿色皱粒豌豆杂交，子代出现4种基因型，它们分别是YyRr、Yyrr、yyRr和yyrr，D错误.
故选B.
02 自由组合定律的常规解题规律和方法",0,0,高中生物考点题型突破——专题09 基因的传递规律（9大题型）（解析版）,专题09,,,,,,专题08-11_Word题目答案知识标注_修正版.xlsx
780,【例2】某雌雄同株异花的植物，果实颜色由两对独立遗传的等位基因B、b和R、r控制（B控制黑色，R控制红色，且B基因的存在能完全抑制R基因的表达）.现向基因型为BbRr的植株导入一个隐性致死基因s，让该植株自交，F1表型及比例为黑色∶红色∶白色=8∶3∶1，下列说法正确的是（ ）,"A.F1中共存在8种基因型
B.基因s与B/b的遗传遵循自由组合定律
C.F1中的黑色果实个体随机交配，子代中黑色∶红色∶白色=8∶3∶1
D.取果实黑色的植株经过多次自交，可获得稳定遗传的黑色果实品系",C,"【答案】C
【分析】根据题意可知，黑色果实的基因型为B_R_和B_rr，红色果实的基因型为bbR_，白色果实的基因型为bbrr.BbRr的植株若没有导入致死基因时，自交后代黑色∶红色∶白色=12∶3∶1，导入致死基因后比例变为8∶3∶1，说明黑色植株中某些个体死亡，推测可能是基因型为BB的植株死亡.因此s导入的是B基因所在的染色体.
【详解】A、根据题意可知，B控制黑色，R控制红色，且B基因的存在能完全抑制R基因的表达，故黑色果实的基因型为B_R_和B_rr，红色果实的基因型为bbR_，白色果实的基因型为bbrr.若不存在致死基因，BbRr自交后代黑色∶红色∶白色=12∶3∶1，导入致死基因后比例变为8∶3∶1，说明黑色植株中某些个体死亡，因此推测s导入的是B基因所在的染色体，当出现BB时个体致死，故F1全部黑色植株有BbRRs、BbRrs、Bbrrs共三种，F1的红色个体有bbRR和bbRr两种基因型，F1的白色个体基因型是bbrr，因此自交后代F1的全部植株中一共存在6种基因型，A错误；
B、由于s导入的是B基因所在的染色体，即s和B在一条染色体上，故二者不遵循自由组合定律，B错误；
C、F1全部黑色植株有BbRRs、BbRrs、Bbrrs，比例为1∶2∶1，黑色果实个体随机交配，可每对基因单独分析，Bbs产生的配子类型和比例为Bs∶b=1∶1，自由交配后代中BBss（致死）∶Bbs∶bb=1∶2∶1，RR∶Rr∶rr=1∶2∶1，产生的配子类型和比例为R∶r=1∶1，自由交配后代中RR∶Rr∶rr=1∶2∶1，子代中黑色（2/3×3/4B_R_s和2/3×1/4B_rrs）∶红色（1/3×3/4bbR_）∶白色（1/3×1/4bbrr）=8∶3∶1，C正确；
D、由于B和s连锁，当子代出现BB纯合时会致死，因此取果实黑色的植株经过多次自交，得到的子代黑色果实的没有纯合子，不能稳定遗传，D错误.
故选C.",0,0,高中生物考点题型突破——专题09 基因的传递规律（9大题型）（解析版）,专题09,,,,,,专题08-11_Word题目答案知识标注_修正版.xlsx
781,【变式2-1】某种高等植物的纯合白花植株甲与纯合白花植株乙杂交，F1全部表现为红花.若F1自交，得到的F2植株中，红花为63株，白花为49株；若用纯合白花植株丙的花粉给F1红花植株授粉，得到的子代植株中，红花为21株，白花为64株.下列叙述正确的是（ ）,"A.植株花色由一对等位基因控制，且符合分离定律
B.F2白花植株中，自交后代会发生性状分离的占4/7
C.甲、乙、丙三种白花植株的基因型各不相同
D.自然界中红花植株的基因型种类多于白花植株",C,"【答案】C
【分析】根据某种高等植物的纯合白花植株甲与纯合白花植株乙杂交，F1全部表现为红花.若F1自交，得到的F2植株中，红花为63株，白花为49株，为9∶7，进而得出花色由两对基因控制且遵循自由组合定律.
【详解】A、F1自交，F2代红花︰白花≈9︰7，F1测交，子代红花︰白花≈1︰3，因此推测该植物的花色性状受两对独立遗传的等位基因控制，用A/a、B/b表示.其中A_B_为红色，A_bb、aaB_、aabb为白色，A错误；
B、F2白花植株中，至少有一对等位基因为隐性纯合子，因此其自交子代均为白花，不会发生性状分离，B错误；
C、若满足亲本均为纯合白花植株，F1自交，F2代红花︰白花=9︰7，则亲本基因型应为AAbb和aaBB.若满足F1测交，子代红花︰白花≈1︰3，则丙基因型应为aabb.因此，甲、乙、丙三种白花植株的基因型各不相同，C正确；
C、红色满足A_B_，包含4种基因型，白色满足A_bb、aaB_、aabb，包含5种基因型，D错误.
故选C.",0,0,高中生物考点题型突破——专题09 基因的传递规律（9大题型）（解析版）,专题09,,,,,,专题08-11_Word题目答案知识标注_修正版.xlsx
782,【变式2-2】家兔的毛色受 B、b 和 H、h 两对等位基因控制，灰兔和白兔杂交，F1均为灰兔，F2中灰兔∶黑兔∶白兔＝12∶3∶1，下列有关推断错误的是（ ）,"A.亲代白兔的基因型为bbhh
B.F2中黑兔的基因型有两种
C.基因 B、b 和 H、h 位于两对同源染色体上
D.F2中的黑兔与白兔杂交，后代性状分离比为 3∶1",D,"【答案】D
【分析】基因分离定律和自由组合定律的实质:进行有性生殖的生物在减数分裂产生配子过程中，位于同源染色体上的等位基因随同源染色体分离而分离，同时位于非同源染色体上的非等位基因进行自由组合.
【详解】A、灰兔和白兔杂交，F1均为灰兔，F2中灰兔∶黑兔∶白兔＝12∶3∶1，为9∶3∶3∶1的变式，说明兔子毛色的遗传受两对等位基因控制，遵循基因自由组合定律，据此可知F1灰兔的基因型为BbHh，则亲代的基因型为BBHH和bbhh，即亲代白兔的基因型为bbhh，A正确；
B、F2中黑兔的基因型有两种，为BBhh和Bbhh（或bbHh和bbHH），B正确；
C、F2中灰兔∶黑兔∶白兔＝12∶3∶1，为9∶3∶3∶1的变式，说明兔子毛色的遗传受两对等位基因控制，遵循基因自由组合定律，说明基因 B、b 和 H、h 位于两对同源染色体上，C正确；
D、F2中的黑兔的基因型为1/3BBhh和2/3Bbhh（或2/3bbHh和1/3bbHH），黑兔产生的配子Bh:bh=2:1（或bH:bh=2:1），黑兔与白兔（bbhh）杂交，后代性状分离比为 2∶1，D错误.
故选D.
考点三 基因在染色体上
01 萨顿的假说",0,0,高中生物考点题型突破——专题09 基因的传递规律（9大题型）（解析版）,专题09,,,,,,专题08-11_Word题目答案知识标注_修正版.xlsx
783,【例1】基因和染色体的行为存在着明显的“平行”关系，下列叙述不符合基因和染色体“平行”关系的是（　　）,"A.基因和染色体在体细胞中都成对存在，在配子中都只有成对中的一个
B.每条染色体上的基因具有一定独立性且在染色体上呈线性排列
C.减数分裂Ⅰ的后期，非等位基因自由组合，非同源染色体也自由组合
D.在减数分裂和受精过程中，基因保持完整性和独立性，染色体也有相对稳定的形态结构",B,"【答案】B
【分析】基因和染色体行为存在着明显的平行关系，表现在:①基因在杂交过程中保持完整性和独立性.染色体在配子形成和受精过程中，也有相对稳定的形态结构.②在体细胞中基因成对存在，染色体也是成对的.在配子中成对的基因只有一个，同样，成对的染色体也只有一条.③体细胞中成对的基因一个来自父方，一个来自母方.同源染色体也是如此.④非等位基因在形成配子时自由组合，非同源染色体在减数第一次分裂后期也是自由组合的.
【详解】A、基因和染色体在体细胞中都是成对存在的，在配子中都只有成对中的一个，这说明基因和染色体之间有平行关系，A项不符合题意；
B、基因在染色体上呈线性排列，一条染色体上携带着许多个基因，但这不能说明基因和染色体之间有平行关系，B项符合题意；
C、非同源染色体上的非等位基因在形成配子时自由组合；非同源染色体在减数分裂中也有自由组合，这也体现了基因与染色体之间的平行关系，C项不符合题意；
D、基因在杂交过程中保持完整性和独立性；染色体在配子形成和受精过程中，也有相对稳定的形态结构，这体现了基因与染色体之间的平行关系，D项不符合题意.
故选B.",0,0,高中生物考点题型突破——专题09 基因的传递规律（9大题型）（解析版）,专题09,,,,,,专题08-11_Word题目答案知识标注_修正版.xlsx
784,【变式1-1】下列有关基因与染色体关系的叙述，错误的是（ ）,"A.非同源染色体自由组合，其上的非等位基因也自由组合
B.萨顿通过研究蝗虫的减数分裂，验证了基因位于染色体上
C.摩尔根证明了控制果蝇红、白眼的基因位于X染色体上
D.染色体和基因并不是一一对应关系，一条染色体上含有很多基因",B,"【答案】B
【分析】摩尔根利用果蝇做杂交实验证明了控制果蝇眼色的基因在X染色体上，从而说明了萨顿的假说的正确性，摩尔根与其学生发明了测定基因位于染色体上相对位置的方法，并绘出第一 个果蝇各种基因在染色体上相对位置的图，说明了基因在染色体上呈线性排列，据此分析.
【详解】A、伴随着非同源染色体的自由组合，非同源染色体上的非等位基因也自由组合，A正确；
B、萨顿蝗虫细胞观察实验采用类比推理法提出基因位于染色体上，B错误；
C、摩尔根利用假说—演绎法，得出眼色基因是位于X染色体的，C正确；
D、 基因是有遗传效应的DNA片段，染色体和基因并不是一一对应关系，一条染色体上含有很多基因，D正确.
故选B.",2,2,高中生物考点题型突破——专题09 基因的传递规律（9大题型）（解析版）,专题09,,,,,,专题08-11_Word题目答案知识标注_修正版.xlsx
785,【变式1-2】基因和染色体的行为存在平行关系.下列关于基因和染色体的表述，正确的是（ ）,"A.等位基因都位于同源染色体上
B.非等位基因都位于非同源染色体上
C.复制的两个基因一般会随染色单体的分开而分离
D.真核生物的基因都位于细胞核中",C,"【答案】C
【分析】基因在染色体上，且一条染色体含有多个基因，基因在染色体上呈线性排列.等位基因指的是位于同源染色体相同的位置上控制着相对性状的基因.
【详解】A、等位基因一般位于同源染色体上，但发生染色体互换后可能位于同一条染色体的两条姐妹染色单体上，A错误；
B、非等位基因既可位于非同源染色体上，也可位于同源染色体上，B错误；
C、复制的两个基因分布在一条染色体的两条姐妹染色单体上，一般会随染色单体的分开而分离，移向细胞两极，C正确；
D、真核生物的基因主要位于细胞核中，在线粒体和叶绿体中也存在质基因，D错误.
故选C.
02 基因位于染色体上的实验证据",0,0,高中生物考点题型突破——专题09 基因的传递规律（9大题型）（解析版）,专题09,,,,,,专题08-11_Word题目答案知识标注_修正版.xlsx
786,【例2】果蝇中，红眼与白眼是由一对等位基因B/b控制的相对性状，白眼雄蝇与红眼雌蝇杂交，F1全为红眼，F1雌、雄果蝇自由交配，F2中白眼:红眼=1:3，且白眼只出现于雄性，下列叙述正确的是（ ）,"A.实验结果不能用孟德尔分离定律解释
B.从上述结果就可判断该基因仅位于X染色体上，Y染色体上无等位基因
C.将F2中白眼雄蝇与红眼雌蝇杂交，每一组杂交都可获得白眼雌蝇
D.要确定该基因是否仅位于X染色体上，可将纯合白眼雌蝇与纯合红眼雄蝇杂交",D,"【答案】D
【分析】根据题意分析可知:F1全为红眼，F2代白眼:红眼=1:3，说明后代出现性状分离，所以红眼对白眼显性；又F2代中，白眼只出现于雄性，说明雌雄个体性状有差异，所以相关基因位于性染色体上.
【详解】A、由题意可知F1全是红眼，F2出现了白眼:红眼为 1:3，说明遵循孟德尔的基因分离定律，A错误;
B、从实验结果可以判断出该性状的遗传和性别有关，但不能判断该基因仅位于X染色体上，Y染色体上没有等位基因，还可能位于XY的同源区段，B错误；
C、将F2的白眼雄果蝇与红眼雌果蝇杂交，雌蝇红果蝇有一半是杂合子，但有一半是纯合子，若红眼雌蝇为纯合子，杂交不能获得白眼雌蝇，C错误；
D、要确定该基因是否只位于X染色体上，应将纯合白眼雌果蝇与纯合红眼雄果蝇杂交，如果子代中白眼都是雄性，红眼都是雌性，说明位于X染色体上，D正确.
故选D.",2,2,高中生物考点题型突破——专题09 基因的传递规律（9大题型）（解析版）,专题09,,,,,,专题08-11_Word题目答案知识标注_修正版.xlsx
787,"【变式2-1】下列有关说法正确的有几项（　　）
（1）基因在染色体上的提出者是萨顿，证明者是摩尔根
（2）萨顿推测基因都位于染色体上
（3）自然界性别决定的方式只有XY型和ZW型
（4）性别既受性染色体控制，又与部分基因有关
（5）生物的性别是由性染色体决定的，性染色体上的基因都与性别决定有关
（6）含X染色体的配子是雌配子，含Y染色体的配子是雄配子
（7）玉米、小麦、西瓜等植物雌、雄同株，细胞内无性染色体
（8）基因位于XY的同源区段，则性状表现与性别无关",A.2项B.3项C.4项D.5项,B,"【答案】B
【分析】1、生物的性别主要由性染色体决定，同时与环境因素有关.
2、性染色体上存在与性别相关的基因，但不是所有基因都与性别相关，如红绿色盲基因也位于性染色体上.
3、女性性染色体为XX，可形成含X配子，男性性染色体为XY，可形成含X配子和含Y配子.
【详解】（1）萨顿运用类比推理的方法提出基因在染色体的假说，摩尔根运用假说演绎法证明基因在染色体上，（1）正确；
（2）萨顿利用类比推理法，推测基因位于染色体上（没有推测出基因都位于染色体上），（2）错误；
（3）自然界性别决定的方式不只有XY型和ZW型，如蜜蜂的性别由染色体组数决定，（3）错误；
（4）性染色体上存在与性别相关的部分基因，故性别既受性染色体控制，又与部分基因有关，（4）正确；
（5）性染色体上的基因并非都与性别决定有关，比如人的红绿色盲基因位于X染色体上，但其与性别决定无关，（5）错误；
（6）雄性的性染色体组成是XY，可产生含 X 染色体的雄配子，（6）错误；
（7）玉米、小麦、西瓜等植物雌、雄同株，细胞内无性染色体，雌雄蕊的分化由某些基因决定，（7）正确；
（8）基因位于XY的同源区段，性状表现与性别也有关，如XbXb和XbYB杂交，子代雌性全为隐性，雄性全为显性，（8）错误.
综上所述，（1）、（4）、（7）正确，其他均错误，B正确，ACD错误.
故选B.",2,2,高中生物考点题型突破——专题09 基因的传递规律（9大题型）（解析版）,专题09,,,,,,专题08-11_Word题目答案知识标注_修正版.xlsx
788,"【变式2-2】摩尔根曾明确表示过不相信孟德尔的遗传理论，对萨顿的基因位于染色体上的学说更持怀疑态度，后来他通过果蝇眼色遗传的杂交实验，证明了萨顿的假说.如图为部分果蝇眼色杂交实验图解（不考虑X、Y同源区段），下列相关叙述正确的是（　　）
亲本（P） | 子一代（F1） | 子二代（F1雌雄交配得到F2） | 红眼（雌）、白眼（雄） | 红眼（雌、雄） | 红眼（雌、雄）:白眼（雄）=3:1","A.萨顿通过观察果蝇细胞的染色体变化规律，推出基因在染色体上
B.摩尔根根据上述实验结果，得出了白眼基因位于X染色体上的结论
C.白眼雌果蝇的父本一定是白眼，群体中白眼雄果蝇数量少于白眼雌果蝇
D.据表可知，红眼雄果蝇与白眼雌果蝇杂交，可通过子代的眼色来辨别性别",D,"【答案】D
【分析】题表分析:图中红眼与白眼杂交，F1均为红眼，说明红眼相对于白眼是显性性状；F2红眼∶白眼=3∶1，说明该对性状的遗传遵循基因分离规律，且F2红眼有雌性和雄性，白眼只有雄性，说明与性别相关联，相关基因在X染色体上.
【详解】A、萨顿通过观察蝗虫细胞的染色体变化规律，发现染色体和孟德尔提出的遗传因子之间存在平行关系，因而推出基因在染色体上，A错误；
B、摩尔根根据上述实验结果，提出了白眼基因位于X染色体上的假说，B错误；
C、白眼雌果蝇的基因型为XwXw，其父本一定能产生基因型为Xw的精子，因而可知其父本一定为白眼，由于白眼为隐性基因，雌性个体中只有含有两个w基因才会表现为白眼，故群体中白眼雌果蝇数量少于白眼雄果蝇，C错误；
D、根据亲本红眼与白眼杂交，后代均为红眼，可知红眼为显性性状，根据子二代只有雄性出现白眼，可知基因位于X染色体上，设白眼基因为w，故让红眼雄果蝇（XWY）与白眼雌果蝇（XwXw）杂交，后代为XwY（白眼雄）和XWXw（红眼雌），所以可通过子代的眼色来辨别性别，D正确.
故选D.
考点四 伴性遗传和人类遗传病
01伴性遗传的特点及应用",2,2,高中生物考点题型突破——专题09 基因的传递规律（9大题型）（解析版）,专题09,,,,,,专题08-11_Word题目答案知识标注_修正版.xlsx
789,【例1】下列关于性别决定和伴性遗传的叙述，错误的是（ ）,"A.雌雄异体生物的性别不都是由性染色体决定的
B.ZW型的生物中，雄性个体产生的配子所含性染色体均为Z
C.正常情况下，伴X显性遗传病，男性患病，女儿必患病
D.与性别相关的性状遗传都是伴性遗传，且遵循孟德尔的遗传规律",D,"【答案】D
【分析】生物的性染色体类型一般分为ZW型和XY型，前者同型染色体为雄性，后者异型染色体为雄性.
【详解】A、蜜蜂中的性别差异是由染色体组数决定的，雄蜂只有一个染色体组，蜂王和工蜂有两个染色体组，故雌雄异体生物的性别不都是由性染色体决定的，A正确；
B、ZW型性别决定方式的生物中，雌性个体产生的配子所含性染色体为Z或W，雄性产生的配子所含的性染色体是Z，即雄性个体产生的配子所含性染色体均为Z，B正确；
C、正常情况下，伴X显性遗传病，男性患病，他会将致病的基因传递给其女儿，导致其女儿必患病，C正确；
D、位于性染色体上的基因，所控制的性状在遗传时与性别相关联的现象称为伴性遗传，但并不是与性别相关联的性状遗传就是伴性遗传，如从性遗传，D错误.
故选D.",2,2,高中生物考点题型突破——专题09 基因的传递规律（9大题型）（解析版）,专题09,,,,,,专题08-11_Word题目答案知识标注_修正版.xlsx
790,【变式1-1】某种植物（XY型）的宽叶对窄叶为显性.下列杂交方案及结果中，能证明控制该种植物叶型的基因位于X染色体上的是（ ）,"A.宽叶雌株和宽叶雄株杂交，子代中窄叶性状只在雄株中出现
B.宽叶雄株和窄叶雌株杂交，子代植株中宽叶∶窄叶=1∶1
C.宽叶雌株和窄叶雄株杂交，子代雌、雄植株全表现为宽叶
D.宽叶雌株和宽叶雄株杂交，子代植株中宽叶∶窄叶=3∶1",A,"【答案】A
【分析】XY型性别决定的生物中，基因型XX代表雌性个体，基因型XY代表雄性个体.已知某种植物（XY型）的宽叶对窄叶为显性，令这对等位基因分别由A、a控制.
【详解】A、该种植物叶型的基因位于X染色体上时，宽叶雌株和宽叶雄株杂交，若子代中窄叶只在雄株中出现，说明宽叶雌株为携带者XAXa，A正确；
B、子代植株中宽叶∶窄叶=1∶1，说明宽叶雄株和窄叶雌株进行测交，无论控制该种植物叶型的基因位于X染色体上还是常染色体上，后代都会出现该比例，B错误；
C、宽叶雌株和窄叶雄株杂交，子代雌、雄植株全表现为宽叶，只能证明宽叶为显性性状，不能说明与性别存在关系，C错误；
D、宽叶雌株和宽叶雄株杂交，子代植株中宽叶∶窄叶=3∶1，若位于常染色体上是Aa×Aa→A 、aa，宽叶∶窄叶=3∶1；若位于X染色体上则为XAXa×XAY→XAXA、XAY、XAXa、XaY,此时宽叶∶窄叶=3∶1，D错误；
故选A.",2,2,高中生物考点题型突破——专题09 基因的传递规律（9大题型）（解析版）,专题09,,,,,,专题08-11_Word题目答案知识标注_修正版.xlsx
791,【变式1-2】下图为某家庭中某种遗传病的系谱图，下列分析正确的是（ ）,"A.该病的遗传方式一定与红绿色盲症和抗维生素D佝偻病都不同
B.若2号不含致病基因，则4号一定为杂合子，5号一定为纯合子
C.若3号的致病基因仅来自母亲，则该疾病为常染色体隐性遗传
D.若4号的致病基因来自双亲，则该疾病为X染色体隐性遗传病",B,"【答案】B
【分析】伴X染色体显性遗传的特点:①女性患者多于男性患者，②男性患者其母亲和女儿一定患病(男病女必病)，③女性正常，其父亲、儿子全都正常.
【详解】A、红绿色盲症的遗传方式是伴X隐性遗传，抗维生素D佝偻病遗传方式是伴X显性遗传.若该病为伴X显性遗传，则1号患病，则其所生女儿都应该患病，与系谱图不符合.若该病为伴X隐性遗传，则2号为携带者，3号的致病基因来自2号，4号的致病基因来自1号和2号，与系谱图符合，A错误；
B、若2号不含致病基因，则该遗传病一定为常染色体显性遗传，因为5号不患病，一定为隐性纯合子，2号不患病，4号患病，因此4号一定为杂合子，B正确；
C、若3号的致病基因仅来自母亲，则该疾病一定为X染色体隐性遗传病，C错误；
D、若4号的致病基因来自双亲，则该疾病可能为常染色体隐性遗传，也可能为伴X染色体隐性遗传病，D错误.
故选B.
02人类遗传病",9,9,高中生物考点题型突破——专题09 基因的传递规律（9大题型）（解析版）,专题09,,,,,,专题08-11_Word题目答案知识标注_修正版.xlsx
792,【例1】如图是某家系甲、乙、丙三种单基因遗传病的系谱图，其基因分别用A、a，B、b和D、d表示.甲病是伴性遗传病，Ⅱ-7不携带乙病的致病基因.在不考虑家系内发生新的基因突变的情况下，下列叙述错误是（　　）,"A.甲病是伴X染色体显性遗传，丙病是常染色体隐性遗传
B.Ⅱ-6的基因型是DDXABXab，Ⅲ-12的基因型是DDXabY
C.Ⅲ-13患两种遗传病的原因是初级卵母细胞在减数第一次分裂前期发生了基因重组
D.Ⅲ-16携带丙病致病基因的概率是2/3",B,"【答案】B
【分析】分析系谱图:“甲病是伴性遗传病”，且具有“父患女必患”的特点，说明甲病是X染色体显性遗传病；Ⅱ−6和Ⅱ−7都不患乙病，但他们有患乙病的儿子，说明乙病是隐性遗传病，又已知“Ⅱ−7不携带乙病的致病基因”，因此乙病为X染色体隐性遗传病；Ⅲ−10和Ⅲ−11都不患丙病，但他们有一个患该病的女儿，即“无中生有为隐性，隐性看女病，女病男正非伴性”，说明丙病是常染色体隐性遗传病.
【详解】A、分析系谱图:“甲病是伴性遗传病”，且具有“父患女必患”的特点，说明甲病是X染色体显性遗传病；Ⅲ−10和Ⅲ−11都不患丙病，但他们有一个患该病的女儿，即“无中生有为隐性，隐性看女病，女病男正非伴性”，说明丙病是常染色体隐性遗传病，A正确；
B、根据1号只患甲病，故基因型为XABY，1号的XAB染色体传递给6号，同时根据12号只患乙病的男孩，说明基因型为XabY，而12号中的X染色体也来自6号，因此6号的基因型为DDXABXab或DdXABXab，Ⅲ-12的基因型是DDXabY或DdXabY，B错误；
C、Ⅱ-6基因型是DDXABXab或DdXABXab，由于其在减数分裂第一次分裂前期，两条X染色体的非姐妹染色单体之间发生交换，产生XAb的配子，所以Ⅲ-13患两种遗传病，C正确；
D、丙病是常染色体隐性遗传，因为Ⅲ-17患丙病，而Ⅲ-16表现为正常，因此Ⅲ-16携带丙病致病基因的概率是2/3，D正确.
故选B.",9,9,高中生物考点题型突破——专题09 基因的传递规律（9大题型）（解析版）,专题09,,,,,,专题08-11_Word题目答案知识标注_修正版.xlsx
793,【变式1-1】下图为受一对等位基因控制的某种人类遗传病系谱图.不考虑变异和XY染色体的同源区段的情况，下列叙述错误的是（　　）,"A.该病可能属于伴X染色体隐性遗传病
B.若3 号携带致病基因，则9号与5号基因型一定相同
C.若3号不携带致病基因，则1号和2号所生的男孩一定患病
D.若3 号不携带致病基因，则4号的一个初级卵母细胞中含有2个该病的致病基因",B,"【答案】B
【分析】无中生有为隐性的口诀是:无中生有有为隐性，隐性遗传看女病，女病男正非伴性，有中生无有为显性，显性遗传看男病，男病女正非伴性.
【详解】A、8号为患者，但其父母均正常，说明该病是隐性遗传病，可能是常染色体隐性遗传病，也可能是伴X染色体隐性遗传病，A正确；
B、若3号携带致病基因，则该病为常染色体隐性遗传病，则1号可能是显性纯合子或显性杂合子，2号为隐性纯合子，则5号的基因型为显性杂合子，3号和4号的基因型均为显性杂合子，则9号的基因型为显性纯合子或显性杂合子，故9号与5号基因型不一定相同，B错误；
C、若3号不携带致病基因，则该病为伴X染色体隐性遗传病，则1号的基因型为显性纯合子，2号为隐性纯合子，则1号和2号所生的男孩为隐性纯合子，即必患病，C正确；
D、若3号不携带致病基因，则该病是伴X染色体隐性遗传病，4号是杂合子，她的一个初级卵母细胞已经经过间期的复制，含2个致病基因，D正确.
故选B.",9,9,高中生物考点题型突破——专题09 基因的传递规律（9大题型）（解析版）,专题09,,,,,,专题08-11_Word题目答案知识标注_修正版.xlsx
794,【变式1-2】某种人类单基因遗传病系谱图如图所示，其中Ⅱ-4不携带该种遗传病的致病基因，不考虑突变及其他变异.下列分析错误的是（　　）,"A.若I-1携带该致病基因，则传给Ⅲ-2的概率为1/4
B.若Ⅱ-1和Ⅱ-2再生一个男孩，则该男孩一定患该遗传病
C.Ⅲ-3携带该致病基因的概率为1/2
D.Ⅲ-1与Ⅱ-3的基因型相同",A,"【答案】A
【分析】题图分析:依据Ⅱ-3、Ⅱ-4正常，而Ⅲ-2患病，且Ⅱ-4不携带该种遗传病的致病基因，故该病为伴X隐性遗传病.
【详解】A、若该病的致病基因由A、a控制，依据系谱图，Ⅱ-3、Ⅱ-4正常，而Ⅲ-2患病，且Ⅱ-4不携带该种遗传病的致病基因，故该病为伴X隐性遗传病，故Ⅱ-3的基因型为XAXa、若Ⅰ-1携带该致病基因，即基因型为XAXa，而Ⅰ-2的基因型为XaY，则Ⅰ-1向Ⅱ-3提供XA配子的概率为1，则传给Ⅲ-2的概率为0，A错误；
B、该病为伴X隐性遗传病，可推知，Ⅱ-1、Ⅱ-2的基因型分别为XaXa、XAY，则再生一个男孩的患病概率为1，B正确；
C、Ⅱ-3、Ⅱ-4的基因型分别为XAXa、XAY，则Ⅲ-3携带该致病基因的概率为1/2，C正确；
D、Ⅱ-1、Ⅱ-2的基因型分别为XaXa、XAY，则Ⅲ-1的基因型XAXa，而Ⅱ-3的基因型也为XAXa，所以二者的基因型相同，D正确.
故选A.",9,9,高中生物考点题型突破——专题09 基因的传递规律（9大题型）（解析版）,专题09,,,,,,专题08-11_Word题目答案知识标注_修正版.xlsx
795,【例1】科学家发现染色体主要是由蛋白质和DNA组成.关于证明蛋白质和核酸哪一种是遗传物质的系列实验，下列叙述正确的是（ ）,"A.肺炎链球菌体内转化实验中，加热致死的S型菌株的DNA分子在小鼠体内可使R型活菌的相对性状从无致病性转化为有致病性
B.肺炎链球菌体外转化实验中，利用自变量控制的“加法原理”，将“S型菌DNA+DNA酶”加入R型活菌的培养基中，结果证明DNA是转化因子
C.噬菌体侵染实验中，用放射性同位素分别标记了噬菌体的蛋白质外壳和DNA，发现其DNA进入宿主细胞后，利用自身原料和酶完成自我复制
D.烟草花叶病毒实验中，以病毒颗粒的RNA和蛋白质互为对照进行侵染，结果发现自变量RNA分子可使烟草出现花叶病斑性状",D,"【答案】D
【分析】肺炎链球菌转化实验包括格里菲思体内转化实验和艾弗里体外转化实验，其中格里菲思体内转化实验证明S型细菌中存在某种“转化因子”，能将R型细菌转化为S型细菌；艾弗里体外转化实验证明DNA是遗传物质.
【详解】A、格里菲思的肺炎链球菌体内转化实验未单独研究每种物质的作用，在艾弗里的肺炎链球菌体外转化实验中，加热致死的S型菌株的DNA分子在小鼠体内可使R型活菌的相对性状从无致病性转化为有致病性，A错误；
B、在肺炎链球菌的体外转化实验中，利用自变量控制中的“减法原理”设置对照实验，通过观察只有某种物质存在或只有某种物质不存在时，R型菌的转化情况，最终证明了DNA是遗传物质，例如“S型菌DNA+DNA酶”组除去了DNA，B错误；
C、噬菌体为DNA病毒，其DNA进入宿主细胞后，利用宿主细胞的原料和酶完成自我复制，C错误；
D、烟草花叶病毒的遗传物质是RNA，以病毒颗粒的RNA和蛋白质互为对照进行侵染，结果发现RNA分子可使烟草出现花叶病斑性状，而蛋白质不能使烟草出现花叶病斑性状，D正确.
故选D.",3,3,高中生物考点题型突破——专题10 遗传的物质基础（10大题型）（解析版）,专题10,,,,,,专题08-11_Word题目答案知识标注_修正版.xlsx
796,【变式1-1】艾弗里实验中制备S型细菌细胞提取物的过程是:破碎S型细菌后漂洗数次，用乙醇进行沉淀后将沉淀溶于盐溶液，用氯仿抽提2～3次除去蛋白质，再用乙醇进行沉淀.将沉淀溶于盐溶液，加入能够水解多糖的酶，再除去该酶，继续用乙醇进行沉淀，最后将沉淀溶于盐溶液制成细胞提取物进行“转化因子”本质的研究.下列相关叙述错误的是（ ）,"A.提取过程利用了DNA不溶于酒精而蛋白质等物质易溶于酒精的特性
B.水解多糖的酶和蛋白质等物质去除越彻底，该实验的说服力越强
C.该细胞提取物与活的R型细菌混合培养后能获得R型细菌和S型细菌
D.还需要进行向提取物中加入RNA酶、酯酶、蛋白酶混合液的一组实验",D,"【答案】D
【分析】在证明DNA是遗传物质的实验中，艾弗里和他的同事将加热致死的 S 型细菌破碎后，设法去除绝大部分糖类、蛋白质和脂质，制成细胞提取物.将细胞提取物加入有 R 型活细菌的培养基中，结果出现了 S 型活细菌.然后，他们对细胞提取物分别进行不同的处理后再进行转化实验，结果表明分别用蛋白酶、RNA 酶或酯酶处理后，细胞提取物仍然具有转化活性；用 DNA 酶处理后，细胞提取物就失去了转化活性.实验表明，细胞提取物中含有格里菲思所述的转化因子，而转化因子很可能就是 DNA.艾弗里等人进一步分析了细胞提取物的理化特性，发现这些特性都与 DNA 的极为相似，于是艾弗里提出了不同于当时大多数科学家观点的结论:DNA 才是使 R 型细菌产生稳定遗传变化的物质.
【详解】A、提取过程利用了DNA不溶于酒精而蛋白质等物质易溶于酒精的特性，纯化DNA、去除蛋白质等物质，A正确；
B、除去水解多糖的酶是为了防止其他物质的干扰，蛋白质等物质去除越彻底，该实验的说服力越强，B正确；
C、该细胞提取物中有“转化因子”——S型细菌的DNA，因此细胞提取物与活的R型细菌混合能转化成功，出现S型细菌，C正确；
D、还需利用自变量处理的减法原理，进行向提取物中分别加入RNA酶、酯酶、蛋白酶的多组实验，D错误.
故选D.",3,3,高中生物考点题型突破——专题10 遗传的物质基础（10大题型）（解析版）,专题10,,,,,,专题08-11_Word题目答案知识标注_修正版.xlsx
797,【变式1-2】型肺炎链球菌的某种“转化因子”可使型菌转化为型菌.研究“转化因子”化学本质的部分实验流程如图所示，下列叙述正确的是（ ）,"A.步骤①中，酶处理时间不宜过长，以免底物完全水解
B.步骤②中，甲或乙的加入量不同不影响实验结果
C.步骤④中，R型菌转化为S型菌的实质是发生了基因突变
D.步骤⑤中，通过观察菌落或鉴定细胞形态可得到实验结果",D,"【答案】D
【分析】该实验将提纯的DNA、蛋白质等物质分别加入到培养了R型细菌的培养基中，结果发现:用蛋白酶去掉蛋白质的组，S型菌匀浆中剩下DNA，加入该DNA，R型细菌才能够转化为S型细菌；如果用DNA酶分解从S型活细菌中提取的DNA，就不能使R型细菌发生转化.说明转化因子是DNA.
【详解】A、步骤①中，酶处理时间要足够长，以使底物蛋白质完全水解，A错误；
B、步骤②中，甲或乙的加入量属于无关变量，应保持相同，否则会影响实验结果，B错误；
C、步骤④中，R型菌转化为S型菌的实质是发生了基因重组，C错误；
D、S型细菌有荚膜，菌落光滑，R型细菌无荚膜，菌落粗糙.步骤⑤中，通过涂布分离后观察菌落或鉴定细胞形态，可判断是否出现S型细菌，D正确.
故选D.
02 噬菌体侵染细菌的实验",3,3,高中生物考点题型突破——专题10 遗传的物质基础（10大题型）（解析版）,专题10,,,,,,专题08-11_Word题目答案知识标注_修正版.xlsx
798,【例2】赫尔希和蔡斯利用放射性同位素标记的T2噬菌体侵染未标记的细菌，部分实验过程如图所示.相关叙述正确的是（ ）,"A.图中实验的细菌也可以为肺炎链球菌
B.图中实验利用的放射性同位素为35S
C.图中实验可以证明 DNA 是遗传物质
D.有无搅拌对图中实验结果影响不显著",D,"【答案】D
【分析】1、噬菌体侵染细菌的过程:吸附→注入→合成→组装→释放.
2、该实验采用了同位素示踪法，用35S标记T2噬菌体的蛋白质外壳，用32P标记T2噬菌体的DNA.
【详解】A、T2噬菌体只能感染大肠杆菌，不能感染肺炎双球菌，图中的细菌只能是大肠杆菌，A错误；
B、根据实验结果可知，被标记的物质是DNA，利用的放射性同位素是32P，B错误；
C、图中实验不可以证明 DNA 是遗传物质，需要结合35S标记的另一组实验的结果进行综合分析，C错误；
D、搅拌的目的是让噬菌体的蛋白质外壳与被侵染的细菌分开，有无搅拌对图中实验结果影响不显著，图中实验标记的是32P，影响其结果的是培养时间长短，有无搅拌对图中实验结果影响不显著，D正确.
故选D.",3,3,高中生物考点题型突破——专题10 遗传的物质基础（10大题型）（解析版）,专题10,,,,,,专题08-11_Word题目答案知识标注_修正版.xlsx
799,【变式2-1】用14N标记的T2噬菌体侵染15N标记的大肠杆菌，一段时间后，大肠杆菌裂解释放出若干个子代T2噬菌体.下列有关叙述正确的是（　　）,"A.T2噬菌体DNA的合成场所是细胞核
B.子代T2噬菌体的蛋白质全部被15N标记
C.子代T2噬菌体的DNA全部被14N标记
D.该实验可证明噬菌体的遗传物质是DNA",B,"【答案】B
【分析】T2噬菌体是一种专门寄生在大肠杆菌体内的病毒，T2噬菌体侵染大肠杆菌后，就会在自身遗传物质的作用下，利用大肠杆菌体内的物质来合成自身的组成成分，进行大量增殖.大肠杆菌为原核生物，无核膜包被的细胞核.
【详解】A、T2噬菌体侵染大肠杆菌后，就会在自身遗传物质的作用下，利用大肠杆菌体内的物质来合成自身的组成成分，进行大量增殖，大肠杆菌为原核生物，无核膜包被的细胞核，A错误；
B、蛋白质的元素组成为C、H、O、N、(S)，用14N标记的T2噬菌体侵染15N标记的大肠杆菌时，会利用大肠杆菌体内的15N来合成子代的蛋白质外壳，子代T2噬菌体的蛋白质全部被15N标记，B正确；
C、DNA的复制方式为半保留复制，用14N标记的T2噬菌体侵染15N标记的大肠杆菌，子代噬菌体的DNA全部被15N标记，C错误；
D、14N、15N既可标记DNA，也可标记蛋白质，未将DNA和蛋白质区分开，不能证明噬菌体的遗传物质是DNA，D错误.
故选B",3,3,高中生物考点题型突破——专题10 遗传的物质基础（10大题型）（解析版）,专题10,,,,,,专题08-11_Word题目答案知识标注_修正版.xlsx
800,【变式2-2】下图是遗传学家赫尔希及其助手蔡斯利用同位素标记技术，完成噬菌体侵染大肠杆菌实验的部分操作过程.下列相关叙述错误的是（ ）,"A.不能用含35S的培养基直接培养并标记噬菌体
B.上清液的放射性很高，而沉淀物的放射性很低
C.搅拌是为了使噬菌体的蛋白质外壳与DNA分离
D.沉淀物中新形成的子代噬菌体完全没有放射性",C,"【答案】C
【分析】噬菌体侵染细菌的实验:用同位素示踪法分别标记噬菌体外壳和噬菌体的DNA，得出噬菌体的遗传物质是DNA的结论.
【详解】A、噬菌体是病毒，没有细胞结构，不能独立生存，不能用培养基直接培养噬菌体，A正确；
B、根据题图分析可知，35S标记噬菌体侵染大肠杆菌时，DNA注入大肠杆菌内，噬菌体的放射性外壳留在外面，然后经过搅拌离心，噬菌体外壳与大肠杆菌分离，理论上是上清液中有放射性，但是，这里面还有一部分噬菌体的外壳没有与大肠杆菌分离，而是随大肠杆菌一起沉到了底部，这就是造成沉淀还有很低的放射性，B正确；
C、搅拌的目的是使噬菌体的蛋白质外壳与大肠杆菌分开，C错误；
D、图中用放射性同位素35S标记了蛋白质，由于噬菌体的蛋白质并没有进入细菌内部，而是留在细菌的外部，噬菌体的DNA进入内部繁殖，但没有被标记，故沉淀物中新形成的子代噬菌体完全没有放射性，D正确.
故选C.
03 烟草花叶病毒感染实验",3,3,高中生物考点题型突破——专题10 遗传的物质基础（10大题型）（解析版）,专题10,,,,,,专题08-11_Word题目答案知识标注_修正版.xlsx
801,【例3】在对遗传物质的探究过程中，有许多实验:噬菌体侵染细菌实验、肺炎链球菌转化实验、烟草花叶病毒感染和重建实验.下列相关叙述错误的是（ ）,"A.S型菌的DNA会进入活的R型菌，使R型菌转化成S型菌
B.用15N标记的烟草花叶病毒的RNA感染烟草，烟草中可以检测到放射性
C.在32P标记的T2噬菌体侵染组中，保温时间过长或过短会使离心后的上清液具有一定的放射性
D.用35S标记的T2噬菌体侵染组中，沉淀中有少量放射性35S可能的原因是搅拌不充分",B,"【答案】B
【分析】T2噬菌体侵染细菌的实验步骤:分别用35S或32P标记噬菌体→噬菌体与大肠杆菌混合培养→噬菌体侵染未被标记的细菌→在搅拌器中搅拌，然后离心，检测上清液和沉淀物中的放射性物质.
【详解】A、肺炎双球菌转化实验中，S型菌的部分DNA片段进入R型菌内并整合到R型菌的DNA分子上，使R型菌转化成S型菌，A正确；
B、15N是稳定同位素，不具有放射性，B错误；
C、在32P标记T2噬菌体侵染组中，噬菌体DNA被标记并进入大肠杆菌，保温时间过长会导致大肠杆菌裂解并释放出被标记的子代噬菌体，而保温时间过短会导致噬菌体未能及时侵染大肠杆菌，保温时间过长或过短会使离心后的上清液具有一定的放射性，C正确；
D、35S标记的是噬菌体的蛋白质，而噬菌体侵染细菌时蛋白质未进入细菌，搅拌离心后放射性主要存在于上清液中，因此沉淀出现少量放射性可能是搅拌不充分，D正确.
故选B.",3,3,高中生物考点题型突破——专题10 遗传的物质基础（10大题型）（解析版）,专题10,,,,,,专题08-11_Word题目答案知识标注_修正版.xlsx
802,【变式3-1】烟草花叶病毒和车前草病毒均由一条RNA链和蛋白质外壳组成，下图是两种病毒的重建实验.下列叙述正确的是（ ）,"A.该实验证明了RNA是某些病毒的主要遗传物质
B.重建形成的病毒，病毒形态可能无法稳定维持
C.两种病毒的重建过程中发生了基因重组
D.可利用3H对两种成分进行标记开展实验探究",B,"【答案】B
【分析】图示先将烟草花叶病毒和车前草病毒的RNA和蛋白质外壳分离，然后将不同病毒的RNA和蛋白质重组，将重组的病毒感染烟草，分析子代病毒的类型可确定病毒的遗传物质.
【详解】A、该实验证明了RNA是某些病毒的遗传物质，不能证明RNA是主要的遗传物质，A错误；
B、重建形成的病毒其性状由所含有的RNA控制，由于RNA是单链，易发生变异，因此病毒形态可能无法稳定维持，B正确；
C、两种病毒的重建过程是将不同病毒的RNA和蛋白质进行重新组合，不属于基因重组，C错误；
D、由于蛋白质和RNA都含有H，因此利用3H对两种成分进行标记不能进行区分，D错误.
故选B.",3,3,高中生物考点题型突破——专题10 遗传的物质基础（10大题型）（解析版）,专题10,,,,,,专题08-11_Word题目答案知识标注_修正版.xlsx
803,【变式3-2】已知烟草花叶病毒（TMV）和车前草病毒（HRV）都能侵染烟草叶片，且两者都由蛋白质和RNA组成，如图是探索HRV的遗传物质是蛋白质还是RNA的操作流程图.据图分析下列说法错误的是（ ）,"A.本实验运用了对照原则，a组和b组均为对照组
B.实验过程中重组病毒的后代是HRV
C.该实验能说明病毒的遗传物质都是RNA
D.若将TMV的RNA与HRV的蛋白质形成重组病毒，则子代为TMV",C,"【答案】C
【分析】分析题图信息可知，用TMV的蛋白质外壳、HRV的RNA和TMV的蛋白质外壳与HRV的RNA组成的重组病毒感染烟叶，用TMV的蛋白质外壳感染的烟叶没有出现病斑，其他两组烟叶上出现的病斑是HRV的病斑，结果说明TMV的蛋白质外壳没有侵染作用，HRV的RNA和TMV的蛋白质外壳与HRV的RNA组成的重组病毒有感染作用.
【详解】A、本实验运用了对照原则，a组和b组分别由TMV和HRV直接侵染烟草叶片，属于对照组，c、d、e是实验组，A正确；
B、据图可知，将TMV的蛋白质外壳和HRV的RNA进行重组，获得重组病毒，其后代是HRV，B正确；
C、该实验只设计用HRV的RNA和TMV的蛋白质外壳重组获得的病毒侵染烟草叶片的实验，因此，该实验只能证明HRV的遗传物质是RNA，不能证明所有病毒的遗传物质都是RNA，C错误；
D、若将TMV的RNA与HRV的蛋白质形成重组病毒，由于RNA是病毒的遗传物质，蛋白质没有侵染性，故子代为TMV，D正确.
故选C.
考点二 DNA分子的结构与基因的本质
01 DNA分子的结构与基因的本质",3,3,高中生物考点题型突破——专题10 遗传的物质基础（10大题型）（解析版）,专题10,,,,,,专题08-11_Word题目答案知识标注_修正版.xlsx
804,【例1】DNA分子既有环状也有链状，既有单链也有双链.下列关于DNA 分子结构的叙述，正确的是（ ）,"A.不同的双链DNA分子中嘌呤与嘧啶碱基的比例相同
B.DNA 分子中每个脱氧核糖连接2个磷酸基团
C.每个DNA 分子中都含有游离的磷酸基团和羟基
D.双链DNA 分子中不互补的相邻碱基由磷酸二酯键相连",A,"【答案】A
【分析】DNA的双螺旋结构:①DNA分子是由两条反向平行的脱氧核苷酸长链盘旋而成的.②DNA分子中的脱氧核糖和磷酸交替连接，排列在外侧，构成基本骨架，碱基在内侧.③两条链上的碱基通过氢键连接起来，形成碱基对且遵循碱基互补配对原则.
【详解】A、两条链组成的DNA分子，根据碱基互补配对原则，A与T配对，G与C配对，因此A+G=T+C，两条链中嘌呤的数量等于嘧啶的数量，分别为50%，A正确；
B、若DNA分子为链状，则每个脱氧核糖连接一个或者两个磷酸基团；若DNA分子为环状，则每个脱氧核糖连接两个磷酸基团，B错误；
C、若DNA分子为链状，则该DNA分子中含有游离的磷酸和羟基；若DNA分子为环状，则该DNA分子中含没有游离的磷酸和羟基，C错误；
D、双链DNA 分子中不互补的相邻碱基即指的是在DNA分子的一条单链中相邻的碱基，DNA分子的一条单链中相邻的碱基连接是通过脱氧核糖-磷酸-脱氧核糖相连接，D错误.
故选A.",3,3,高中生物考点题型突破——专题10 遗传的物质基础（10大题型）（解析版）,专题10,,,,,,专题08-11_Word题目答案知识标注_修正版.xlsx
805,【变式1-1】如图是DNA双螺旋模型构建过程图解，下列叙述错误的是（ ）,"A.图①代表的物质中的含氮碱基共有4种
B.图②中相邻的碱基通过氢键相连
C.图③中含有2个游离的磷酸基团
D.图④为DNA立体结构，两条链反向平行",B,"【答案】B
【分析】DNA的双螺旋结构:①DNA分子是由两条反向平行的脱氧核苷酸长链盘旋而成的.②DNA分子中的脱氧核糖和磷酸交替连接，排列在外侧，构成基本骨架，碱基在内侧.③两条链上的碱基通过氢键连接起来，形成碱基对且遵循碱基互补配对原则.
【详解】A、图①为脱氧核苷酸，含氮碱基共有4种，A正确；
B、图②中相邻的碱基通过脱氧核糖—磷酸—脱氧核糖相连，B错误；
C、图③为DNA双链，含有2个游离的磷酸基团，C正确；
D、图④为DNA立体结构，两条链按反向平行方式盘旋成双螺旋结构，D正确.
故选B.",4,4,高中生物考点题型突破——专题10 遗传的物质基础（10大题型）（解析版）,专题10,,,,,,专题08-11_Word题目答案知识标注_修正版.xlsx
806,【变式1-2】下列关于 DNA 分子结构和复制的叙述正确的是（ ）,"A.DNA分子基本骨架的成分是磷酸和核糖
B.DNA分子中相邻的两个碱基都以氢键相连
C.DNA分子一条链中A+C所占的比例与另一条链中的比例一定相等
D.若该DNA 含 100个碱基, 其中T有20个,复制3次共消耗210个C",D,"【答案】D
【分析】DNA分子的基本组成单位是脱氧核苷酸，脱氧核苷酸由磷酸二酯键连接形成脱氧核苷酸链，DNA分子一般是由2条反向平行的脱氧核苷酸链组成的规则的双螺旋结构，脱氧核糖和磷酸交替连接排列在外侧，构成基本骨架，碱基排列在内侧，两条链上的碱基由氢键连接形成碱基对，且遵循A与T配对、G与C配对的碱基互补配对原则；DNA分子千变万化的碱基对的排列顺序使DNA分子具有多样性.
【详解】A、DNA分子的基本骨架是由磷酸和脱氧核糖交替连接形成的，A错误；
B、氢键连接的是DNA分子的两条链上的碱基，而单链中相邻的两个碱基通过脱氧核糖-磷酸-脱氧核糖进行连接，B错误；
C、根据碱基互补配对原则，A与T配对、C与G配对，因此DNA分子一条链中A+C所占的比例与另一条链中的A+C所占比例不一定相等，C错误；
D、若该DNA 含 100个碱基，其中T有20个，C+T=50%，所以C有30个，复制3次共消耗30×（231）=210个C，D正确.
故选D.
02 DNA的复制",3,3,高中生物考点题型突破——专题10 遗传的物质基础（10大题型）（解析版）,专题10,,,,,,专题08-11_Word题目答案知识标注_修正版.xlsx
807,【例2】下列有关真核细胞DNA复制的叙述，错误的是（ ）,"A.只发生在细胞核中
B.具有边解旋边复制的特点
C.通常发生在细胞分裂间期
D.需要解旋酶和DNA聚合酶的参与
D.需要解旋酶和DNA聚合酶的参与",A,"【答案】A
【分析】DNA的复制需要将螺旋的双链解开，需要解旋酶催化，复制的过程中需要DNA聚合酶参与，同时消耗能量，主要发生场所在细胞核.
【详解】A、真核细胞DNA复制的主要场所在细胞核，线粒体和叶绿体也能进行DNA复制，A错误；
B、DNA复制的方式是半保留复制，特点是边解旋边复制，B正确；
C、真核细胞DNA复制主要发生在细胞分裂前的间期，C正确；
D、DNA复制的过程中需要解旋酶进行解旋，DNA聚合酶参与脱氧核苷酸的聚合，D正确.
故选A.",4,4,高中生物考点题型突破——专题10 遗传的物质基础（10大题型）（解析版）,专题10,,,,,,专题08-11_Word题目答案知识标注_修正版.xlsx
808,【变式2-1】DNA复制时两条子链的合成方式存在一定差异，其中一条新链可以连续合成，这条链称为前导链，而另一条不能连续合成的新链称为滞后链，具体过程如下图所示.下列相关叙述错误的是（ ）,"A.由冈崎片段连接形成的滞后链和前导链的合成方向都为5′→3′
B.前导链连续复制时需要的酶①为解旋酶、酶②为DNA聚合酶
C.引物酶、DNA聚合酶和DNA连接酶均催化磷酸二酯键形成
D.合成RNA引物与合成冈崎片段时碱基互补配对方式完全相同",D,"【答案】D
【分析】DNA的复制:
条件:a、模板:亲代DNA的两条母链；b、原料:四种脱氧核苷酸为；c、能量:（ATP）；d、一系列的酶.缺少其中任何一种，DNA复制都无法进行.
过程: a、解旋:首先DNA分子利用细胞提供的能量，在解旋酶的作用下，把两条扭成螺旋的双链解开，这个过程称为解旋；b、合成子链:然后，以解开的每段链（母链）为模板，以周围环境中的脱氧核苷酸为原料，在有关酶的作用下，按照碱基互补配对原则合成与母链互补的子链.
【详解】A、由冈崎片段连接形成的滞后链和前导链的合成方向都为5′→3′，即DNA单链合成的方向是5′→3′，A正确；
B、前导链连续复制时需要的酶①为解旋酶、酶②为DNA聚合酶，进而实现了DNA复制过程，B正确；
C、引物酶催化引物的合成，引物是一小段RNA片段、DNA聚合酶使单个的脱氧核苷酸连接成长链，而DNA连接酶能将DNA片段连接起来，它们均催化磷酸二酯键形成，C正确；
D、合成RNA引物与合成冈崎片段时碱基互补配对方式不完全相同，因为RNA引物的合成过程需要DNA和RNA之间碱基配对，而冈崎片段的合成需要在DNA之间实现碱基配对，D错误 .
故选D.",4,4,高中生物考点题型突破——专题10 遗传的物质基础（10大题型）（解析版）,专题10,,,,,,专题08-11_Word题目答案知识标注_修正版.xlsx
809,【变式2-2】将一个普通大肠杆菌置于含15N的培养液中培养60分钟后，提取其DNA进行分析，得出含14N的DNA所占比例为1/8，则大肠杆菌细胞的分裂周期是（ ）,A.10分钟B.15分钟C.20分钟D.30分钟,B,"【答案】B
【分析】DNA复制的方式是半保留复制，特点是边解旋边复制，原料是四种游离的脱氧核苷酸.
【详解】根据半保留复制的特点，含有14N的一个DNA分子不论复制多少次，在子代始终有2个DNA分子含有14N，而得出含14N的DNA分子所占比例为1/8，可知一个DNA复制成了16个DNA分子，复制的次数为16=2n，n=4次，而分裂4次经过了60分钟，可知每分裂一次需要15分钟.
故选B.
考点三 基因的表达
01 遗传信息的转录和翻译",3,3,高中生物考点题型突破——专题10 遗传的物质基础（10大题型）（解析版）,专题10,,,,,,专题08-11_Word题目答案知识标注_修正版.xlsx
810,【例1】图1和图2表示某些生物体内的物质合成过程示意图，下列对此分析正确的是（ ）,"A.图中甲和丙表示RNA，乙和丁表示核糖体
B.图1中乙的移动方向为从右向左
C.图1最终合成的多肽链的氨基酸排列顺序各不相同
D.图1和图2中的过程可表示分别表示神经细胞、大肠杆菌细胞内的基因表达过程",D,"【答案】D
【分析】分析图1中甲表示mRNA，乙为核糖体，每个核糖体上正在合成相同的多肽链；图2中丙为DNA，丁为RNA聚合酶，它的不断移动从而转录出多条相同的mRNA，每条mRNA单链上同时连接着多个核糖体，各自合成多肽链.
【详解】A、图1中甲表示mRNA，乙表示核糖体，图2中丙表示DNA，丁表示RNA聚合酶，A错误；
B、根据图1中核糖体上延伸的肽链由短到长的顺序可推知，核糖体乙的移动方向是从左到右，B错误；
C、图1翻译合成多肽链时均以相同的mRNA为模板，因此合成的多肽链的氨基酸排列顺序相同，C错误；
D、图1正在完成翻译，真核细胞，神经细胞中可以发生，图2同时进行转录和翻译过程，原核生物大肠杆菌细胞内可以发生，D正确.
故选D.",3,3,高中生物考点题型突破——专题10 遗传的物质基础（10大题型）（解析版）,专题10,,,,,,专题08-11_Word题目答案知识标注_修正版.xlsx
811,【变式1-1】CRISPR/Cas9基因编辑技术可简单、准确地进行基因定点编辑.其原理是由一条单链向导RNA引导核酸内切酶Cas9到一个特定的基因位点进行切割.通过设计向导RNA中20个碱基的识别序列，可人为选择DNA上的目标位点进行切割（如下图）.下列相关叙述错误的是（ ）,"A.合成Cas9蛋白需要mRNA、tRNA、rRNA参与
B.向导RNA分子中不存在碱基互补配对
C.Cas9蛋白通过作用于磷酸二酯键对目标DNA进行切割
D.识别序列选择切割位点的原理是碱基互补配对原则",B,"【答案】B
【分析】基因工程的工具:（1）限制酶:能够识别双链DNA分子的某种特定核苷酸序列，并且使每一条链中特定部位的两个核苷酸之间的磷酸二酯键断裂.（2）DNA连接酶:连接的是两个核苷酸之间的磷酸二酯键.（3）运载体:常用的运载体:质粒、噬菌体的衍生物、动植物病毒.
【详解】A、合成Cas9蛋白需要经过转录和翻译两个步骤，而翻译过程需要三种RNA的参与，故合成Cas9蛋白需要mRNA（作为翻译的模板）、tRNA（转运氨基酸）、rRNA（参与构成核糖体）参与，A正确；
B、向导RNA中的局部双链区碱基对间遵循碱基配对原则，B错误；
C、Cas9蛋白是一种核酸内切酶，作用部位是DNA分子中特定的两个核苷酸之间的磷酸二酯键，C正确；
D、识别序列选择切割位点的原理是碱基互补配对原则，从而实现精准定位，D正确.
故选B.",5,5,高中生物考点题型突破——专题10 遗传的物质基础（10大题型）（解析版）,专题10,,,,,,专题08-11_Word题目答案知识标注_修正版.xlsx
812,【变式1-2】无义突变是指基因中碱基替换导致终止密码子（UAG、UAA、UGA）出现，使mRNA的翻译提前终止.科研人员成功合成了一种抑制性tRNA（sup-tRNA），能识别终止密码子并引入色氨酸到合成的肽链中，机制如图所示.下列叙述正确的是（ ）,"A.色氨酸的密码子是AUC
B.该sup-tRNA恢复读取终止密码子从而使肽链延伸
C.该sup-tRNA抑制无义突变时出现了新的碱基配对方式
D.理论上，sup-tRNA可以治疗基因突变引起的任何遗传病",B,"【答案】B
【分析】1、转录是以DNA的一条链为模板，按照碱基互补配对原则合成mRNA的过程.翻译是游离在细胞质中的各种氨基酸，以mRNA为模板合成具有一定氨基酸顺序的蛋白质的过程.
2、基因突变的概念:DNA分子中发生碱基对的替换、增添和缺失，从而引起基因结构的改变.
【详解】A、AUC为反密码子，A错误；
B、该sup-tRNA恢复读取终止密码子，将色氨酸引入合成的肽链中，使肽链延伸，B正确；
C、该sup-tRNA抑制无义突变时仍遵循A-U，G-C，并未出现新的碱基配对方式，C错误；
D、sup-tRNA可能治疗基因突变引起的终止密码子提前出现的疾病，D错误.
故选B.
02 中心法则的提出及其发展",5,5,高中生物考点题型突破——专题10 遗传的物质基础（10大题型）（解析版）,专题10,,,,,,专题08-11_Word题目答案知识标注_修正版.xlsx
813,【例2】下图1为生物体内某生理过程示意图，图2为生物体遗传信息传递示意图.下列相关叙述错误的是（ ）,"A.图1表明少量的mRNA可以迅速合成大量的蛋白质
B.图1可发生在原核细胞中，包括图2中的②和③过程
C.图2中①②③④⑤等过程均可发生碱基互补配对
D.图2中改变DNA—碱基对，合成的RNA和蛋白质一定改变",D,"【答案】D
【分析】分析图示:图1表示原核生物遗传信息的转录和翻译过程，图2表示中心法则及发展，①表示DNA的复制、②表示遗传信息的转录、③表示翻译，④表示RNA自我复制，⑤表示逆转录.
【详解】A、图1所示过程为转录和翻译，多个核糖体以一条mRNA为模板合成多条肽链，可以迅速合成大量的蛋白质，A正确；
B、图1所示过程为转录和翻译同时进行，可发生在原核细胞中，包括图2中的②转录和③翻译过程，B正确；
C、图2表示中心法则及发展，①DNA复制、②转录、③翻译、④RNA复制、⑤逆转录过程均遵循碱基互补配对原则，C正确；
D、由于密码子的简并性，则图2中改变DNA—碱基对，合成的RNA会发生改变，但是合成的蛋白质不一定改变，D错误.
故选D.",5,5,高中生物考点题型突破——专题10 遗传的物质基础（10大题型）（解析版）,专题10,,,,,,专题08-11_Word题目答案知识标注_修正版.xlsx
814,【变式2-1】下图表示生物体内遗传信息的传递和表达过程，有关叙述错误的是（ ）,"A.原核细胞基因的②③过程可同时发生，真核细胞核基因的②③过程不能同时发生
B.图中能发生A-U和U-A配对的过程只有④
C.参与③过程的RNA有3种，此过程中同一种氨基酸可以由一种或多种tRNA来转运
D.HIV在宿主细胞中遗传信息流动的过程有⑤①②③",B,"【答案】B
【分析】题图表示生物体内遗传信息的传递和表达过程，①是DNA的复制；②是遗传信息的转录；③是遗传信息的翻译；④是RNA复制；⑤是逆转录过程.
【详解】A、②是遗传信息的转录过程，③是翻译过程，由于原核细胞没有核膜包被的细胞核，所以原核细胞基因的②③过程可同时发生，真核细胞的核基因②③过程不能同时发生，A正确；
B、转录、翻译、RNA复制过程都能发生A-U配对，翻译过程、RNA复制过程、逆转录过程可发生U-A配对，所以图中能发生A-U和U-A碱基互补配对的过程有③翻译、④RNA复制，B错误；
C、③是翻译过程，参与翻译过程的RNA有tRNA、rRNA和mRNA共三种，由于一种氨基酸可能有一种或几种密码子，所以在③过程中同一种氨基酸可以由一种或多种tRNA来转运，C正确；
D、HIV属于逆转录病毒，在宿主细胞中遗传信息流动的过程有⑤①②③，D正确.
故选B.",5,5,高中生物考点题型突破——专题10 遗传的物质基础（10大题型）（解析版）,专题10,,,,,,专题08-11_Word题目答案知识标注_修正版.xlsx
815,【变式2-2】病毒可分为DNA病毒和RNA病毒，常见的DNA病毒有T2噬菌体、乙肝病毒等，RNA病毒有HIV、流感病毒等.下列相关叙述错误的是（　　）,"A.宿主细胞的ATP可为病毒遗传信息的流动提供能量
B.T2噬菌体的遗传信息可从DNA流向RNA，进而流向蛋白质
C.流感病毒的遗传信息可从RNA流向DNA，进而流向蛋白质
D.烟草花叶病的RNA可使烟草感染病毒并出现病症，在病叶处可分离出完整的病毒",C,"【答案】C
【分析】科学家克里克首先预见了遗传信息传递的一般规律，并于1957年提出了中心法则:遗传信息可以从DNA流向DNA，即 DNA的复制；也可以从DNA流向RNA，进而流向蛋白质，即遗传信息的转录和翻译.随着研究的不断深入，科学家对中心法则作出了补充:少数生物（如一些RNA病毒）的遗传信息可以从RNA流向RNA以及从RNA流向DNA，即RNA的复制和逆转录.在遗传信息的流动过程中，DNA、RNA是信息的载体，蛋白质是信息的表达产物，ATP为信息的流动提供能量，可见，生命是物质、能量和信息的统一体.
【详解】A、生命是物质、能量和信息的统一体，ATP为信息的流动提供能量，A正确；
B、T2噬菌体的遗传信息贮藏在DNA分子，其遗传信息可从DNA流向RNA，进而流向蛋白质，B正确；
C、流感病毒的遗传信息贮藏在RNA分子，其遗传信息可从RNA流向RNA，从RNA流向蛋白质，C错误；
D、烟草花叶病的遗传物质是RNA，其RNA可使烟草感染病毒并出现病症，在病叶处可分离出完整的病毒，D正确.
故选C.
考点四 基因表达和性状的关系
01基因表达产物与性状的关系",5,5,高中生物考点题型突破——专题10 遗传的物质基础（10大题型）（解析版）,专题10,,,,,,专题08-11_Word题目答案知识标注_修正版.xlsx
816,【例1】下图表示人体内苯丙氨酸的代谢途径.根据图示，以下叙述不正确的是（　　）,"A.酶⑤的缺乏会导致人患白化病
B.酶②的缺乏会导致人患尿黑酸症
C.由图看出，白化病等遗传病是由某些缺陷基因引起的，这些基因产物可能是参与代谢途径的重要的酶
D.该图反映了基因控制性状的一种关系",B,"【答案】B
【分析】分析题图:图示表示人体内苯丙氨酸的代谢途径，其中酶①能将苯丙氨酸转化为酪氨酸，若酶①缺乏，苯丙酮酸积累过多会引起苯丙酮尿症；酶②能将酪氨酸转化为尿黑酸；酶③能将尿黑酸转化为乙酰乙酸；酶④能将乙酰乙酸转化为二氧化碳和水；酶⑤能将酪氨酸转化为黑色素；酶⑥能将苯丙氨酸转化为苯丙酮酸.
【详解】A、由图可知，酶⑤缺乏时，酪氨酸不能转化为黑色素，会导致人患白化病，A正确；
B、酶②能将酪氨酸转化成尿黑酸，因此酶②缺乏尿黑酸合成减少，不会导致尿黑酸症，B错误；
C、由图看出，白化病等遗传病是由某些缺陷基因引起的，这些基因产物可能是参与代谢途径的重要的酶，如缺乏控制酶⑤合成的基因，使得酶⑤缺乏，进而使得人患白化病，C正确；
D、该图反映了基因控制性状的一种关系，即基因通过控制的酶的合成来影响代谢，进而控制生物的性状，D正确.
故选B.",3,3,高中生物考点题型突破——专题10 遗传的物质基础（10大题型）（解析版）,专题10,,,,,,专题08-11_Word题目答案知识标注_修正版.xlsx
817,【变式1-1】下图表示人体内基因对性状的控制过程，据图分析正确的是（ ）,"A.人体成熟红细胞中可通过①②过程合成血红蛋白
B.X1与X2的主要区别是脱氧核苷酸排列顺序的不同
C.引起老年人白发的原因是③④过程完全不能进行
D.基因控制生物性状的途径有直接控制和间接控制",D,"【答案】D
【分析】题图分析，图中①③过程表示转录过程，②④为翻译过程，图中显示了基因对性状控制的两种方式，直接控制和间接控制.
【详解】A、人体成熟的红细胞没有细胞核和细胞器，不能通过①②过程合成血红蛋白，A错误；
B、X1与X2为转录形成的RNA，RNA的组成单位是核糖核苷酸，故X1与X2的区别主要是核糖核苷酸排列顺序的不同，B错误；
C、人体衰老引起白发的原因是酪氨酸酶活性降低，不是酪氨酸酶不能合成，即老年人白发的原因是由于酪氨酸酶活性下降引起的，C错误；
D、基因控制生物性状的途径有直接控制和间接控制，其中镰刀型红细胞的出现体现的是基因对性状的直接控制，D正确.
故选D.",4,4,高中生物考点题型突破——专题10 遗传的物质基础（10大题型）（解析版）,专题10,,,,,,专题08-11_Word题目答案知识标注_修正版.xlsx
818,【变式1-2】野生型水稻的核基因A内插入一段DNA片段，编码的蛋白质使水稻植株出现类似白叶枯病的症状，产量大幅下降.下列叙述正确的是（ ）,"A.类似白叶枯病的变异水稻的出现是染色体变异的结果
B.基因A插入DNA片段后编码的肽链比基因A编码的长
C.自然界发生基因碱基序列的改变对生物体都是有害的
D.基因可以通过控制蛋白质的结构直接控制生物的性状",D,"【答案】D
【分析】基因对性状的控制有两种方式:基因通过控制蛋白质的合成来直接控制性状；基因通过控制酶的合成近而控制代谢过程,以此来控制性状.
【详解】A、类似白叶枯病的变异水稻原因是核基因A内插入一段DNA片段，属于基因突变，A错误；
B、基因A插入DNA片段后可能导致转录出来的mRNA上终止密码子提前，编码的肽链比基因A编码的短，B错误；
C、自然界发生基因碱基序列的改变对生物体绝大多数是有害的，C错误；
D、基因可以通过控制蛋白质的结构直接控制生物的性状，也可以过控制酶的合成近而控制代谢过程,以此来控制性状，D正确.
故选D.
02基因的选择性表达与细胞分化",3,3,高中生物考点题型突破——专题10 遗传的物质基础（10大题型）（解析版）,专题10,,,,,,专题08-11_Word题目答案知识标注_修正版.xlsx
819,【例2】下列有关基因表达的叙述正确的是（ ）,"A.基因是否表达是基因表达调控的唯一方式
B.基因不能通过其转录产物控制生物的性状
C.细胞分化的本质是基因的选择性表达
D.细胞分化导致同一生物个体不同种类的细胞中的rRNA存在差异",C,"【答案】C
【分析】1、细胞的分化的概念:在个体发育中，相同细胞的后代，在形态、结构和生理功能上发生稳定性差异的过程.
2、基因通过其表达产物——蛋白质来控制性状，细胞内的基因表达与否以及表达水平的高低都是受到调控的.细胞分化是基因选择性表达的结果，表观遗传能够使生物体在基因的碱基序列不变的情况下发生可遗传的性状改变.
【详解】A、基因表达调控包括基因表达时间、基因能否表达以及表达水平的高低，A错误；
B、基因可能通过其转录产物RNA控制生物的性状，例如某些酶的化学本质为RNA，B错误；
C、细胞分化的本质是基因的选择性表达，细胞分化的结果是使细胞多样化，C正确；
D、细胞分化导致同一生物个体不同种类的细胞中的mRNA存在差异，但rRNA参与构成核糖体，不会因分化发生改变，D错误.
故选C.",5,5,高中生物考点题型突破——专题10 遗传的物质基础（10大题型）（解析版）,专题10,,,,,,专题08-11_Word题目答案知识标注_修正版.xlsx
820,【变式2-1】人体内的T细胞分为两类，第一类:辅助性T细胞（Th），能刺激已经结合了抗原的B细胞的增殖；第二类:细胞毒性T细胞（Tc），能直接攻击和杀伤其他细胞.Th表面具有接受调控细胞活化所需的信号分子，如CD28分子主要为Th识别抗原后的活化提供第二个信号，以完成Th的增殖和分化；CTLA-4和PD-1通过与相应信号分子结合向Th发出抑制信号，阻断活化Th的增殖、分化及发挥免疫效应.Tc能发挥作用依赖于细胞膜表面所具有的糖蛋白CD8，下列叙述正确的是（ ）,"A.如果编码CD28或CD8的基因不能表达，均会出现自身免疫病
B.CD28，CTLA-4在细胞表面出现时间有差异的原因是基因的选择性表达
C.癌细胞可通过PD-1抑制Th活化，降低机体免疫防御功能而形成肿瘤
D.Tc和Th均来自于骨髓造血干细胞，但是成熟场所有差异",B,"【答案】B
【分析】自身免疫疾病是指机体对自身抗原发生免疫反应而导致自身组织损害的疾病.免疫分为细胞免疫和体液免疫，细胞免疫需要Tc和Th的参与，体液免疫需要Th和B淋巴细胞的参与.
【详解】A、CD28主要为Th识别抗原后的活化提供第二个信号，以完成Th的增殖和分化，若编码CD28的基因不能表达，缺乏CD28会影响Th的增殖和分化，将导致机体免疫功能不足或缺陷.细胞毒性T细胞能发挥作用依赖于细胞膜表面的糖蛋白CD8识别，如果编码CD8的基因不能表达，细胞毒性T细胞不能识别，导致免疫作用降低，可能出现免疫缺陷病，A错误
B、CD28、CTLA－4的合成受基因的调控，CD28、CTLA－4在细胞表面出现的时间有差异，是基因选择性表达的结果，B正确；
C、癌细胞可通过PD－1阻断活化Th的增殖、分化及发挥免疫效应，降低机体免疫监视功能而形成肿瘤，C错误；
D、Tc和Th属于T细胞，均来自于骨髓造血干细胞，并且都在胸腺中成熟，D错误.
故选B.",6,6,高中生物考点题型突破——专题10 遗传的物质基础（10大题型）（解析版）,专题10,,,,,,专题08-11_Word题目答案知识标注_修正版.xlsx
821,【变式2-2】重叠基因在病毒DNA、原核生物DNA、线粒体DNA中较为普遍，是指两个或两个以上的基因共用一段DNA序列.下列叙述正确的是（　　）,"A.重叠基因中不同基因的转录模板链不可能相同
B.重叠基因的编码区中可能存在多个起始密码子
C.基因重叠可使有限的DNA序列包含更多的遗传信息
D.同一段DNA最终形成多种蛋白质是基因选择性表达的结果",C,"【答案】C
【分析】重叠基因是指两个或两个以上的基因共有一段DNA序列的不同可读框，编码不同的蛋白质.基因重叠可以通过较短的 DNA序列控制合成多种蛋白质，有效利用了DNA 的遗传信息量，提高了碱基的利用率，可以节约碱基.
【详解】A、转录是以DNA的一条链为模板合成RNA的过程，重叠基因中不同基因的转录模板链可能相同也可能不同，A错误；
B、起始密码子存 在于 mRNA 中，而非基因的编码区，B错误；
C、基因重叠是指两个或两个以上的基因 共用一段 DNA 序列，因此基因重叠可使有限的 DNA序列包含更多的遗传信息，C正确；
D、蛋白质合成是以mRNA为模板通过翻译进行的，同一段 DNA 最终形成多种蛋白质是因为转录形成的RNA不同，D错误.
故选C.
03表观遗传、基因与性状间的关系",5,5,高中生物考点题型突破——专题10 遗传的物质基础（10大题型）（解析版）,专题10,,,,,,专题08-11_Word题目答案知识标注_修正版.xlsx
822,【例3】下图表示DNA半保留复制和甲基化修饰过程.研究发现，50岁同卵双胞胎间基因组DNA甲基化的差异普遍比3岁同卵双胞胎间的差异大.下列叙述正确的是（ ）,"A.酶E的作用是催化DNA复制
B.甲基是DNA半保留复制的原料之一
C.环境可能是引起DNA甲基化差异的重要因素
D.DNA甲基化不改变碱基序列和生物个体表型",C,"【答案】C
【分析】甲基化是指在DNA某些区域的碱基上结合一个甲基基团，故不会发生碱基对的缺失、增加或减少，甲基化不同于基因突变.DNA甲基化后会控制基因表达，可能会造成性状改变，DNA甲基化后可以遗传给后代.
【详解】A、由图可知，酶E的作用是催化DNA甲基化，A错误；
B、DNA半保留复制的原料为四种脱氧核糖核苷酸，没有甲基，B错误；
C、“研究发现，50岁同卵双胞胎间基因组DNA甲基化的差异普遍比3岁同卵双胞胎间的差异大”，说明环境可能是引起DNA甲基化差异的重要因素，C正确；
D、DNA甲基化不改变碱基序列，但会影响生物个体表型，D错误.
故选C.",4,4,高中生物考点题型突破——专题10 遗传的物质基础（10大题型）（解析版）,专题10,,,,,,专题08-11_Word题目答案知识标注_修正版.xlsx
823,【变式3-1】科学家在研究小鼠毛色的遗传时发现，纯合黄色小鼠（AvyAvy）与黑色小鼠（aa）杂交，F1（Avya）中小鼠的体色表现为介于黄色和黑色之间的过渡类型.进一步研究发现，F1中不同体色小鼠的Avy基因碱基序列相同，但有不同程度的甲基化现象，甲基化程度越高，Avy基因表达受到的抑制越明显.下列推测正确的是（　　）,"A.该种小鼠体色的遗传不遵循孟德尔的遗传定律
B.被甲基化的基因的遗传信息发生改变，从而使生物体的性状发生改变
C.Avy基因的甲基化程度越高，F1小鼠的体色就越浅
D.基因的甲基化可能会阻止RNA聚合酶与Avy基因前端的结合",D,"【答案】D
【分析】分析题干:黄色小鼠（AvyAvy）与黑色小鼠（aa）杂交，F1的基因型为Avya，但由于Avy基因中碱基序列中某些核苷酸有不同程度的甲基化现象，不同程度地抑制Avy基因的表达，使F1中小鼠表现出不同的体色.
【详解】A、控制小鼠体色的基因Avy和a属于等位基因，遵循孟德尔的分离定律，A错误；
B、基因的甲基化未改变基因的碱基排序，其遗传信息未发生改变.基因的甲基化影响基因的表达，从而使生物性状发生改变，B错误；
C、基因的甲基化程度越高，Avy基因的表达受到的抑制越明显，F1小鼠体色的颜色就越深，C 错误；
D、基因的甲基化程度越高，Avy基因的表达受到的抑制越明显，推测基因的甲基化可能阻止RNA聚合酶与该基因的结合，从而抑制Avy基因的表达，D正确.
故选D.",5,5,高中生物考点题型突破——专题10 遗传的物质基础（10大题型）（解析版）,专题10,,,,,,专题08-11_Word题目答案知识标注_修正版.xlsx
824,【变式3-2】细胞通过精准的调控，实现了基因对性状的控制.下列叙述错误的是（ ）,"A.相同环境下，不同基因型的个体，其表型可能相同
B.基因型相同的个体之间可能存在着性状差异
C.基因和性状是一一对应的关系
D.同一株水毛茛的两种形态叶片中的mRNA存在差异",C,"【答案】C
【分析】基因对性状的控制有两种方式是:
1、基因通过控制蛋白质的合成来直接控制性状；
2、基因通过控制酶的合成进而控制代谢过程，以此来控制性状.
【详解】A、相同环境下，基因型不同的个体表型可能相同，如基因型DD和Dd的豌豆表型都是高茎，A正确；
B、由于可能存在表观遗传的现象，如发生了碱基的甲基化，即使基因型相同的个体之间也可能存在可遗传的性状差异，B正确；
C、基因和性状之间不是简单的一一对应的关系，往往存在多因一效和一因多效的情况，且性状表现还会受到环境条件的影响，C错误；
D、同一株水毛茛两种形态叶片由于基因的选择性表达，它们所含的mRNA不完全相同，D正确.
故选C.",5,5,高中生物考点题型突破——专题10 遗传的物质基础（10大题型）（解析版）,专题10,,,,,,专题08-11_Word题目答案知识标注_修正版.xlsx
825,【例1】镰状细胞贫血是由基因突变造成的，血红蛋白β链第6个氨基酸的密码子由GAG变为GUG，导致谷氨酸被替换为缬氨酸.下列相关叙述错误的是（　　）,"A.该基因突变后，mRNA中的碱基数目没有改变
B.该基因突变并未改变基因中碱基对的排列顺序
C.氨基酸序列改变导致血红蛋白结构改变，从而影响其功能
D.患者的红细胞呈弯曲的镰刀状，这样的红细胞容易破裂",B,"【答案】B
【分析】人的镰状细胞贫血症发病的根本原因是基因突变，由于血红蛋白基因中碱基对替换造成的蛋白质结构异常，患者的红细胞呈镰刀型，容易破裂，使人患溶血性贫血，严重时会导致死亡.
【详解】AB、镰状细胞贫血是基因突变造成的，由基因中的一个A/T被T/A替换，因此，基因中碱基数目没有改变，但是改变了碱基对的排列顺序，A正确，B错误；
C、镰状细胞贫血是基因突变造成的，该突变导致编码的谷氨酸被替换为缬氨酸，使得氨基酸序列改变导致血红蛋白结构改变，从而影响其功能，C正确；
D、镰状细胞贫血的患者，红细胞呈弯曲的镰刀型，容易破裂，使人患溶血性贫血，严重时会导致死亡，D正确.
故选B.",7,7,高中生物考点题型突破——专题11 生物的变异和进化（7大题型）（解析版）,专题11,,,,,,专题08-11_Word题目答案知识标注_修正版.xlsx
826,【变式1-1】EDAR 基因的一个碱基替换与东亚人有更多汗腺等典型体征有关.用M、m分别表示突变前后的EDAR 基因，研究发现，m的频率从末次盛冰期后开始明显升高.下列推测合理的是（　　）,"A.m的出现是自然选择的结果
B.m不存在于现代非洲和欧洲人群中
C.m的频率升高是末次盛冰期后环境选择的结果
D.MM、Mm和mm个体的汗腺密度依次下降",C,"【答案】C
【分析】1、现代进化理论的基本内容是:①进化是以种群为基本单位，进化的实质是种群的基因频率的改变.②突变和基因重组产生进化的原材料.③自然选择决定生物进化的方向.④隔离导致物种形成.⑤协同进化导致生物多样性的形成.
2、DNA分子中发生碱基的替换、增添或缺失，而引起的基因基因碱基序列的改变，叫作基因突变.基因突变是产生新基因的途径.对生物界的种族繁衍和进化来说，产生了新基因的生物有可能更好地适应环境的变化，开辟新的生存空间，从而出现新的生物类型.因此，基因突变是生物变异的很本来源，为生物的进化提供了丰富的原材料.
【详解】A、根据题意，EDAR 基因的一个碱基替换导致M突变为m，因此m的出现是基因突变的结果，A不符合题意；
B、根据题意，EDAR 基因的一个碱基替换与东亚人有更多汗腺等典型体征有关，因此无法判断m是否存在于现代非洲和欧洲人群中，B不符合题意；
C、自然选择导致基因频率发生定向改变，根据题意，m的频率从末次盛冰期后开始明显升高，因此m的频率升高是末次盛冰期后环境选择的结果，C符合题意；
D、根据题意，m的频率从末次盛冰期后开始明显升高，末次盛冰期后气温逐渐升高，m基因频率升高，M基因频率降低，因此推测MM、Mm和mm个体的汗腺密度依次上升，D不符合题意.
故选C.",11,11,高中生物考点题型突破——专题11 生物的变异和进化（7大题型）（解析版）,专题11,,,,,,专题08-11_Word题目答案知识标注_修正版.xlsx
827,【变式1-2】大部分囊性纤维化患者编码CFTR蛋白（一种转运蛋白）的基因缺失了3个碱基对，导致CFTR蛋白在第508位缺少苯丙氨酸，其空间结构发生变化，使CFTR转运氯离子的功能异常，导致细菌在肺部大量生长繁殖，最终使肺功能严重受损.下列叙述错误的是（ ）,"A.该实例可以说明基因能通过控制蛋白质的结构直接控制生物体的性状
B.编码CFTR蛋白的正常基因中至少含有1524个碱基对
C.编码CFTR蛋白的基因所发生的改变属于可遗传变异中的基因突变
D.大部分囊性纤维化患者的根本病因是CFTR蛋白中的氨基酸数量减少",D,"【答案】D
【分析】正常基因控制细胞膜上的CFTR蛋白合成，患者的CFTR蛋白因缺少第508位氨基酸而出现Cl-转运功能异常，由于少了一个氨基酸，说明病人控制CFTR蛋白的结构的基因可能发生了三个碱基对的缺失，属于基因突变.
【详解】A、基因控制生物性状的方式有两种，该实例中基因控制生物性状的方式是通过控制蛋白质的结构直接控制生物体的性状，A正确；
B、根据“CFTR蛋白在第508位缺少苯丙氨酸”可知，编码CFTR蛋白的正常基因中至少含有508×3=1524个碱基对，B正确；
C、据题意可知，编码CFTR蛋白的基因中缺失了3个碱基对，这种变异属于基因突变，C正确；
D、大部分囊性纤维化患者的根本病因是编码CFTR蛋白的基因缺失了3个碱基对，D错误.
故选D.
02 基因重组",7,7,高中生物考点题型突破——专题11 生物的变异和进化（7大题型）（解析版）,专题11,,,,,,专题08-11_Word题目答案知识标注_修正版.xlsx
828,【例2】下列关于基因重组的叙述正确的是（ ）,"A.有丝分裂和减数分裂中均一定能发生基因重组
B.受精时精子和卵细胞的随机结合导致基因重组
C.表型正常的夫妇生出了一个患白化病的孩子是基因重组的结果
D.同源染色体和非同源染色体上的非等位基因均可发生基因重组",D,"【答案】D
【分析】基因重组:
（1）生物体进行有性生殖的过程中控制不同性状的基因的重新组合，叫作基因重组.
（2）类型:①自由组合:发生在减数分裂Ⅰ的后期（非同源染色体的自由组合）.②交叉互换:减数分裂Ⅰ的四分体时期（同源染色体的非姐妹染色单体的交叉互换）.除此之外，外源基因的导入也会引起基因重组.
【详解】A、有丝分裂过程染色体不会发生交叉互换和自由组合，无基因重组，A错误；
B、基因重组是指进行有性生殖的生物在减数分裂形成配子时，控制不同性状的基因的重新组合，不会发生在受精过程中，B错误；
C、白化病为单基因遗传病，受一对等位基因控制，而基因重组至少要涉及两对等位基因，C错误；
D、在减数第一次分裂前期同源染色体中非姐妹染色单体发生交叉互换和减数第一次分裂后期非同源染色体的自由组合都是非等位基因的重新组合，属于基因重组，D正确.
故选D.",7,7,高中生物考点题型突破——专题11 生物的变异和进化（7大题型）（解析版）,专题11,,,,,,专题08-11_Word题目答案知识标注_修正版.xlsx
829,【变式2-1】同一双亲的后代呈现多样性，与减数分裂和受精作用密不可分，下列叙述错误的是（ ）,"A.减数分裂形成的配子中染色体组成具有多样性
B.精卵随机结合增加后代的多样性
C.基因在减数分裂和受精过程中能发生自由组合
D.生物多样性更有利于适应自然环境",C,"【答案】C
【分析】1、减数分裂是进行有性生殖的生物，在产生成熟生殖细胞时进行的染色体数目减半的细胞分裂.在减数分裂过程中，染色体只复制一次，而细胞分裂两次.减数分裂的结果是，成熟生殖细胞中的染色体数目比原始生殖细胞的减少一半.
2、受精作用:精子和卵细胞融合成受精卵的过程叫受精作用.减数分裂和受精作用的意义:减数分裂和受精作用对于维持每种生物前后代体细胞中染色体数目的恒定，对于生物的遗传和变异，都是十分重要的.
【详解】A、在有性生殖过程中，减数分裂形成的配子，其染色体组合具有多样性，导致了不同配子遗传物质的差异，A正确；
B、受精过程中卵细胞和精子结合的随机性，使同一双亲的后代呈现基因多样性，B正确；
C、在减数分裂中，同源染色体联会，发生染色体互换，染色体上的基因发生组合或减数第一次分裂后期，同源染色体分离，非同源染色体自由组合，非同源染色体上的非等位基因自由组合，但受精过程并未发生基因的自由组合，C错误；
D、减数分裂和受精作用形成的这种多样性有利于生物适应多变的自然环境，有利于生物在自然选择中进化，体现了有性生殖的优越性，D正确.
故选C.",13,13,高中生物考点题型突破——专题11 生物的变异和进化（7大题型）（解析版）,专题11,,,,,,专题08-11_Word题目答案知识标注_修正版.xlsx
830,【变式2-2】某猫3号染色体上的基因用字母A（a）～F（f）顺序表示，下图为其中一条3号染色体上的基因组成（甲为染色体上部分基因的位置）.下列相关叙述正确的是（ ）,"A.B基因与C基因发生位置互换，属于基因重组
B.A基因整体缺失，最可能发生了染色体结构变异
C.若甲处为基因e和基因f，说明发生了染色体易位
D.D基因中插入一小段碱基序列，会引发基因重组",B,"【答案】B
【分析】在自然条件或人为因素的影响下，染色体发生的结构变异主要有以下4种类型:染色体的某一段缺失引起变异；染色体中增加某一段引起变异；染色体的某一段移接到另一条非同源染色体上引起变异；染色体的某一片段位置颠倒也可引起变异.
【详解】A、B基因与C基因发生位置互换，说明发生了染色体倒位，属于染色体结构变异的一种，A错误；
B、A基因整体缺失，最可能发生了染色体结构变异中的染色体片段缺失，B正确；
C、e、f分别为E、F的等位基因，若甲为ef，可能是由于四分体时期与另一条3号染色体的片段发生互换，属于基因重组，不属于染色体易位，C错误；
D、D基因中插入一小段碱基序列，会引发基因突变，不属于基因重组，D错误；
故选B.
考点二 染色体变异
01 染色体结构变异",8,8,高中生物考点题型突破——专题11 生物的变异和进化（7大题型）（解析版）,专题11,,,,,,专题08-11_Word题目答案知识标注_修正版.xlsx
831,【例1】染色体之间的交叉互换可能导致染色体的结构或基因序列的变化.下图中的甲、乙两图分别表示两种染色体之间的交叉互换模式，下图中的丙、丁、戊图表示某染色体变化的三种情形.下列有关叙述不正确的是（　　）,"A.图甲属于基因重组，图乙属于染色体结构变异
B.图甲、乙两种交叉互换均可发生在减数分裂过程中
C.图甲发生于同源染色体之间，图乙发生于非同源染色体之间
D.甲可以导致戊的形成，乙可以导致丁的形成",D,"【答案】D
【分析】染色体结构变异的基本类型:
1、缺失:染色体中某一片段的缺失；
2、重复:染色体增加了某一片段；
3、倒位:染色体某一片段的位置颠倒了180度，造成染色体内的重新排列；
4、易位:染色体的某一片段移接到另一条非同源染色体上或同一条染色体上的不同区域.
【详解】AC、根据题意和图示分析可知:甲表示同源染色体上非姐妹单体之间的交叉互换，属于基因重组；乙表示非同源染色体上非姐妹单体之间的交叉互换，属于染色体结构变异，AC正确；
B、减数分裂过程中有染色体的形成，可以发生同源染色体上非姐妹单体之间的交叉互换，也可以发生非同源染色体上非姐妹单体之间的交叉互换（即易位），B正确；
D、丁表示基因突变或同源染色体上非姐妹单体之间的互换，所以甲可以导致丁的形成；戊表示染色体结构变异中的易位，所以乙可以导致戊的形成，D错误.
故选D.",8,8,高中生物考点题型突破——专题11 生物的变异和进化（7大题型）（解析版）,专题11,,,,,,专题08-11_Word题目答案知识标注_修正版.xlsx
832,【变式1-1】野生型酵母菌的某对同源染色体上部分基因的位置如图①所示，经诱变处理后，获得了三种突变体，其相应的基因在染色体上的相对位置分别如图②③④所示.下列有关叙述正确的是（ ）,"A.使用光学显微镜可观察到突变体②③④染色体上改变的基因
B.三种突变体的变异均改变了染色体上基因的数目和排列顺序
C.果蝇的正常翅突变成缺刻翅最可能属于突变体③的变异类型
D.突变体④的变异类型增加了基因A中的碱基数量",C,"【答案】C
【分析】染色体发生的结构变异:
1、缺失:染色体中某一片段的缺失，例如，猫叫综合征是人的第5号染色体部分缺失引起的遗传病，因为患病儿童哭声轻，音调高，很像猫叫而得名；
2、重复:染色体增加了某一片段，果蝇的棒眼现象就是X染色体上的部分重复引起的；
3、倒位:染色体某一片段的位置颠倒了180度，造成染色体内的重新排列，如女性习惯性流产（第9号染色体长臂倒置）；
4、易位:染色体的某一片段移接到另一条非同源染色体上或同一条染色体上的不同区域 如人慢性粒白血病（第22号染色体的一部分易位到第14号染色体上造成），夜来香也经常发生这样的变异.
【详解】A、用光学显微镜只能观察到突变体②③④变异的染色体形态，不能观察到染色体上改变的基因，A错误；
B、突变体②的变异没有改变染色体上基因的数目，B错误；
C、突变体③的变异类型为染色体结构变异中的缺失，果蝇正常翅突变成缺刻翅即是由于染色体片段缺失，C正确；
D、突变体④的变异类型增加了基因A的数量，没有增加基因A中的碱基数量，D错误.
故选C.",7,7,高中生物考点题型突破——专题11 生物的变异和进化（7大题型）（解析版）,专题11,,,,,,专题08-11_Word题目答案知识标注_修正版.xlsx
833,【变式1-2】X射线及其他射线和某些药品容易诱发染色体畸变，在分裂后期两个着丝粒分别向两极移动时，染色单体的两个着丝粒之间被拉紧形成桥，称为染色体桥，“染色体桥”可在两着丝粒间任一位置断裂.某小鼠（基因型为Aa）的一个精原细胞形成精细胞的过程中，基因A/a所在的一条染色体出现了如图所示的“染色体桥”结构，不考虑其他变异，下列叙述错误的是（ ）,"A.可在光学显微镜下观察到“染色体桥”结构
B.精细胞中有的染色体上可能发生片段缺失
C.该精原细胞理论上产生3种基因型的配子
D.含“染色体桥”结构的细胞基因组成为AA或aa",C,"【答案】C
【分析】分析题图可知，经X射线及其他射线和某些药品处理后，姐妹染色单体可能会连接在一起，着丝粒分裂后形成“染色体桥”结构，当两个着丝粒间任意位置发生断裂，则可形成两条子染色体，并分别移向细胞两极，根据以上信息答题.
【详解】A、“染色体桥”的形成属于染色体数目变异，可在光学显微镜下看到，A正确；
B、由于“染色体桥”可在两着丝粒间任一位置断裂.因此形成的两条子染色体可能大小不同，两条子染色体分别分向两个子细胞，故精细胞中有的染色体上可能发生片段缺失，B正确；
C、若形成“染色体桥”的是A基因所在的染色体，且“染色体桥”断裂发生在两个A之间，则形成的两个精细胞基因型为A、A，未形成“染色体桥”的a基因所在的次级精母细胞可形成两个含a基因的精细胞，即形成含A或a的两种配子；若形成“染色体桥”的是a基因所在的染色体，且“染色体桥”断裂发生在两个a之间，则形成的两个精细胞基因型为a、a，未形成“染色体桥”的A基因所在的次级精母细胞可形成两个含A基因的精细胞，即形成含A或a的两种配子；若染色体桥断裂时，一条姐妹染色单体上的a或A转接到了另一条姐妹染色单体上，则最后形成的所有精细胞基因型为A、aa、0或AA、a、0，C错误；
D、该小鼠基因型为Aa，减数第一次分裂后期，同源染色体分离，因此含“染色体桥”结构的细胞基因组成为AA或aa，D正确.
故选C.
02 染色体数目变异",7,7,高中生物考点题型突破——专题11 生物的变异和进化（7大题型）（解析版）,专题11,,,,,,专题08-11_Word题目答案知识标注_修正版.xlsx
834,【例2】农业上，常用一定浓度的秋水仙素溶液处理二倍体葡萄（2N=38）茎段上的芽，然后将茎段扦插以获得四倍体葡萄.研究发现，四倍体葡萄中约有40%细胞中的染色体被诱导加倍，而剩余的细胞均表现正常，故被称为“嵌合体”.下列有关叙述正确的是（ ）,"A.上述秋水仙素的作用是促进染色体多次复制
B.“嵌合体”产生的配子中含有38条染色体
C.“嵌合体”的体细胞中可能含有2、4或8个染色体组
D.“嵌合体”与二倍体杂交获得的三倍体不能由受精卵发育而来",C,"【答案】C
【分析】秋水仙素诱导染色体数目加倍的原理是抑制纺锤体的形成，使细胞内的染色体不能移向两极，细胞不能分成两个细胞，细胞内染色体数目加倍.
【详解】A、秋水仙素作用于细胞分裂前期，作用是抑制纺锤体的形成，从而导致染色体数目加倍，A错误；
B、葡萄是二倍体，染色体数目是38条，配子中含有一个染色体组，一个染色体组染色体数目是19条，B错误；
C、“嵌合体”中有的细胞是原来的体细胞（含有2个染色体组）、有的是加倍过的细胞（含有4个染色体组），加倍过的细胞如果处于有丝分裂的后期，就可能含8个染色体组，C正确；
D、“嵌合体”与二倍体杂交获得的三倍体，是由受精卵发育而来的，D错误.
故选C.",8,8,高中生物考点题型突破——专题11 生物的变异和进化（7大题型）（解析版）,专题11,,,,,,专题08-11_Word题目答案知识标注_修正版.xlsx
835,【变式2-1】现代香蕉的栽培种由尖叶蕉（AA）和长梗蕉（BB）两个原始种通过杂交而来，其中A、B分别代表一个染色体组，各包含11条染色体.二倍体香蕉产量较低，三倍体香蕉中AAA和部分AAB的风味较好.下列有关叙述正确的是（ ）,"A.AAAA与AA杂交产生AAA属于多倍体育种
B.AAB香蕉减数分裂可形成四种比例相同的配子
C.三倍体香蕉因为减数分裂异常而很难形成种子
D.尖叶蕉和长梗蕉杂交过程中不会发生基因重组",C,"【答案】C
【分析】基因重组是指在生物体进行有性生殖的过程中，控制不同性状的基因的重新组合，发生在减数第一次分裂.细胞中的每套非同源染色体称为一个染色体组.多倍体是指由受精卵发育而来的、体细胞中含有三个或三个以上染色体组的个体.
【详解】A、AAAA与AA杂交产生AAA属于杂交育种，A错误；
B、AAB香蕉减数分裂可形成4种类型的配子，但各种类型的配子比例不同，B错误；
C、三倍体香蕉因为减数分裂异常形成可育配子的概率和比例都极低，很难形成种子，C正确；
D、尖叶蕉和长梗蕉杂交过程中会发生基因重组，D错误.
故选C.",8,8,高中生物考点题型突破——专题11 生物的变异和进化（7大题型）（解析版）,专题11,,,,,,专题08-11_Word题目答案知识标注_修正版.xlsx
836,【变式2-2】火鸡的性别决定方式为ZW型，研究发现，少数火鸡的卵细胞可以与来自同一次级卵母细胞的第二极体结合，进而发育成子代（注:WW的胚胎不能存活），据此判断下列叙述正确的是（ ）,"A.次级卵母细胞中无W染色体
B.该方式产生的子代属于单倍体
C.该方式产生的子代均为雄性
D.该方式产生的子代间存在生殖隔离",C,"【答案】C
【分析】火鸡的ZW型性别决定中，ZZ为雄性，ZW为雌性，WW胚胎不能存活，根据子代细胞中染色体数目和类型即可判断子代的性别.
【详解】A、雌火鸡的染色体组成为ZW，所以其次级卵母细胞中可能含有W染色体，A错误；
B、体细胞中的染色体数目与本物种配子染色体数目相同的个体，称为单倍体，故该方式产生的子代不属于单倍体，B错误；
C、由于少数火鸡的卵细胞可以与来自同一次级卵母细胞形成的极体结合形成二倍体，并能发育成正常个体，即ZW与ZW个体杂交，由于卵细胞可以与来自同一次级卵母细胞的极体结合，产生的ZZ为雄性，WW胚胎致死，所以后代总是雄性，C正确；
D、该方式产生的子代间可以进行基因交流，不存在生殖隔离，D错误.
故选C.
03 染色体数目变异在育种上的应用",11,11,高中生物考点题型突破——专题11 生物的变异和进化（7大题型）（解析版）,专题11,,,,,,专题08-11_Word题目答案知识标注_修正版.xlsx
837,【例3】芸薹属栽培种中二倍体芸薹、黑芥和甘蓝通过相互杂交和自然加倍形成了四倍体种，关系如图（图中A、B、C分别代表不同的染色体组，数字代表体细胞中的染色体数目）.相关叙述正确的是（ ）,"A.染色体自然加倍可能是由于骤然低温影响着丝粒的分裂造成的
B.芥菜与甘蓝杂交产生的子代为三倍体，子代体细胞不含同源染色体
C.芸薹、黑芥、埃塞俄比亚芥等芸薹属的六个栽培种属于同一个物种
D.图示埃塞俄比亚芥形成过程中遗传物质所发生的变异类型只有染色体数目变异",B,"【答案】B
【分析】单倍体是指含有本物种配子染色体数目的个体，单倍体不一定只含有一个染色体组.由受精卵发育而来的个体，体细胞中含有2个染色体组叫二倍体，含有多个染色体组叫多倍体.
【详解】A、骤然低温能够通过抑制纺锤体的形成引起染色体自然加倍，骤然低温不影响着丝粒的分裂，A错误；
B、芥菜(AABB)与甘蓝(CC)杂交，子代体细胞含3个染色体组 (ABC)，不含同源染色体，B正确；
C、能杂交且能生下可育后代的为同一物种，芸薹、黑芥、埃塞俄 比亚芥等芸薹属的六个栽培种都不属于同一个物种，存在生殖隔离，C错误；
D、黑芥和甘蓝形成埃塞俄 比亚芥的过程中发生了减数分裂、受精作用、低温诱导，减数分裂过程发生基因重组，低温诱导过程 发生了染色体数目变异，D错误.
故选B.",8,8,高中生物考点题型突破——专题11 生物的变异和进化（7大题型）（解析版）,专题11,,,,,,专题08-11_Word题目答案知识标注_修正版.xlsx
838,【变式3-1】下列有关变异和育种的叙述中，正确的是（　　）,"A.单倍体育种最后获得的是单倍体
B.可通过人工诱变后选择获得高产青霉素菌株
C.利用八倍体小黑麦的花药培养出来的植株是含有4个染色体组的四倍体
D.二倍体西瓜×四倍体西瓜→三倍体无子西瓜，说明二者之间不存在生殖隔离",B,"【答案】B
【分析】几种育种方法的比较:
1、杂交育种:原理:基因重组；方法:杂交→自交→选优.
2、诱变育种:原理:基因突变；方法:辐射诱变、激光诱变、化学药剂处理.
3、单倍体育种:原理:染色体变异（染色体组先成倍减少，再加倍，得到纯种）；方法:花药离体培养、秋水仙素诱导加倍.
4、多倍体育种:原理:染色体变异（染色体组成倍增加）；方法:秋水仙素处理萌发的种子或幼苗.
【详解】A、单倍体育种先花药离体培养获得单倍体幼苗，再通过秋水仙素处理，一般获得纯合子，所以单倍体育种最后获得的不是单倍体植株，A错误；
B、因为基因突变是不定向的，可通过人工诱变获得多种诱变产物，而后选择获得其中的高产青霉素菌株，B正确；
C、体细胞中的染色体数目与本物种配子染色体数目相同的个体叫作单倍体，利用八倍体小黑麦的花药培养出来的植株是单倍体而不是四倍体，C错误；
D、若二倍体西瓜和四倍体西瓜为同一物种，他们杂交后代应为可育后代，但三倍体无子西瓜不可育，不能产生可育配子，故二倍体西瓜和四倍体西瓜为不同物种，它们之间存在生殖隔离，D错误.
故选B.",11,11,高中生物考点题型突破——专题11 生物的变异和进化（7大题型）（解析版）,专题11,,,,,,专题08-11_Word题目答案知识标注_修正版.xlsx
839,【变式3-2】人们平常食用的西瓜是二倍体，在二倍体西瓜的幼苗期，用秋水仙素处理，可以得到四倍体植株.然后用四倍体植株作母本，二倍体植株作父本，进行杂交会长出三倍体植株.下列叙述不正确的是（ ）,"A.三倍体植株的培育过程中两次传粉的目的不同
B.四倍体母本上所结果实的果肉细胞有三个染色体组
C.三倍体无子西瓜在减数分裂时联会紊乱
D.用秋水仙素处理的分生组织细胞没有经历完整的细胞周期",B,"【答案】B
【分析】无子西瓜的培育的具体方法:用秋水仙素处理幼苗期的普通二倍体西瓜，得到四倍体西瓜→用四倍体西瓜作母本，用二倍体西瓜作父本，杂交，得到含有三个染色体组的西瓜种子→种植三倍体西瓜的种子，这样的三倍体西瓜是开花后是不会立即结果的，还需要授给普通二倍体西瓜的成熟花粉，以刺激三倍体西瓜的子房发育成为果实，得到三倍体西瓜.
【详解】A、第一次传粉是为了进行杂交获得三倍体种子，第二次传粉是为了刺激三倍体西瓜的子房发育成果实，A正确；
B、四倍体母本上结出的果实，其果肉细胞细胞为母本的体细胞，故果肉细胞有四个染色体组，B错误；
C、三倍体植株在减数分裂过程中染色体不能正常配对，染色体联会紊乱，不能产生正常的配子，C正确；
D、间期染色体的复制已经完成，前期秋水仙素发挥作用，抑制纺锤体形成，后期着丝点分裂，但不形成两个子细胞，用秋水仙素处理后的细胞无完整的细胞周期，D正确.
故选B
考点三 生物的进化
01 生物有共同祖先的证据、自然选择与适应的形成",8,8,高中生物考点题型突破——专题11 生物的变异和进化（7大题型）（解析版）,专题11,,,,,,专题08-11_Word题目答案知识标注_修正版.xlsx
840,【例1】下列关于生物进化的理解正确的是（ ）,"A.生物对环境的适应具有普遍性和相对性
B.共同进化就是物种间在相互影响中不断发展和进化
C.种群中若A/a基因频率不变，则基因型频率（AA、Aa、aa）也不变
D.基因突变、基因重组和染色体变异都能直接改变种群的基因频率",A,"【答案】A
【分析】种群是生物进化的基本单位，生物进化的实质在于种群基因频率的改变；突变和基因重组、自然选择及隔离是物种形成过程的三个基本环节，通过它们的综合作用，种群产生分化，最终导致新物种的形成；其中突变和基因重组产生生物进化的原材料，自然选择使种群的基因频率发生定向的改变并决定生物进化的方向，隔离是新物种形成的必要条件.共同进化是指生物与生物、生物与无机环境之间相互影响、不断进化.
【详解】A、生物对环境的适应具有普遍性和相对性，即生物都是适应环境的，且由于遗传的稳定性和多变的环境之间的矛盾而导致适应具有相对性，A正确；
B、共同进化就是不同物种之间、生物与无机环境之间在相互影响中不断发展和进化的过程，B错误；
C、种群中若A/a基因频率不变，则基因型频率（AA、Aa、aa）可能会发生改变，例如自交.C错误；
D、基因突变能直接改变种群的基因频率，但基因重组和染色体变异不会直接导致种群基因频率的改变，D错误.
故选A.",11,11,高中生物考点题型突破——专题11 生物的变异和进化（7大题型）（解析版）,专题11,,,,,,专题08-11_Word题目答案知识标注_修正版.xlsx
841,【变式1-1】自然选择有如图所示的四种类型:①定向选择:保留种群中趋于某一极端变异个体、淘汰另一极端变异个体；②平衡选择:整体的遗传变异得到保持；③稳定选择:淘汰种群中极端变异个体、保留中间类型个体；④分裂选择:按照不同方向保留种群中极端变异个体、淘汰中间类型个体.相关叙述错误的是（ ）,"A.抗生素对细菌的抗药性选择属于定向选择
B.平衡选择不会改变种群基因频率，生物不能进化
C.稳定选择通常会减少遗传多样性，群体基因型趋向于纯合
D.分裂选择能够保持或增加变异类型，有可能形成新的物种",B,"【答案】B
【分析】现代进化理论的基本内容是:①进化是以种群为基本单位，进化的实质是种群的基因频率的改变.②突变和基因重组产生进化的原材料.③自然选择决定生物进化的方向.④隔离导致物种形成.
【详解】A、抗生素相当于自然选择，对细菌的抗药性选择属于定向选择，能够选择并保存耐药性强的个体，A正确；
B、平衡选择中整体的遗传变异得到保持，自然选择决定生物进化方向，平衡选择会改变种群基因频率，生物可以进化，B错误；
C、稳定选择能够淘汰种群中极端变异个体、保留中间类型个体，通常会减少遗传多样性，群体基因型趋向于纯合，C正确；
D、分裂选择能按照不同方向保留种群中极端变异个体、淘汰中间类型个体，能够保持或增加变异类型，有可能形成新的物种，D正确.
故选B.",11,11,高中生物考点题型突破——专题11 生物的变异和进化（7大题型）（解析版）,专题11,,,,,,专题08-11_Word题目答案知识标注_修正版.xlsx
842,【变式1-2】鲟类是最古老的鱼类之一，被誉为鱼类的“活化石”.我国学者新测定了中华鲟、长江鲟等的线粒体基因组，结合已有信息将鲟科分为尖吻鲟类、大西洋鲟类和太平洋鲟类三个类群.下列叙述错误的是（ ）,"A.鲟类的形态结构和化石记录可为生物进化提供证据
B.地理隔离在不同水域分布的鲟类进化过程中起作用
C.鲟类稳定的形态结构能更好地适应不断变化的环境
D.研究鲟类进化关系时线粒体基因组数据有重要价值",C,"【答案】C
【分析】化石是指通过自然作用保存在地层中的古代生物的遗体、遗物或生活痕迹等.
【详解】A、比较脊椎动物的器官、系统的形态结构，可以为这些生物是否有共同祖先寻找证据，化石是研究生物进化最直接、最重要的证据，所以鲟类的形态结构和化石记录可为生物进化提供证据，A正确；
B、地理隔离是指同一种生物由于地理上的障碍而分成不同的种群，使得种群间不能发生基因交流的现象，不同的地理环境可以对生物的变异进行选择，进而影响生物的进化，故地理隔离在不同水域分布的鲟类进化过程中起作用，B正确；
C、群落中出现可遗传的有利变异和环境的定向选择是适应环境的必要条件，故鲟类稳定的形态结构不能更好地适应不断变化的环境，C错误；
D、不同生物的DNA等生物大分子的共同点，可以揭示生物有着共同的原始祖先，其差异的大小可以揭示当今生物种类亲缘关系的远近，故研究鲟类进化关系时线粒体基因组数据有重要价值，D正确.
故选C.
02 现代生物进化理论",11,11,高中生物考点题型突破——专题11 生物的变异和进化（7大题型）（解析版）,专题11,,,,,,专题08-11_Word题目答案知识标注_修正版.xlsx
843,【例2】“加拿大一枝花”原产北美，适应能力强，作为入侵种会改变当地的生态环境、严重破坏生物多样性，因而危害性较大.从进化观点分析下列叙述正确的是（　　）,"A.按照拉马克的进化观点，加拿大一枝花与本地植物存在生存斗争
B.按照达尔文的进化观点，加拿大一枝花更能适应本地的环境
C.按照现代生物进化论的观点，加拿大一枝花的根系越来越发达是用进废退的结果
D.按照现代生物进化论的观点，加拿大一枝花的种群基因频率不会改变",B,"【答案】B
【分析】现代生物进化主要内容:①种群是生物进化的基本单位，生物进化的实质在于种群基因频率的改变.②突变和基因重组、自然选择及隔离是物种形成的三个基本环节，通过它们的综合作用种群产生分化并最终导致新物种的形成.③突变和基因重组产生生物进化的原材料.④自然选择使种群的基因频率定向改变并决定生物进化的方向.⑤隔离是新物种形成的必要条件.
【详解】A、拉马克观点不存在生存斗争，A错误；
B、按照达尔文的进化观点，不适应环境的被淘汰，适应环境的被保留，加拿大一枝花更适应本地环境，B正确；
C、“用进废退”是拉马克的观点，不是现代生物进化论的观点，C错误；
D、加拿大一枝花的种群基因频率也会改变，D错误.
故选B.",11,11,高中生物考点题型突破——专题11 生物的变异和进化（7大题型）（解析版）,专题11,,,,,,专题08-11_Word题目答案知识标注_修正版.xlsx
844,【变式2-1】.从达尔文的自然选择学说到现代生物进化论理论的发展，有关说法正确的是（ ）,"A.解剖比较不同动植物的形态结构是研究生物进化最直接、最重要的证据
B.达尔文认为，适应的来源是可遗传的变异，适应是自然选择的结果
C.突变和基因重组都是随机的、不定向的，种群基因频率的改变也是不定向的
D.捕食者的存在让某种生物的数量不会过多，不利于生物多样性的形成",B,"【答案】B
【分析】现代生物进化理论的内容:种群是生物进化的基本单位，生物进化的实质是种群基因频率的改变.突变和基因重组，自然选择及隔离是物种形成过程的三个基本环节，通过它们的综合作用，种群产生分化，最终导致新物种形成.在这个过程中，突变和基因重组产生生物进化的原材料，自然选择使种群的基因频率定向改变并决定生物进化的方向，隔离是新物种形成的必要条件.
【详解】A、化石是保存在岩层中的古生物遗物和生活遗迹，直接说明了古生物的结构或生活习性，因此生物进化的直接的、非常重要的证据是化石证据，A错误；
B、群体中出现可遗传的有利变异和环境的定向选择是适应形成的必要条件，达尔文认为，适应的来源是可遗传的变异，适应是自然选择的结果，B正确；
C、突变和基因重组都是随机的、不定向的，自然选择使种群的基因频率定向改变并决定生物进化的方向，C错误；
D、捕食者的存在不会让某种生物占绝对优势，为其他物种的生存腾出空间，利于生物多样性形成，D错误.
故选B.",11,11,高中生物考点题型突破——专题11 生物的变异和进化（7大题型）（解析版）,专题11,,,,,,专题08-11_Word题目答案知识标注_修正版.xlsx
845,【变式2-2】公鹿往外用角作为争夺配偶的武器，按达尔文进化论的观点，现代公鹿角发达是以下哪一过程作用的结果,A.用进废退B.定向变异C.自然选择D.由神创造,C,"【答案】C
【详解】达尔文认为，古代的公鹿的鹿角存在着发达和不发达的变异，公鹿之间为争夺配偶要进行生存斗争，由于生存斗争，有发达鹿角的公鹿能够得到配偶并把这种变异遗传下去，这是适者生存；没有发达鹿角的公鹿因争夺不到配偶，其变异就不会遗传下去，这是不适者被淘汰.这样经过一代代的选择进化，就成了今天的有发达鹿角的公鹿.可见现代公鹿鹿角发达的原因是自然选择的结果，故选C.",11,11,高中生物考点题型突破——专题11 生物的变异和进化（7大题型）（解析版）,专题11,,,,,,专题08-11_Word题目答案知识标注_修正版.xlsx
846,5.(2021·八校联考期中)如图为精原细胞增殖以及形成精子过程的示意图.图中标明了部分染色体与,,A,"5.A根据题意和图表分析可知,甲生理过程表示减数分裂.乙生理
过程表示精子细胞变形为精子的过程,丙生理过程表示受精作用.
半发生在减数分裂I;B.乙（精细胞变形为精子)过程中不会发生
等位基因分离,等位基因的分离发生在甲过程;C,丙(受精作用)过
程中细胞中染色体数与DNA分子数之比为1:1;D.丁（有丝分
裂)过程中不会出现同源染色体联会现象,同源染色体联会现象发
生在甲过程.",2,1,高中生物分专题训练,,5,2,5,专题十 减数分裂和受精作用,OCR自动整理，建议按来源页抽查图表题和跨页题,高中生物分专题训练_题目答案知识标注.xlsx
847,"1.(2024·南开区期末）同源四倍体百合（4n=48)的花粉母细胞在减数分裂中会出现如下图所示的异常
染色体上的基因.设①和③细胞都处于染色体的着丝粒向两极移动的时期.下列关于图解叙述正确
的是
现象,最终导致花粉败育.相关叙述错误的是
·图1","A.图1显示初级精母细胞在减数分裂I出现部分染色体滞后现象
A.①中有同源染色体,染色体数目为2n,核DNA数目为4a
B.图2显示次级精母细胞在减数分裂IⅡI中出现分裂不同步现象
B.②中有姐妹染色单体,①和③也可能有姐妹染色单体
C.图2中细胞分裂过程中会发生基因重组
C.②中有同源染色体,染色体数目为4n,核DNA数目为4a
D.图3分裂完成后会导致染色体数目异常
D.另外三个精子的基因型可能为AB、aB、ab",CA,"1.CA.精原细胞（AaBb)经减数分裂形成精子的过程中如果发生染
大的一侧将来形成卵细胞,另一侧形成极体,因此图③中基因AB
进入极体,基因aB进入卵细胞,图①处于减数分裂I前期,基因型
为AaaaBBbb,所以与图③(基因型为AaBB)同时形成的第一极体
的基因型为aabb,该极体形成的第二极体的基因型都是ab,因此最
终产生的三个极体的基因型分别为AB、ab、ab.甲图中①细胞处
于减数分裂I前期.处于乙图的CD段；细胞处于有丝分裂后期,
处于乙图的EF段；③细胞处于减数分裂Ⅱ后期,处于乙图的
EF段.
(2)A、B.由于低温诱导可使二倍体草鱼卵原细胞在减数分裂I时
不形成纺锤体,所以初级卵母细胞不发生同源染色体分离,所以次
级卵母细胞中含有同源染色体,若丝粒分裂后,移向细胞一极的染
色体有同源染色体；C.由于产生染色体数目加倍的卵细胞.所以卵
细胞中应含有4条染色体;D.由于染色体数目加倍的卵细胞与精",9,8,高中生物分专题训练,,1,2,4,专题十 减数分裂和受精作用,OCR自动整理，建议按来源页抽查图表题和跨页题,高中生物分专题训练_题目答案知识标注.xlsx
848,"2.(2020·河东区一模)基因型为AaBb的某高等动物细胞,其减数分裂某时期的示意图",,C,"2.C据题图分析,AB段表示分裂间期、有丝分裂前期、中期;CD段
子结合发育成三倍体草鱼胚胎.所以胚胎细胞中含有各3条两种
形态的染色体.
(3)①据图可知,甲家族1号不携带致病基因,但后代5号个体忠
病,说明为显性遗传病,2号忠病,生出4号正常女儿.不属于伴X丝分裂前期、中期、后期和末期.A.如图所示细胞分裂过程中,
染色体显性遗传病,因此甲病为常染色体显性遗传病.乙家族中
11和12号都正常,生出13号忠病.根据“无中生有为隐性”:说明
为隐性遗传病,11号不携带致病基因,说明为伴X染色体隐性遗
传病.②甲病为常染色体显性遗传病,2 号患病(A_),生出正常的
4号(aa)个体,因此2号个体的基因型为Aa.只考虑甲病,7号个
体表现正常,基因型为aa,甲、乙家族均不携带对方家族所忠疾病
的致病基因,13号基因型为aa,因此后代都是aa;只考虑乙病,7号
个体为X""x,13号个体患病,基因型为XY.后代个体的基因型为",2,1,高中生物分专题训练,,2,2,4,专题十 减数分裂和受精作用,OCR自动整理，建议按来源页抽查图表题和跨页题,高中生物分专题训练_题目答案知识标注.xlsx
849,"6.(2021·八校联考期中)如图表示基因组成为AaBb的某一高等生物细胞分裂的不同时期.下列说法
如图,下列叙述与该图不相符的是
与图示含义相符的是","A.该细胞可能是减数分裂I前期的染色体片段交换后产生
B.该细胞含有2个染色体组,可能为次级精母细胞
C.分裂产生该细胞的同时,产生的另一细胞的基因组成可能为Aabb、AAbb或aabb
D.该细胞处于减数分裂Ⅱ后期,其子细胞为精细胞",CA,"6.CA.图甲所示细胞为有丝分裂后期,对应于图乙中的DE段、图
丙中的①；B.图甲所示为有丝分裂后期若丝粒分裂,没有染色单
体;C.图丙中与图乙中BC段对应的只有②,此时每条染色体含有
·2·条染色单体；D.图丙中引起②->①变化的原因是若丝粒分裂.
7.(1)减数分裂Ⅱ后期（第)极体2（2)D（3)HI
(4)同源染色体联会.形成四分体；同源染色体分离.非同源染色体
自由组合
（5）如图所示:
[110]
(6)甲→乙→丙丁
解析:(1)甲图细胞不含同源染色体,且着丝粒分裂,处于减数分裂
Ⅱ后期,由于是雌性高等动物,且细胞质均等分裂,所以该细胞是
第一极体,此时细胞中含有2个染色体组.
(2)甲图细胞的着丝粒分裂、染色体暂时加倍发生在减数分裂Ⅱ后
期,此时每条染色体上的DNA分子数为1,所以图1中甲细胞的变
化对应图1乙曲线中的时间区段为8～9.
(3)图2中,AB表示有丝分裂前的间期、有丝分裂的前期和中期；
CD段表示有丝分裂后期、末期；EF表示减数分裂前的间期；FG
表示减数分裂I；HI表示减数分裂ⅡI.
(4)图乙中FG时段表示减数分裂I,细胞中发生同源染色体联会
形成四分体,同源染色体成对排列在赤道板上,同源染色体分离、
非同源染色体自由组合等行为.
(5)减数分裂I中期时同源染色体排列在赤道板的两侧,故B和b、
D和d整齐排列,且不同颜色表示不同来源.
(6)分析图示可以看出,甲图的5对同源染色体正在配对,因此甲
图为减数分裂I前塑；乙图中配对的染色体排列在赤道板附近,因
此为减数分中期；丙图形成了2个子细胞,且每个子细胞中染
色体的着丝粒排列在赤道板上,因此丙图为减数分裂Ⅱ中期；丁图
表示正形成4个子细胞,为减数分裂Ⅱ末期,故图中细胞的分裂顺
序为甲→乙-→丙→丁.
专题十一
遗传的基本规律
基础题
因子,即DNA是肺炎链球菌的遗传物质；B.糜尔根以果蚬为实验
材料,采用假说演绎法证明基因在染色体上并再次证实了基因分
离定律,摩尔根的果蝇伴性遗传实验只研究了一对等位基因,不能
证明基因自由组合定律；C.T2噬菌体侵染细菌实验证明了DNA
是噬菌体的遗传物质；由于蛋白质没有进入大肠杆菌细胞内,所以
明了遗传定律,并没有证明进传因子位于染色体上,当时人们还没
有认识染色体.",9,8,高中生物分专题训练,,6,2,5,专题十 减数分裂和受精作用,OCR自动整理，建议按来源页抽查图表题和跨页题,高中生物分专题训练_题目答案知识标注.xlsx
850,3.（2022·宝抵一中模拟)三倍体牡蛎(3n=30)肉鲜味美.其培育的过程:用适宜浓度的6-二甲基氨基嘌呤,"A.甲细胞中同源染色体的姐妹染色单体之间可发生互换
(6-DMAP)诱导二倍体牡蛎(2n=20)处于减数分裂ⅡI的次级卵母细胞,抑制其第二极体的释放,然后
B.乙细胞正在发生同源染色体分离
让该细胞与二倍体牡蛎的精子结合获得三倍体牡蛎.下列相关叙述正确的是
C.丙细胞可能是次级精母细胞、次级卵母细胞或极体
A.养殖的三倍体牡蛎会繁殖出三倍体子代牡蛎
D.丁细胞中正在发生着丝粒分裂和等位基因分离
B.三倍体牡蛎在减数分裂过程中可形成15个四分体
C.三倍体牡蛎与二倍体牡蛎属于两个不同的物种
体数的关系如表所示,不考虑突变,下列相关叙述错误的是
D.三倍体牡蛎体细胞在有丝分裂后期能观察到60条染色体",DA,"3.DA.已知亲代细胞中的染色体数为2N,若子细胞中染色体数为
x""x、x""Y,因此所生女儿的基因型是aax""x.③甲病为常染色
体显性遗传病,5号个体忠病,其母亲1号个体正常（aa).因此5号
基因型为 Aa,6号个体正常,其基因型为aa,生一个患甲病孩子
(Aa)的概率是1/2.①A.生育过忠遗传病孩子的父母说明父母中
至少有一方携带致病基因,再生育后代仍有可能患病,所以需要进
行遗传咨询或优生咨询;B.家族中有直系或旁系亲属有过遗传病
史的待育年后代中遗传病的概率增加,需要进行遗传咨询或
优生咨询；C.35岁以上的高龄孕妇生出患遗传病或先天畸形孩子
的概率增加,需要进行遗传咨询或优生咨询；D.有多次不明原因流
产史的夫妇生育后代您有遗传病的儿概率增加,故需要进行遗
传咨询或优生咨询.
色体互换,就可能形成基因型为AB、ab、Ab、aB的精子；B.精原细
胞（AaX'Y)因减数分裂异常,产生了基因型为AAaY的精子,说明
减数分裂I和减数分裂IⅡI都出现了异常,即精原细胞（AaxY)-
初级精母细胞（AAaaX'xYY）->次级精母细胞（AAaaYY和
Xx°）->精细胞（AAaY、aY、X、X）;C.雕果蝇的性染色体组成为
XY,有丝分裂后期是两条X染色体和两条Y染色体,减数分裂I
的后期是两条X或者两条Y染色体,因此有丝分裂后期的细胞中
一定含有两条Y染色体,而减数分裂Ⅱ后期不一定；D.减数分裂使
成熟生殖细胞中的染色体数目比原始生殖细胞减少一半,而受精
作用使染色体数目又恢复到与体细胞相同的数目.对于进行有性
生殖的生物体来说,减数分裂和受精作用对于维持每种生物前后
代体细胞中染色体数目的恒定及遗传和变异都很重要.
表示有丝分裂后期、末期；EF段表示减数分裂前的间期、减数分裂
I;GH段表示减数分裂Ⅱ前期和中期;U段表示减数分裂Ⅱ后期、
末期；LM表示受精作用；NO表示有丝分裂前的间期OP表示有
DNA 复制发生了三次(AB段、EF 段和 NO 段);B. 若在 A 点使核
DNA被放射性同位紧标记.到CD段DNA只进行了一次复制,根
据DNA半保留复制特点,在CD段所有DNA分子都含有放射性,
因此检测到含有放射性的核DNA占100%;C.图中EF段表示减
数分裂前的间期、减数分裂I、OP段表示有丝分裂前期、中期、后
期和末期,其中后期细胞中染色体数目加倍;D.图中L点-M点
表示受精作用,该过程与细胞膜的流动性有关.
2N,则进行的是有丝分裂,依据题意和DNA分子的半保留复制
在有丝分裂前的间期DNA分子完成复制后,DNA分子数加倍、染
色体数不变,每个亲代 DNA分子经过复制形成的2个子代 DNA
分别存在于同一条染色体所含有的2条姐妹染色单体上,第一次
有丝分裂结束后所形成的细胞中,每条染色体的DNA均只有一条
链含有""5N,在第二次有丝分裂前的间期DNA分子完成复制后,位
高分生物[109]",9,8,高中生物分专题训练,,3,2,4,专题十 减数分裂和受精作用,OCR自动整理，建议按来源页抽查图表题和跨页题,高中生物分专题训练_题目答案知识标注.xlsx
851,"4.(2023·五校联考期中)甲和乙是某二倍体生物（基因型为AABb)精巢中的两个细胞,丙是细胞分裂
过程中每条染色体上DNA含量变化示意图,有关分析正确的是
AW a.
Y染色体
26","A.a细胞可能将要发生姐妹染色单体分离
DE
B.b细胞可能发生了染色体互换
C.b细胞中染色体数目可能与c细胞中染色体数目相同
时期
D.若c细胞的细胞膜从中间内陷,则c细胞中不可能存在等位基因
专题十减数分裂和受精作用
25
染色体
染色体
复制@一@一
复制
平均分配
初级精
次级精精细胞
精原细胞
母细胞
母细胞
染色体数目2n
核DNA数目2a
染色体组数
染色单体数
四分体个数
16
16",AA,"4.AA.初级精母细胞是由精原细胞经过染色体复制形成的.一条
染色体上含有2个染色单体,因此核DNA分子数是32;B.--个染
色体组是由非同源染色体组成的.故密蜂的一个染色体组含有16
[108]
条非同源染色体；C.减数分裂IⅡI后期、着丝粒分裂；D.由题图可知,
雄蜂一个初级精母细胞只产生一个精子.因此若不考虑基因突变,
一只雄蜂只能产生一种类型的精子.
能处于分裂间期的G,期、减数分裂IⅡI后、末期；ⅡI可能处于有丝分
裂前期、中期和减数分裂I过程；Ⅲ可能处于减数分裂Ⅱ前期和中
期；IV可能为配子.分析图2:A表示减数分裂,B表示受精作用,C
表示有丝分裂.分析图3:AB段进行DNA的复制,BC段每条染
色体上有2个DNA分子.CD段染色体丝粒分开,DE段每条染
色体上只有1个DNA分子.分析图4:甲细胞含有同源染色体,且
着丝粒分裂,处于有丝分裂后期；乙细胞中同源染色体分离,处于
减数分裂I后期；丙细胞不含有同源染色体,着丝粒排列在赤道板
上,处于减数分裂ⅡI中期.A.图1中Ⅲ可能处于减数分裂ⅡI前期
和中期,对应的细胞内不存在同源染色体；B.图4中乙细胞处于减
数分裂I后期,减数分裂中染色体数目减半发生在减数分裂I,故
图4中乙细胞处于图2中①表示的范围内;C.图3中CD段产生的
原因是着丝粒断裂,与图2中由①变化为②原因不同,图2中由①
变化为②与同源染色体分离进入两个子细胞有关；D.分析图4的
乙可知,细胞乙正在发生细胞质的不均等分裂,故该细胞为初级卵
母细胞.该动物是一个雌性动物,但图4中的甲细胞处于有丝分裂
时期.
养基中培养复制一次,DNA两条链中一条含有P,一条含有""P.同
源染色体的非姐妹染色单体互换发生在减数分裂I前期,卵原细
胞减数分裂的结果是产生一个卵细胞和三个极体.A.图中初级卵
母细胞发生了同源染色体非姐妹染色单体的互换；B.图中四分体
每条染色体都有一条染色单体的DNA含""P,其余染色单体只
含3P,若该时期交换的是两条""P的单体,则含P的DNA可能为
3条；C.该细胞由于发生染色体互换,减数分裂后能产生基因型为
AbD、ABD、abd、aBd的子细胞;D.交换发生在减数分裂过程中,亚
组型配子的产生,可以为进行有性生殖的真核生物的变异提供物
质基础.
（3)①常染色体显性遗传伴X染色体隐性遗传
@Aa aax""x ?1/2 @ABCD
解析:据图可知,中图中①细胞含有同源染色体,处于减数分裂I
前期,②中含有同源染色体,若丝粒分裂,处于有丝分裂后期,③中",3,2,高中生物分专题训练,,4,2,3,专题十 减数分裂和受精作用,OCR自动整理，建议按来源页抽查图表题和跨页题,高中生物分专题训练_题目答案知识标注.xlsx
852,"4.（2020·河西区一模)蜜蜂中工蜂和蜂王是二倍体,体细胞含有32条染色体（2n=32)；雄蜂是单倍体,
提升题",,AA,"4.AA.初级精母细胞是由精原细胞经过染色体复制形成的.一条
染色体上含有2个染色单体,因此核DNA分子数是32;B.--个染
色体组是由非同源染色体组成的.故密蜂的一个染色体组含有16
[108]
条非同源染色体；C.减数分裂IⅡI后期、着丝粒分裂；D.由题图可知,
雄蜂一个初级精母细胞只产生一个精子.因此若不考虑基因突变,
一只雄蜂只能产生一种类型的精子.
能处于分裂间期的G,期、减数分裂IⅡI后、末期；ⅡI可能处于有丝分
裂前期、中期和减数分裂I过程；Ⅲ可能处于减数分裂Ⅱ前期和中
期；IV可能为配子.分析图2:A表示减数分裂,B表示受精作用,C
表示有丝分裂.分析图3:AB段进行DNA的复制,BC段每条染
色体上有2个DNA分子.CD段染色体丝粒分开,DE段每条染
色体上只有1个DNA分子.分析图4:甲细胞含有同源染色体,且
着丝粒分裂,处于有丝分裂后期；乙细胞中同源染色体分离,处于
减数分裂I后期；丙细胞不含有同源染色体,着丝粒排列在赤道板
上,处于减数分裂ⅡI中期.A.图1中Ⅲ可能处于减数分裂ⅡI前期
和中期,对应的细胞内不存在同源染色体；B.图4中乙细胞处于减
数分裂I后期,减数分裂中染色体数目减半发生在减数分裂I,故
图4中乙细胞处于图2中①表示的范围内;C.图3中CD段产生的
原因是着丝粒断裂,与图2中由①变化为②原因不同,图2中由①
变化为②与同源染色体分离进入两个子细胞有关；D.分析图4的
乙可知,细胞乙正在发生细胞质的不均等分裂,故该细胞为初级卵
母细胞.该动物是一个雌性动物,但图4中的甲细胞处于有丝分裂
时期.
养基中培养复制一次,DNA两条链中一条含有P,一条含有""P.同
源染色体的非姐妹染色单体互换发生在减数分裂I前期,卵原细
胞减数分裂的结果是产生一个卵细胞和三个极体.A.图中初级卵
母细胞发生了同源染色体非姐妹染色单体的互换；B.图中四分体
每条染色体都有一条染色单体的DNA含""P,其余染色单体只
含3P,若该时期交换的是两条""P的单体,则含P的DNA可能为
3条；C.该细胞由于发生染色体互换,减数分裂后能产生基因型为
AbD、ABD、abd、aBd的子细胞;D.交换发生在减数分裂过程中,亚
组型配子的产生,可以为进行有性生殖的真核生物的变异提供物
质基础.
（3)①常染色体显性遗传伴X染色体隐性遗传
@Aa aax""x ?1/2 @ABCD
解析:据图可知,中图中①细胞含有同源染色体,处于减数分裂I
前期,②中含有同源染色体,若丝粒分裂,处于有丝分裂后期,③中",9,8,高中生物分专题训练,,4,3,3,专题十 减数分裂和受精作用,OCR自动整理，建议按来源页抽查图表题和跨页题,高中生物分专题训练_题目答案知识标注.xlsx
853,"1.（2023·南开中学第一次月考）麓麻蚕的雌雄个体染色体数目不同,雄性（2N=28)性染色体组成为
ZZ,雌性(2N=27)性染色体组成为ZO.若不考虑染色体变异,下列相关叙述错误的是
A雌性葩麻蚕在进行减数分裂时,细胞中会形成13个四分体
B.雕性葩麻蚕不同细胞间的染色体数目的最大差值为41
C.当正在分裂的雄性麓麻蚕细胞含有28条染色体时,染色体数:核DNA分子数=1:2
D.处于相同分裂时期的雄性和雌性葩麻蚕细胞中的染色体数目之差可能为0、1或2",,CA,"1.CA.精原细胞（AaBb)经减数分裂形成精子的过程中如果发生染
大的一侧将来形成卵细胞,另一侧形成极体,因此图③中基因AB
进入极体,基因aB进入卵细胞,图①处于减数分裂I前期,基因型
为AaaaBBbb,所以与图③(基因型为AaBB)同时形成的第一极体
的基因型为aabb,该极体形成的第二极体的基因型都是ab,因此最
终产生的三个极体的基因型分别为AB、ab、ab.甲图中①细胞处
于减数分裂I前期.处于乙图的CD段；细胞处于有丝分裂后期,
处于乙图的EF段；③细胞处于减数分裂Ⅱ后期,处于乙图的
EF段.
(2)A、B.由于低温诱导可使二倍体草鱼卵原细胞在减数分裂I时
不形成纺锤体,所以初级卵母细胞不发生同源染色体分离,所以次
级卵母细胞中含有同源染色体,若丝粒分裂后,移向细胞一极的染
色体有同源染色体；C.由于产生染色体数目加倍的卵细胞.所以卵
细胞中应含有4条染色体;D.由于染色体数目加倍的卵细胞与精",3,2,高中生物分专题训练,,1,3,4,专题十 减数分裂和受精作用,OCR自动整理，建议按来源页抽查图表题和跨页题,高中生物分专题训练_题目答案知识标注.xlsx
854,"2.（2020·和平区一模)用""P标记玉米体细胞所有染色体上DNA分子的两条链,再将这些细胞转入不
含""P的培养基中进行组织培养,这些细胞在第一次细胞分裂的前、中、后期,一个细胞中被""P标记的
染色体条数和染色体上被""P标记的DNA的分子数分别是",,C,"2.C据题图分析,AB段表示分裂间期、有丝分裂前期、中期;CD段
子结合发育成三倍体草鱼胚胎.所以胚胎细胞中含有各3条两种
形态的染色体.
(3)①据图可知,甲家族1号不携带致病基因,但后代5号个体忠
病,说明为显性遗传病,2号忠病,生出4号正常女儿.不属于伴X丝分裂前期、中期、后期和末期.A.如图所示细胞分裂过程中,
染色体显性遗传病,因此甲病为常染色体显性遗传病.乙家族中
11和12号都正常,生出13号忠病.根据“无中生有为隐性”:说明
为隐性遗传病,11号不携带致病基因,说明为伴X染色体隐性遗
传病.②甲病为常染色体显性遗传病,2 号患病(A_),生出正常的
4号(aa)个体,因此2号个体的基因型为Aa.只考虑甲病,7号个
体表现正常,基因型为aa,甲、乙家族均不携带对方家族所忠疾病
的致病基因,13号基因型为aa,因此后代都是aa;只考虑乙病,7号
个体为X""x,13号个体患病,基因型为XY.后代个体的基因型为",2,1,高中生物分专题训练,,2,3,4,专题十 减数分裂和受精作用,OCR自动整理，建议按来源页抽查图表题和跨页题,高中生物分专题训练_题目答案知识标注.xlsx
855,"5.【难题】(2022·河北区一模)如图1表示某一动物（2N=4)个体体内细胞正常分裂过程中不同时期细
圆表示""P标记的DNA
表示""P标记的染色体
0前中后前中后时期
0前中后前中后时期
O前中后前中后时期
O前中后前中后时期","A.细胞①与细胞②中的染色体数目、DNA分子数目均相同
B.细胞③中发生了等位基因的分离和非等位基因的自由组合
C.细胞④出现的原因,可能是在减数分裂1过程中发生了染色体互换
D.细胞①②③①中均存在同源染色体
飞冲天
体细胞含有16条染色体(n=16),雄蜂可通过一种特殊的减数分裂方式形成精子,如图所示.下列说
法错误的是
减数分裂II
精子
精细胞
减数分裂
退化消失
次级精母细胞
退化消失
初级精母细胞
A.一个初级精母细胞中含有16个核DNA分子
B.蜜蜂的一个染色体组含有16条非同源染色体
C.在精子形成过程中,着丝粒会发生一分为二的现象
D.若不考虑突变,一只雄蜂只能产生一种类型的精子
胞内染色体、染色单体和核DNA含量的关系；图2表示该动物在细胞增殖过程中细胞内染色体数目
变化曲线；图3表示细胞分裂的不同时期与每条染色体中DNA含量变化的关系；图4表示该生物体内
下列说法正确的是
组细胞分裂图像.
染色体数目
时间
图1
图2
每条染色体DNA含量
细胞分裂时期
图3
图4
A.图1中Ⅱ、Ⅲ对应的细胞内一定存在同源染色体
B.图4中乙细胞处于图2中①表示的范围内
C.图3中CD段产生的原因与图2中由①变化为④的原因相同
D.该动物是一个雌性动物,图4中的甲细胞、丙细胞处于减数分裂时期",A,"5.A根据题意和图表分析可知,甲生理过程表示减数分裂.乙生理
过程表示精子细胞变形为精子的过程,丙生理过程表示受精作用.
半发生在减数分裂I;B.乙（精细胞变形为精子)过程中不会发生
等位基因分离,等位基因的分离发生在甲过程;C,丙(受精作用)过
程中细胞中染色体数与DNA分子数之比为1:1;D.丁（有丝分
裂)过程中不会出现同源染色体联会现象,同源染色体联会现象发
生在甲过程.",9,8,高中生物分专题训练,,5,3,5,专题十 减数分裂和受精作用,OCR自动整理，建议按来源页抽查图表题和跨页题,高中生物分专题训练_题目答案知识标注.xlsx
856,"6.【易错】某二倍体高等动物（2n=4)的基因型为AaBbDd,其体内一个卵原细胞
遗传方式是
(DNA被""P全部标记)在含""P的培养液中先进行一次有丝分裂,再进人减数分
②2号的基因型是
裂过程中,形成的其中1个细胞中的一对染色体行为如图所示.下列叙述正确
（考虑两个家族的相关基因).
的是
③5号和6号再生一个患甲病孩子的概率是","A.图中卵原细胞发生了同源染色体非姐妹单体的互换
④一般地,夫妇任何一方是遗传病患者都需要做遗传咨询,以下人群也需要遗传咨询或优生咨询
B.图中该时期含""P的DNA一定为2条
的是
C.该细胞能产生AbD、ABD、abd、aBd四种子细胞
A.生育过患遗传病孩子的父母
D.重组型配子的产生,为各种类型生物的变异提供物质基础
C.35岁以上的高龄孕妇",CA,"6.CA.图甲所示细胞为有丝分裂后期,对应于图乙中的DE段、图
丙中的①；B.图甲所示为有丝分裂后期若丝粒分裂,没有染色单
体;C.图丙中与图乙中BC段对应的只有②,此时每条染色体含有
·2·条染色单体；D.图丙中引起②->①变化的原因是若丝粒分裂.
7.(1)减数分裂Ⅱ后期（第)极体2（2)D（3)HI
(4)同源染色体联会.形成四分体；同源染色体分离.非同源染色体
自由组合
（5）如图所示:
[110]
(6)甲→乙→丙丁
解析:(1)甲图细胞不含同源染色体,且着丝粒分裂,处于减数分裂
Ⅱ后期,由于是雌性高等动物,且细胞质均等分裂,所以该细胞是
第一极体,此时细胞中含有2个染色体组.
(2)甲图细胞的着丝粒分裂、染色体暂时加倍发生在减数分裂Ⅱ后
期,此时每条染色体上的DNA分子数为1,所以图1中甲细胞的变
化对应图1乙曲线中的时间区段为8～9.
(3)图2中,AB表示有丝分裂前的间期、有丝分裂的前期和中期；
CD段表示有丝分裂后期、末期；EF表示减数分裂前的间期；FG
表示减数分裂I；HI表示减数分裂ⅡI.
(4)图乙中FG时段表示减数分裂I,细胞中发生同源染色体联会
形成四分体,同源染色体成对排列在赤道板上,同源染色体分离、
非同源染色体自由组合等行为.
(5)减数分裂I中期时同源染色体排列在赤道板的两侧,故B和b、
D和d整齐排列,且不同颜色表示不同来源.
(6)分析图示可以看出,甲图的5对同源染色体正在配对,因此甲
图为减数分裂I前塑；乙图中配对的染色体排列在赤道板附近,因
此为减数分中期；丙图形成了2个子细胞,且每个子细胞中染
色体的着丝粒排列在赤道板上,因此丙图为减数分裂Ⅱ中期；丁图
表示正形成4个子细胞,为减数分裂Ⅱ末期,故图中细胞的分裂顺
序为甲→乙-→丙→丁.
专题十一
遗传的基本规律
基础题
因子,即DNA是肺炎链球菌的遗传物质；B.糜尔根以果蚬为实验
材料,采用假说演绎法证明基因在染色体上并再次证实了基因分
离定律,摩尔根的果蝇伴性遗传实验只研究了一对等位基因,不能
证明基因自由组合定律；C.T2噬菌体侵染细菌实验证明了DNA
是噬菌体的遗传物质；由于蛋白质没有进入大肠杆菌细胞内,所以
明了遗传定律,并没有证明进传因子位于染色体上,当时人们还没
有认识染色体.",10,9,高中生物分专题训练,,6,4,5,专题十 减数分裂和受精作用,OCR自动整理，建议按来源页抽查图表题和跨页题,高中生物分专题训练_题目答案知识标注.xlsx
857,"7.(2022·和平区期末)请回答下列间题:
名校题
(1)图甲是基因型为AaBb的二倍体动物细胞分裂部分时期示意图,图乙为细胞分裂过程中每条染色
据图推测,最终产生的三个极体的基因型
体上DNA含量变化曲线.细胞③的名称是",,DA,"7.DA.姐妹染色单体分离可发生在有丝分裂后期或减数分裂II后
期,但是减数分裂ⅡI后期无四分体,a可能是有丝分裂中期,可能将
要发生姐妹染色单体分离；B.b可能是减数分裂I前、中期,可能发
生同源染色体非姐妹染色单体交换；C.b可能是减数分裂I前、中
期,c可能是减数分裂IⅡ后期,这两个时期染色体数目相等；D.如果
在四分体时期发生了同源染色体非姐妹染色单体的交换,减数分
裂Ⅱ后期细胞中就可能存在等位基因.
提升题",1,0,高中生物分专题训练,,7,4,3,专题十 减数分裂和受精作用,OCR自动整理，建议按来源页抽查图表题和跨页题,高中生物分专题训练_题目答案知识标注.xlsx
858,"1.（2024·大港一中第一次月考)下列有关减数分裂及受精作用的相关叙述错误的是
分别为
；图甲中①②③细胞所处时期依次位于图乙曲线中的","A.精原细胞（AaBb)经减数分裂形成精子的类型可能为AB、ab、Ab、aB
段.
每条染色体上DNA含量
C.雄果蝇有丝分裂后期和减数分裂Ⅱ后期的细胞中一定含有两条Y染色体
D.减数分裂和受精作用可维持生物体前后代体细胞中染色体数目的恒定
细胞分裂时期
(2)低温诱导可使二倍体草鱼卵原细胞在减数分裂I时不形成纺锤体,从而产生染色体数目加倍的卵
细胞,此卵细胞与精子结合发育成三倍体草鱼胚胎.上述过程中产生下列四种细胞,如图所示四
HETOP
种细胞的染色体行为(以二倍体草鱼体细胞含两对同源染色体为例)可出现的是
卵细胞
胚胎细胞
初级卵母细胞
次级卵母细胞
A.上图所示细胞分裂过程中,DNA复制发生了三次
B.若A点核DNA全部被同位素标记,则在CD段可检测到含有放射性的核DNA占100%
C.在图中的EF段和OP段,细胞中含有的染色体组数是相等的
D.图中L点-→M点所示过程的进行,与细胞膜的流动性有关
（3)如图为患甲、乙两种病的甲、乙两个家族的系谱图,甲、乙家族均不携带对方家族所患疾病的致病",CA,"1.CA.精原细胞（AaBb)经减数分裂形成精子的过程中如果发生染
大的一侧将来形成卵细胞,另一侧形成极体,因此图③中基因AB
进入极体,基因aB进入卵细胞,图①处于减数分裂I前期,基因型
为AaaaBBbb,所以与图③(基因型为AaBB)同时形成的第一极体
的基因型为aabb,该极体形成的第二极体的基因型都是ab,因此最
终产生的三个极体的基因型分别为AB、ab、ab.甲图中①细胞处
于减数分裂I前期.处于乙图的CD段；细胞处于有丝分裂后期,
处于乙图的EF段；③细胞处于减数分裂Ⅱ后期,处于乙图的
EF段.
(2)A、B.由于低温诱导可使二倍体草鱼卵原细胞在减数分裂I时
不形成纺锤体,所以初级卵母细胞不发生同源染色体分离,所以次
级卵母细胞中含有同源染色体,若丝粒分裂后,移向细胞一极的染
色体有同源染色体；C.由于产生染色体数目加倍的卵细胞.所以卵
细胞中应含有4条染色体;D.由于染色体数目加倍的卵细胞与精",10,9,高中生物分专题训练,,1,4,4,专题十 减数分裂和受精作用,OCR自动整理，建议按来源页抽查图表题和跨页题,高中生物分专题训练_题目答案知识标注.xlsx
859,"3.（2021·南开中学第三次月考)将某一经""N充分标记DNA的雄性动物细胞（染色体数为2N)置于不
基因,甲病相关基因用","A、a表示,乙病相关基因用B、b表示.
含有""N的培养基中培养,该细胞分裂两次后形成4个大小相同的子细胞.下列有关叙述不正确的是
口O正常男女
A.若子细胞中染色体数为2N,则第二次分裂中期被标记的染色体数为2N
■○甲病患者
■·乙病患者
B.若子细胞中每条染色体都含""N,则细胞分裂过程中会发生联会现象
1617
甲家族
乙家族
C.若子细胞中染色体数为N,则第一次分裂的后期被标记的DNA为4N
,乙家族所惠乙病的
D.若子细胞中有的染色体不含""N,则细胞第一次分裂过程中会发生基因重组
专题十减数分裂和受精作用
27
（只考虑甲病）,如果7号和13号结婚,所生女儿的基因型是
（多选）.
B.家族中有遗传病史的待育青年
D.有多次不明原因流产史的夫妇
树对值
染色体数目
核DNA含量
FIJ
:MN
BE
GHK
时间",DA,"3.DA.已知亲代细胞中的染色体数为2N,若子细胞中染色体数为
x""x、x""Y,因此所生女儿的基因型是aax""x.③甲病为常染色
体显性遗传病,5号个体忠病,其母亲1号个体正常（aa).因此5号
基因型为 Aa,6号个体正常,其基因型为aa,生一个患甲病孩子
(Aa)的概率是1/2.①A.生育过忠遗传病孩子的父母说明父母中
至少有一方携带致病基因,再生育后代仍有可能患病,所以需要进
行遗传咨询或优生咨询;B.家族中有直系或旁系亲属有过遗传病
史的待育年后代中遗传病的概率增加,需要进行遗传咨询或
优生咨询；C.35岁以上的高龄孕妇生出患遗传病或先天畸形孩子
的概率增加,需要进行遗传咨询或优生咨询；D.有多次不明原因流
产史的夫妇生育后代您有遗传病的儿概率增加,故需要进行遗
传咨询或优生咨询.
色体互换,就可能形成基因型为AB、ab、Ab、aB的精子；B.精原细
胞（AaX'Y)因减数分裂异常,产生了基因型为AAaY的精子,说明
减数分裂I和减数分裂IⅡI都出现了异常,即精原细胞（AaxY)-
初级精母细胞（AAaaX'xYY）->次级精母细胞（AAaaYY和
Xx°）->精细胞（AAaY、aY、X、X）;C.雕果蝇的性染色体组成为
XY,有丝分裂后期是两条X染色体和两条Y染色体,减数分裂I
的后期是两条X或者两条Y染色体,因此有丝分裂后期的细胞中
一定含有两条Y染色体,而减数分裂Ⅱ后期不一定；D.减数分裂使
成熟生殖细胞中的染色体数目比原始生殖细胞减少一半,而受精
作用使染色体数目又恢复到与体细胞相同的数目.对于进行有性
生殖的生物体来说,减数分裂和受精作用对于维持每种生物前后
代体细胞中染色体数目的恒定及遗传和变异都很重要.
表示有丝分裂后期、末期；EF段表示减数分裂前的间期、减数分裂
I;GH段表示减数分裂Ⅱ前期和中期;U段表示减数分裂Ⅱ后期、
末期；LM表示受精作用；NO表示有丝分裂前的间期OP表示有
DNA 复制发生了三次(AB段、EF 段和 NO 段);B. 若在 A 点使核
DNA被放射性同位紧标记.到CD段DNA只进行了一次复制,根
据DNA半保留复制特点,在CD段所有DNA分子都含有放射性,
因此检测到含有放射性的核DNA占100%;C.图中EF段表示减
数分裂前的间期、减数分裂I、OP段表示有丝分裂前期、中期、后
期和末期,其中后期细胞中染色体数目加倍;D.图中L点-M点
表示受精作用,该过程与细胞膜的流动性有关.
2N,则进行的是有丝分裂,依据题意和DNA分子的半保留复制
在有丝分裂前的间期DNA分子完成复制后,DNA分子数加倍、染
色体数不变,每个亲代 DNA分子经过复制形成的2个子代 DNA
分别存在于同一条染色体所含有的2条姐妹染色单体上,第一次
有丝分裂结束后所形成的细胞中,每条染色体的DNA均只有一条
链含有""5N,在第二次有丝分裂前的间期DNA分子完成复制后,位
高分生物[109]",2,1,高中生物分专题训练,,3,4,4,专题十 减数分裂和受精作用,OCR自动整理，建议按来源页抽查图表题和跨页题,高中生物分专题训练_题目答案知识标注.xlsx
860,7.（2022·耀华中学第二次月考)如图为某基因组成为AaBbDd的雌性高等动物细胞分裂过程中染色体行,,DA,"7.DA.姐妹染色单体分离可发生在有丝分裂后期或减数分裂II后
期,但是减数分裂ⅡI后期无四分体,a可能是有丝分裂中期,可能将
要发生姐妹染色单体分离；B.b可能是减数分裂I前、中期,可能发
生同源染色体非姐妹染色单体交换；C.b可能是减数分裂I前、中
期,c可能是减数分裂IⅡ后期,这两个时期染色体数目相等；D.如果
在四分体时期发生了同源染色体非姐妹染色单体的交换,减数分
裂Ⅱ后期细胞中就可能存在等位基因.
提升题",2,1,高中生物分专题训练,,7,5,3,专题十 减数分裂和受精作用,OCR自动整理，建议按来源页抽查图表题和跨页题,高中生物分专题训练_题目答案知识标注.xlsx
861,"4.(2024·塘沽一中第一次月考)某生物兴趣小组观察了某种二倍体生物精巢内的几种细胞,测定不同
细胞中的染色体数目和核DNA分子数,并绘制出图.下列分析不正确的是
染色体数/条
4n
2n
a6
方2h4n核DNA数/个","A.细胞a可能是精细胞或精子
B.细胞c中可能含有同源染色体
C.细胞d与细胞e不可能处在同一个分裂时期
D.细胞f可能发生同源染色体的分离",AA,"4.AA.初级精母细胞是由精原细胞经过染色体复制形成的.一条
染色体上含有2个染色单体,因此核DNA分子数是32;B.--个染
色体组是由非同源染色体组成的.故密蜂的一个染色体组含有16
[108]
条非同源染色体；C.减数分裂IⅡI后期、着丝粒分裂；D.由题图可知,
雄蜂一个初级精母细胞只产生一个精子.因此若不考虑基因突变,
一只雄蜂只能产生一种类型的精子.
能处于分裂间期的G,期、减数分裂IⅡI后、末期；ⅡI可能处于有丝分
裂前期、中期和减数分裂I过程；Ⅲ可能处于减数分裂Ⅱ前期和中
期；IV可能为配子.分析图2:A表示减数分裂,B表示受精作用,C
表示有丝分裂.分析图3:AB段进行DNA的复制,BC段每条染
色体上有2个DNA分子.CD段染色体丝粒分开,DE段每条染
色体上只有1个DNA分子.分析图4:甲细胞含有同源染色体,且
着丝粒分裂,处于有丝分裂后期；乙细胞中同源染色体分离,处于
减数分裂I后期；丙细胞不含有同源染色体,着丝粒排列在赤道板
上,处于减数分裂ⅡI中期.A.图1中Ⅲ可能处于减数分裂ⅡI前期
和中期,对应的细胞内不存在同源染色体；B.图4中乙细胞处于减
数分裂I后期,减数分裂中染色体数目减半发生在减数分裂I,故
图4中乙细胞处于图2中①表示的范围内;C.图3中CD段产生的
原因是着丝粒断裂,与图2中由①变化为②原因不同,图2中由①
变化为②与同源染色体分离进入两个子细胞有关；D.分析图4的
乙可知,细胞乙正在发生细胞质的不均等分裂,故该细胞为初级卵
母细胞.该动物是一个雌性动物,但图4中的甲细胞处于有丝分裂
时期.
养基中培养复制一次,DNA两条链中一条含有P,一条含有""P.同
源染色体的非姐妹染色单体互换发生在减数分裂I前期,卵原细
胞减数分裂的结果是产生一个卵细胞和三个极体.A.图中初级卵
母细胞发生了同源染色体非姐妹染色单体的互换；B.图中四分体
每条染色体都有一条染色单体的DNA含""P,其余染色单体只
含3P,若该时期交换的是两条""P的单体,则含P的DNA可能为
3条；C.该细胞由于发生染色体互换,减数分裂后能产生基因型为
AbD、ABD、abd、aBd的子细胞;D.交换发生在减数分裂过程中,亚
组型配子的产生,可以为进行有性生殖的真核生物的变异提供物
质基础.
（3)①常染色体显性遗传伴X染色体隐性遗传
@Aa aax""x ?1/2 @ABCD
解析:据图可知,中图中①细胞含有同源染色体,处于减数分裂I
前期,②中含有同源染色体,若丝粒分裂,处于有丝分裂后期,③中",2,1,高中生物分专题训练,,4,5,3,专题十 减数分裂和受精作用,OCR自动整理，建议按来源页抽查图表题和跨页题,高中生物分专题训练_题目答案知识标注.xlsx
862,"5.【难题】(2021·天津一中第二次月考)下表表示一个精原细胞在从甲到丁的连续生理过程中,细胞内
染色体组数的变化,下列有关描述正确的是
生理过程
细胞中染色体组数2-+1→+2-+1
始终为1
1+2
2→4→2","A.甲过程中染色体数目减半发生在第一次分裂
B.乙过程中可以发生等位基因分离或基因突变
C.丙过程中细胞中染色体数与DNA分子数之比为1:2
D.丁过程中存在同源染色体联会现象",A,"5.A根据题意和图表分析可知,甲生理过程表示减数分裂.乙生理
过程表示精子细胞变形为精子的过程,丙生理过程表示受精作用.
半发生在减数分裂I;B.乙（精细胞变形为精子)过程中不会发生
等位基因分离,等位基因的分离发生在甲过程;C,丙(受精作用)过
程中细胞中染色体数与DNA分子数之比为1:1;D.丁（有丝分
裂)过程中不会出现同源染色体联会现象,同源染色体联会现象发
生在甲过程.",9,8,高中生物分专题训练,,5,5,5,专题十 减数分裂和受精作用,OCR自动整理，建议按来源页抽查图表题和跨页题,高中生物分专题训练_题目答案知识标注.xlsx
863,"6.（2021·南开中学第三次月考)如图甲～丙依次表示某动物体内细胞分裂图,每条染色体上DNA含量
的变化,细胞分裂不同时期细胞核中染色体数目、染色单体数目与染色体DNA数目关系变化.下列
叙述中正确的是
染色体DNA数目一
每条染色体上DNA含量
染色体数目
I染色单体数目
③细胞分裂时期
细胞分裂时期","A.图甲所示细胞对应于图乙中的DE段、图丙中的②
B.图甲所示细胞中含有8个染色单体,8分子染色体DNA
C.图丙中与图乙中BC段对应的只有②
D.图丙中引起②-→①变化的原因是同源染色体的分离
飞冲天
为和数量及DNA分子数变化图(图1甲中只画出与三对基因相关的染色体),请据图回答:
每条染色体上DNA分子数
细胞内同源染色体对数
2N
123456789时期
BE
H「细胞分裂时间
图1
图2
,其中含有
个染色
(1)图1中甲细胞所处的细胞时期为
,该细胞的名称是
体组.
(2)图1中的甲细胞处于图1乙中的
(填字母)时段.
C.6~7
A.3~4
B.4~5
D.8~9
时段.
(3)图1中的甲细胞处于图2中的
(4)图2是FG时段细胞中的染色体发生的主要变化有
（至少2项）.
(5)画出该生物减数分裂I中期图像.请依据图1中甲细胞的染色体形态,只需画出B、b和D、d两对
基因所在的二对同源染色体变化.
(6)研究者采用荧光染色法制片,在显微镜下观察拟南芥（2n=10)花药减数分裂细胞中染色体形态、
位置和数目,以下为镜检时拍摄的4幅图片.按照减数分裂时期排列的先后顺序为",CA,"6.CA.图甲所示细胞为有丝分裂后期,对应于图乙中的DE段、图
丙中的①；B.图甲所示为有丝分裂后期若丝粒分裂,没有染色单
体;C.图丙中与图乙中BC段对应的只有②,此时每条染色体含有
·2·条染色单体；D.图丙中引起②->①变化的原因是若丝粒分裂.
7.(1)减数分裂Ⅱ后期（第)极体2（2)D（3)HI
(4)同源染色体联会.形成四分体；同源染色体分离.非同源染色体
自由组合
（5）如图所示:
[110]
(6)甲→乙→丙丁
解析:(1)甲图细胞不含同源染色体,且着丝粒分裂,处于减数分裂
Ⅱ后期,由于是雌性高等动物,且细胞质均等分裂,所以该细胞是
第一极体,此时细胞中含有2个染色体组.
(2)甲图细胞的着丝粒分裂、染色体暂时加倍发生在减数分裂Ⅱ后
期,此时每条染色体上的DNA分子数为1,所以图1中甲细胞的变
化对应图1乙曲线中的时间区段为8～9.
(3)图2中,AB表示有丝分裂前的间期、有丝分裂的前期和中期；
CD段表示有丝分裂后期、末期；EF表示减数分裂前的间期；FG
表示减数分裂I；HI表示减数分裂ⅡI.
(4)图乙中FG时段表示减数分裂I,细胞中发生同源染色体联会
形成四分体,同源染色体成对排列在赤道板上,同源染色体分离、
非同源染色体自由组合等行为.
(5)减数分裂I中期时同源染色体排列在赤道板的两侧,故B和b、
D和d整齐排列,且不同颜色表示不同来源.
(6)分析图示可以看出,甲图的5对同源染色体正在配对,因此甲
图为减数分裂I前塑；乙图中配对的染色体排列在赤道板附近,因
此为减数分中期；丙图形成了2个子细胞,且每个子细胞中染
色体的着丝粒排列在赤道板上,因此丙图为减数分裂Ⅱ中期；丁图
表示正形成4个子细胞,为减数分裂Ⅱ末期,故图中细胞的分裂顺
序为甲→乙-→丙→丁.
专题十一
遗传的基本规律
基础题
因子,即DNA是肺炎链球菌的遗传物质；B.糜尔根以果蚬为实验
材料,采用假说演绎法证明基因在染色体上并再次证实了基因分
离定律,摩尔根的果蝇伴性遗传实验只研究了一对等位基因,不能
证明基因自由组合定律；C.T2噬菌体侵染细菌实验证明了DNA
是噬菌体的遗传物质；由于蛋白质没有进入大肠杆菌细胞内,所以
明了遗传定律,并没有证明进传因子位于染色体上,当时人们还没
有认识染色体.",2,1,高中生物分专题训练,,6,5,5,专题十 减数分裂和受精作用,OCR自动整理，建议按来源页抽查图表题和跨页题,高中生物分专题训练_题目答案知识标注.xlsx
864,"5.（2023·红桥区一模)番茄的紫茎对绿茎为完全显性.欲判断一株紫茎番茄是否为纯合子,下列方法
专题十一
不可行的是
遗传的基本规律","A.让该紫茎番茄自交
基础题
C.与纯合紫茎番茄杂交",B,"5.B就抗病和感病而言,组合 3中亲本均为感病,子代有抗病和感
病,则感病是显性性状,抗病是隐性性状；就红种皮和白种皮而言,
组合1中亲本均为红种皮.子代有红种皮和白种皮,则红种皮是显
性性状,白种皮是隐性性状.A.假设感病和抗病由 A/a 这一对等
位基因控制、红种皮和白种皮由B/b这一对等位基因控制,组合1
子代感病:抗病～1:1,红种皮:白种皮～3:1,则亲本基因型是
aaBb 和 AaBb;组合 2 子代感病:抗病~1 :1,红种皮:白种皮~
1 : 1,则亲本基因型是 aaBb 和 Aabb;组合 3 子代感病 : 抗病~
3:1,红种皮:白种皮～1:1,则亲本基因型是AaBb和Aabb,即 6
个亲本都是杂合子.B.组合3感病与感病杂交,后代出现了抗病,
说明感病对抗病为显性性状.C.组合 1 红种皮与红种皮杂交,后
代出现了白种皮,说明红种皮对白种皮为显性性状.D.组合3感
病、红种皮(AaBb)和感病、白种皮(Aabb)杂交后代的性状分离比
[112]
因自由组合定律,如果是位于一对同源染色体上,则无法得到后代
4种表型比例为1:1:3:3.
型为BbTt的玉米自交得到的F,中雌雄同株异花植株的基因型及
其比例为BbT:BbTT:BBT:BBTT=4:2:2:1,这些植株产
生的B、b配子的概率为2/3、1/3,自由交配后代中B_、bb基因型的
概率分别为8/9、1/9;同理,产生T、1配子的概率分别为2/3、1/3.
自由交配后代中T_、ll基因型的概率分别为8/9、1/9,因此F2中
雕株（B_tt、bbtt)所占的比例为8/81+1/81=9/81,雕株（bbT_）所
占的比例为8/81,则雌株与雄株的比例为9:8.
a:aa=1:2:2:1:B.F,中结黄色果实的植株的基因型为AA、
Aa、AAa、Aaa、AAaa、Aaaa,其中基因型为AAa和Aaa植株的3号
染色体有三条,为三体,AAaa和Aaaa植株的3号染色体有四条,
为四体:C.F,中结黄色果实的植株的基因型为AA、Aa、AAa、Aaa、
AAaa、Aaaa.其中基因型为AA的植株为纯合子,结红色果实的植
株的基因型为aa、aaa、aaaa,全是纯合子；D.若按体细胞染色体数目
进行分类,则F,植株可分为3种类型,即2n、2n十1、2n十2.
解析:实验一:黑身雌蛇甲与灰身雄蚬乙杂交,F,全为灰身·说明灰
身是显性性状.E,随机交配,F2雌雄果蛇表型比均为灰身:黑身=
3:1,说明是常染色体遗传,且 F,是杂合子Bb,则亲本是 BB
@)根据以上分析可知,果蛇体色性状中,灰身为显性性状,F,灰身
的后代亚新出现黑身的现象叫作性状分离,F2的灰身果蚬基因型
为BB、Bb,杂合子占 2/3.
(2)根据后代有9900只灰身果轭和100只黑身果蚬可知,bb=
100/10000,所以基因b的频率为1/10,基因B的频率为9/10,则
后代中Bb的基因型频率为2×1/10×9/10=18%,若将该群体
于天然黑色环境中,灰身果蚬容易被天敌发现而淘汰,所以灰身果
蛇的比例会下降.这是自然选择的结果.
(3)实验二:黑身雌蛇丙（基因型同甲bb)与灰身雄蚬丁（BB)杂交,
F,全为灰身(Bb),F,随机交配,F2表型比为:雌蚬中灰身:黑身=
3:1,雄蛇中灰身:黑身:深黑身=6:1:1,后代表型与性别相
关联,说明R、r位于X染色体上,根据雄蚬的比例可知,子一代雌
性是Bbxkx',根据后代雌蚬的比例可知子一代雄蛇是Bbx*Y,则
亲本雄蚬丁的基因型为BBX'Y,F中灰身雄蛇共有2×2=4种基
因型.",1,0,高中生物分专题训练,,5,6,7,专题十一 遗传的基本规律,OCR自动整理，建议按来源页抽查图表题和跨页题,高中生物分专题训练_题目答案知识标注.xlsx
865,"6.(2024·塘沽一中第一次月考)鸡的卷羽（F)对片羽（I)为不完全显性,位于常染色体,Ff表现为半卷",,DA,"6.DA.由题意可知,卷羽正常雌性基因型为FFZPW,卷羽正常雄性
雌果蚬是镰刀形,雄果蚬是圆形,说明果轭控制圆形、镰刀形的基
因位于X染色体上,是伴性遗传,分析杂交3可知,镰刀形雌果蝇
与椭圆形雄果蛇杂交,后代雌果蝇是椭圆形,雄果蝇是镰刀形,说
明控制镰刀形和圆形的基因位于X染色体上,因此果蛇控制翅
形雄果杂交,后代都表现为镰刀形,说明镰刀形对圆形是显性；
C.根据杂交3的结果,后代雕果蛇含有椭圆形和镰力形基因,表现
为椭圆形,因此镰刀形相对于椭圆形为隐性;D.假设椭圆形基因是
D,镰刀形基因是D1,圆形基因是d,则子代中,圆形雄果蛇的基因
日",1,0,高中生物分专题训练,,6,6,6,专题十一 遗传的基本规律,OCR自动整理，建议按来源页抽查图表题和跨页题,高中生物分专题训练_题目答案知识标注.xlsx
866,"1.(2022·塘沽一中模拟)下列关于遗传学发展史上四个经典实验的叙述,正确的是","A.肺炎链球菌离体转化实验证明了DNA是肺炎链球菌的遗传物质
羽；体型正常(D)对矮小(d)为显性,位于Z染色体.卷羽鸡适应高温环境,矮小鸡饲料利用率高.为
B.摩尔根的果蝇眼色伴性遗传实验证明了基因自由组合定律
培育耐热节粮型种鸡以实现规模化生产,研究人员拟通过杂交将d基因引人广东特色肉鸡“粤西卷羽
C.T2噬菌体侵染细菌实验证明了DNA是大肠杆菌的遗传物质
鸡”,育种过程见图.下列分析错误的是
D.孟德尔的一对相对性状杂交实验证明了遗传因子位于染色体上",DA,"1.DA.分析系谱图可得,2号的线粒体DNA能传给 6号.但是6号
青毛兔(b,b）×纯种白毛免(bzbz）->F,为青毛兔(b,b2)说明b,
对b2为显性；乙:纯种黑毛兔（bsbs）×纯种褐毛免（b,b.）->F,为
黑毛免(bsb）,说明bs对b,为显性；丙:F,青毛免（b,b2）×F,黑
毛兔(bsb,）-b,b、b,b3、bzbs、bzbs,又因为表型及比例为背毛:
黑毛:白毛=2:1:1.所以b,b,和b,bs均表现为背色,bzb,表现
为白色,即b2>bs,bzbs表现为黑色.即b3>b2,所以bi、b2、bs、b
之间的显隐性顺序是 b,>b3>b2>b4.",3,2,高中生物分专题训练,,1,6,9,专题十一 遗传的基本规律,OCR自动整理，建议按来源页抽查图表题和跨页题,高中生物分专题训练_题目答案知识标注.xlsx
867,"2.(2020·和平区一模)某种果蝇野生型个体的翅为圆形,该种果蝇有两种纯合的突变类型:椭圆形翅及
镰刀形翅.将这三种果蝇相互杂交得到如表所示结果.据此判断不合理的是
亲本
F,
杂交
雄蝇
雌蝇
雄蝇
镶刀形
圆形
镰刀形
镰刀形
圆形
圆形
镰刀形
镰刀形","A.正交和反交获得F,个体表型和亲本不一样
镰刀形
椭圆形
椭圆形
镰刀形
B.分别从F,群体I和IⅡI中选择亲本可以避免近交衰退
A.控制翅形的基因位于X染色体上
B.镰刀形相对于圆形为显性
C.为缩短育种时间应从F,群体I中选择母本进行杂交
C.镰刀形相对于椭圆形为显性
D.F,的椭圆形与圆形杂交可产生镰刀形后代
D.Fa中不能得到目的性状能够稳定遗传的种鸡",D,"2.D由细胞代谢途径可知,A、B同时存在时表现为紫眼;A存在,B
不存在时表现为红眼；A不存在,无论B是否存在,均表现为白眼.
A.用纯合红眼雌果蝇与纯合白眼雄果蛇交配.F,中雕果蝇全为紫
眼,雄果蛇全为红眼,说明白眼是隐性性状,且B、b基因位于X染
色体上,亲本雌果蝇的基因型为AAX'x、雄果蝇的基因型为
aax""Y,子一代基因型是Aax""x（紫眼）、Aax""Y(红眼）；B.F,的白眼
个体中,存在基因型为 aax""x' 的杂合子;C.F,中紫眼雌果蝇基因型
为 A_x""x°,只能是杂合子;D. F中红眼果蛇基因型为 A_x*x'、",3,2,高中生物分专题训练,,2,6,7,专题十一 遗传的基本规律,OCR自动整理，建议按来源页抽查图表题和跨页题,高中生物分专题训练_题目答案知识标注.xlsx
868,"3.(2021·和平区一模)某种家兔的毛色由常染色体上的一对等位基因控制,白色（A)对黑色（a)为显性.",,CA,"3.CA.甲品系动物相互交配,雌性可以产生NR、Nr、nR、nr,共4种
(OO)所占比例为1/4×1/4=1/16,黄毛鼠(DO+Dd+DD)所占的
比例为(1/2×1/4×2+1/2×1/4×2+1/2×1/2)÷（1-1/16)=4/5.
(3)根据题意分析,基因型为BbFI的雌雄个体杂交且基因BB纯
合致死.A.若B、F位于同一条染色体上.b、f位于另一条同源染
色体上,则亲本只能产生BF、bf的配子且比例为1:1,后代基因型
及比例为BBFF(死亡）:BbFf:bbff=1:2:1.其子代表型比例为
2:1,与题意后代为1:1不符；B.若B、「位于同一条染色体上,b、
F位于另一条同源染色体上,则亲本只能产生Bf、bF的配子且比例
为1:1,后代基因型及比例为BBf(死亡）:BbFf:bbFF=1:2:
1,其子代表型比例为2:1,与题意后代为1:1不符；C.若B、b与
F、f位于两对同源染色体上,则亲本能产生BF、Bf、bF、bf共4种配
子,后代基因型及比例为BbF_:Bbff:bbF_:bbf=6:2:3:1.
若同时含有B与F的表现为一种性状.而其他的都表现为另一种
性状,则子代表型比例为1:1,与题意后代为1:1相符合.
翅,所以控制翅型的基因位于常染色体上,长翅为显性,用A、a表
示基因；而正反交结果子代眼色不同,所以位于X染色体上,用B、
b表示基因；亲代组合一基因型是aaxx和AAxY,F,分别为
Aax""Y（长翅红眼）、Aax""x（长翅红眼早）.组合二亲代基因型
是AAxx和aaY,正常情况下F,分别为AaxY（长翅白眼
）、Aax""x（长翅红眼早）.A.根据分析,长翅和红眼为显性；
B.控制眼色的基因位于X染色体上,与性别有关.而控制翅形的基
因在常染色体上,与基因无关;C.组合二亲本基因型是AAX*x和
aaxBY.出现了白眼雌蛇,基因型可能为Aax'xbY,可能是母本减
数分裂异常,生了 Xx的配子,和 Y的精子结合形成;D.组合
一中F,AaxY(长翅红眼）、Aax""x（长翅红眼早）相互交配,正
常情况下.禾会出现白眼雌果蝇x'x.
B_,也可能是bb×bb->bb,所以无法判断显隐性关系;②紫花×紫
花->301紫花十101白花,紫花与紫花杂交后代出现了白花.所以
白花为隐性性状,紫花为显性性状；③紫花×白花→紫花·具有相
对性状的亲本杂交,子代出现的是显性性状、没有出现的性状是隐
性性状,所以紫花为显性性状,白花为隐性性状；①紫花×白花一
98紫花十107白花,可能是Bb（紫花）×bb(白花）->Bb（紫花）、bb
以无法判断显隐性关系.
配子,雄性由于n基因所在的染色体缺失导致雄配子致死、只能产
生NR、Nr,共2种配子.雌雄配子间随机结合,子代共有6种基因
型.2种表型;B.由丙RRr的基因型可以看出.其中的RR来自其母
本甲.r来自其父本乙.丙可以产生的配子及比例为R:Rr:RR:r=
2:2:1:1.父本(乙)只产生1种配子r.所以产生Rr后代的概率
高分生物[113]",1,0,高中生物分专题训练,,3,6,8,专题十一 遗传的基本规律,OCR自动整理，建议按来源页抽查图表题和跨页题,高中生物分专题训练_题目答案知识标注.xlsx
869,"7.【易错】(2022·天津一中第三次月考)油菜的株高由等位基因G和g决定,GG为高秆,Gg为中秆,gg
若某人工饲养的家免种群(处于遗传平衡状态)中,控制白毛和黑毛的基因的频率均为0.5,现让该家
为矮秆.
免种群随机交配并进行人工选择,逐代沟汰黑色个体.下列说法正确的是
与这两个基因的数量呈正相关.若将一个B基因连接到了中秆油菜的染色体上并在植株中得到成功","A.淘汰前,该家免种群中黑色个体数量与白色个体数量相等
表达,培育了甲～丁四种转基因油菜（如图).（注:不考虑染色体片段的交换)下列叙述正确的是
B.黑色免淘汰一代后,种群中基因a的频率下降到0.25
C.黑色兔淘汰两代后,家免种群中AA与Aa的数量比为2:1
D.随着淘汰代数的增加,家免种群中纯合子的比例不断增加",B,"7.B A组合一的F2中黑羽:灰羽:白羽=3:6:7,为9:3:3:1的
变形,据此可判断控制羽色的两对基因遵循基因的自由组合定律；
B.组合一的 F,基因型应为 CcTt,甲和乙的基因型为 CCtl、ccTT,
组合二的F,全为灰羽,F,中黑羽:灰羽:白羽=1:2:1.推测组
合二的F,基因型为CCTt,则丙应为CCTT.则中为 CClt,乙为
ccTT;C.组合一F,中的黑羽个体基因型为1/3CCTT、2/3CcTT,
它们随机交配,子代出现白羽个体（ccTT)的概率是（2/3）×（2/3）×
[114]
(1/4)=1/9;D.组合一F2的白羽个体基因型为1ccTT、2ccTt、
1cctt、1CClt、2Cctt,杂合子所占比例为4/7.
色体,故正常果蚬的一个染色体组中不可能会同时存在w*和w基
因；B.正常雄果蚬体细胞中只含有一条X染色体.不可能同时存在
w*和w基因;C.w+与w为等位基因.最根本的区别是基因的编
码区碱基排列顺序差异；D.w+与w在X染色体上·故性状上存在
交叉遗传特点.
黄色=1:6:1,相当于测交,说明果皮的色泽受三对等位基因控
制,遵循基因的自由组合定律；B.实验一中子代有黄色,说明亲代
绿色的基因型为AaBbCc.根据子代绿色所占比例为9/32（3/4×
3/4×1/2)可知,亲代红色基因型中两对等位基因各含有一个显性
基因,另一对等位基因隐性纯合,可能为aaBbCc、AabbCc或
AaBbcc.因此实验一子代中绿色个体中不可能存在纯合子,纯合子
比例为0;C.实验一亲本红色个体基因型可能为aaBbCc、AabbCc
或AaBbcc,隐性基因有4个；D.实验二的亲本基因型组合为
AaBbCcXaabbcc,则子代的基因型共有8种,其中绿色的基因型为
AaBbCc,黄色的基因型为aabbcc,红色个体的基因型有6种.
专题十二
伴性遗传和人类遗传病
的线粒体DNA不能传给8号,所以比较8与2的线粒体DNA序
列是不可行的；B.3号线粒体不能传给7号,也就不能传给8号,所
以比较8与3的线粒体DNA序列是不可行的;C.2号的X染色体
能传给6号.但6号的X染色体不能传给8号,所以比较8与2的
X染色体DNA序列是不可行的;D.8号和5号的Y染色体均来自
1号,因此可比较8与5的Y染色体DNA序列是否相同来鉴定8
与本家族的亲子关系.
11(患病）,推出甲病是常染色体隐性进传病；单独考乙病,由题
干可知,“其中一对基因位于X染色体上”,且IⅡI-6正常、Ⅱ-7忠病,
其子女ⅢI-12忠病,故可推知I-12关于乙病的基因型为x""Y,关于
甲病的基因型为AA或Aa.故II-12的基因型为AAx""Y或
Aax""Y.C.单独分析甲病,ll-10基因型为AA或Aa,IⅢI-12基因
型为AA或Aa,IⅢI-10和ⅢI-12婚配生一患甲病孩子的概率是2/3×",1,0,高中生物分专题训练,,7,6,9,专题十一 遗传的基本规律,OCR自动整理，建议按来源页抽查图表题和跨页题,高中生物分专题训练_题目答案知识标注.xlsx
870,"4.(2020·七校联考期中)下列曲线能正确表示杂合子（Aa)连续自交若干代,子代中aa所占的比例是
比例,t
比例,
比例,
比例,","A.甲～丁四种油菜的株高相同
B.甲自交的子代有4种表型且分离比为9:3:3:1
012345
012345
012345
012345
C.乙、丁分别自交,子代均不会发生性状分离
自交代数
自交代数
白交代数
自交代数
D.丙自交产生的子代有2种表型
专题十一遗传的基本规律
29
B.与绿茎番茄杂交
D.与杂合紫茎番茄杂交
P早卷羽正常×3片羽矮小早片羽矮小×x8卷羽正常
F群体I
?群体Ⅱ
F2
Glig B",,,7,6,高中生物分专题训练,,4,6,,专题十一 遗传的基本规律,OCR自动整理，建议按来源页抽查图表题和跨页题,高中生物分专题训练_题目答案知识标注.xlsx
871,"8.(2021·部分区期末)融合遗传认为两亲代的相对性状在杂种后代中融合而成为新的性状,即子代的
性状介于两亲本之间,且杂合子杂交后代中没有一定的分离比例.孟德尔设计实验巧妙地否定了融
合遗传方式.在下列实验预期结果中,不能支持孟德尔遗传的是","A.红花亲本与白花亲本杂交的F,全为粉红花
B.用两亲本杂交的F,与白花亲本测交后代会出现粉红色:白色=1:1
C.用两亲本杂交的F,与红花亲本杂交后代会出现红色:粉红色=1:1
D.用两亲本杂交的F,自交得到F.,会出现红色:粉红色:白色=1:2:1
提升题",AA,"8.AA.红花亲本与白花亲本杂交的F,全为粉红花.显性红花与隐
数的增加,家免种释中基因A和基因型AA的频率均逐渐增加.
+.B杂合子连续自交""代,杂合子的比例为()）,纯合子的比例
的比例,支持孟德尔遗传方式；C.用两亲本杂交的F,与红花亲本
[1-()].杂合子(Aa)连
因此F,中隐性纯合子的比例为一
续自交1代,即Ⅱ=1,代人即可计算出F,中隐性纯合子的比例
LY
(Aa)连续自交3代,即n=3,代入即可计算出F,中隐性纯合子的
提升题
比例为一
代,则F,中隐性纯合子的比例接近
2°",7,6,高中生物分专题训练,,8,7,6,专题十一 遗传的基本规律,OCR自动整理，建议按来源页抽查图表题和跨页题,高中生物分专题训练_题目答案知识标注.xlsx
872,"4.（2022·和平区期末)在某些性状的遗传研究中,不论正交还是反交,F,所表现的性状相同,控制这些",,,,7,6,高中生物分专题训练,,4,7,,专题十一 遗传的基本规律,OCR自动整理，建议按来源页抽查图表题和跨页题,高中生物分专题训练_题目答案知识标注.xlsx
873,"1.(2024·四十七中第三次月考)育种专家为获得基因型为AA的高产小麦品种,以基因型为Aa的小麦
为亲本,通过逐代自交,且逐代淘汰基因型为aa的个体的方法进行育种.下列说法正确的是（","A.育种专家逐代淘汰基因型为aa的个体属于自然选择的过程
B.该育种过程所得F,中,经筛选后基因型为AA的个体占3/5
C.基因型为Aa的小麦自交后代中出现基因型为aa的个体是基因重组的结果",DA,"1.DA.分析系谱图可得,2号的线粒体DNA能传给 6号.但是6号
青毛兔(b,b）×纯种白毛免(bzbz）->F,为青毛兔(b,b2)说明b,
对b2为显性；乙:纯种黑毛兔（bsbs）×纯种褐毛免（b,b.）->F,为
黑毛免(bsb）,说明bs对b,为显性；丙:F,青毛免（b,b2）×F,黑
毛兔(bsb,）-b,b、b,b3、bzbs、bzbs,又因为表型及比例为背毛:
黑毛:白毛=2:1:1.所以b,b,和b,bs均表现为背色,bzb,表现
为白色,即b2>bs,bzbs表现为黑色.即b3>b2,所以bi、b2、bs、b
之间的显隐性顺序是 b,>b3>b2>b4.",12,11,高中生物分专题训练,,1,7,9,专题十一 遗传的基本规律,OCR自动整理，建议按来源页抽查图表题和跨页题,高中生物分专题训练_题目答案知识标注.xlsx
874,"5.（2021·南开中学第三次月考)下表为3个不同小麦杂交组合及其子代的表型和植株数目.据表分
D.若对基因型为Aa的小麦进行花药离体培养,再用秋水仙素处理萌发的种子或幼苗,可快速获得基
因型为AA的高产小麦品种",,B,"5.B就抗病和感病而言,组合 3中亲本均为感病,子代有抗病和感
病,则感病是显性性状,抗病是隐性性状；就红种皮和白种皮而言,
组合1中亲本均为红种皮.子代有红种皮和白种皮,则红种皮是显
性性状,白种皮是隐性性状.A.假设感病和抗病由 A/a 这一对等
位基因控制、红种皮和白种皮由B/b这一对等位基因控制,组合1
子代感病:抗病～1:1,红种皮:白种皮～3:1,则亲本基因型是
aaBb 和 AaBb;组合 2 子代感病:抗病~1 :1,红种皮:白种皮~
1 : 1,则亲本基因型是 aaBb 和 Aabb;组合 3 子代感病 : 抗病~
3:1,红种皮:白种皮～1:1,则亲本基因型是AaBb和Aabb,即 6
个亲本都是杂合子.B.组合3感病与感病杂交,后代出现了抗病,
说明感病对抗病为显性性状.C.组合 1 红种皮与红种皮杂交,后
代出现了白种皮,说明红种皮对白种皮为显性性状.D.组合3感
病、红种皮(AaBb)和感病、白种皮(Aabb)杂交后代的性状分离比
[112]
因自由组合定律,如果是位于一对同源染色体上,则无法得到后代
4种表型比例为1:1:3:3.
型为BbTt的玉米自交得到的F,中雌雄同株异花植株的基因型及
其比例为BbT:BbTT:BBT:BBTT=4:2:2:1,这些植株产
生的B、b配子的概率为2/3、1/3,自由交配后代中B_、bb基因型的
概率分别为8/9、1/9;同理,产生T、1配子的概率分别为2/3、1/3.
自由交配后代中T_、ll基因型的概率分别为8/9、1/9,因此F2中
雕株（B_tt、bbtt)所占的比例为8/81+1/81=9/81,雕株（bbT_）所
占的比例为8/81,则雌株与雄株的比例为9:8.
a:aa=1:2:2:1:B.F,中结黄色果实的植株的基因型为AA、
Aa、AAa、Aaa、AAaa、Aaaa,其中基因型为AAa和Aaa植株的3号
染色体有三条,为三体,AAaa和Aaaa植株的3号染色体有四条,
为四体:C.F,中结黄色果实的植株的基因型为AA、Aa、AAa、Aaa、
AAaa、Aaaa.其中基因型为AA的植株为纯合子,结红色果实的植
株的基因型为aa、aaa、aaaa,全是纯合子；D.若按体细胞染色体数目
进行分类,则F,植株可分为3种类型,即2n、2n十1、2n十2.
解析:实验一:黑身雌蛇甲与灰身雄蚬乙杂交,F,全为灰身·说明灰
身是显性性状.E,随机交配,F2雌雄果蛇表型比均为灰身:黑身=
3:1,说明是常染色体遗传,且 F,是杂合子Bb,则亲本是 BB
@)根据以上分析可知,果蛇体色性状中,灰身为显性性状,F,灰身
的后代亚新出现黑身的现象叫作性状分离,F2的灰身果蚬基因型
为BB、Bb,杂合子占 2/3.
(2)根据后代有9900只灰身果轭和100只黑身果蚬可知,bb=
100/10000,所以基因b的频率为1/10,基因B的频率为9/10,则
后代中Bb的基因型频率为2×1/10×9/10=18%,若将该群体
于天然黑色环境中,灰身果蚬容易被天敌发现而淘汰,所以灰身果
蛇的比例会下降.这是自然选择的结果.
(3)实验二:黑身雌蛇丙（基因型同甲bb)与灰身雄蚬丁（BB)杂交,
F,全为灰身(Bb),F,随机交配,F2表型比为:雌蚬中灰身:黑身=
3:1,雄蛇中灰身:黑身:深黑身=6:1:1,后代表型与性别相
关联,说明R、r位于X染色体上,根据雄蚬的比例可知,子一代雌
性是Bbxkx',根据后代雌蚬的比例可知子一代雄蛇是Bbx*Y,则
亲本雄蚬丁的基因型为BBX'Y,F中灰身雄蛇共有2×2=4种基
因型.",1,0,高中生物分专题训练,,5,7,7,专题十一 遗传的基本规律,OCR自动整理，建议按来源页抽查图表题和跨页题,高中生物分专题训练_题目答案知识标注.xlsx
875,2.【难题】(2020·河西区一模)研究表明果蝇的眼色由两对完全显性的等位基因,"A、a和B、b控制（如图
所示）,用纯合红眼雌蝇与纯合白眼雄蝇交配,F,中雌蝇全为紫眼、雄蝇全为红眼；让F,雌雄蝇相互交
配,F的表型及比例为紫眼:红眼:白眼=3:3:2,下列相关说法正确的是
表型
终产
紫眼
B基因
物2
白鼠、表型
终产
a基因
前体
A基因
中间
物1
物质
产物
终产
表型
b基因
+红眼
物3",D,"2.D由细胞代谢途径可知,A、B同时存在时表现为紫眼;A存在,B
不存在时表现为红眼；A不存在,无论B是否存在,均表现为白眼.
A.用纯合红眼雌果蝇与纯合白眼雄果蛇交配.F,中雕果蝇全为紫
眼,雄果蛇全为红眼,说明白眼是隐性性状,且B、b基因位于X染
色体上,亲本雌果蝇的基因型为AAX'x、雄果蝇的基因型为
aax""Y,子一代基因型是Aax""x（紫眼）、Aax""Y(红眼）；B.F,的白眼
个体中,存在基因型为 aax""x' 的杂合子;C.F,中紫眼雌果蝇基因型
为 A_x""x°,只能是杂合子;D. F中红眼果蛇基因型为 A_x*x'、",11,10,高中生物分专题训练,,2,7,7,专题十一 遗传的基本规律,OCR自动整理，建议按来源页抽查图表题和跨页题,高中生物分专题训练_题目答案知识标注.xlsx
876,"6.(2021·南开中学第三次月考)玉米的基因型与性别对应关系如下表,已知B、b和T、t分别位于两对","A.F,中紫眼雌蝇的基因型是AaX""x
B.F,的白眼个体中,纯合子的概率为100%
C.F,中紫眼雌果蝇,既有纯合子也有杂合子
D.F,中红眼果蝇相互杂交,后代只有2种表型",DA,"6.DA.由题意可知,卷羽正常雌性基因型为FFZPW,卷羽正常雄性
雌果蚬是镰刀形,雄果蚬是圆形,说明果轭控制圆形、镰刀形的基
因位于X染色体上,是伴性遗传,分析杂交3可知,镰刀形雌果蝇
与椭圆形雄果蛇杂交,后代雌果蝇是椭圆形,雄果蝇是镰刀形,说
明控制镰刀形和圆形的基因位于X染色体上,因此果蛇控制翅
形雄果杂交,后代都表现为镰刀形,说明镰刀形对圆形是显性；
C.根据杂交3的结果,后代雕果蛇含有椭圆形和镰力形基因,表现
为椭圆形,因此镰刀形相对于椭圆形为隐性;D.假设椭圆形基因是
D,镰刀形基因是D1,圆形基因是d,则子代中,圆形雄果蛇的基因
日",11,10,高中生物分专题训练,,6,7,6,专题十一 遗传的基本规律,OCR自动整理，建议按来源页抽查图表题和跨页题,高中生物分专题训练_题目答案知识标注.xlsx
877,"3.(2020·部分区一模)已知玉米的体细胞中有10对同源染色体,下表为玉米6个纯合品系的表型、相
应的基因型(字母表示)及基因所在的染色体.品系②～③均只有一个性状是隐性纯合的,其他性状
均为显性纯合.下列有关说法中正确的是
C.9:7
飞冲天
③胚乳颜色
?高度
④胚乳味道
品系
②果皮
②节长
白色g8
白色pP
短节bb
矮茎dd
性状
显性纯合子
所在染色体
I、N、M","A.该玉米经减数分裂后,卵细胞中则有5对同源染色体
B.若要验证基因的自由组合定律,可选择品系③和③作亲本进行杂交
C.若I号染色体上的部分基因转移到了IV号染色体上,则这种变异类型最可能是染色体结构变异
D.选择品系?和③作亲本杂交得F,,F,再自交得F,,则F,表现为长节高茎的植株中,纯合子的概率
为1/4
性状的基因是
A.常染色体基因与性染色体基因
B.细胞质基因
C.只能是常染色体基因
D.只能是性染色体基因
析,下列推断错误的是
组合
子代的表型和植株数目
杂交组合类型
感病白种皮
序号
抗病白种皮
抗病红种皮
感病红种皮
416
138
抗病、红种皮X感病、红种皮
410
135
184
182
抗病、红种皮×感病、白种皮
180
178
420
感病、红种皮X感病、白种皮
140
136
414
A.16个亲本都是杂合子
B.抗病对感病为显性
C.红种皮对白种皮为显性
D.这两对性状自由组合
同源染色体上.若BbTt的玉米植株作亲本,自交得F,,让F,中的雌雄同株异花植株相互交配,则F
中雌、雄株的比例是
基因型
T不存在(B_tt或bbtt)
B和T同时存在(B_T_)
T存在.B不存在(bbT_)
性别
雌雄同株异花
雄株
雌株
A.9:8
B.3 : 1
D.13 : 3",CA,"3.CA.甲品系动物相互交配,雌性可以产生NR、Nr、nR、nr,共4种
(OO)所占比例为1/4×1/4=1/16,黄毛鼠(DO+Dd+DD)所占的
比例为(1/2×1/4×2+1/2×1/4×2+1/2×1/2)÷（1-1/16)=4/5.
(3)根据题意分析,基因型为BbFI的雌雄个体杂交且基因BB纯
合致死.A.若B、F位于同一条染色体上.b、f位于另一条同源染
色体上,则亲本只能产生BF、bf的配子且比例为1:1,后代基因型
及比例为BBFF(死亡）:BbFf:bbff=1:2:1.其子代表型比例为
2:1,与题意后代为1:1不符；B.若B、「位于同一条染色体上,b、
F位于另一条同源染色体上,则亲本只能产生Bf、bF的配子且比例
为1:1,后代基因型及比例为BBf(死亡）:BbFf:bbFF=1:2:
1,其子代表型比例为2:1,与题意后代为1:1不符；C.若B、b与
F、f位于两对同源染色体上,则亲本能产生BF、Bf、bF、bf共4种配
子,后代基因型及比例为BbF_:Bbff:bbF_:bbf=6:2:3:1.
若同时含有B与F的表现为一种性状.而其他的都表现为另一种
性状,则子代表型比例为1:1,与题意后代为1:1相符合.
翅,所以控制翅型的基因位于常染色体上,长翅为显性,用A、a表
示基因；而正反交结果子代眼色不同,所以位于X染色体上,用B、
b表示基因；亲代组合一基因型是aaxx和AAxY,F,分别为
Aax""Y（长翅红眼）、Aax""x（长翅红眼早）.组合二亲代基因型
是AAxx和aaY,正常情况下F,分别为AaxY（长翅白眼
）、Aax""x（长翅红眼早）.A.根据分析,长翅和红眼为显性；
B.控制眼色的基因位于X染色体上,与性别有关.而控制翅形的基
因在常染色体上,与基因无关;C.组合二亲本基因型是AAX*x和
aaxBY.出现了白眼雌蛇,基因型可能为Aax'xbY,可能是母本减
数分裂异常,生了 Xx的配子,和 Y的精子结合形成;D.组合
一中F,AaxY(长翅红眼）、Aax""x（长翅红眼早）相互交配,正
常情况下.禾会出现白眼雌果蝇x'x.
B_,也可能是bb×bb->bb,所以无法判断显隐性关系;②紫花×紫
花->301紫花十101白花,紫花与紫花杂交后代出现了白花.所以
白花为隐性性状,紫花为显性性状；③紫花×白花→紫花·具有相
对性状的亲本杂交,子代出现的是显性性状、没有出现的性状是隐
性性状,所以紫花为显性性状,白花为隐性性状；①紫花×白花一
98紫花十107白花,可能是Bb（紫花）×bb(白花）->Bb（紫花）、bb
以无法判断显隐性关系.
配子,雄性由于n基因所在的染色体缺失导致雄配子致死、只能产
生NR、Nr,共2种配子.雌雄配子间随机结合,子代共有6种基因
型.2种表型;B.由丙RRr的基因型可以看出.其中的RR来自其母
本甲.r来自其父本乙.丙可以产生的配子及比例为R:Rr:RR:r=
2:2:1:1.父本(乙)只产生1种配子r.所以产生Rr后代的概率
高分生物[113]",3,2,高中生物分专题训练,,3,7,8,专题十一 遗传的基本规律,OCR自动整理，建议按来源页抽查图表题和跨页题,高中生物分专题训练_题目答案知识标注.xlsx
878,"7.(2021·河西区期末)樱桃番茄（二倍体)的果实颜色多为红色,由3号染色体上的a基因控制.研究
(2)小鼠的黄毛对白毛为显性性状,由位于常染色体上的一对等位基因控制,纯合黄毛雌鼠与白毛雄
人员在育种时发现一株结黄色果实的樱桃番茄,经分析确定这株番茄的3号染色体有三条,其他染色
鼠杂交后代中,出现了一只白毛雄鼠,研究人员推测该鼠的出现可能有两种原因:
体正常,该植株的基因型为Aaa.该植株进行减数分裂时,3号染色体中的任意两条发生配对并正常
第一种为亲本黄毛鼠的一个卵原细胞发生了基因突变；
第二种为亲本黄毛鼠的一个卵原细胞中控制毛色的基因所在的一条染色体缺失,导致黄毛基因缺
分离,第三条染色体随机移到细胞一极.将该植株自交得F.下列相关叙述正确的是
失（同源染色体都缺失毛色基因的小鼠胚胎致死）.","A.该植株可产生A、Aa、a、aa四种配子,且数量比为1:1:1:1
若是第二种情况,将该后代白毛雄鼠与纯合正常的黄毛雌鼠(不考虑卵原细胞变异)杂交,得到F,
B.F,中结黄色果实的植株中既有二倍体,也有三倍体和四倍体
F,雌雄鼠随机交配,得到的F.中黄毛鼠所占的比例为
C.F,中结黄色果实的植株全是杂合子,结红色果实的植株全是纯合子
该白毛雄鼠体细胞中的染色体形态,判断是第一种情况还是第二种情况,最好选择处于
D.若按体细胞染色体数目进行分类,则F,植株可分为3种类型
期的细胞进行观察,其原因是",B,"7.B A组合一的F2中黑羽:灰羽:白羽=3:6:7,为9:3:3:1的
变形,据此可判断控制羽色的两对基因遵循基因的自由组合定律；
B.组合一的 F,基因型应为 CcTt,甲和乙的基因型为 CCtl、ccTT,
组合二的F,全为灰羽,F,中黑羽:灰羽:白羽=1:2:1.推测组
合二的F,基因型为CCTt,则丙应为CCTT.则中为 CClt,乙为
ccTT;C.组合一F,中的黑羽个体基因型为1/3CCTT、2/3CcTT,
它们随机交配,子代出现白羽个体（ccTT)的概率是（2/3）×（2/3）×
[114]
(1/4)=1/9;D.组合一F2的白羽个体基因型为1ccTT、2ccTt、
1cctt、1CClt、2Cctt,杂合子所占比例为4/7.
色体,故正常果蚬的一个染色体组中不可能会同时存在w*和w基
因；B.正常雄果蚬体细胞中只含有一条X染色体.不可能同时存在
w*和w基因;C.w+与w为等位基因.最根本的区别是基因的编
码区碱基排列顺序差异；D.w+与w在X染色体上·故性状上存在
交叉遗传特点.
黄色=1:6:1,相当于测交,说明果皮的色泽受三对等位基因控
制,遵循基因的自由组合定律；B.实验一中子代有黄色,说明亲代
绿色的基因型为AaBbCc.根据子代绿色所占比例为9/32（3/4×
3/4×1/2)可知,亲代红色基因型中两对等位基因各含有一个显性
基因,另一对等位基因隐性纯合,可能为aaBbCc、AabbCc或
AaBbcc.因此实验一子代中绿色个体中不可能存在纯合子,纯合子
比例为0;C.实验一亲本红色个体基因型可能为aaBbCc、AabbCc
或AaBbcc,隐性基因有4个；D.实验二的亲本基因型组合为
AaBbCcXaabbcc,则子代的基因型共有8种,其中绿色的基因型为
AaBbCc,黄色的基因型为aabbcc,红色个体的基因型有6种.
专题十二
伴性遗传和人类遗传病
的线粒体DNA不能传给8号,所以比较8与2的线粒体DNA序
列是不可行的；B.3号线粒体不能传给7号,也就不能传给8号,所
以比较8与3的线粒体DNA序列是不可行的;C.2号的X染色体
能传给6号.但6号的X染色体不能传给8号,所以比较8与2的
X染色体DNA序列是不可行的;D.8号和5号的Y染色体均来自
1号,因此可比较8与5的Y染色体DNA序列是否相同来鉴定8
与本家族的亲子关系.
11(患病）,推出甲病是常染色体隐性进传病；单独考乙病,由题
干可知,“其中一对基因位于X染色体上”,且IⅡI-6正常、Ⅱ-7忠病,
其子女ⅢI-12忠病,故可推知I-12关于乙病的基因型为x""Y,关于
甲病的基因型为AA或Aa.故II-12的基因型为AAx""Y或
Aax""Y.C.单独分析甲病,ll-10基因型为AA或Aa,IⅢI-12基因
型为AA或Aa,IⅢI-10和ⅢI-12婚配生一患甲病孩子的概率是2/3×",9,8,高中生物分专题训练,,7,8,9,专题十一 遗传的基本规律,OCR自动整理，建议按来源页抽查图表题和跨页题,高中生物分专题训练_题目答案知识标注.xlsx
879,"8.【难题】(2021·河西区期末黑腹果蝇因其易于培育,生活史短,所以被广泛用作遗传和演化的室内外
(3)小鼠的眼色黑色和红色由常染色体上两对等位基因(B/b、F/f)控制,BB纯合会致死.若让一对双
研究材料,其在室温下不到两周,就可培育完成.黑腹果蝇作为一种常见的模式生物,已经大量使用
杂合的雌鼠和雄鼠交配,子代小鼠眼色黑色:红色=1:1,则B/b、F/f在染色体上的位置关系是
在遗传学和发育生物学的研究上.果蝇的黑身、灰身性状由一对等位基因(B、b)控制.以下为两个相","A.B、F位于同一条染色体上,b、f位于另一条同源染色体上
关实验,请分析并回答:
B.B、f位于同一条染色体上,b、F位于另一条同源染色体上
实验一:黑身雌蝇甲与灰身雄蝇乙杂交,F,全为灰身,F,随机交配,F.雌雄果蝇表型比均为灰身:黑
C.B、b与F、I位于两对同源染色体上
身=3:1
;F,的灰身果蝇中,杂
）名校题
(1)果蝇体色杂交实验中,F,的后代重新出现黑身的现象叫作
合子占",AA,"8.AA.红花亲本与白花亲本杂交的F,全为粉红花.显性红花与隐
数的增加,家免种释中基因A和基因型AA的频率均逐渐增加.
+.B杂合子连续自交""代,杂合子的比例为()）,纯合子的比例
的比例,支持孟德尔遗传方式；C.用两亲本杂交的F,与红花亲本
[1-()].杂合子(Aa)连
因此F,中隐性纯合子的比例为一
续自交1代,即Ⅱ=1,代人即可计算出F,中隐性纯合子的比例
LY
(Aa)连续自交3代,即n=3,代入即可计算出F,中隐性纯合子的
提升题
比例为一
代,则F,中隐性纯合子的比例接近
2°",15,14,高中生物分专题训练,,8,8,6,专题十一 遗传的基本规律,OCR自动整理，建议按来源页抽查图表题和跨页题,高中生物分专题训练_题目答案知识标注.xlsx
880,"1.【易错】(2023·南开中学第四次月考)已知黑腹果蝇的性别决定方式为XY型（XXY个体为雌性可
(2)若一大群果蝇随机交配,后代有9900只灰身果蝇和100只黑身果蝇,则后代中Bb的基因型频率
育）.现有两组杂交实验的结果如下,据此不能得出的结论是
.若该群体置于天然黑色环境中,灰身果蝇的比例会
,这是
TOTHETO
结果.
实验二:另一对同源染色体上的等位基因(R、r)会影响黑身果蝇的体色深度.黑身雌蝇丙（基因型
甲)与灰身雄蝇丁杂交,F,全为灰身,F,随机交配,F表型比为:雌蝇中灰身:黑身=3:1；雄蝇中灰
身:黑身:深黑身=6:1:1.","A.长翅和红眼均为显性性状
(3)该实验中雄蝇丁的基因型为
,F,中灰身雄蝇共
种基因型.
B.眼色的遗传与性别有关,翅形与性别无关",DA,"1.DA.分析系谱图可得,2号的线粒体DNA能传给 6号.但是6号
青毛兔(b,b）×纯种白毛免(bzbz）->F,为青毛兔(b,b2)说明b,
对b2为显性；乙:纯种黑毛兔（bsbs）×纯种褐毛免（b,b.）->F,为
黑毛免(bsb）,说明bs对b,为显性；丙:F,青毛免（b,b2）×F,黑
毛兔(bsb,）-b,b、b,b3、bzbs、bzbs,又因为表型及比例为背毛:
黑毛:白毛=2:1:1.所以b,b,和b,bs均表现为背色,bzb,表现
为白色,即b2>bs,bzbs表现为黑色.即b3>b2,所以bi、b2、bs、b
之间的显隐性顺序是 b,>b3>b2>b4.",11,10,高中生物分专题训练,,1,8,9,专题十一 遗传的基本规律,OCR自动整理，建议按来源页抽查图表题和跨页题,高中生物分专题训练_题目答案知识标注.xlsx
881,"9.（2022·天津一中第二次月考)小鼠繁殖力强,常被用作遗传研究的模式动物.回答下列相关问题.
C.组合二的F,中出现白眼雌蝇是父本的减数分裂异常所致
(1)小鼠的卷曲尾和直尾是一对等位基因控制的相对性状,显隐性和在染色体上的位置都未知(不考
D.组合一中F,雌雄果蝇相互交配,正常情况下F,中不出现残翅白眼雌蝇
虑X、Y同源区段）,现有各性状的纯合雌雄鼠,如何设计实验判断控制尾型的基因在常染色体上",,,,11,10,高中生物分专题训练,,9,8,,专题十一 遗传的基本规律,OCR自动整理，建议按来源页抽查图表题和跨页题,高中生物分专题训练_题目答案知识标注.xlsx
882,"2.(2022·天津一中第二次月考)大豆的紫花和白花为一对相对性状.下列四组杂交实验中,能判定性
还是X染色体上？
状显隐性关系的是
如何根据杂交结果确定显隐性？
①紫花×紫花-→紫花②紫花X紫花-→301紫花十101白花③紫花×白花→紫花④紫花白花
→98紫花+107白花
,则","A.①和②
专题十一遗传的基本规律",D,"2.D由细胞代谢途径可知,A、B同时存在时表现为紫眼;A存在,B
不存在时表现为红眼；A不存在,无论B是否存在,均表现为白眼.
A.用纯合红眼雌果蝇与纯合白眼雄果蛇交配.F,中雕果蝇全为紫
眼,雄果蛇全为红眼,说明白眼是隐性性状,且B、b基因位于X染
色体上,亲本雌果蝇的基因型为AAX'x、雄果蝇的基因型为
aax""Y,子一代基因型是Aax""x（紫眼）、Aax""Y(红眼）；B.F,的白眼
个体中,存在基因型为 aax""x' 的杂合子;C.F,中紫眼雌果蝇基因型
为 A_x""x°,只能是杂合子;D. F中红眼果蛇基因型为 A_x*x'、",3,2,高中生物分专题训练,,2,8,7,专题十一 遗传的基本规律,OCR自动整理，建议按来源页抽查图表题和跨页题,高中生物分专题训练_题目答案知识标注.xlsx
883,".若通过显微镜观察和比较
组合一
组合二
残翅红眼早×长翅白眼
残翅红眼×长翅白眼早
F,长翅红眼早:长翅白眼:长翅白眼早
F,长翅红眼早:长翅红眼
920 : 927
920
927
B.?和@
D.和?
C. ①和③",,,,1,0,高中生物分专题训练,,31,8,,专题十一 遗传的基本规律,OCR自动整理，建议按来源页抽查图表题和跨页题,高中生物分专题训练_题目答案知识标注.xlsx
884,"3.(2022·南开中学第二次月考)某动物的毛黑色(N)对白色（n)为显性,有尾（R)对无尾(r)为显性.如
图为甲、乙两品系动物体细胞中部分染色体及基因情况.已知含片段缺失染色体的雄配子致死.取
自甲品系的某雌性个体与取自乙品系的某雄性个体杂交,后代出现一个基
Nttn
因型为RRr的子代（丙).相关叙述正确的是",,CA,"3.CA.甲品系动物相互交配,雌性可以产生NR、Nr、nR、nr,共4种
(OO)所占比例为1/4×1/4=1/16,黄毛鼠(DO+Dd+DD)所占的
比例为(1/2×1/4×2+1/2×1/4×2+1/2×1/2)÷（1-1/16)=4/5.
(3)根据题意分析,基因型为BbFI的雌雄个体杂交且基因BB纯
合致死.A.若B、F位于同一条染色体上.b、f位于另一条同源染
色体上,则亲本只能产生BF、bf的配子且比例为1:1,后代基因型
及比例为BBFF(死亡）:BbFf:bbff=1:2:1.其子代表型比例为
2:1,与题意后代为1:1不符；B.若B、「位于同一条染色体上,b、
F位于另一条同源染色体上,则亲本只能产生Bf、bF的配子且比例
为1:1,后代基因型及比例为BBf(死亡）:BbFf:bbFF=1:2:
1,其子代表型比例为2:1,与题意后代为1:1不符；C.若B、b与
F、f位于两对同源染色体上,则亲本能产生BF、Bf、bF、bf共4种配
子,后代基因型及比例为BbF_:Bbff:bbF_:bbf=6:2:3:1.
若同时含有B与F的表现为一种性状.而其他的都表现为另一种
性状,则子代表型比例为1:1,与题意后代为1:1相符合.
翅,所以控制翅型的基因位于常染色体上,长翅为显性,用A、a表
示基因；而正反交结果子代眼色不同,所以位于X染色体上,用B、
b表示基因；亲代组合一基因型是aaxx和AAxY,F,分别为
Aax""Y（长翅红眼）、Aax""x（长翅红眼早）.组合二亲代基因型
是AAxx和aaY,正常情况下F,分别为AaxY（长翅白眼
）、Aax""x（长翅红眼早）.A.根据分析,长翅和红眼为显性；
B.控制眼色的基因位于X染色体上,与性别有关.而控制翅形的基
因在常染色体上,与基因无关;C.组合二亲本基因型是AAX*x和
aaxBY.出现了白眼雌蛇,基因型可能为Aax'xbY,可能是母本减
数分裂异常,生了 Xx的配子,和 Y的精子结合形成;D.组合
一中F,AaxY(长翅红眼）、Aax""x（长翅红眼早）相互交配,正
常情况下.禾会出现白眼雌果蝇x'x.
B_,也可能是bb×bb->bb,所以无法判断显隐性关系;②紫花×紫
花->301紫花十101白花,紫花与紫花杂交后代出现了白花.所以
白花为隐性性状,紫花为显性性状；③紫花×白花→紫花·具有相
对性状的亲本杂交,子代出现的是显性性状、没有出现的性状是隐
性性状,所以紫花为显性性状,白花为隐性性状；①紫花×白花一
98紫花十107白花,可能是Bb（紫花）×bb(白花）->Bb（紫花）、bb
以无法判断显隐性关系.
配子,雄性由于n基因所在的染色体缺失导致雄配子致死、只能产
生NR、Nr,共2种配子.雌雄配子间随机结合,子代共有6种基因
型.2种表型;B.由丙RRr的基因型可以看出.其中的RR来自其母
本甲.r来自其父本乙.丙可以产生的配子及比例为R:Rr:RR:r=
2:2:1:1.父本(乙)只产生1种配子r.所以产生Rr后代的概率
高分生物[113]",9,8,高中生物分专题训练,,3,9,8,专题十一 遗传的基本规律,OCR自动整理，建议按来源页抽查图表题和跨页题,高中生物分专题训练_题目答案知识标注.xlsx
885,"7.(2021·天津一中第五次月考)鸭的羽色受两对位于常染色体上的等位基因C和c、T和t控制,其中","A.甲品系的动物相互交配后代有2种表型和8种基因型
B.丙与其父本杂交,产生Rr后代的概率是1/4
C.甲品系雄性个体与乙品系雌性个体杂交,F,有两种基因型且F,的雄配子均不致死
D.丙产生的原因可能是甲个体在减数分裂I时异常所致",B,"7.B A组合一的F2中黑羽:灰羽:白羽=3:6:7,为9:3:3:1的
变形,据此可判断控制羽色的两对基因遵循基因的自由组合定律；
B.组合一的 F,基因型应为 CcTt,甲和乙的基因型为 CCtl、ccTT,
组合二的F,全为灰羽,F,中黑羽:灰羽:白羽=1:2:1.推测组
合二的F,基因型为CCTt,则丙应为CCTT.则中为 CClt,乙为
ccTT;C.组合一F,中的黑羽个体基因型为1/3CCTT、2/3CcTT,
它们随机交配,子代出现白羽个体（ccTT)的概率是（2/3）×（2/3）×
[114]
(1/4)=1/9;D.组合一F2的白羽个体基因型为1ccTT、2ccTt、
1cctt、1CClt、2Cctt,杂合子所占比例为4/7.
色体,故正常果蚬的一个染色体组中不可能会同时存在w*和w基
因；B.正常雄果蚬体细胞中只含有一条X染色体.不可能同时存在
w*和w基因;C.w+与w为等位基因.最根本的区别是基因的编
码区碱基排列顺序差异；D.w+与w在X染色体上·故性状上存在
交叉遗传特点.
黄色=1:6:1,相当于测交,说明果皮的色泽受三对等位基因控
制,遵循基因的自由组合定律；B.实验一中子代有黄色,说明亲代
绿色的基因型为AaBbCc.根据子代绿色所占比例为9/32（3/4×
3/4×1/2)可知,亲代红色基因型中两对等位基因各含有一个显性
基因,另一对等位基因隐性纯合,可能为aaBbCc、AabbCc或
AaBbcc.因此实验一子代中绿色个体中不可能存在纯合子,纯合子
比例为0;C.实验一亲本红色个体基因型可能为aaBbCc、AabbCc
或AaBbcc,隐性基因有4个；D.实验二的亲本基因型组合为
AaBbCcXaabbcc,则子代的基因型共有8种,其中绿色的基因型为
AaBbCc,黄色的基因型为aabbcc,红色个体的基因型有6种.
专题十二
伴性遗传和人类遗传病
的线粒体DNA不能传给8号,所以比较8与2的线粒体DNA序
列是不可行的；B.3号线粒体不能传给7号,也就不能传给8号,所
以比较8与3的线粒体DNA序列是不可行的;C.2号的X染色体
能传给6号.但6号的X染色体不能传给8号,所以比较8与2的
X染色体DNA序列是不可行的;D.8号和5号的Y染色体均来自
1号,因此可比较8与5的Y染色体DNA序列是否相同来鉴定8
与本家族的亲子关系.
11(患病）,推出甲病是常染色体隐性进传病；单独考乙病,由题
干可知,“其中一对基因位于X染色体上”,且IⅡI-6正常、Ⅱ-7忠病,
其子女ⅢI-12忠病,故可推知I-12关于乙病的基因型为x""Y,关于
甲病的基因型为AA或Aa.故II-12的基因型为AAx""Y或
Aax""Y.C.单独分析甲病,ll-10基因型为AA或Aa,IⅢI-12基因
型为AA或Aa,IⅢI-10和ⅢI-12婚配生一患甲病孩子的概率是2/3×",2,1,高中生物分专题训练,,7,9,9,专题十一 遗传的基本规律,OCR自动整理，建议按来源页抽查图表题和跨页题,高中生物分专题训练_题目答案知识标注.xlsx
886,"4.(2020·南开中学第二次月考)基因的分离和自由组合定律发生于图中哪个过程
→配子间16种结合方式
4种表型①
-9种基因型
(9:3: 3:1)","A.①
D.0@
B.003
C.3",,,8,7,高中生物分专题训练,,4,9,,专题十一 遗传的基本规律,OCR自动整理，建议按来源页抽查图表题和跨页题,高中生物分专题训练_题目答案知识标注.xlsx
887,"5.(2020·南开中学第二次月考)某植物茎的高度由两对等位基因A/a、B/b共同决定,只有","A、B基因同
时存在才表现为高茎；E基因使雄配子致死,相关基因在染色体上的分布如图.研究人员利用甲、乙
植株进行杂交实验,分别得到F,,F,自交得到F2,下列叙述错误的是
A.如果甲作父本,则F,中高茎植株所占的比例为9/16",B,"5.B就抗病和感病而言,组合 3中亲本均为感病,子代有抗病和感
病,则感病是显性性状,抗病是隐性性状；就红种皮和白种皮而言,
组合1中亲本均为红种皮.子代有红种皮和白种皮,则红种皮是显
性性状,白种皮是隐性性状.A.假设感病和抗病由 A/a 这一对等
位基因控制、红种皮和白种皮由B/b这一对等位基因控制,组合1
子代感病:抗病～1:1,红种皮:白种皮～3:1,则亲本基因型是
aaBb 和 AaBb;组合 2 子代感病:抗病~1 :1,红种皮:白种皮~
1 : 1,则亲本基因型是 aaBb 和 Aabb;组合 3 子代感病 : 抗病~
3:1,红种皮:白种皮～1:1,则亲本基因型是AaBb和Aabb,即 6
个亲本都是杂合子.B.组合3感病与感病杂交,后代出现了抗病,
说明感病对抗病为显性性状.C.组合 1 红种皮与红种皮杂交,后
代出现了白种皮,说明红种皮对白种皮为显性性状.D.组合3感
病、红种皮(AaBb)和感病、白种皮(Aabb)杂交后代的性状分离比
[112]
因自由组合定律,如果是位于一对同源染色体上,则无法得到后代
4种表型比例为1:1:3:3.
型为BbTt的玉米自交得到的F,中雌雄同株异花植株的基因型及
其比例为BbT:BbTT:BBT:BBTT=4:2:2:1,这些植株产
生的B、b配子的概率为2/3、1/3,自由交配后代中B_、bb基因型的
概率分别为8/9、1/9;同理,产生T、1配子的概率分别为2/3、1/3.
自由交配后代中T_、ll基因型的概率分别为8/9、1/9,因此F2中
雕株（B_tt、bbtt)所占的比例为8/81+1/81=9/81,雕株（bbT_）所
占的比例为8/81,则雌株与雄株的比例为9:8.
a:aa=1:2:2:1:B.F,中结黄色果实的植株的基因型为AA、
Aa、AAa、Aaa、AAaa、Aaaa,其中基因型为AAa和Aaa植株的3号
染色体有三条,为三体,AAaa和Aaaa植株的3号染色体有四条,
为四体:C.F,中结黄色果实的植株的基因型为AA、Aa、AAa、Aaa、
AAaa、Aaaa.其中基因型为AA的植株为纯合子,结红色果实的植
株的基因型为aa、aaa、aaaa,全是纯合子；D.若按体细胞染色体数目
进行分类,则F,植株可分为3种类型,即2n、2n十1、2n十2.
解析:实验一:黑身雌蛇甲与灰身雄蚬乙杂交,F,全为灰身·说明灰
身是显性性状.E,随机交配,F2雌雄果蛇表型比均为灰身:黑身=
3:1,说明是常染色体遗传,且 F,是杂合子Bb,则亲本是 BB
@)根据以上分析可知,果蛇体色性状中,灰身为显性性状,F,灰身
的后代亚新出现黑身的现象叫作性状分离,F2的灰身果蚬基因型
为BB、Bb,杂合子占 2/3.
(2)根据后代有9900只灰身果轭和100只黑身果蚬可知,bb=
100/10000,所以基因b的频率为1/10,基因B的频率为9/10,则
后代中Bb的基因型频率为2×1/10×9/10=18%,若将该群体
于天然黑色环境中,灰身果蚬容易被天敌发现而淘汰,所以灰身果
蛇的比例会下降.这是自然选择的结果.
(3)实验二:黑身雌蛇丙（基因型同甲bb)与灰身雄蚬丁（BB)杂交,
F,全为灰身(Bb),F,随机交配,F2表型比为:雌蚬中灰身:黑身=
3:1,雄蛇中灰身:黑身:深黑身=6:1:1,后代表型与性别相
关联,说明R、r位于X染色体上,根据雄蚬的比例可知,子一代雌
性是Bbxkx',根据后代雌蚬的比例可知子一代雄蛇是Bbx*Y,则
亲本雄蚬丁的基因型为BBX'Y,F中灰身雄蛇共有2×2=4种基
因型.",11,10,高中生物分专题训练,,5,9,7,专题十一 遗传的基本规律,OCR自动整理，建议按来源页抽查图表题和跨页题,高中生物分专题训练_题目答案知识标注.xlsx
888,"9.【难题】(2021·实验中学模拟)彩椒有绿椒、黄椒、红椒三种类型,其果皮色泽受三对等位基因控制.
B.如果甲作母本,则F,群体中B基因的基因频率是1/2
C.如果乙作父本为正交,则反交F,的表型及其比例与正交不相同
D.如果将甲植株连续自交两代,则F,中纯合子的比例为3/4",,,,12,11,高中生物分专题训练,,9,9,,专题十一 遗传的基本规律,OCR自动整理，建议按来源页抽查图表题和跨页题,高中生物分专题训练_题目答案知识标注.xlsx
889,"6.【易错】(2022·耀华中学第二次月考)免子控制毛色的基因在常染色体上,灰色由显性基因（B)控制,青
色(b.）、白色（b2）、黑色（bs）、褐色（b,）均为B基因的等位基因,且b,、b2、b、b.之间具有一定次序的完
全显隐性关系.将不同毛色的兔子进行杂交,实验结果如表:
杂交实验
性状
双亲性状
纯种青毛×纯种白毛
青毛
纯种黑毛×纯种揭毛
黑毛
F,青毛XF,黑毛
青毛:黑毛:白毛=2:1:1
一飞冲天
据表分析,b、b2、bs、b,之间的显隐性顺序是
B. b,>b:>b,>b,","A. b,>b,>b;>b,
D. b,>b,>b,>bs
C. b,>b,>b,>bs
基因C能控制黑色素的合成,c不能控制黑色素的合成.基因T能促进黑色素的合成,且TT和Tt
促进效果不同,能抑制黑色素的合成.现有甲、乙、丙三只纯合的鸭,其交配结果（子代的数量足够
多)如下表所示.下列相关分析错误的是
组合
亲本(P)
黑羽:灰羽:白羽=3:6:7
全为灰羽
白羽雌性（甲）×白羽雄性（乙）
白羽雌性（甲）×黑羽雄性（丙）
全为灰羽
黑羽:灰羽:白羽-1:2:1
A.控制羽色的两对基因遵循基因的自由组合定律
B.甲、乙、丙的基因型分别为ccTT、CCtt、CCTT
C.若让组合一F,中的黑羽个体随机交配,则其子代出现白羽个体的概率是1/9
D.组合一F,的白羽个体中,杂合子所占比例为4/7
染色体上.据此分析,以下选项不正确的是
A.正常果蝇的一个染色体组中可能会同时存在w*和w基因
B.正常雄果蝇体细胞中不可能同时存在w*和w基因
C.w*与w最根本的区别是编码区碱基排列顺序差异
D.w与w在性状上存在交叉遗传特点
黄色,其余基因型的彩椒为红色.现用三株彩椒进行如下实验:
实验一:红色×绿色→绿色:红色:黄色=9:22:1
实验二:绿色×黄色-→绿色:红色:黄色=1:6:1
对以上杂交实验分析错误的是
A.控制彩椒果皮色泽的三对等位基因的遗传遵循自由组合定律
B.实验一子代中绿色个体纯合子比例为0
C.实验一亲本红色个体隐性基因有4个
D.实验二子代中红色个体可能的基因型有4种",DA,"6.DA.由题意可知,卷羽正常雌性基因型为FFZPW,卷羽正常雄性
雌果蚬是镰刀形,雄果蚬是圆形,说明果轭控制圆形、镰刀形的基
因位于X染色体上,是伴性遗传,分析杂交3可知,镰刀形雌果蝇
与椭圆形雄果蛇杂交,后代雌果蝇是椭圆形,雄果蝇是镰刀形,说
明控制镰刀形和圆形的基因位于X染色体上,因此果蛇控制翅
形雄果杂交,后代都表现为镰刀形,说明镰刀形对圆形是显性；
C.根据杂交3的结果,后代雕果蛇含有椭圆形和镰力形基因,表现
为椭圆形,因此镰刀形相对于椭圆形为隐性;D.假设椭圆形基因是
D,镰刀形基因是D1,圆形基因是d,则子代中,圆形雄果蛇的基因
日",11,10,高中生物分专题训练,,6,9,6,专题十一 遗传的基本规律,OCR自动整理，建议按来源页抽查图表题和跨页题,高中生物分专题训练_题目答案知识标注.xlsx
890,"4.(2022·南开区期末)肌营养不良（DMD)是X染色体异常引起的遗传病.图中1～13表示正常X染
专题十二
色体的不同区段,I～V表示6位患该病男孩X染色体所含区段,且进一步发现他们还表现出其他异
伴性遗传和人类遗传病
常体征,下列叙述不合理的是
基础题",,DA,"4. DA、B.据图可知,6 个忠有此病的男孩中,X染色体缺失片段的
长度和位置虽然不同,但是都存在染色体5、6区域的缺失,因此
DMD的病因可能是X染色体5、6区段缺失,都含有1、12区域,故
DMD 的病因也可能是 1、12 区段含有 DMD 致病基因;C. 由题图
可知,6个忠有此病的男孩的X染色体5片段外周区域的染色体缺
失情况各不相同,因此除了DMD基因外,还伴有其他体征异常原
因可能是DMD基因外周区域的染色体缺失;D.由图可知,只有VI
个体缺失11号区段,只有Ⅲ号个体含有区段7,其他个体既不缺11
号区段,也均不含7区段,所以若一异常体征仅在一位上述男孩身
上有,则圾可能是VI号个体或Ⅲ号个体.",3,2,高中生物分专题训练,,4,10,10,专题十二 伴性遗传和人类遗传病,OCR自动整理，建议按来源页抽查图表题和跨页题,高中生物分专题训练_题目答案知识标注.xlsx
891,"1.如下图所示,为了鉴定男孩8与本家族的亲缘关系,需采用特殊的鉴定方案.下列方案可行的是
注:","A.据图分析,DMD的病因可能是X染色体5、6区段缺失
表示已不能
提取相应的
B.据图分析,DMD的病因可能是1、12区段含有DMD致病基因
道传物质.
C.表现出其他异常体征的原因可能是DMD基因外周区域的染色体缺失
D.若一异常体征仅在一位上述男孩身上有,则最可能是IV号个体
A.比较8与2的线粒体DNA序列
B.比较8与3的线粒体DNA序列",A,"1. A根据题意和图 2分析可知,③为患病女孩,而其父母正常,说明
苯丙酮尿症属于常染色体隐性遗传病.①②③号分别为杂合子、
杂合子、隐性纯合子.根据题意和图3电泳DNA条带分布情况可
PH基因,一条含有异常隐性PH基因；③号个体体内含有两条23
Kb的DNA条带,都是异常隐性PH基因,一条来自①号个体,一
条来自②号个体；②④号个体体内含有一条23Kb的DNA条带,
一条19Kb的DNA条带.由此可知,②号个体体内含有的23Kb
的DNA条带一定含有异常隐性PH基因,则19Kb的DNA条带
就含有正常PH基因.④号个体体内含有的23Kb的DNA条带
应该来自①号个体,所以可能含有异常隐性PH基因,也可能含有
正常PH基因,19Kb的DNA条带来自②号个体,就含有正常
A.①号个体正常,其女儿③号个体患病,其是杂合子,由分析可知,
①号体内含有两条23Kb的DNA条带,一条含有正常PH基因,
一条含有异常隐性PH基因,正常PH基因一定在23Kb的DNA
条带中;B.②号个体体内含有一条23Kb的DNA条带,一条
基因；C.由分析可知,④号个体可为显性纯合子或杂合子,苯丙酮
尿症屁于常染色体隐性遗传病,故一定不是苯丙酮尿症患者;D.①
号个体为PH基因杂合子的概率为1/2.
细胞不之定含有致病基因.
度为272bp,故与正常人相比,患者的Parkin基因区域X序列发
生了碱基对缺失.
因测序发现正常成员均未见该突变,可判断其为常染色体显性基
因致病;B.由题图可知,Ⅱ2、Ⅱ,和Ⅲ2均为杂合子,基因型相同;
C.由题“谷氨酰胺（密码子为CAA或CAG)突变成终止密码子
(UAA或 UAG)""可知,该基因可能发生 C一G-→T一A的碱基对的
替换;D.该病是常染色体显性遗传病,设ⅢI2 基因型是 Dd,IⅢ2与
人群中一忠病男子(基因型可能为Dd)结婚,可能生下正常孩子.
突变(X""）（2)遗传咨询不一定
解析:(1)①正常基因含一个限制酶切位点,因此正常基因酶切后
只能形成两种长度的DNA片段；突变基因增加了一个酶切位点、
则突变基因酶切后可形成3种长度的DNA片段.所以结合图2
高分生物[115]",3,2,高中生物分专题训练,,1,10,10,专题十二 伴性遗传和人类遗传病,OCR自动整理，建议按来源页抽查图表题和跨页题,高中生物分专题训练_题目答案知识标注.xlsx
892,"5.(2021·部分区期末)甲型血友病(HA)是由位于X染色体上的A基因突变为a所致.下列关于HA
C.比较8与2的X染色体DNA序列
D.比较8与5的Y染色体DNA序列
的叙述不正确的是",,B,"5.B据图1分析,图中I区段只位于X染色体上,Ⅲ区段只位于Y
因;B.根据表格TRPV4基因序列比对.可知TRPV4基因发生了
G一C 碱基对替换为 T一A,从而导致基因突变;C.根据 A项分析,
1-1 不携带致病基因,其生出患病孩子的原因可能是产生配子的病基因(B、6位于性染色体上”,则可判断该病层于 ⅡI 区段隐性遗
TRPV4 基因发生显性突变;D. ⅡI-2早期胚胎细胞中发生了 TR-
PV4基因显性突变,Ⅱ-2会出现 SMDK.ⅡI-1不携带致病基因.会
导致后代有可能患病.所以可能导致该家系SMDK发生.",3,2,高中生物分专题训练,,5,10,11,专题十二 伴性遗传和人类遗传病,OCR自动整理，建议按来源页抽查图表题和跨页题,高中生物分专题训练_题目答案知识标注.xlsx
893,"2.(2023·五校联考期中)图1为某家族两种遗传病的系谱图,甲病基因用","A、a表示,乙病基因用B、b表
A.X^X""个体不是HA患者
示,其中一对基因位于X染色体上.图2表示Ⅲ-10与Ⅲ-12体内细胞分裂过程中部分染色体及基因
C.男患者的女儿一定患HA
情况.下列说法错误的是",B,"2. B 分析可知,该病为常染色体隐性遗传病,根据后代有隐性纯合
以 A和a这对等位基因的遗传邀循分离定律;C.男患者的基因型
,子可知,I定是杂合子(Aa),其初级卵母细胞一定含有等位基
为XY,若婚配对象为X""x^,则女儿(X^x"")不会忠病,故男,忠者
的女儿不一定患 HA;D.男性存在 X""即表现患病,女性简同时存
在 X""X""时才表现为患病,故 HA患者中男性多于女性.
6.(1)1/2Aa(2)基因突变后终止密码子提前,翻译提前终止;导",3,2,高中生物分专题训练,,2,10,10,专题十二 伴性遗传和人类遗传病,OCR自动整理，建议按来源页抽查图表题和跨页题,高中生物分专题训练_题目答案知识标注.xlsx
894,"6.（2021·部分区期末)多发性骨软骨瘤是由EXT1基因变异引起的一种罕见的骨骼异常疾病（相关基
O正常女
因用","A、a表示),可导致一系列的并发症,如疼痛、畸形、局部血管或神经等压迫、骨折、恶变等,严重影
正常男
响患者的生活质量.
甲病女
乙病女
(1)如果Ⅱ一6不携带致病基因,该病为显性遗传病,Ⅲ一3和Ⅱ一4生一个正常孩子的概率是
冒乙病男
血-4的基因型为
两种病男
11
12
10
THE
图2
A.乙病的遗传方式是伴X染色体隐性遗传
B.Ⅱ-12的基因型为AAX""Y或Aax""Y
C.Ⅲ-10和Ⅲ-12婚配生一正常孩子的概率是4/9
(2)为揭示该病的治病机理,科研人员对该家庭成员进行DNA、RNA提取,设计EXT1基因特异性引
D.由图2可知乙细胞来自Ⅲ-10",DA,"6.DA.结合图解可知""干杯不醇”的基因型为A_bb.其基因型有
妇再生一个血型为 MN 型一Rh 阳性(MNR_)的女儿,可以拆分成
分离定律进行计算,双亲MN×MN->2/4MN.双亲Rr×Rr->
3/4R_,而再生女儿的概率是1/2,所以再生1个血型为MN型一
Rh阳性女儿的概率是2/4×3/4×1/2=3/16.",3,2,高中生物分专题训练,,6,10,11,专题十二 伴性遗传和人类遗传病,OCR自动整理，建议按来源页抽查图表题和跨页题,高中生物分专题训练_题目答案知识标注.xlsx
895,"3.(2021·八校联考期中)甲、乙、丙、丁4个系谱图依次反映了a、b.c.d四种遗传病的发病情况,若不考虑
物,PCR特异性扩增、测序,结果发现EXT1基因第4外显子存在缺失突变,导致患者只能合成由
402个氨基酸组成的截短型蛋白,而正常人EXT1编码全长为含746个氨基酸的多肽,据此我们
可以推断该家庭患病的原因是
Ⅲ-4体内的EXTI基因有
(3)为生育健康的孩子,Ⅲ一3和Ⅲ一4接受了胚胎移植前的
精卵,受精卵经","A.a
C.c
B. b
D. d
进行筛查.
专题十二
33
伴性道传和人类遗传病
10 11 12 13
00
000
视频讲解
0000
booV
000
B.A和a这对基因的遗传遵循分离定律
D.HA患者中男性多于女性
■患病男性
●患病女性
口正常男性
O正常女性
种序列.
.大致过程为体外受精获得受
发育成囊胚,以囊胚细胞的DNA为模板,PCR特异性扩增、测序",C,"3.C根据Ⅱ,与Ⅱ,不患蓝色育,但其女儿Ⅲ,患蓝色盲,可判断蓝
色育为常染色体隐性遗传,设由A/a基因控制.红绿色育为伴X染:
色体隐性遗传,设由B/b基因控制.所有患蓝色的个体基因型
均为aa.所有患红绿色盲的男性基因型均为x’Y.A.根据分析可
知,蓝色育为常染色体隐性遗传病,红绿色方为伴X染色体隐性遗
传病,则控制蓝色育的基因与控制红绿色方的基因位于两对同源
[116]
染色体上,其遗传邀循自由组合定律；B.Ⅱ,是表现正常的女性,有
一个患蓝色盲的弟弟（哥哥）、因此Ⅲ,关于蓝色旨的基因型是
1/3AA、2/3Aa,文由于Ⅲ,生有忠红绿色盲的儿子,因此Ⅲ,是红
绿色盲基因的携带者、Ⅲ,的基因型是1/3AAx""x或
2/3Aax=x,Ⅱ,是蓝色育忠者的男性.基因型是aax""Y,,和Ⅱs
的后代中蓝色盲忠者(aa)的概率是2/3×1/2=1/3.不忠蓝色盲的
概率是2/3,忠红绿色盲男孩（XbY)的概率是1/4,不忠红绿色盲男
孩（X""Y)的概率是1/4,因此生一个忠一种病男孩的概率为2/3×
1/4+1/3×1/4=1/4;C.IV,基因型是AaXY,其中的X来自
ⅢI,,也就来自ⅡIs·因此IV3细胞中的致病基因至少有一个来自
ⅡIs;D. Ⅱ,(Aa)与Ⅱ2Aa)生出患病孩子Ⅲ,与等位基因分离有
关,该过程不涉及基因重组.
技术和电泳技术进行致病基因的检测来确定胎儿是否忠该病；
B.该病患者细胞中含有3条18号染色体,比正常人2条18号染色
体多了1条.并不是有三个染色体组；C.爱德华综合征属于遗传
病,但无法生存至成年,所以该性状不能遗传给后代；D.药物能
过胎盘进入胎儿体内,可能影响胎儿的生长发育,故孕妇要尽量减
少服用有关药物.
染色体上,丑区段属于X、Y染色体的同源区段.A.据图2分析,1
号和2号无病,6号有病,符合“无中生有为隐性”,又根据题意“致
传病；B.根据以上分析可以推知,1号和2号的基因型分别为x""x
和x""；C.3号基因型为x""x,4号基因型为1/2xy""或
1/2XByB,则他们后代是忠病女孩的概率为1/4;D.6号基因型为
x*x*.8号基因型为xbb,则7号基因型为×=b.因此6号和7号
生育的子代中女孩均正常.男孩均患病.
两种:AAbb、Aabb；“红脸人”的基因型为A_B_,其基因型有4种:
AABB、AaBB、AABb、AaBb;""白脸人”的基因型为aa-,其基因型
有3种:aaBB、aaBb、aabb.B.该图反映出基因通过控制酶的合成
来影响代谢进而控制生物性状.C.“白脸人”的基因型有aaBB、
（A_bb);D.由以上分析可知,一对""红脸人”(A_B_)的夫妇所生子
女中,有1个“千杯不萨”（A_bb）和1个""白脸人”（aa-_）,说明该
对夫妇的基因型为AaBbXX和AaBbXY,二者再生一个号称""千杯
不释”女儿(A_bbxX)的概率是3/4×1/4×1/2=3/32.",10,9,高中生物分专题训练,,3,10,11,专题十二 伴性遗传和人类遗传病,OCR自动整理，建议按来源页抽查图表题和跨页题,高中生物分专题训练_题目答案知识标注.xlsx
896,"3.(2021·和平区一模)Parkin基因结构如图2.对图1家庭成员的DNA测序分析发现,患者Parkin
提升题",,C,"3.C根据Ⅱ,与Ⅱ,不患蓝色育,但其女儿Ⅲ,患蓝色盲,可判断蓝
色育为常染色体隐性遗传,设由A/a基因控制.红绿色育为伴X染:
色体隐性遗传,设由B/b基因控制.所有患蓝色的个体基因型
均为aa.所有患红绿色盲的男性基因型均为x’Y.A.根据分析可
知,蓝色育为常染色体隐性遗传病,红绿色方为伴X染色体隐性遗
传病,则控制蓝色育的基因与控制红绿色方的基因位于两对同源
[116]
染色体上,其遗传邀循自由组合定律；B.Ⅱ,是表现正常的女性,有
一个患蓝色盲的弟弟（哥哥）、因此Ⅲ,关于蓝色旨的基因型是
1/3AA、2/3Aa,文由于Ⅲ,生有忠红绿色盲的儿子,因此Ⅲ,是红
绿色盲基因的携带者、Ⅲ,的基因型是1/3AAx""x或
2/3Aax=x,Ⅱ,是蓝色育忠者的男性.基因型是aax""Y,,和Ⅱs
的后代中蓝色盲忠者(aa)的概率是2/3×1/2=1/3.不忠蓝色盲的
概率是2/3,忠红绿色盲男孩（XbY)的概率是1/4,不忠红绿色盲男
孩（X""Y)的概率是1/4,因此生一个忠一种病男孩的概率为2/3×
1/4+1/3×1/4=1/4;C.IV,基因型是AaXY,其中的X来自
ⅢI,,也就来自ⅡIs·因此IV3细胞中的致病基因至少有一个来自
ⅡIs;D. Ⅱ,(Aa)与Ⅱ2Aa)生出患病孩子Ⅲ,与等位基因分离有
关,该过程不涉及基因重组.
技术和电泳技术进行致病基因的检测来确定胎儿是否忠该病；
B.该病患者细胞中含有3条18号染色体,比正常人2条18号染色
体多了1条.并不是有三个染色体组；C.爱德华综合征属于遗传
病,但无法生存至成年,所以该性状不能遗传给后代；D.药物能
过胎盘进入胎儿体内,可能影响胎儿的生长发育,故孕妇要尽量减
少服用有关药物.
染色体上,丑区段属于X、Y染色体的同源区段.A.据图2分析,1
号和2号无病,6号有病,符合“无中生有为隐性”,又根据题意“致
传病；B.根据以上分析可以推知,1号和2号的基因型分别为x""x
和x""；C.3号基因型为x""x,4号基因型为1/2xy""或
1/2XByB,则他们后代是忠病女孩的概率为1/4;D.6号基因型为
x*x*.8号基因型为xbb,则7号基因型为×=b.因此6号和7号
生育的子代中女孩均正常.男孩均患病.
两种:AAbb、Aabb；“红脸人”的基因型为A_B_,其基因型有4种:
AABB、AaBB、AABb、AaBb;""白脸人”的基因型为aa-,其基因型
有3种:aaBB、aaBb、aabb.B.该图反映出基因通过控制酶的合成
来影响代谢进而控制生物性状.C.“白脸人”的基因型有aaBB、
（A_bb);D.由以上分析可知,一对""红脸人”(A_B_)的夫妇所生子
女中,有1个“千杯不萨”（A_bb）和1个""白脸人”（aa-_）,说明该
对夫妇的基因型为AaBbXX和AaBbXY,二者再生一个号称""千杯
不释”女儿(A_bbxX)的概率是3/4×1/4×1/2=3/32.",3,2,高中生物分专题训练,,3,11,11,专题十二 伴性遗传和人类遗传病,OCR自动整理，建议按来源页抽查图表题和跨页题,高中生物分专题训练_题目答案知识标注.xlsx
897,"1.【难题】(2021·十二校联考一模)苯丙酮尿症是由PH基因编码的苯丙氨酸羟化酶异常引起的一种遗
传病.已知人群中染色体上PH基因两侧限制酶MspI酶切位点的分布存在两种形式(图1).一对
夫妻婚后生育了一个患有苯丙酮尿症的孩子,②号个体再次怀孕（图2).为确定胎儿是否正常,需要
进行产前诊断,提取该家庭所有成员的DNA经MspI酶切后进行电泳分离,并利用荧光标记的PH",,A,"1. A根据题意和图 2分析可知,③为患病女孩,而其父母正常,说明
苯丙酮尿症属于常染色体隐性遗传病.①②③号分别为杂合子、
杂合子、隐性纯合子.根据题意和图3电泳DNA条带分布情况可
PH基因,一条含有异常隐性PH基因；③号个体体内含有两条23
Kb的DNA条带,都是异常隐性PH基因,一条来自①号个体,一
条来自②号个体；②④号个体体内含有一条23Kb的DNA条带,
一条19Kb的DNA条带.由此可知,②号个体体内含有的23Kb
的DNA条带一定含有异常隐性PH基因,则19Kb的DNA条带
就含有正常PH基因.④号个体体内含有的23Kb的DNA条带
应该来自①号个体,所以可能含有异常隐性PH基因,也可能含有
正常PH基因,19Kb的DNA条带来自②号个体,就含有正常
A.①号个体正常,其女儿③号个体患病,其是杂合子,由分析可知,
①号体内含有两条23Kb的DNA条带,一条含有正常PH基因,
一条含有异常隐性PH基因,正常PH基因一定在23Kb的DNA
条带中;B.②号个体体内含有一条23Kb的DNA条带,一条
基因；C.由分析可知,④号个体可为显性纯合子或杂合子,苯丙酮
尿症屁于常染色体隐性遗传病,故一定不是苯丙酮尿症患者;D.①
号个体为PH基因杂合子的概率为1/2.
细胞不之定含有致病基因.
度为272bp,故与正常人相比,患者的Parkin基因区域X序列发
生了碱基对缺失.
因测序发现正常成员均未见该突变,可判断其为常染色体显性基
因致病;B.由题图可知,Ⅱ2、Ⅱ,和Ⅲ2均为杂合子,基因型相同;
C.由题“谷氨酰胺（密码子为CAA或CAG)突变成终止密码子
(UAA或 UAG)""可知,该基因可能发生 C一G-→T一A的碱基对的
替换;D.该病是常染色体显性遗传病,设ⅢI2 基因型是 Dd,IⅢ2与
人群中一忠病男子(基因型可能为Dd)结婚,可能生下正常孩子.
突变(X""）（2)遗传咨询不一定
解析:(1)①正常基因含一个限制酶切位点,因此正常基因酶切后
只能形成两种长度的DNA片段；突变基因增加了一个酶切位点、
则突变基因酶切后可形成3种长度的DNA片段.所以结合图2
高分生物[115]",10,9,高中生物分专题训练,,1,11,10,专题十二 伴性遗传和人类遗传病,OCR自动整理，建议按来源页抽查图表题和跨页题,高中生物分专题训练_题目答案知识标注.xlsx
898,"4.（2023·河北区二模)鳃耳肾综合征属于综合征性耳聋,由常染色体上的基因控制,人群中该病的发病
基因片段与酶切片段杂交,得到DNA条带分布情况如图3.下列叙述正确的是
PH基因
Msp I
Msp I
23Kb
19 Kb
PH基因
Msp I Msp I
Msp I
图1
图2
图3","A.①号个体23Kb的DNA条带中一定含有正常PH基因
B.②号个体23Kb的DNA条带中一定含有正常PH基因
C.推测④号个体一定是苯丙酮尿症患者
D.④号个体为PH基因杂合子的概率为2/3
阅读以下材料,回答2～3题.
帕金森病(PD)是中老年人常见的中枢神经系统变性疾病,已经发现了多个与PD相关的遗传基因,它
5（2021·河西区一模)肾上腺一脑白质营养不良（ALD)是一种伴X染色体的隐性遗传病,主要累及肾
们分布在不同的染色体,具有多个不同的突变位点,并最终引起相应的蛋白质功能改变出现PD的表现.
其中发现Parkin基因能引起少年型帕金森病.图1是某男性患者(Parkin基因引起)的家族遗传系谱.
①发病程度差异较大,科研人员对该病进行了深人研究.
个体I,
97 bp
278 bp
181 bp
区域X
口O正常男性、女性
272 bp
患病男性、女性L
Parkin基因
图1
图3
图2",DA,"4. DA、B.据图可知,6 个忠有此病的男孩中,X染色体缺失片段的
长度和位置虽然不同,但是都存在染色体5、6区域的缺失,因此
DMD的病因可能是X染色体5、6区段缺失,都含有1、12区域,故
DMD 的病因也可能是 1、12 区段含有 DMD 致病基因;C. 由题图
可知,6个忠有此病的男孩的X染色体5片段外周区域的染色体缺
失情况各不相同,因此除了DMD基因外,还伴有其他体征异常原
因可能是DMD基因外周区域的染色体缺失;D.由图可知,只有VI
个体缺失11号区段,只有Ⅲ号个体含有区段7,其他个体既不缺11
号区段,也均不含7区段,所以若一异常体征仅在一位上述男孩身
上有,则圾可能是VI号个体或Ⅲ号个体.",3,2,高中生物分专题训练,,4,11,10,专题十二 伴性遗传和人类遗传病,OCR自动整理，建议按来源页抽查图表题和跨页题,高中生物分专题训练_题目答案知识标注.xlsx
899,"2.(2021·和平区一模)I,肯定含有致病的Parkin基因的细胞是","A.次级卵母细胞
B.初级卵母细胞
C.第一极体
D.卵细胞
一飞冲天
基因中的某个区域X(长度是278bp)存在序列异常,区域X用MwoI酶处理后,电泳结果如图3(bp
表示碱基对).与正常人相比,患者的Parkin基因区域X序列异常的具体改变为
B.碱基对增加
A.碱基对缺失
C.碱基对改变
D.碱基对重复
率约为1/40000.EYA1基因是该病的致病基因,如图是某家族遗传系谱图.基因测序发现患者的
EYA1基因所编码的蛋白质中257号谷氨酰胺（密码子为CAA或CAG)突变成终止密码子(UAA或
UAG),正常成员均未见该突变,以下叙述错误的是
正常男性
○正常女性
患病男性
患病女性
已故患病男性
已故正常女性
A.鳃耳肾综合征是一种常染色体显性遗传病
B.II.与Ⅲ1、Ⅲl.基因型均相同
C.患者的EYA1基因可能发生C一G→T一A的碱基对替换
D.与一位患病男子婚配,理论上生下正常孩子的概率为0
上腺和脑白质,表现为进行性的精神运动障碍,视力及听力下降和（或）肾上腺皮质功能低下等,患者
口正常男性
O正常女性
·患者
图1
(1)为确定该家系相关成员的基因组成与发病原因,科研人员进行了如下研究.
①首先提取四名女性与此基因有关的DNA片段并进行PCR技术操作,产物酶切后进行电泳（正
常基因含一个限制酶切位点,突变基因增加了一个酶切位点),结果如图2.由图2可知突变基因
新增的酶切位点位于
是杂合子.",B,"2. B 分析可知,该病为常染色体隐性遗传病,根据后代有隐性纯合
以 A和a这对等位基因的遗传邀循分离定律;C.男患者的基因型
,子可知,I定是杂合子(Aa),其初级卵母细胞一定含有等位基
为XY,若婚配对象为X""x^,则女儿(X^x"")不会忠病,故男,忠者
的女儿不一定患 HA;D.男性存在 X""即表现患病,女性简同时存
在 X""X""时才表现为患病,故 HA患者中男性多于女性.
6.(1)1/2Aa(2)基因突变后终止密码子提前,翻译提前终止;导",10,9,高中生物分专题训练,,2,11,10,专题十二 伴性遗传和人类遗传病,OCR自动整理，建议按来源页抽查图表题和跨页题,高中生物分专题训练_题目答案知识标注.xlsx
900,"2.(2021·南开中学第三次月考)人类有多种血型系统,MN血型和Rh血型是其中的两种.MN血型由
样本来源
PCR产物量的比例（突变:正常）
常染色体上的1对等位基因M、N控制,M血型的基因型为MM,N血型的基因型为NN,MN血型的
I-1
24 : 76
310
基因型为MN;Rh血型由常染色体上的另1对等位基因R和r控制,RR和Rr表现为Rh阳性,rr表
217
II-3
80:20
现为Rh阴性；这两对等位基因自由组合.若某对夫妇中,丈夫和妻子的血型均为MN型一Rh阳性,且
118
93
Ⅱ-4
100 : 0
已生出1个血型为MN型一Rh阴性的儿子,则再生1个血型为MN型一Rh阳性女儿的概率是（
Ⅱ-5
0: 100","A.3/8
图2",B,"2. B 分析可知,该病为常染色体隐性遗传病,根据后代有隐性纯合
以 A和a这对等位基因的遗传邀循分离定律;C.男患者的基因型
,子可知,I定是杂合子(Aa),其初级卵母细胞一定含有等位基
为XY,若婚配对象为X""x^,则女儿(X^x"")不会忠病,故男,忠者
的女儿不一定患 HA;D.男性存在 X""即表现患病,女性简同时存
在 X""X""时才表现为患病,故 HA患者中男性多于女性.
6.(1)1/2Aa(2)基因突变后终止密码子提前,翻译提前终止;导",8,7,高中生物分专题训练,,2,12,10,专题十二 伴性遗传和人类遗传病,OCR自动整理，建议按来源页抽查图表题和跨页题,高中生物分专题训练_题目答案知识标注.xlsx
901,"3.（2021·天津一中第二次月考)人类的色盲有红绿色盲和蓝色盲,如图为某家族遗传系谱图,下列相关
②已知女性每个细胞所含两条X染色体中的一条总是保持固缩状态而失活,推测失活染色体上的
叙述正确的是
基因无法表达的原因是染色体呈固缩状态无法
,从而无法进行转录.
③分别提取四名女性的mRNA作为模板,
出cDNA,进行PCR技术处理,计算产物量的
比例,结果如表1.综合图2与表1,推断Ⅱ－3、Ⅱ一4发病的原因是来自
（填“父方”或
“母方”)的X染色体失活概率较高,以
基因表达为主.
(2)ALD可造成脑白质功能不可逆损伤,尚无有效的治疗方法,通过
和产前诊断可以对该病","A.蓝色盲与红绿色盲的遗传不遵循自由组合定律
进行监测和预防.图1家系中Ⅱ一1(不携带d基因)与Ⅱ一2婚配后,若生女孩,是否患病？
B.Ⅲ.和Ⅲ,再生一个只患一种病男孩的概率为1/2
C.IV,细胞中的致病基因至少有一个来自II；
D.Ⅱ,与II.生出患病孩子Ⅲ,与基因重组有关
)名校题",C,"3.C根据Ⅱ,与Ⅱ,不患蓝色育,但其女儿Ⅲ,患蓝色盲,可判断蓝
色育为常染色体隐性遗传,设由A/a基因控制.红绿色育为伴X染:
色体隐性遗传,设由B/b基因控制.所有患蓝色的个体基因型
均为aa.所有患红绿色盲的男性基因型均为x’Y.A.根据分析可
知,蓝色育为常染色体隐性遗传病,红绿色方为伴X染色体隐性遗
传病,则控制蓝色育的基因与控制红绿色方的基因位于两对同源
[116]
染色体上,其遗传邀循自由组合定律；B.Ⅱ,是表现正常的女性,有
一个患蓝色盲的弟弟（哥哥）、因此Ⅲ,关于蓝色旨的基因型是
1/3AA、2/3Aa,文由于Ⅲ,生有忠红绿色盲的儿子,因此Ⅲ,是红
绿色盲基因的携带者、Ⅲ,的基因型是1/3AAx""x或
2/3Aax=x,Ⅱ,是蓝色育忠者的男性.基因型是aax""Y,,和Ⅱs
的后代中蓝色盲忠者(aa)的概率是2/3×1/2=1/3.不忠蓝色盲的
概率是2/3,忠红绿色盲男孩（XbY)的概率是1/4,不忠红绿色盲男
孩（X""Y)的概率是1/4,因此生一个忠一种病男孩的概率为2/3×
1/4+1/3×1/4=1/4;C.IV,基因型是AaXY,其中的X来自
ⅢI,,也就来自ⅡIs·因此IV3细胞中的致病基因至少有一个来自
ⅡIs;D. Ⅱ,(Aa)与Ⅱ2Aa)生出患病孩子Ⅲ,与等位基因分离有
关,该过程不涉及基因重组.
技术和电泳技术进行致病基因的检测来确定胎儿是否忠该病；
B.该病患者细胞中含有3条18号染色体,比正常人2条18号染色
体多了1条.并不是有三个染色体组；C.爱德华综合征属于遗传
病,但无法生存至成年,所以该性状不能遗传给后代；D.药物能
过胎盘进入胎儿体内,可能影响胎儿的生长发育,故孕妇要尽量减
少服用有关药物.
染色体上,丑区段属于X、Y染色体的同源区段.A.据图2分析,1
号和2号无病,6号有病,符合“无中生有为隐性”,又根据题意“致
传病；B.根据以上分析可以推知,1号和2号的基因型分别为x""x
和x""；C.3号基因型为x""x,4号基因型为1/2xy""或
1/2XByB,则他们后代是忠病女孩的概率为1/4;D.6号基因型为
x*x*.8号基因型为xbb,则7号基因型为×=b.因此6号和7号
生育的子代中女孩均正常.男孩均患病.
两种:AAbb、Aabb；“红脸人”的基因型为A_B_,其基因型有4种:
AABB、AaBB、AABb、AaBb;""白脸人”的基因型为aa-,其基因型
有3种:aaBB、aaBb、aabb.B.该图反映出基因通过控制酶的合成
来影响代谢进而控制生物性状.C.“白脸人”的基因型有aaBB、
（A_bb);D.由以上分析可知,一对""红脸人”(A_B_)的夫妇所生子
女中,有1个“千杯不萨”（A_bb）和1个""白脸人”（aa-_）,说明该
对夫妇的基因型为AaBbXX和AaBbXY,二者再生一个号称""千杯
不释”女儿(A_bbxX)的概率是3/4×1/4×1/2=3/32.",3,2,高中生物分专题训练,,3,12,11,专题十二 伴性遗传和人类遗传病,OCR自动整理，建议按来源页抽查图表题和跨页题,高中生物分专题训练_题目答案知识标注.xlsx
902,"4.（2023·南开中学第三次月考)爱德华（Edwards)综合征,也称18三体综合征,该病发病率比21三体
综合征低,主要表现为胎儿在子宫内表现异常,出生时需要进行急救处理,在精心护理下,较少婴儿可",,DA,"4. DA、B.据图可知,6 个忠有此病的男孩中,X染色体缺失片段的
长度和位置虽然不同,但是都存在染色体5、6区域的缺失,因此
DMD的病因可能是X染色体5、6区段缺失,都含有1、12区域,故
DMD 的病因也可能是 1、12 区段含有 DMD 致病基因;C. 由题图
可知,6个忠有此病的男孩的X染色体5片段外周区域的染色体缺
失情况各不相同,因此除了DMD基因外,还伴有其他体征异常原
因可能是DMD基因外周区域的染色体缺失;D.由图可知,只有VI
个体缺失11号区段,只有Ⅲ号个体含有区段7,其他个体既不缺11
号区段,也均不含7区段,所以若一异常体征仅在一位上述男孩身
上有,则圾可能是VI号个体或Ⅲ号个体.",10,9,高中生物分专题训练,,4,12,10,专题十二 伴性遗传和人类遗传病,OCR自动整理，建议按来源页抽查图表题和跨页题,高中生物分专题训练_题目答案知识标注.xlsx
903,"1.（2023·耀华中学第二次月考）脊柱发育不良（SMDK)的发生与常染色体上TRPV4基因的突变有
以生存2个月,只有极少部分能够生存到1岁,但无法生存至成年.以下相关叙述正确的是（
关.现有一SMDK患者家系如图所示,科研人员对该家系各成员TRPV4基因所在的同源染色体上","A.可通过PCR技术和电泳技术进行致病基因的检测来确定胎儿是否患该病
相应位点序列进行检测,结果如下表,下列叙述正确的是
B.爱德华综合征患者的体细胞中含有三个染色体组
C.爱德华综合征属于遗传病,该性状能遗传给后代
图例
O正常男女
D.许多药物能通过胎盘进入胎儿体内,孕妇要尽量减少服用有关药物
患病男女",A,"1. A根据题意和图 2分析可知,③为患病女孩,而其父母正常,说明
苯丙酮尿症属于常染色体隐性遗传病.①②③号分别为杂合子、
杂合子、隐性纯合子.根据题意和图3电泳DNA条带分布情况可
PH基因,一条含有异常隐性PH基因；③号个体体内含有两条23
Kb的DNA条带,都是异常隐性PH基因,一条来自①号个体,一
条来自②号个体；②④号个体体内含有一条23Kb的DNA条带,
一条19Kb的DNA条带.由此可知,②号个体体内含有的23Kb
的DNA条带一定含有异常隐性PH基因,则19Kb的DNA条带
就含有正常PH基因.④号个体体内含有的23Kb的DNA条带
应该来自①号个体,所以可能含有异常隐性PH基因,也可能含有
正常PH基因,19Kb的DNA条带来自②号个体,就含有正常
A.①号个体正常,其女儿③号个体患病,其是杂合子,由分析可知,
①号体内含有两条23Kb的DNA条带,一条含有正常PH基因,
一条含有异常隐性PH基因,正常PH基因一定在23Kb的DNA
条带中;B.②号个体体内含有一条23Kb的DNA条带,一条
基因；C.由分析可知,④号个体可为显性纯合子或杂合子,苯丙酮
尿症屁于常染色体隐性遗传病,故一定不是苯丙酮尿症患者;D.①
号个体为PH基因杂合子的概率为1/2.
细胞不之定含有致病基因.
度为272bp,故与正常人相比,患者的Parkin基因区域X序列发
生了碱基对缺失.
因测序发现正常成员均未见该突变,可判断其为常染色体显性基
因致病;B.由题图可知,Ⅱ2、Ⅱ,和Ⅲ2均为杂合子,基因型相同;
C.由题“谷氨酰胺（密码子为CAA或CAG)突变成终止密码子
(UAA或 UAG)""可知,该基因可能发生 C一G-→T一A的碱基对的
替换;D.该病是常染色体显性遗传病,设ⅢI2 基因型是 Dd,IⅢ2与
人群中一忠病男子(基因型可能为Dd)结婚,可能生下正常孩子.
突变(X""）（2)遗传咨询不一定
解析:(1)①正常基因含一个限制酶切位点,因此正常基因酶切后
只能形成两种长度的DNA片段；突变基因增加了一个酶切位点、
则突变基因酶切后可形成3种长度的DNA片段.所以结合图2
高分生物[115]",10,9,高中生物分专题训练,,1,12,10,专题十二 伴性遗传和人类遗传病,OCR自动整理，建议按来源页抽查图表题和跨页题,高中生物分专题训练_题目答案知识标注.xlsx
904,"5.【易错】(2021·南开中学第五次月考）如图1,人类的XY染色体存在同源区（IⅡI）和非同源区（I、Ⅲ）,
图2是人某种遗传病的系谱图,已知致病基因(B、b)位于性染色体上.下列叙述正确的是
测序结果
成员
I-1、I-2、II-1
..TACTTCACCCGTGGGCTGAAG..
..TACTTCACCCGTGGGCTGAAG..
IⅡI-2、M-1
和.TACTTCACCCATGGGCTGAAG","A.IⅡ-2的致病基因来自I-1和I-2
A.控制该遗传病的基因位于性染色体的I区
B.TRPV4基因发生了A-T碱基对替换为G-C,进而导致基因突变
B.1号和2号的基因型分别为X""x""和X""YB
C.仅I-1产生配子时发生了TRPV4基因隐性突变,这可能导致该家系SMDK的发生
C.3号和4号婚配生育一个患病女孩的概率是1/2
D.6号和7号生育的子代中女孩均患病,男孩均正常
D.IⅡI-2早期胚胎细胞中发生了TRPV4基因显性突变,这可能导致该家系SMDK的发生
专题十二作
35
伴性遗传和人类遗传病
B.3/16
C.1/8
D.1/16
①正常男女
①患蓝色盲男女
忠红绿色盲男
两病兼患男
O正常男女
惠病男女
图1
图2",B,"5.B据图1分析,图中I区段只位于X染色体上,Ⅲ区段只位于Y
因;B.根据表格TRPV4基因序列比对.可知TRPV4基因发生了
G一C 碱基对替换为 T一A,从而导致基因突变;C.根据 A项分析,
1-1 不携带致病基因,其生出患病孩子的原因可能是产生配子的病基因(B、6位于性染色体上”,则可判断该病层于 ⅡI 区段隐性遗
TRPV4 基因发生显性突变;D. ⅡI-2早期胚胎细胞中发生了 TR-
PV4基因显性突变,Ⅱ-2会出现 SMDK.ⅡI-1不携带致病基因.会
导致后代有可能患病.所以可能导致该家系SMDK发生.",3,2,高中生物分专题训练,,5,12,11,专题十二 伴性遗传和人类遗传病,OCR自动整理，建议按来源页抽查图表题和跨页题,高中生物分专题训练_题目答案知识标注.xlsx
905,"6.（2022·耀华中学第二次月考）如图表示乙醇进入人体后的代谢途径,如果能",,DA,"6.DA.结合图解可知""干杯不醇”的基因型为A_bb.其基因型有
妇再生一个血型为 MN 型一Rh 阳性(MNR_)的女儿,可以拆分成
分离定律进行计算,双亲MN×MN->2/4MN.双亲Rr×Rr->
3/4R_,而再生女儿的概率是1/2,所以再生1个血型为MN型一
Rh阳性女儿的概率是2/4×3/4×1/2=3/16.",7,6,高中生物分专题训练,,6,13,11,专题十二 伴性遗传和人类遗传病,OCR自动整理，建议按来源页抽查图表题和跨页题,高中生物分专题训练_题目答案知识标注.xlsx
906,"9.【难题】(2022·南开中学第二次月考)如图表示甲、乙两种单基因遗传病（其中一种是伴性遗传病),甲
基因A
基因b
将乙醇转化为乙酸的人号称“千杯不醉”,而转化为乙醛的人俗称“红脸人”,都
酶2
乙酸
不能转化的人俗称“白脸人”.下列说法正确的是
乙醇在人体的代谢途径","A.“红脸人”和""白脸人”的基因型各有4种
B.该图反映出基因通过控制蛋白质结构直接控制生物性状
C.人群中“白脸人”夫妇所生子女有“白脸人”和“千杯不醉”
D.一对“红脸人”夫妇所生子女中,有1个“千杯不醇”和1个“白脸人”,则该夫妇再生一个号称“千杯
不醉”女儿的概率是3/32",B,"9.B根据题意和系谱图分析可知:IⅡI,和ⅡI,均忠有甲病,但他们有
一个正常的女儿（Ⅲ,）.根据""有中生无为显性,生女正常为常显”,
说明甲病为常染色体显性遗传病；Ⅱ,和Ⅱ,均无乙病,但他们有忠
乙病的儿子,根据“无中生有为隐性”.说明乙病为隐性遗传病,又
已知“一种是伴性遗传病”,则乙病为伴X染色体隐性遗传病.
A.Ⅱ的是两病皆患的男性,其基因型为AaX""Y.其A基因一定来
自I2,b基因一定来自I,;B.据遗传系谱图分析,Ⅲl,的基因型为
Aax""x,Ⅱ,的基因型为2/3AaxY或1/3AAxY,若Ⅱ,与Ⅲs
结婚,生忠甲病孩子（AA或Aa)概率为1-2/3×1/4=5/6.生的男:
孩忠乙病（XY）概率为1/2,故生育一男孩患两种病的概率是
5/6×1/2=5/12;C.若Ⅲ.的性染色体组成为XXY.因为患乙病
即X""x""Y,则原因是IⅡI,形成卵细胞时减数分裂Ⅱ出现异常,产生
了xx的异常卵细胞；D.Ⅱ的表型正常,大致基因型为
aax""x-,因为她的女儿Ⅲ2患乙病,则Ⅱ2的基因型一定是
aax""x.Ⅲ:患甲病.Ⅱ,表型正常.即I,、l,均为Aa.所以Ⅲ的基因
型为AA或Aa,又因为IⅡ.忠乙病,即,为x""x"",l,为x""Y,所以Ⅱs
的基因型为x""x或x""xB.因此Ⅲ.的基因型可能有4种.
(2)
(3)Aax""xb1/24
(4)1/208
解析:(1)I1、I2不患甲病,生出忠甲病的ⅡIs,说明甲病为常染
色体隐性遗传病；Ⅱ1、IⅡI,不忠乙病.生出忠乙病的Ⅲ2,说明乙病
为常染色体隐性进传病.与题意“有一种是伴X染色体隐性遗传
病”不符.由题意“有一人是因基因突变而忠上此病”可知,Ⅱ.或
Ⅲ2是基因突变,从遗传图谱可知.如果乙病为伴X染色体隐性遗
传病,IV,忠乙病.IⅡ,也必忠乙病,与遗传图谱不符,说明乙病为
常染色体隐性传.甲病为伴X染色体隐性遗传病Ⅱs为基因
突变.
(2)I,两病皆患,其基因型为aaxY.说明?①分别代表a、b基
因,又因为Ⅲaax""x-）患乙病,不患甲病,说明②代表a基因,①
代表b基因.③代表B基因.①代表A基因.
(3)I,生出忠病的Ⅲ.（aaxY).说明I2的基因型为Aax""x,
I,的基因型为AAx""Y.说明I的基因型为Aax""x,IⅢI.的基
因型为AaxY,,的基因型为Aax""Y.故IⅢl,的关于乙病的基
因型为1/3AA、2/3Aa,关于甲病的基因型为1/2x""x、1/2x""xB,
故Ⅲl.与Ⅲ:生下两病兼忠孩子的概率是2/3×1/4×1/2×1/2=
1/24.
(4)若乙病在人群中的发病率为1/625.则aa=1/625.a=1/25,
A=24/",3,2,高中生物分专题训练,,9,13,12,专题十二 伴性遗传和人类遗传病,OCR自动整理，建议按来源页抽查图表题和跨页题,高中生物分专题训练_题目答案知识标注.xlsx
907,"7.(2021·南开中学第五次月考)对下列示意图所表示的生物学意义的描述,准确的是",,B,"7.B根据题意和图示分析可知:①图甲中两对等位基因位于非同源
离,处于减数分裂I后期；③丙图所示家系中,第二代中双亲部忠
病,所生的女儿却正常.根据“有中生无为显性,生女正常为常显”
可知该病于常染色体显性遗传病；④丁图细胞中有三对常染色
体,一对性染色体,而且性染色体组成为X和Y.A.甲图中生物的
10.（1)常染色体隐性遗传Ⅱ；
基因型为AaDd,其自交后代产生Aadd个体的概率为1/2×1/4=
1/8;B.正常况下基因型为AaDd的个体减数分裂可以产生2种
配子,根据图中①染色体上所标基因,若是发生了基因突变.则该
细胞就会产生3种不同基因型的配子,若是发生了互换·则会产生
4种不同基因型的配子；C.由分析可知,该病为常染色体显性遗传
病;D.丁图果蚬基因型为Aax""Y,其产生的配子有Ax""、ax""、
AY、aY四种.",3,2,高中生物分专题训练,,7,13,12,专题十二 伴性遗传和人类遗传病,OCR自动整理，建议按来源页抽查图表题和跨页题,高中生物分专题训练_题目答案知识标注.xlsx
908,"10.(2023·天津一中第三次月考)图1为某家族遗传病系谱图,甲病（由等位基因B、b控制）和乙病（由","A.甲图中生物自交后产生基因型为Aadd个体的概率为1/6
B.若只研究细胞中每对同源染色体上的一对基因,则乙图细胞分裂完成后,可能同时产生2种、3种
或4种不同基因型的配子
C.丙图所示家系中男性患者明显多于女性患者,该病最有可能是伴X染色体隐性遗传病
D.丁图表示某果蝇染色体组成,该果蝇只能产生Ax""、ax""两种基因型的配子",,,3,2,高中生物分专题训练,,10,13,,专题十二 伴性遗传和人类遗传病,OCR自动整理，建议按来源页抽查图表题和跨页题,高中生物分专题训练_题目答案知识标注.xlsx
909,"8.（2021·南开中学第六次月考)下面是探究基因位于X、Y染色体的同源区段还是只位于X染色体上
的实验设计思路,请判断下列说法正确的是
方法1:纯合显性雌性个体×纯合隐性雄性个体→→F,
方法2:纯合隐性雌性个体X纯合显性雄性个体→F,
结论:
①若子代雌雄个体全表现显性性状,则基因位于X、Y染色体的同源区段.
②若子代雌性个体表现显性性状,雄性个体表现隐性性状,则基因只位于X染色体上.
②若子代雄性个体表现显性性状,则基因只位于X染色体上.
④若子代雌性个体表现显性性状,则基因位于X、Y染色体的同源区段.","A.“方法1+结论①②""能够完成上述探究任务
B.“方法1+结论③④”能够完成上述探究任务
C.“方法2十结论①②""能够完成上述探究任务
D.“方法2+结论③①""能够完成上述探究任务
一飞冲天
病相关基因用A(a)表示、乙病相关基因用B(b)表示.不考虑基因突变,下列分析错误的是（
口○正常男女
甲病男女
●乙病男女
患两种病男性
A.Ⅱ,的致病基因来自I,和I2
B.若Ⅲ,和Ⅲ,结婚,生育的一男孩患两种病的概率是5/24
C.若Ⅲ.的性染色体组成为XXY,原因是IⅡI,形成卵细胞时减数分裂ⅡI出现异常
D.Ⅱ,的基因型为aax""x"",Ⅲ.的基因型有4种可能
等位基因A、a控制)为两种单基因遗传病.两种病中,有一种是伴X染色体隐性遗传病,家族患该
病的成员中,有一人是因基因突变而患上此病.研究者通过对家族中部分成员的两对基因进行电泳
分离,得到了图2的电泳图谱.回答下列间题:
O正常男女
血甲病男女
乙病男女
■甲、乙病男
图1
图2
,分析图中发生基因突变的个体是
(1)由图可知,乙病的遗传方式为
(2)根据电泳图谱,代表a、b基因的分别是条带
（顺序不能颠倒）.
,若Ⅲ.与Ⅲ,婚配,他们生下两病兼患孩子的概率是
(3)I.的基因型是
(4)若乙病在人群中的发病率为1/625,那么IV,与正常的男性婚配,生下两病兼患孩子的概率是",,,15,14,高中生物分专题训练,,8,13,,专题十二 伴性遗传和人类遗传病,OCR自动整理，建议按来源页抽查图表题和跨页题,高中生物分专题训练_题目答案知识标注.xlsx
910,"5.（2023·河北区期末)如图表示某种生物细胞内基因表达的部分过程（④代表核糖体,③代表多肽链）.
下列叙述不正确的是",,AA,"5.AA.在miRNA基因与M基因的转录过程中.是由 DNA形成
RNA的过程,RNA聚合酶会催化形成磷酸二酯键；B.miRNA是
RNA的RNA聚合酶）（2)9000
（3)翻译的模板、复制的模板、病谨的重要组成成分
一类非编码RNA,细胞内不会出现miRNA控制合成的蛋白质；
(4)体液免疫和细胞免疫:（5)VP4VP1
C.M蛋白不能合成的原因是miRNA蛋白质复合物与M基因的
名校题
RNA结合,影响了翻译过程;D.M基因的mRNA可以相继结合多",7,6,高中生物分专题训练,,5,14,14,专题十三 遗传的分子基础,OCR自动整理，建议按来源页抽查图表题和跨页题,高中生物分专题训练_题目答案知识标注.xlsx
911,"1.(2022·萄州一中模拟)玉米具有能产生紫色素的B-I基因,植株茎秆为紫色,变异类型B'-I植株只
有少量紫色条纹,大部呈绿色,这种性状能够遗传.经检测两种基因中编码蛋白质的序列相同,与
B-I类型相比,B-I类型上游的调控序列甲基化程度更高,如图所示.相关分析正确的是
调控序列
转录起始位点
B""-J-m","A.①②链之间和②③链之间的碱基配对方式不完全相同
较少的mRNA
调控序列
B.②链中的G和③链中的G都代表鸟嘌岭核糖核苷酸
B-J
C.基因中的遗传信息通过③链传递到③需要RNA参与
大量的mRNA
D.一条③链通常可结合多个核糖体以提高③的合成速率
A.B-I类型玉米的产生属于基因突变
B.调控序列的甲基化对编码序列的转录有促进作用
噬菌体
C.转录起始位点可与RNA聚合酶结合
A.一定有""S,其中有1个含有3P
D.杂合子自交将产生3:1的性状分离比
B.一定有”S.其中有2个含有3P",D,"1.D A.三倍体植株比二倍体植株多一个染色体组,签秆粗壮,果实
[120]
和种子较大,营养物质含量较高；B.四倍体植株含有四个染色体
组.减数分裂中能逃行同源染色休的联会.能正常开花结实:C.秋
水仙索能抑制纺锤体形成,使染色体数目加倍；D.二倍体西瓜
2n=22.西瓜的一个染色体组含11条染色体.
分子都是经过复制而得到的.所以图中①②的变异只能底于基因
突变；③原于减数分裂IⅡ的后期,A与a的不同可能来自基因突变
或基因重组.
因所携带的遗传信息可以同时行到执行；B.a区段为基因,I区段
为基因间序列.故碱基对替换发生在a区段于基因突变,发生在
I区段不属于基因突变;C.由于真核生物基因的内含子和非编码
区不能转录出成熟的mRNA,所以若该DNA分子含n个碱基.转
录出的mRNA分子碱基数少于n/2个;D.I中插入一个抗虫基因
以提高植物的抗虫性,这种变异属于基因重组.
位置的改变；B.突变能产生新的基因,是生物变异的根本来源,为
生物进化提供原材料；C.基因重组可产生新的基因组合.不会产生
新的基因；D.高茎豌豆产生矮茎子代.属于性状分离.
(CcWxwx).测交后代应该出现两种基因型:Ccwxwx（有色蜡质）、
ccWxwx(无色淀粉质）.但实际出现有色淀粉质（CcWxwx）和无色
同一条DNA链上的胞嘧啶彼此结合形成.可见该结构中基之问
的配对不遵循碱基互补配对原则；由于该结构多出现在原瘤基因
的启动子（RNA聚合酶识别、结合和开始转录的一段DNA序列）
区域,因此会影响基因的转录.A.i-Motif结构位于原瘤基因的启
动子（RNA聚合酶识别并结合的部位）区域,会影响RNA聚合酶
与启动子的结合进而彩响原癌基因的表达,从而影响细胞生长和
分裂的进程；B、D.该结构由同一条DNA链上的胞嘧啶彼此结合
形成,这个过程不涉及磷酸二酯键的断裂,没有限制酶的参与,同
时.碱基数量也没有发生变化；C.该结构由同一条DNA链上的胞
嘧啶彼此结合形成,是一种特殊的DNA结构,它的出现不是染色
体结构变异的结果.
7.（1）染色体结构
(2)含有I基因的雄果蝇胚胎致死,不可能产生Xc的配子,所以
自然状态下一般不存在基因型为xC""xCW的雌性个体",8,7,高中生物分专题训练,,1,14,15,专题十三 遗传的分子基础,OCR自动整理，建议按来源页抽查图表题和跨页题,高中生物分专题训练_题目答案知识标注.xlsx
912,"2.（2020·河东区一模）以下有关遗传信息的叙述,不正确的是
C.一定有""P,其中有2个含有""s","A.一个核糖体上可以同时合成多条多肽链
D.一定有""P,但不含”S
B.一个DNA分子可以转录产生多个RNA分子",CA,"2.CA.若进行减数分裂,同源染色体会分开,因此四个细胞中有两
细菌发生裂解,上消液中32P的百分比会上升,不会保持不变,且被
个细胞都含有""C.另外两个细胞都含有3P;B.若进行有丝分裂,某
侵染细菌的存活率始终保持在100%,所以被侵染的细菌基本上未
一细胞中可能含""C的染色体和含""P染色体相等,也可能只
发生裂解.",6,5,高中生物分专题训练,,2,14,14,专题十三 遗传的分子基础,OCR自动整理，建议按来源页抽查图表题和跨页题,高中生物分专题训练_题目答案知识标注.xlsx
913,"7.（2022南开区一模)真核生物基因的遗传信息从DNA转移到RNA上之后,需要剪接体对有效遗传
C.逆转录和DNA复制的产物都是DNA分子
信息进行“剪断”与重新“拼接”.如图是S基因的表达过程,对其描述错误的是
D.蛋白质合成通常从起始密码子开始到终止密码子结束",,DA,"7.DA.某些基因在①②③①③③中均表达,由于③③发生了分化,
质的方式进行传导的,并且在突触上发生的信号转变为电信号一
化学信号->电信号；B.若该图表示甲状腺激素的分级调节,则a为
故某些基因在①中表达,在③③中不一定会表达；B.③③的核基因
下丘脑,b为垂体.c为甲状腺,d为促甲状腺激素释放激紊,e为促
相同,但由于细胞分化过程中基因的选择性表达,细胞内的mRNA
甲状腺激素,甲状腺分泌的甲状腺激索含量过高时会通过负反馈
不完全相同,而rRNA、tRNA相同；C.a表示细胞生长过程,b表示
调节抑制下丘脑分泌促甲状腺激紊释放激紊和垂体分泌促甲状腺
细胞分裂过程,即②-→>③①,细胞分裂实现了亲子代细胞之间遗传
信息的传递;D.细胞中a、b、c表示生长、分裂、分化的过程,若③③
激素；C.如果该图表示细胞中遗传信息传逆过程,则a代表DNA,
b代表RNA,c代表蛋白质,d代表转录,c代表翻译.在转录和翻译
细胞衰老、调亡,则会表达有关衰老、凋亡的基因,因此会有a、b、℃
过程中都邀循碱基互补配对原则；D.如果该图表示细胞免疫过程,
过程不曾表达的基因开始表达.
则a为细胞性T细胞,b为靶细胞,但c不可能是抗体,抗体是体",6,5,高中生物分专题训练,,7,14,14,专题十三 遗传的分子基础,OCR自动整理，建议按来源页抽查图表题和跨页题,高中生物分专题训练_题目答案知识标注.xlsx
914,"3.（2021·河东区一模)在遗传信息的传递和表达过程中,往往需要一些有调控作用的序列参与,如①复
制原点、②启动子、③终止子、④起始密码子、③终止密码子.这些序列的组成单体相同的一组是
C.②与@
D.?与?
B.①与@",A.①与,BA,"3.BA.基因是一个相对独立的结构单位和功能单位,a、b、c三个基
数为1/4;C.DNA(或基因)中碱基数:mRNA上碱基数:氮基酸
个数=6:3:1.某蛋白质由60个氨基酸组成,控制合成该蛋白质
的基因的碱基数目至少有60×6=360个;D.某DNA片段有200
个碱基对,其中一条链上 A十T的比例为 40%.则整个DNA分子
第三次复制该DNA片段时,需要胞嘧啶脱氧核苷酸=23-1×
120=480个.",6,5,高中生物分专题训练,,3,14,15,专题十三 遗传的分子基础,OCR自动整理，建议按来源页抽查图表题和跨页题,高中生物分专题训练_题目答案知识标注.xlsx
915,"4.（2023·南开中学第二次月考)探究生物遗传物质的实验很多,如肺炎链球菌体内转化实验、肺炎链球","A.过程①需要的原料是核糖核苷酸,需要RNA聚合酶参与
菌体外转化实验、噬菌体侵染细菌的实验和烟草花叶病毒侵染烟草实验.下列有关实验的分析正确
B.剪接体作用于过程②,有磷酸二酯键的断裂和形成,需要DNA连接酶参与
的是
C.过程③中一条mRNA链可以结合多个核糖体以提高蛋白质的合成速率
A.肺炎链球菌体内转化实验的结果为体外转化实验提出问题定了实验基础
D.过程④分解异常mRNA以阻止异常蛋白质合成,利于维持细胞的相对稳定
37
专题十三
遗传的分子基础
S基因
核苷酸
正常蛋白质
被细胞检测
①出并分解
正常mRNA
RNA前体
异常mRNA
(含有未“剪尽”的片段）",BA,"4.BA.基因位的改变会导致性状改变,如易位或倒位引起的基因
程；乙图表示翻译过程,根据肽链的长度可知.核糖体在mRNA上
移动方向为从右到左；丙图:①表示DNA的复制过程,②表示转录
过程,③表示翻译过程.①表示逆转录过程.③表示RNA的复制过
发",15,14,高中生物分专题训练,,4,14,15,专题十三 遗传的分子基础,OCR自动整理，建议按来源页抽查图表题和跨页题,高中生物分专题训练_题目答案知识标注.xlsx
916,"4.【易错】(2021·十二校联考一模)某病毒为单股正链RNA病毒,用（十)RNA表示,下图表示该病毒的
提升题",,BA,"4.BA.基因位的改变会导致性状改变,如易位或倒位引起的基因
程；乙图表示翻译过程,根据肽链的长度可知.核糖体在mRNA上
移动方向为从右到左；丙图:①表示DNA的复制过程,②表示转录
过程,③表示翻译过程.①表示逆转录过程.③表示RNA的复制过
发",5,4,高中生物分专题训练,,4,15,15,专题十三 遗传的分子基础,OCR自动整理，建议按来源页抽查图表题和跨页题,高中生物分专题训练_题目答案知识标注.xlsx
917,"1.(2021·河西区一模)水稻核基因hw(t)表达的蛋白质参与光合作用,该基因发生了单碱基替换,导致
表达的蛋白质减少了251个氨基酸.已知突变使mRNA发生改变的碱基在如图所示区域内（终止密
码子:UA","A、UAG或UGA).下列说法正确的是
..ACAGCUGGGU....
251
260
（图中数字表示mRNA中从起始密码子开始算起的碱基序号）
A.hw(t)基因编码的蛋白质通过被动运输进入叶绿体
B.碱基替换只可能发生在第257号核苷酸位置
C.突变后参与基因转录的嘌呤核苷酸比例降低",D,"1.D A.三倍体植株比二倍体植株多一个染色体组,签秆粗壮,果实
[120]
和种子较大,营养物质含量较高；B.四倍体植株含有四个染色体
组.减数分裂中能逃行同源染色休的联会.能正常开花结实:C.秋
水仙索能抑制纺锤体形成,使染色体数目加倍；D.二倍体西瓜
2n=22.西瓜的一个染色体组含11条染色体.
分子都是经过复制而得到的.所以图中①②的变异只能底于基因
突变；③原于减数分裂IⅡ的后期,A与a的不同可能来自基因突变
或基因重组.
因所携带的遗传信息可以同时行到执行；B.a区段为基因,I区段
为基因间序列.故碱基对替换发生在a区段于基因突变,发生在
I区段不属于基因突变;C.由于真核生物基因的内含子和非编码
区不能转录出成熟的mRNA,所以若该DNA分子含n个碱基.转
录出的mRNA分子碱基数少于n/2个;D.I中插入一个抗虫基因
以提高植物的抗虫性,这种变异属于基因重组.
位置的改变；B.突变能产生新的基因,是生物变异的根本来源,为
生物进化提供原材料；C.基因重组可产生新的基因组合.不会产生
新的基因；D.高茎豌豆产生矮茎子代.属于性状分离.
(CcWxwx).测交后代应该出现两种基因型:Ccwxwx（有色蜡质）、
ccWxwx(无色淀粉质）.但实际出现有色淀粉质（CcWxwx）和无色
同一条DNA链上的胞嘧啶彼此结合形成.可见该结构中基之问
的配对不遵循碱基互补配对原则；由于该结构多出现在原瘤基因
的启动子（RNA聚合酶识别、结合和开始转录的一段DNA序列）
区域,因此会影响基因的转录.A.i-Motif结构位于原瘤基因的启
动子（RNA聚合酶识别并结合的部位）区域,会影响RNA聚合酶
与启动子的结合进而彩响原癌基因的表达,从而影响细胞生长和
分裂的进程；B、D.该结构由同一条DNA链上的胞嘧啶彼此结合
形成,这个过程不涉及磷酸二酯键的断裂,没有限制酶的参与,同
时.碱基数量也没有发生变化；C.该结构由同一条DNA链上的胞
嘧啶彼此结合形成,是一种特殊的DNA结构,它的出现不是染色
体结构变异的结果.
7.（1）染色体结构
(2)含有I基因的雄果蝇胚胎致死,不可能产生Xc的配子,所以
自然状态下一般不存在基因型为xC""xCW的雌性个体",8,7,高中生物分专题训练,,1,15,15,专题十三 遗传的分子基础,OCR自动整理，建议按来源页抽查图表题和跨页题,高中生物分专题训练_题目答案知识标注.xlsx
918,"5.（2022·耀华中学第二次月考)1952年,噬菌体小组”的赫尔希和蔡斯研究了T2噬菌体的蛋白质和
D.突变前基因表达的蛋白质共含有336个氨基酸",,AA,"5.AA.在miRNA基因与M基因的转录过程中.是由 DNA形成
RNA的过程,RNA聚合酶会催化形成磷酸二酯键；B.miRNA是
RNA的RNA聚合酶）（2)9000
（3)翻译的模板、复制的模板、病谨的重要组成成分
一类非编码RNA,细胞内不会出现miRNA控制合成的蛋白质；
(4)体液免疫和细胞免疫:（5)VP4VP1
C.M蛋白不能合成的原因是miRNA蛋白质复合物与M基因的
名校题
RNA结合,影响了翻译过程;D.M基因的mRNA可以相继结合多",6,5,高中生物分专题训练,,5,15,14,专题十三 遗传的分子基础,OCR自动整理，建议按来源页抽查图表题和跨页题,高中生物分专题训练_题目答案知识标注.xlsx
919,"2.(2024·杨村一中第三次月考）rRNA是细胞中含量最多的一类RNA,由rRNA基因转录产生.
rRNA基因在染色质轴丝上呈串联重复排列,新生rRNA链沿转录方向从DNA长轴两侧垂直伸展出
来,从一端到另一端有规律地逐渐增长形成箭头状,外形似“圣诞树”.每个箭头状结构代表一个
rRNA基因转录单位,具体结构铺展开后如下图所示.下列说法错误的是","A.b段是此时该细胞未被转录的区段
B.f是rRNA基因转录产物的5'末端
C.RNA聚合酶的移动方向是由右向左
D.新合成的RNA上附着大量核糖体",CA,"2.CA.若进行减数分裂,同源染色体会分开,因此四个细胞中有两
细菌发生裂解,上消液中32P的百分比会上升,不会保持不变,且被
个细胞都含有""C.另外两个细胞都含有3P;B.若进行有丝分裂,某
侵染细菌的存活率始终保持在100%,所以被侵染的细菌基本上未
一细胞中可能含""C的染色体和含""P染色体相等,也可能只
发生裂解.",9,8,高中生物分专题训练,,2,15,14,专题十三 遗传的分子基础,OCR自动整理，建议按来源页抽查图表题和跨页题,高中生物分专题训练_题目答案知识标注.xlsx
920,"3.（2023·耀华中学第二次月考)蛋白D是某种小鼠正常发育所必需的,缺乏时表现为侏儒鼠.小鼠体
内的A基因能控制该蛋白的合成,a基因则不能.A基因的表达受P序列(一段DNA序列)的调控,
如图所示.P序列在精子中是非甲基化,传给子代能正常表达；在卵细胞中是甲基化,传给子代不能
正常表达.有关叙述错误的是
甲基1
P序列A基因
P序列A基因",,BA,"3.BA.基因是一个相对独立的结构单位和功能单位,a、b、c三个基
数为1/4;C.DNA(或基因)中碱基数:mRNA上碱基数:氮基酸
个数=6:3:1.某蛋白质由60个氨基酸组成,控制合成该蛋白质
的基因的碱基数目至少有60×6=360个;D.某DNA片段有200
个碱基对,其中一条链上 A十T的比例为 40%.则整个DNA分子
第三次复制该DNA片段时,需要胞嘧啶脱氧核苷酸=23-1×
120=480个.",5,4,高中生物分专题训练,,3,15,15,专题十三 遗传的分子基础,OCR自动整理，建议按来源页抽查图表题和跨页题,高中生物分专题训练_题目答案知识标注.xlsx
921,"6.（2022·耀华中学第二次月考）下列关于双链DNA结构的叙述,正确的是
正常表达
不能表达","A.侏儒雌鼠与侏儒雄鼠交配,子代小鼠不一定是侏儒鼠
B.基因型为Aa的保儒鼠,A基因一定来自母本
C.降低甲基化酶的活性,发育中的小鼠侏儒症状都能一定程度上缓解
D.A基因转录形成的mRNA通常会结合多个核糖体,产生氨基酸序列相同的多条肽链
一飞冲天
增殖和表达过程.下列说法正确的是
病毒蛋白
结构蛋白-
★装配形成病毒
RNA聚合酶
(-)RNA
(+)RNA
(+)RNA
A.人感染某病毒后,在内环境中会迅速增殖形成大量的病毒
B.人体的B细胞和吞噬细胞能特异性识别该病毒
C.假设（+)RNA上有600个碱基,C+G占碱基总数的30%,则一个（+)RNA复制形成一个（+）
RNA共需要C+G360个
D.由图可知,该病毒的遗传信息传递过程可表示为RNA-+蛋白质、RNA-+RNA、蛋白质→蛋白质
DNA在侵染细菌过程中的功能,实验数据如图所示,下列说法错误的是
120f
被侵染的细菌
100
80
细胞外""s
(%)
细胞外p
搅择时间(min)
A.选择T2噬菌体是因为其结构简单,遗传物质少,DNA与蛋白质自然分离
B.实验结果表明,当搅拌时间足够长以后,上清液中的""S和""P分别占初始标记噬菌体放射性的
80%和30%
C.细胞外的""P的含量有30%,原因是有部分标记的噬菌体还没有侵染细菌或由于侵染时间过长,部
分子代噬菌体从细菌中释放出来
D.噬菌体侵染大肠杆菌的时间要适宜,时间过长,子代噬菌体从大肠杆菌体内释放出来,会使细胞
外""P含量增高
A.某DNA分子含有500个碱基,可能的排列方式有4$*°种
B.若质粒含有2000个碱基,则该分子同时含有2个游离的磷酸基团
C.某DNA分子内胞嘧啶占25%,则每条单链上的胞嘧啶占25%～50%
D.某DNA分子上有胸腺嘧啶312个,占总碱基的26%,则该DNA分子上有鸟嘌呤288个",DA,"6.DA.某DNA分子含有500个碱基,可能的排列方式有425°种；
胞分裂两次,DNA复制两次,由于有丝分裂后期,姐妹染色体分开
B.质粒是环状 DNA分子,其中不含游离的磷酸基团;C.某 DNA
后形成的子染色体移向细胞两极是随机的.因此.四个细胞中可能
分子内胞嘧啶占25%,则每条单链上的胞嘧啶占0～50%；D.某
三个有放射性,一个没有放射性;D.若进行减数分裂.DNA只复制
DNA分子上有胸腺嘧啶312个,占总碱基的26%,则该DNA分子
一次·但细胞分裂两次,因此,四个细胞中都有放射性.
上碱基总数为312一26%=1200个,根据碱基互补配对原则.该",6,5,高中生物分专题训练,,6,15,14,专题十三 遗传的分子基础,OCR自动整理，建议按来源页抽查图表题和跨页题,高中生物分专题训练_题目答案知识标注.xlsx
922,"7.(2024·南开中学第一次月考)图为人体细胞的生命历程示意图,图中①～③为各个时期的细胞,a～c
表示细胞所进行的生理过程.据图分析,下列叙述正确的是",,DA,"7.DA.某些基因在①②③①③③中均表达,由于③③发生了分化,
质的方式进行传导的,并且在突触上发生的信号转变为电信号一
化学信号->电信号；B.若该图表示甲状腺激素的分级调节,则a为
故某些基因在①中表达,在③③中不一定会表达；B.③③的核基因
下丘脑,b为垂体.c为甲状腺,d为促甲状腺激素释放激紊,e为促
相同,但由于细胞分化过程中基因的选择性表达,细胞内的mRNA
甲状腺激素,甲状腺分泌的甲状腺激索含量过高时会通过负反馈
不完全相同,而rRNA、tRNA相同；C.a表示细胞生长过程,b表示
调节抑制下丘脑分泌促甲状腺激紊释放激紊和垂体分泌促甲状腺
细胞分裂过程,即②-→>③①,细胞分裂实现了亲子代细胞之间遗传
信息的传递;D.细胞中a、b、c表示生长、分裂、分化的过程,若③③
激素；C.如果该图表示细胞中遗传信息传逆过程,则a代表DNA,
b代表RNA,c代表蛋白质,d代表转录,c代表翻译.在转录和翻译
细胞衰老、调亡,则会表达有关衰老、凋亡的基因,因此会有a、b、℃
过程中都邀循碱基互补配对原则；D.如果该图表示细胞免疫过程,
过程不曾表达的基因开始表达.
则a为细胞性T细胞,b为靶细胞,但c不可能是抗体,抗体是体",5,4,高中生物分专题训练,,7,16,14,专题十三 遗传的分子基础,OCR自动整理，建议按来源页抽查图表题和跨页题,高中生物分专题训练_题目答案知识标注.xlsx
923,"1.（2021·天津一中第三次月考)如图为T4噬菌体感染大肠杆菌后,大肠杆菌内放射性RNA与T4噬
③上皮细胞
衰老、调亡
菌体DNA及大肠杆菌DNA的杂交结果.下列叙述错误的是
③骨骼肌细胞","A.某些基因在①②③④③③中均表达,①中表达的基因在③③中也一定会表达
B.③与?的核遗传物质和rRNA种类相同.但tRNA、mRNA种类不完全相同
C.①到②主要进行了基因的转录和翻译,实现了亲子代细胞之间遗传信息的传递
D.若③细胞衰老、凋亡,细胞中会有a、b、c过程不曾表达的基因开始表达",D,"1.D A.三倍体植株比二倍体植株多一个染色体组,签秆粗壮,果实
[120]
和种子较大,营养物质含量较高；B.四倍体植株含有四个染色体
组.减数分裂中能逃行同源染色休的联会.能正常开花结实:C.秋
水仙索能抑制纺锤体形成,使染色体数目加倍；D.二倍体西瓜
2n=22.西瓜的一个染色体组含11条染色体.
分子都是经过复制而得到的.所以图中①②的变异只能底于基因
突变；③原于减数分裂IⅡ的后期,A与a的不同可能来自基因突变
或基因重组.
因所携带的遗传信息可以同时行到执行；B.a区段为基因,I区段
为基因间序列.故碱基对替换发生在a区段于基因突变,发生在
I区段不属于基因突变;C.由于真核生物基因的内含子和非编码
区不能转录出成熟的mRNA,所以若该DNA分子含n个碱基.转
录出的mRNA分子碱基数少于n/2个;D.I中插入一个抗虫基因
以提高植物的抗虫性,这种变异属于基因重组.
位置的改变；B.突变能产生新的基因,是生物变异的根本来源,为
生物进化提供原材料；C.基因重组可产生新的基因组合.不会产生
新的基因；D.高茎豌豆产生矮茎子代.属于性状分离.
(CcWxwx).测交后代应该出现两种基因型:Ccwxwx（有色蜡质）、
ccWxwx(无色淀粉质）.但实际出现有色淀粉质（CcWxwx）和无色
同一条DNA链上的胞嘧啶彼此结合形成.可见该结构中基之问
的配对不遵循碱基互补配对原则；由于该结构多出现在原瘤基因
的启动子（RNA聚合酶识别、结合和开始转录的一段DNA序列）
区域,因此会影响基因的转录.A.i-Motif结构位于原瘤基因的启
动子（RNA聚合酶识别并结合的部位）区域,会影响RNA聚合酶
与启动子的结合进而彩响原癌基因的表达,从而影响细胞生长和
分裂的进程；B、D.该结构由同一条DNA链上的胞嘧啶彼此结合
形成,这个过程不涉及磷酸二酯键的断裂,没有限制酶的参与,同
时.碱基数量也没有发生变化；C.该结构由同一条DNA链上的胞
嘧啶彼此结合形成,是一种特殊的DNA结构,它的出现不是染色
体结构变异的结果.
7.（1）染色体结构
(2)含有I基因的雄果蝇胚胎致死,不可能产生Xc的配子,所以
自然状态下一般不存在基因型为xC""xCW的雌性个体",6,5,高中生物分专题训练,,1,16,15,专题十三 遗传的分子基础,OCR自动整理，建议按来源页抽查图表题和跨页题,高中生物分专题训练_题目答案知识标注.xlsx
924,"8.(2021·八校联考期中)有关DNA分子的结构与复制的叙述中,错误的是","A.含有n个腺嘌呤的DNA分子第n次复制需要腺嘌呤脱氧核苷酸2""-1×n个
B.DNA双链被""P标记后,在不含""P的环境中复制n次,子代DNA中有标记的占1/2""
A.可在培养基中加人""H尿嘧啶核糖核苷酸用以标记RNA
C.细胞内全部DNA被P标记后在不含P的环境中进行连续有丝分裂,第1次分裂产生的子细胞
B.参与分子杂交的放射性RNA为相应DNA的转录产物
中每条染色体均有""P标记
D.在一个双链DNA分子中,G十C占碱基总数的M%,那么该DNA分子的每条链中G十C都占该链
C.第Omin时.与DNA杂交的RNA来自T4噬菌体及大肠杆菌的转录
碱基总数的M%
D.随着感染时间增加,噬菌体DNA的转录增加,细菌基因活动受到抑制",BA,"8.BA.含有""个腺嘌呤的DNA分子第""次复制需要腺嘌呤脱氧
核脊酸数=(2""—2""-"")X""=2""-1×个;B. DNA分子的双链被标
液免疫过程中由浆细胞分泌的.
记,复制"" 次,形成 2”个 DNA分子,其中有 2 个 DNA分壬被标4 D ①图中RNA 的 3'-OH 端是结合氮基酸的部位.①错误;
②据题意,丙氨酸的反密码子是IGC.则丙氮酸的密码子可能是
记,子代DNA被标记的DNA分子占2/2""；C.细胞内全部DNA
被3P标记后在不含""P的环境中进行连续有丝分裂,第一迩分裂
ACG、UCG、CCG.错误:③单链tRNA分子内部存在局部双链
形成的两个细胞中染色体均被标记；D.由于双链DNA分子中,遵
区.双链区存在碱基互补配对.③正确；①转录时邀循碱基互补配
对原则.转录丙的双链DNA片段为TGGACGAG/ACCTGCTC,
循G与C配对、A与T配对的碱基互补配对原则.因此双链DNA
分子中G十C的比例与每条单链DNA分子中G+C的比例相等.
①正确.
9.(1)宿主细胞的核糖体RNA复制酶(或 RNA聚合酶或依赖于",6,5,高中生物分专题训练,,8,16,14,专题十三 遗传的分子基础,OCR自动整理，建议按来源页抽查图表题和跨页题,高中生物分专题训练_题目答案知识标注.xlsx
925,"9.肠道病毒EV71为单股正链RNA（十RNA)病毒,是引起手足口病的主要病原体之一,下面为该病毒",,AA,"9.AA.丙肝病毒的遗传物质是RNA,其彻底水解后有磷酸、核糖
和四种碱基,共6种产物;B.各种蛋白（衣壳蛋白和结构蛋白)与+十
RNA包装成的新病毒需要以胞吐的方式离开宿主细胞该过程的
发生与宿主细胞的高尔基体有关;C.HCV可能携带某些酶进入宿
主细胞,如参与RNA复制过程的RNA聚合酶;D.“分子克隆”的
方法是将RNA合成cDNA.再通过PCR技术扩增DNA,该过程
需要逆转录酶.
专题十四
生物的变异
基础题",5,4,高中生物分专题训练,,9,16,15,专题十三 遗传的分子基础,OCR自动整理，建议按来源页抽查图表题和跨页题,高中生物分专题训练_题目答案知识标注.xlsx
926,"2.【易错】(2021·塘沽一中第二次月考)将某一细胞中的一条染色体上的DNA用""C充分标记,其同源
在宿主细胞内增殖的示意图.
染色体上的DNA用""P充分标记,置于不含放射性的培养液中培养,经过连续两次细胞分裂（不考虑
+RNA
染色体互换）","A.若进行减数分裂,则四个细胞中均含有""C和""P
RNA
核酸
肠道病毒EV7
B.若进行有丝分裂,某一细胞中含""C的染色体数目可能是含3P染色体数目的两倍
翻译
C.若进行有丝分裂,则四个细胞中可能三个有放射性,一个没有放射性
D.若进行减数分裂,则四个细胞中可能两个有放射性,两个没有放射性
农壳蛋白
蛋白酶",CA,"2.CA.若进行减数分裂,同源染色体会分开,因此四个细胞中有两
细菌发生裂解,上消液中32P的百分比会上升,不会保持不变,且被
个细胞都含有""C.另外两个细胞都含有3P;B.若进行有丝分裂,某
侵染细菌的存活率始终保持在100%,所以被侵染的细菌基本上未
一细胞中可能含""C的染色体和含""P染色体相等,也可能只
发生裂解.",8,7,高中生物分专题训练,,2,16,14,专题十三 遗传的分子基础,OCR自动整理，建议按来源页抽查图表题和跨页题,高中生物分专题训练_题目答案知识标注.xlsx
927,"3.（2021·南开中学第四次月考)如图表示人体和人体细胞内某些信息传递机制的模式图,图示中箭头
据图回答下列问题:
表示信息传递的方向.下列有关叙述中,正确的是
催化①②过程的物质N是
(1)图中物质M的合成场所是
(2)假定病毒基因组+RNA含有7500个碱基,其中A和U占碱基总数的40%.以病毒基因+RNA
为模板合成一条子代+RNA的过程共需要碱基G和C
个.","A.如果该图表示反射弧,则其中的信息是以局部电流的形式传导的
(3)图中十RNA有三方面功能,分别是
B.如果该图表示甲状腺激素的分级调节,则图中的a为下丘脑、b为垂体、c为甲状腺,c分泌的甲状腺
(4)EV71病毒感染机体后,引发的特异性免疫有
激索增加到一定程度后,对a分泌d、b分泌e具有抑制作用
(5)病毒衣壳由VP1、VP2、VP3和VP4四种蛋白组成,其中VP1、VP2、VP3裸露于病毒表面,而VP4
包埋在衣壳内侧并与RNA连接,另外VP1不受胃液中胃酸的破坏,若通过基因工程生产疫苗,四
C.如果该图表示细胞中遗传信息传递过程,则只有d过程存在碱基互补配对
种蛋白中不宜作为抗原制成疫苗的是
,更适宜作为抗原制成口服疫苗的是
D.如果该图表示细胞免疫过程,a为细胞毒性T细胞,b为靶细胞,c代表抗体
专题十三遗传的分子基础
39
名校题
100-
和T4噬菌体DNA
百分比(%)
杂交的放射性RNA
50-
和大肠杆菌DNA杂
交的放射性RNA
侵染时间(min)
下列说法中正确的是
0,0p0",BA,"3.BA.基因是一个相对独立的结构单位和功能单位,a、b、c三个基
数为1/4;C.DNA(或基因)中碱基数:mRNA上碱基数:氮基酸
个数=6:3:1.某蛋白质由60个氨基酸组成,控制合成该蛋白质
的基因的碱基数目至少有60×6=360个;D.某DNA片段有200
个碱基对,其中一条链上 A十T的比例为 40%.则整个DNA分子
第三次复制该DNA片段时,需要胞嘧啶脱氧核苷酸=23-1×
120=480个.",5,4,高中生物分专题训练,,3,16,15,专题十三 遗传的分子基础,OCR自动整理，建议按来源页抽查图表题和跨页题,高中生物分专题训练_题目答案知识标注.xlsx
928,"4.(2021·天津一中第四次月考)图中甲表示酵母丙氨酸tRNA的结构示意图.乙和丙是甲相应部分的
放大图,其中已知1表示次黄嘌岭,能够与","A、U或C配对.下列有关叙述正确的是
HO
ACCUGCUC",CA,"4.CA.基因甲基化可以导致其不能完成转录不能表达出蛋白质；
B.基因甲基化不会导致基因碱基序列的改变,不属于基因突变；
C.基因甲基化可以导致其不能完成转录.可能是阻碍了RNA聚合
酶与启动子结合；D.基因甲基化可以导致其不能转录,原基因和
抑瘤基因甲基化后不能正常控制细胞周期,会导致细胞瘤变.
有细胞结构,不含核糖体,其可利用宿主细胞的核糖体合成蛋白
质；C.合成RNA篇要RNA聚合酶等多种酶,故以“一RNA”为模
板合成""十RNA”也需要RNA聚合酶；D.病毒只有寄生在其他生
物的活细胞内才能生活和紧殖.任何营养物质完全的培养基都不
能用来培养病毒,故该病毒不能用含有碳源、氮源等营养物质的培
养基培养.
(3)浅绿色叶片玉米植株深绿色叶片玉米植株子代的表型及
比例为深绿色叶片:浅绿色叶片=1:1子代的表型全为深绿色
叶片
解析:(2)在正常光照下,浅绿色叶片玉米植株基因型为Aa,其自交
后代的基因型及其比例为AA:Aa:aa=1:2:1,其中aa为白化
苗,幼期死亡,不能繁殖,则F,（AA、Aa)自由交配,其产生的配子A
占2/3,a占1/3,因此后代白化苗aa占1/3×1/3=1/9,深绿色AA
占2/3×2/3=4/9,浅绿色Aa占2×1/3×2/3=4/9.则存活个体
(3)根据题慈分析,深绿色的基因型为AA,出现浅绿色的原因可能
是[AA突变为 Aa:也可能是 A所在的染色体缺失,缺失 A 基因所
体作为父本,以正常深绿色的植株为母本,观察后代的情况.如果
该变异是由基因突变造成的,则Aa与AA杂交,后代深绿色:浅
绿色=1:1；如果这个变异是由染色体片段缺失造成的.则浅绿色
突变体 AO与 AA杂交,由于缺失 A的花粉不育,则后代都是深绿
色叶片玉米植株.
的速度减慢,而不是不再衰老；B.由于基因突变的不定向性,对
Indy基因进行诱变,不一定能限制果蝇细胞水平的能量吸收；
C.果蛇Indy基因的正常表达是通过转录和翻译过程来实现;D.果
蚬 Indy基因的突变若发生在配子中,将邀循遗传规律传递给后代.
型正常的夫妇生了一个性染色体组成为XXY的色盲男孩,则该男
孩的基因型是X'xY,该夫妇的基因型为X""x°、XY.异常男孩可
能是由于母亲在减数分裂I后期两条X°的姐妹染色单体没有分
高分生物[121]",6,5,高中生物分专题训练,,4,17,16,专题十四 生物的变异,OCR自动整理，建议按来源页抽查图表题和跨页题,高中生物分专题训练_题目答案知识标注.xlsx
929,"8.（2021·南开中学第五次月考)对下列各图分析不正确的是
反密码子
①图中tRNA的P端是结合氨基酸的部位
②丙氨酸的密码子与反密码子是一一对应的
③单链
tRNA分子内部存在碱基互补配对
④转录丙所示序列的双链DNA片段含有3个腺嘌呤","A.D
B.②3
C.20
D.30",,,6,5,高中生物分专题训练,,8,17,,专题十四 生物的变异,OCR自动整理，建议按来源页抽查图表题和跨页题,高中生物分专题训练_题目答案知识标注.xlsx
930,"5.(2021·天津一中第四次月考）miRNA是非编码RNA,与许多疾病的发生发展密切相关.如图为
miRNA形成及发挥作用,抑制M蛋白（M基因控制合成）的示意图.下列相关叙述合理的是（
miRNA蛋白质复合物
细胞核
细胞质
加工
转录
核糖体
miRNA基因
M基因mRNA
阅读下列材料,回答9题.","A.在miRNA基因与M基因的转录过程中,RNA聚合酶会催化形成磷酸二酯键
B.由于基因的选择性表达,部分细胞内出现miRNA控制合成的相关蛋白
C.M蛋白不能合成的原因是miRNA蛋白质复合物影响了相关酶的活性
肝炎做出的决定性贡献.
D.M基因的mRNA可以同时结合多个核糖体,在不受影响时,提升翻译效率",D,"5.D A.获得植株 M 的原理是基因重组;B.若每个子细胞都含有一
个荧光点,说明细胞中只含有1个A,则细胞发生了减数分裂（因
为正常体细胞含有2个抗虫基因.若子细胞中含有1个抗虫基因,
则该细胞是减数分裂产生的配子）,故子细胞中的染色体数是20；
C.若每个子细胞都含有两个荧光点,说明细胞中只含有2个A.则
说明细胞发生了有丝分裂(因为正常体细胞含有2个抗虫基因.有
丝分裂产生的子细胞和正常体细胞基因数相同）,而细胞减数分裂
过程才会发生互换:D.若子细胞中有的不含荧光点,说明细胞中不
含A,则是因为同源染色体分离和非同源染色体自由组合:使得含
有 2 个 A基因的个体产生不含 A基因的配子.",6,5,高中生物分专题训练,,5,17,17,专题十四 生物的变异,OCR自动整理，建议按来源页抽查图表题和跨页题,高中生物分专题训练_题目答案知识标注.xlsx
931,"6.(2021·天津一中第五次月考)下列有关信息传递的叙述,错误的是
猩狸.霍顿等采用“分子克隆”的方法,与甲肝（RNA)、乙肝","A.细胞间的信息交流不都是通过细胞膜上的受体来完成的
(DNA)病毒核酸序列比较,发现是一种新型病毒,为丙型肝
B.激索、神经递质、细胞因子和酶均可在细胞间传递信息
炎病毒(HCV).赖斯设法突破了免疫,成功在大猩狸体内产
C.遗传信息可以从DNA流向RNA再流向蛋白质
生大量丙肝病毒,掌握了制备方法,为后续疫苗和药物的研究奠定了基础.（丙型肝炎侵染过程如图）
D.信息传递是生态系统的功能之一",D,"6. D 分析题图可知,③为正常细胞,其中存在 A、a 和 R、r 两对等位
基因;①细胞中R和a所在染色体之间发生了交换;④细胞中多了
一条染色体.A,①细胞中 R和 a 所在染色体之间发生了交换,该
变异属于染色体结构变异中的易位,不会改变细胞中基因的种类；
B.②细胞中多了一条染色体,若②是受精卵,变异的原因可能原因
是减数分裂I后期.A、a同源染色体没有分开或减数分裂I后期
a、a染色体的姐妹染色单体分开后形成的两条染色体移向同一极.
形成了异常细胞；C.若③为一个精原细胞,不考虑变异,经减数分
裂,会产生4个细胞,有2种类型；D.具有②染色体组成的雌性个
体,基因型为AaaRr,减数分裂时产生卵细胞基因型为AaR的可能
性为1/6(1/3Aa×1/2R).",7,6,高中生物分专题训练,,6,17,17,专题十四 生物的变异,OCR自动整理，建议按来源页抽查图表题和跨页题,高中生物分专题训练_题目答案知识标注.xlsx
932,"7.【难题】(2022·天津一中第二次月考)下列相关叙述中,错误的是","A.用""N标记的细胞（含8条染色体)在含""N的培养基中培养,第二次有丝分裂的中期和
后期含""N的染色体数分别是8和16
视额讲解
B.用""P标记的噬菌体在未标记的大肠杆菌内增殖3代,具有放射性的噬菌体占总数的比
例为1/4
一飞冲天
C.若某蛋白质分子中含有60个氨基酸,则控制合成该蛋白质的基因中至少有360个碱基
D.某DNA片段有200个碱基对,其中一条链上A+T比例为40%,则第三次复制该DNA片段时,需
要480个胞嘧啶脱氧核苷酸
核糖体、
mRNA
病毒二
DNA爱病毒
DNA
图甲为某DNA病毒的复制过程
图乙为细胞内合成蛋白质的过程
CA量(RA母蛋白质
...—C—T-C—T—C—A—
-G—A—G—A—C—U—
图丙表示中心法则
图丁表示DNA转录过程中的一段示意图
A.甲图中的①②③均遵循碱基互补配对原则
B.乙图中核糖体在mRNA上移动方向为从右到左,所用原料是氨基酸
C.对于丙图,正常情况下人体内的精原细胞可以进行①②③③过程
D.丁图该段内有6种核苷酸
2020诺贝尔生理医学奖颁给阿尔特、霍顿和赖斯三位伟大的科学家,奖励他们为抗击血源性丙型
阿尔特等研究发现一种新病毒性肝炎,可由人传染给黑
HCV
一结构蛋白
+RNA
+RNA
-RNA.
衣壳HCV
NS5B
结构蛋白衣壳蛋白
A.丙肝病毒的遗传物质彻底水解的产物有4种
B.各种蛋白与十RNA包装成新病毒并离开细胞与高尔基体有关
C.HCV侵染宿主细胞可能携带某些酶进人宿主细胞
D.“分子克隆”的过程可能需要逆转录酶",AB,"7.AB.基因亚组没有新基因产生,但能产生新的基因型;C.根尖细
[122]
胞只能进行有丝分裂.所以不会发生基因重组；D.基因突变是指
DNA中碱基的替换、增添或缺失,这会导致基因碱基序列的改变.
专题十五生物的进化
基础题
类线粒体DNA进行比较这个过程运用了细胞和分子生物学的方
法,并没有运用化石、比较解剖学和胚胎学.
向选择的作用；B.突变型昆虫和突变型植株均未与原来的物种产生
生殖隔离,不能增加物种多样性；C.突变型昆虫可食用正常植物和
突变型植物.因此突变型昆虫的存在不会使突变型植株突变基因的
频率增大:D.此种昆虫和此种植物之间过相互选择能够实现二者
的协同进化.",8,7,高中生物分专题训练,,7,17,17,专题十四 生物的变异,OCR自动整理，建议按来源页抽查图表题和跨页题,高中生物分专题训练_题目答案知识标注.xlsx
933,"4.下列关于变异的说法,正确的是
专题十四","A.基因位置的改变不会导致性状改变
生物的变异
C.基因重组可以产生新的基因
基础题",CA,"4.CA.基因甲基化可以导致其不能完成转录不能表达出蛋白质；
B.基因甲基化不会导致基因碱基序列的改变,不属于基因突变；
C.基因甲基化可以导致其不能完成转录.可能是阻碍了RNA聚合
酶与启动子结合；D.基因甲基化可以导致其不能转录,原基因和
抑瘤基因甲基化后不能正常控制细胞周期,会导致细胞瘤变.
有细胞结构,不含核糖体,其可利用宿主细胞的核糖体合成蛋白
质；C.合成RNA篇要RNA聚合酶等多种酶,故以“一RNA”为模
板合成""十RNA”也需要RNA聚合酶；D.病毒只有寄生在其他生
物的活细胞内才能生活和紧殖.任何营养物质完全的培养基都不
能用来培养病毒,故该病毒不能用含有碳源、氮源等营养物质的培
养基培养.
(3)浅绿色叶片玉米植株深绿色叶片玉米植株子代的表型及
比例为深绿色叶片:浅绿色叶片=1:1子代的表型全为深绿色
叶片
解析:(2)在正常光照下,浅绿色叶片玉米植株基因型为Aa,其自交
后代的基因型及其比例为AA:Aa:aa=1:2:1,其中aa为白化
苗,幼期死亡,不能繁殖,则F,（AA、Aa)自由交配,其产生的配子A
占2/3,a占1/3,因此后代白化苗aa占1/3×1/3=1/9,深绿色AA
占2/3×2/3=4/9,浅绿色Aa占2×1/3×2/3=4/9.则存活个体
(3)根据题慈分析,深绿色的基因型为AA,出现浅绿色的原因可能
是[AA突变为 Aa:也可能是 A所在的染色体缺失,缺失 A 基因所
体作为父本,以正常深绿色的植株为母本,观察后代的情况.如果
该变异是由基因突变造成的,则Aa与AA杂交,后代深绿色:浅
绿色=1:1；如果这个变异是由染色体片段缺失造成的.则浅绿色
突变体 AO与 AA杂交,由于缺失 A的花粉不育,则后代都是深绿
色叶片玉米植株.
的速度减慢,而不是不再衰老；B.由于基因突变的不定向性,对
Indy基因进行诱变,不一定能限制果蝇细胞水平的能量吸收；
C.果蛇Indy基因的正常表达是通过转录和翻译过程来实现;D.果
蚬 Indy基因的突变若发生在配子中,将邀循遗传规律传递给后代.
型正常的夫妇生了一个性染色体组成为XXY的色盲男孩,则该男
孩的基因型是X'xY,该夫妇的基因型为X""x°、XY.异常男孩可
能是由于母亲在减数分裂I后期两条X°的姐妹染色单体没有分
高分生物[121]",8,7,高中生物分专题训练,,4,18,16,专题十四 生物的变异,OCR自动整理，建议按来源页抽查图表题和跨页题,高中生物分专题训练_题目答案知识标注.xlsx
934,"5.（2022·南开区一模）1931年,美国遗传学家得到一种玉米杂合子,
体内两条9号染色体形态不同,一条9号染色体形态正常,带有决定",,D,"5.D A.获得植株 M 的原理是基因重组;B.若每个子细胞都含有一
个荧光点,说明细胞中只含有1个A,则细胞发生了减数分裂（因
为正常体细胞含有2个抗虫基因.若子细胞中含有1个抗虫基因,
则该细胞是减数分裂产生的配子）,故子细胞中的染色体数是20；
C.若每个子细胞都含有两个荧光点,说明细胞中只含有2个A.则
说明细胞发生了有丝分裂(因为正常体细胞含有2个抗虫基因.有
丝分裂产生的子细胞和正常体细胞基因数相同）,而细胞减数分裂
过程才会发生互换:D.若子细胞中有的不含荧光点,说明细胞中不
含A,则是因为同源染色体分离和非同源染色体自由组合:使得含
有 2 个 A基因的个体产生不含 A基因的配子.",8,7,高中生物分专题训练,,5,18,17,专题十四 生物的变异,OCR自动整理，建议按来源页抽查图表题和跨页题,高中生物分专题训练_题目答案知识标注.xlsx
935,"1.(2023·天津一中第三次月考)如图是三倍体无子西瓜的培育过程,下列叙述正确的是
籽粒无色的隐性基因c和决定籽粒淀粉质的显性基因Wx；另一条9
号染色体则一端带有染色体结,另一端带有其他染色体的片段,该染
二倍体西瓜成
秋水仙
熟花粉刺激三
色体上带有决定籽粒有色的显性基因C和决定籽粒蜡质的隐性基因
二倍体西瓜
索处理
四倍体西瓜
倍体西瓜子房
(2n=22)
(4n=44)
wx.对其测交,部分子代表型如图所示.据图判断,该过程中发生
三倍体西瓜
三倍体无
子西瓜
(3n=33)
的可遗传变异的类型属于
二倍体西瓜","A.基因突变
(2n=22)
C.基因重组
A.三倍体植株比二倍体植株瘦弱矮小",AA,"1.AA.I号和Ⅲ号染色体属于非同源染色体,非同源染色体发生
片段交换不属于互换,属于染色体结构变异中的易位；B.根据图解
可知,雌雄果的基因型分别为Aax""x""和AaX'Y,杂交后得到的
F,中雌果蚬中纯合子（AAX'X""、aaX""X')所占比例=1/2×1/2=
1/4;C.雌雄果蛇的基因型分别Aax?x'和AaX""Y,若雌果蛇含A
的染色体片段缺失,即为Oax*x'和AaX'Y杂交,子代有4×4=
16种基因型;D.染色体组是细胞中的一组非同源染色体.含有本
物种的全套遗传信息,由图可知.果蝇细胞的一个染色体组组成是
I、II、IV、X或I、II、N、Y.",9,8,高中生物分专题训练,,1,18,16,专题十四 生物的变异,OCR自动整理，建议按来源页抽查图表题和跨页题,高中生物分专题训练_题目答案知识标注.xlsx
936,"6.（2021·河西区期末)研究发现,DNA分子存在同一条DNA链上的胞嘧啶彼此结合形成的特殊结构,
B.四倍体植株不能正常开花结实
称为i-Motif结构.该结构大多出现在原癌基因的启动子区域.根据以上信息判断,下列叙述中正确
C.秋水仙索能抑制染色体着丝粒分裂
的是
D.西瓜的一个染色体组含11条染色体","A.i-Motif结构会影响原癌基因的表达,影响细胞的生长和分裂",D,"6. D 分析题图可知,③为正常细胞,其中存在 A、a 和 R、r 两对等位
基因;①细胞中R和a所在染色体之间发生了交换;④细胞中多了
一条染色体.A,①细胞中 R和 a 所在染色体之间发生了交换,该
变异属于染色体结构变异中的易位,不会改变细胞中基因的种类；
B.②细胞中多了一条染色体,若②是受精卵,变异的原因可能原因
是减数分裂I后期.A、a同源染色体没有分开或减数分裂I后期
a、a染色体的姐妹染色单体分开后形成的两条染色体移向同一极.
形成了异常细胞；C.若③为一个精原细胞,不考虑变异,经减数分
裂,会产生4个细胞,有2种类型；D.具有②染色体组成的雌性个
体,基因型为AaaRr,减数分裂时产生卵细胞基因型为AaR的可能
性为1/6(1/3Aa×1/2R).",9,8,高中生物分专题训练,,6,18,17,专题十四 生物的变异,OCR自动整理，建议按来源页抽查图表题和跨页题,高中生物分专题训练_题目答案知识标注.xlsx
937,"2.(2020·部分区期中)如图是基因型为Aa的个体不同分裂时期的图像,根据图像判定每个细胞发生的
B.形成该结构后,DNA的氢键和碱基数量都发生变化
变异类型（有丝分裂过程中的交叉互换不考虑),正确的是
C.DNA中出现i-Motif结构是染色体结构变异的结果
D.DNA解旋酶和限制酶参与i-Motif结构的形成过程",,CA,"2.CA.可遗传变异包含基因突变、基因重组、染色体变异,由分析
可知,①基因亚组、②易位（属于染色体变异）、③基因突变、①染色
体的缺失或重复（属于染色体变异）,故①～①均尿于能够遗传的
变异;B.图③所示基因内部碱基对的缺失(或增添),导致基因内部在染色体片段的花粉不.则应该以浅绿色叶片玉米植株的突变
分子结构的改变,属于基因突变;C.不论是染色体结构变异中的缺
失或是亚复,均会导致同源染色体中一条比另一条长,进而联会后
出现图形①；D.注意①与②的区别:①同源染色体之间互换片段,
属于基因亚组,发生在减数分裂I前期,为非同源染色体之间互
换片段.层于染色体结构变异中的易位,可发生在减数分裂和有丝
名校题
分裂.
是",9,8,高中生物分专题训练,,2,18,16,专题十四 生物的变异,OCR自动整理，建议按来源页抽查图表题和跨页题,高中生物分专题训练_题目答案知识标注.xlsx
938,"7.(2020红桥区一模)CIB品系果蝇具有一条正常的X染色体（X*）和一条含CIB区段的X染色体
（Xc),其中C表示染色体上的倒位区,可抑制X染色体间互换；I基因导致雄性果蝇胚胎致死；B为
显性棒眼基因.CIB品系可用于隐性突变和致死突变的检测.回答下列间题:
③基因突变
(2)自然状态下一般不存在基因型为Xc""xCIB的果蝇,原因是","A.①基因突变
②基因突变
（3)如图是研究X射线对正常眼果蝇X染色体诱变示意图.F,中棒眼个体为
B.①基因突变②基因突变
③基因突变或基因重组
②基因突变③基因重组
或“雌性”),所占比例为
C.①基因突变或基因重组
1②基因突变或基因重组④基因重组
和F,中的CIB雕果蝇杂交,若杂交后代中
D.①基因突变或基因重组
突变.",AB,"7.AB.基因亚组没有新基因产生,但能产生新的基因型;C.根尖细
[122]
胞只能进行有丝分裂.所以不会发生基因重组；D.基因突变是指
DNA中碱基的替换、增添或缺失,这会导致基因碱基序列的改变.
专题十五生物的进化
基础题
类线粒体DNA进行比较这个过程运用了细胞和分子生物学的方
法,并没有运用化石、比较解剖学和胚胎学.
向选择的作用；B.突变型昆虫和突变型植株均未与原来的物种产生
生殖隔离,不能增加物种多样性；C.突变型昆虫可食用正常植物和
突变型植物.因此突变型昆虫的存在不会使突变型植株突变基因的
频率增大:D.此种昆虫和此种植物之间过相互选择能够实现二者
的协同进化.",3,2,高中生物分专题训练,,7,18,17,专题十四 生物的变异,OCR自动整理，建议按来源页抽查图表题和跨页题,高中生物分专题训练_题目答案知识标注.xlsx
939,"3.(2020·河西区线上模拟)科研人员研究棉花细胞核中一个DNA分子中a、b、c三个连续基因,其分布
状况如图所示,图中I、Ⅱ为基因间的序列.有关叙述正确的是","A.a、b、c所携带的遗传信息不可能同时得到执行
B.图中碱基对替换发生在a区段属于基因突变,发生在I区段不属于基因突变
C.该DNA分子含n个碱基,其转录的mRNA分子的碱基数是n/2个
D.I中插人一个抗虫基因以提高植物的抗虫性,这种变异属于染色体结构变异
专题十四
生物的变异
41
B.从根本上说没有突变,进化不可能发生
D.高茎豌豆产生矮茎子代属于基因重组
染色体结-
其他染色体片段—3
有色淀粉质
无色蜡质
B.染色体结构变异
D.染色体数目变异
iMotif
变异.
（填“雄性”
.为了鉴定X染色体上是否发生了隐性突变,可用正常眼雄蝇
,则说明X染色体上发生了隐性
XIY
X射线三
正常眼
棒眼",D,"3. D A. A基因与 a 基因属于等位基因,甲类变异属于基因突变.乙
类变异是在甲类变异的基础上发生了染色体结构变异；B.乙减数
分裂产生不含a和含有2个a的2种花粉,且二者比例为1:1.在
减数分裂1前期.复制后联会的一对同源染色体构成一个四分体,
因;C.矮化程度与a基因的数量呈正相关,乙的自交后代有不含a、
含有2个a和含有4个a的3种矮化类型;D.甲减数分裂产生含有",3,2,高中生物分专题训练,,3,18,17,专题十四 生物的变异,OCR自动整理，建议按来源页抽查图表题和跨页题,高中生物分专题训练_题目答案知识标注.xlsx
940,"1.(2021·河北区一模)如图为一对雌雄果蝇体细胞的染色体图解.其中IⅡI、Ⅲ、IV、X、Y表示染色体,基
因","A、a分别控制灰身和黑身,基因R和r分别控制红眼和白眼.下列分析正确的是",AA,"1.AA.I号和Ⅲ号染色体属于非同源染色体,非同源染色体发生
片段交换不属于互换,属于染色体结构变异中的易位；B.根据图解
可知,雌雄果的基因型分别为Aax""x""和AaX'Y,杂交后得到的
F,中雌果蚬中纯合子（AAX'X""、aaX""X')所占比例=1/2×1/2=
1/4;C.雌雄果蛇的基因型分别Aax?x'和AaX""Y,若雌果蛇含A
的染色体片段缺失,即为Oax*x'和AaX'Y杂交,子代有4×4=
16种基因型;D.染色体组是细胞中的一组非同源染色体.含有本
物种的全套遗传信息,由图可知.果蝇细胞的一个染色体组组成是
I、II、IV、X或I、II、N、Y.",11,10,高中生物分专题训练,,1,19,16,专题十四 生物的变异,OCR自动整理，建议按来源页抽查图表题和跨页题,高中生物分专题训练_题目答案知识标注.xlsx
941,"5.（2021·部分区期末)某病毒具有高传染性,其遗传物质为单股正链RNA（十RNA),增殖过程如图.","A.Ⅱ号、Ⅲ号染色体在减数分裂过程中发生互换属于染色体结构变异
B.该对果蝇杂交后得到的F,中雌果蝇中纯合子所占的比例为1/8
C.若该雌果蝇含A的染色体片段缺失,则该对果蝇杂交后得到的F,有8种基因型
D.果蝇细胞一个染色体组组成是Ⅱ、Ⅱ、IV、XX或ⅡI、Ⅲ、IV、XY",D,"5.D A.获得植株 M 的原理是基因重组;B.若每个子细胞都含有一
个荧光点,说明细胞中只含有1个A,则细胞发生了减数分裂（因
为正常体细胞含有2个抗虫基因.若子细胞中含有1个抗虫基因,
则该细胞是减数分裂产生的配子）,故子细胞中的染色体数是20；
C.若每个子细胞都含有两个荧光点,说明细胞中只含有2个A.则
说明细胞发生了有丝分裂(因为正常体细胞含有2个抗虫基因.有
丝分裂产生的子细胞和正常体细胞基因数相同）,而细胞减数分裂
过程才会发生互换:D.若子细胞中有的不含荧光点,说明细胞中不
含A,则是因为同源染色体分离和非同源染色体自由组合:使得含
有 2 个 A基因的个体产生不含 A基因的配子.",11,10,高中生物分专题训练,,5,19,17,专题十四 生物的变异,OCR自动整理，建议按来源页抽查图表题和跨页题,高中生物分专题训练_题目答案知识标注.xlsx
942,"2.(2023·耀华中学第二次月考）如图①②③④分别表示不同的变异类型,基因a、a仅有图所示片段
的差异.相关叙述正确的是
..GATTC...
a基因:
...CTAAG..
.GAATTC..
a""基因
..CTTAAG..",,CA,"2.CA.可遗传变异包含基因突变、基因重组、染色体变异,由分析
可知,①基因亚组、②易位（属于染色体变异）、③基因突变、①染色
体的缺失或重复（属于染色体变异）,故①～①均尿于能够遗传的
变异;B.图③所示基因内部碱基对的缺失(或增添),导致基因内部在染色体片段的花粉不.则应该以浅绿色叶片玉米植株的突变
分子结构的改变,属于基因突变;C.不论是染色体结构变异中的缺
失或是亚复,均会导致同源染色体中一条比另一条长,进而联会后
出现图形①；D.注意①与②的区别:①同源染色体之间互换片段,
属于基因亚组,发生在减数分裂I前期,为非同源染色体之间互
换片段.层于染色体结构变异中的易位,可发生在减数分裂和有丝
名校题
分裂.
是",8,7,高中生物分专题训练,,2,19,16,专题十四 生物的变异,OCR自动整理，建议按来源页抽查图表题和跨页题,高中生物分专题训练_题目答案知识标注.xlsx
943,6.(2023·和平区一模)玉米叶片叶绿素的合成受其常染色体上一对等位基因（,"A、a)控制,同时也受光照
A.图中4种变异中能够遗传的变异是①②①
B.③中的变异属于染色体结构变异中的缺失
C.④中的变异可能是染色体结构变异中的缺失或重复
D.①②变异类型均可发生在有丝分裂过程中",D,"6. D 分析题图可知,③为正常细胞,其中存在 A、a 和 R、r 两对等位
基因;①细胞中R和a所在染色体之间发生了交换;④细胞中多了
一条染色体.A,①细胞中 R和 a 所在染色体之间发生了交换,该
变异属于染色体结构变异中的易位,不会改变细胞中基因的种类；
B.②细胞中多了一条染色体,若②是受精卵,变异的原因可能原因
是减数分裂I后期.A、a同源染色体没有分开或减数分裂I后期
a、a染色体的姐妹染色单体分开后形成的两条染色体移向同一极.
形成了异常细胞；C.若③为一个精原细胞,不考虑变异,经减数分
裂,会产生4个细胞,有2种类型；D.具有②染色体组成的雌性个
体,基因型为AaaRr,减数分裂时产生卵细胞基因型为AaR的可能
性为1/6(1/3Aa×1/2R).",9,8,高中生物分专题训练,,6,19,17,专题十四 生物的变异,OCR自动整理，建议按来源页抽查图表题和跨页题,高中生物分专题训练_题目答案知识标注.xlsx
944,"3.(2021·和平区期末)图1、图2表示某基因型为AaBb的二倍体动物在生殖发育过程中正在分裂的两
个细胞.下列相关叙述错误的是
图1
图2","A.图1所示细胞中①处染色体上出现a基因的原因是基因突变
B.图2所示细胞中②处染色体上出现a基因的原因很可能是非姐妹染色单体之间发生互换
C.图1所示细胞与图2所示细胞均具有四对同源染色体
D.由于图2中细胞质均等分裂,所以该细胞为初级精母细胞
一飞冲天
可以导致其不能完成转录,这种变化可以遗传给后代.下列有关叙述正确的是
A.基因甲基化导致表达的蛋白质结构改变
B.基因甲基化引起的变异属于基因突变
C.基因甲基化可能阻碍RNA聚合酶与启动子结合
D.原癌和抑癌基因甲基化不会导致细胞癌变
下列有关该病毒叙述正确的是
核糖体
+RNA片段
→病毒蛋白病毒
RNA聚合酶
+RNA
-RNA
+RNA
A.该病毒特有的碱基为胸腺嘧啶
B.该病毒能够利用自身的核糖体合成蛋白质
C.以“-RNA”为模板合成“+RNA”也需要RNA聚合酶
D.该病毒可用含有碳源、氮源等营养物质的培养基培养
的影响.在正常光照下,当玉米植株体细胞中含2个A基因时,植株叶片呈深绿色；含一个A基因时
叶片呈浅绿色；不含A基因时叶片呈黄色,不含A基因的植株被称为白化苗,其会在幼苗期逐渐死
亡.在遮光条件下,任何基因型的玉米植株叶片均呈黄色.请回答问题:
相互作用共同调控着生物的性状.
（1)从以上信息可以得出,由
(2)在正常光照下,以浅绿色叶片玉米植株为亲本,连续随机交配两代得到F.,在F.幼苗中白化苗占
,在F:存活植株中A基因的基因频率为
(3)在种植深绿色叶片玉米植株的时候,发现一组浅绿色玉米植株.为确定该变异是由基因突变产生
的还是由染色体片段缺失造成的（已知缺失A基因所在染色体片段的花粉不育）,用该地段中的深
绿色叶片玉米植株和浅绿色叶片玉米植株为亲本,完成如下杂交实验(实验条件均为正常光照下):
作母本进行杂交,分析比较子代的表型及比例.
实验方案:
作父本,
预测结果及结论:
如果
,则该变异是由基因突变造成的；
如果
,则该变异是由染色体片段缺失造成的.",D,"3. D A. A基因与 a 基因属于等位基因,甲类变异属于基因突变.乙
类变异是在甲类变异的基础上发生了染色体结构变异；B.乙减数
分裂产生不含a和含有2个a的2种花粉,且二者比例为1:1.在
减数分裂1前期.复制后联会的一对同源染色体构成一个四分体,
因;C.矮化程度与a基因的数量呈正相关,乙的自交后代有不含a、
含有2个a和含有4个a的3种矮化类型;D.甲减数分裂产生含有",12,11,高中生物分专题训练,,3,19,17,专题十四 生物的变异,OCR自动整理，建议按来源页抽查图表题和跨页题,高中生物分专题训练_题目答案知识标注.xlsx
945,"1.(2021·天津一中第三次月考)研究发现果蝇的Indy基因与体内的能量利用和储存有关.该基因变
C.④一定是染色体结构变异中的重复导致的
异后,可限制果蝇细胞水平的能量吸收,即使对果蝇进行节食处理,果蝇的寿命也会明显延长.下列
D.四种变异都能够遗传
有关叙述中,正确的是","A.Indy基因变异后,果蝇细胞不再衰老,细胞寿命延长",AA,"1.AA.I号和Ⅲ号染色体属于非同源染色体,非同源染色体发生
片段交换不属于互换,属于染色体结构变异中的易位；B.根据图解
可知,雌雄果的基因型分别为Aax""x""和AaX'Y,杂交后得到的
F,中雌果蚬中纯合子（AAX'X""、aaX""X')所占比例=1/2×1/2=
1/4;C.雌雄果蛇的基因型分别Aax?x'和AaX""Y,若雌果蛇含A
的染色体片段缺失,即为Oax*x'和AaX'Y杂交,子代有4×4=
16种基因型;D.染色体组是细胞中的一组非同源染色体.含有本
物种的全套遗传信息,由图可知.果蝇细胞的一个染色体组组成是
I、II、IV、X或I、II、N、Y.",11,10,高中生物分专题训练,,1,20,16,专题十四 生物的变异,OCR自动整理，建议按来源页抽查图表题和跨页题,高中生物分专题训练_题目答案知识标注.xlsx
946,"5.(2020·天津一中第三次月考)将两个抗虫基因A(完全显性)导人大豆（2n=40),筛选出两个A基因成
B.只要对果蝇的基因进行诱变,就可限制果蝇细胞水平的能量吸收
功整合到染色体上的抗虫植株M(每个A基因都能正常表达),植株M自交,子代中抗虫植株所占比例
C.果蝇Indy基因的正常表达是通过DNA复制、转录和翻译过程来实现
为15/16,取植株M的某部位一个细胞在适宜条件下培养,连续正常分裂两次、产生4个子细胞.用荧
D.果蝇Indy基因突变若发生在配子中,将遵循遗传规律传递给后代
光分子检测A基因（只要是A基因,就能被荧光标记).下列叙述正确的是",,D,"5.D A.获得植株 M 的原理是基因重组;B.若每个子细胞都含有一
个荧光点,说明细胞中只含有1个A,则细胞发生了减数分裂（因
为正常体细胞含有2个抗虫基因.若子细胞中含有1个抗虫基因,
则该细胞是减数分裂产生的配子）,故子细胞中的染色体数是20；
C.若每个子细胞都含有两个荧光点,说明细胞中只含有2个A.则
说明细胞发生了有丝分裂(因为正常体细胞含有2个抗虫基因.有
丝分裂产生的子细胞和正常体细胞基因数相同）,而细胞减数分裂
过程才会发生互换:D.若子细胞中有的不含荧光点,说明细胞中不
含A,则是因为同源染色体分离和非同源染色体自由组合:使得含
有 2 个 A基因的个体产生不含 A基因的配子.",11,10,高中生物分专题训练,,5,20,17,专题十四 生物的变异,OCR自动整理，建议按来源页抽查图表题和跨页题,高中生物分专题训练_题目答案知识标注.xlsx
947,"2.（2023·耀华中学第二次月考)某夫妇表型正常,生了一个性染色体组成为XXY的色盲男孩.该个体","A.获得植株M的原理是染色体变异,可为大豆的进化提供原材料
的异常配子可能来源于以下的哪个细胞（图中发生异常的染色体为性染色体,忽略性染色体异型差异
B.若每个子细胞都只含有一个荧光点,则子细胞中的染色体数是40
和基因突变)
C.若每个子细胞都含有两个荧光点,则细胞分裂过程发生了互换
D.若子细胞中有的不含荧光点,则是同时间发生的同源染色体分离和非同源染色体自由组合造成的",CA,"2.CA.可遗传变异包含基因突变、基因重组、染色体变异,由分析
可知,①基因亚组、②易位（属于染色体变异）、③基因突变、①染色
体的缺失或重复（属于染色体变异）,故①～①均尿于能够遗传的
变异;B.图③所示基因内部碱基对的缺失(或增添),导致基因内部在染色体片段的花粉不.则应该以浅绿色叶片玉米植株的突变
分子结构的改变,属于基因突变;C.不论是染色体结构变异中的缺
失或是亚复,均会导致同源染色体中一条比另一条长,进而联会后
出现图形①；D.注意①与②的区别:①同源染色体之间互换片段,
属于基因亚组,发生在减数分裂I前期,为非同源染色体之间互
换片段.层于染色体结构变异中的易位,可发生在减数分裂和有丝
名校题
分裂.
是",3,2,高中生物分专题训练,,2,20,16,专题十四 生物的变异,OCR自动整理，建议按来源页抽查图表题和跨页题,高中生物分专题训练_题目答案知识标注.xlsx
948,"6.【难题】(2022·耀华中学一模)图中①②和②为某种群中三种细胞的部分染色体及基因组成图解,其
中③为正常细胞.",,D,"6. D 分析题图可知,③为正常细胞,其中存在 A、a 和 R、r 两对等位
基因;①细胞中R和a所在染色体之间发生了交换;④细胞中多了
一条染色体.A,①细胞中 R和 a 所在染色体之间发生了交换,该
变异属于染色体结构变异中的易位,不会改变细胞中基因的种类；
B.②细胞中多了一条染色体,若②是受精卵,变异的原因可能原因
是减数分裂I后期.A、a同源染色体没有分开或减数分裂I后期
a、a染色体的姐妹染色单体分开后形成的两条染色体移向同一极.
形成了异常细胞；C.若③为一个精原细胞,不考虑变异,经减数分
裂,会产生4个细胞,有2种类型；D.具有②染色体组成的雌性个
体,基因型为AaaRr,减数分裂时产生卵细胞基因型为AaR的可能
性为1/6(1/3Aa×1/2R).",8,7,高中生物分专题训练,,6,20,17,专题十四 生物的变异,OCR自动整理，建议按来源页抽查图表题和跨页题,高中生物分专题训练_题目答案知识标注.xlsx
949,"3.（2022·天津一中第四次月考)在某严格自花传粉的二倍体植物中,发现甲、乙两类矮生突变体（如图
所示）,矮化植株无A基因,矮化程度与a基因的数量呈正相关.假设甲乙产生的各类型配子和后代
都能成活,且成活率相同.下列叙述错误的是
HETOP
B.若②是受精卵,变异原因是减数分裂Ⅱ姐妹染色单体没有分开而产生异常配子","A.甲类变异属于基因突变,乙类变异属于基因突变和染色体的结构变异
C.若③为一个精原细胞,由于减数分裂I后期非同源染色体自由组合,最终产生4种配子
B.乙减数分裂产生2种花粉,在减数分裂I前期,某个四分体中带有4个a基因
D.若②为一个卵原细胞,经减数分裂产生基因型为AaR的卵细胞概率为1/6
C.乙的自交后代有3种矮化类型",D,"3. D A. A基因与 a 基因属于等位基因,甲类变异属于基因突变.乙
类变异是在甲类变异的基础上发生了染色体结构变异；B.乙减数
分裂产生不含a和含有2个a的2种花粉,且二者比例为1:1.在
减数分裂1前期.复制后联会的一对同源染色体构成一个四分体,
因;C.矮化程度与a基因的数量呈正相关,乙的自交后代有不含a、
含有2个a和含有4个a的3种矮化类型;D.甲减数分裂产生含有",9,8,高中生物分专题训练,,3,20,17,专题十四 生物的变异,OCR自动整理，建议按来源页抽查图表题和跨页题,高中生物分专题训练_题目答案知识标注.xlsx
950,"7.(2022·天津一中第三次月考)下列对基因突变和基因重组的说法中正确的是
D.甲与乙杂交后代出现两种表型,比例为2:1",,AB,"7.AB.基因亚组没有新基因产生,但能产生新的基因型;C.根尖细
[122]
胞只能进行有丝分裂.所以不会发生基因重组；D.基因突变是指
DNA中碱基的替换、增添或缺失,这会导致基因碱基序列的改变.
专题十五生物的进化
基础题
类线粒体DNA进行比较这个过程运用了细胞和分子生物学的方
法,并没有运用化石、比较解剖学和胚胎学.
向选择的作用；B.突变型昆虫和突变型植株均未与原来的物种产生
生殖隔离,不能增加物种多样性；C.突变型昆虫可食用正常植物和
突变型植物.因此突变型昆虫的存在不会使突变型植株突变基因的
频率增大:D.此种昆虫和此种植物之间过相互选择能够实现二者
的协同进化.",8,7,高中生物分专题训练,,7,20,17,专题十四 生物的变异,OCR自动整理，建议按来源页抽查图表题和跨页题,高中生物分专题训练_题目答案知识标注.xlsx
951,4.(2021·南开中学第五次月考）下图①～④分别表示不同的变异类型.下列有关分析正确的是（,"A.基因突变具有随机性,可以发生在任何时期
B.基因重组没有新基因产生,也没有新基因型产生
C.基因突变和基因重组可以同时发生在根尖细胞增殖过程中
CESS
D.基因突变不一定会导致性状发生改变,此时基因碱基序列没有发生变化
专题十四
43
生物的变异
假定各种细胞都能进行正常的细胞分裂,下列相关叙述正确的是",CA,"4.CA.基因甲基化可以导致其不能完成转录不能表达出蛋白质；
B.基因甲基化不会导致基因碱基序列的改变,不属于基因突变；
C.基因甲基化可以导致其不能完成转录.可能是阻碍了RNA聚合
酶与启动子结合；D.基因甲基化可以导致其不能转录,原基因和
抑瘤基因甲基化后不能正常控制细胞周期,会导致细胞瘤变.
有细胞结构,不含核糖体,其可利用宿主细胞的核糖体合成蛋白
质；C.合成RNA篇要RNA聚合酶等多种酶,故以“一RNA”为模
板合成""十RNA”也需要RNA聚合酶；D.病毒只有寄生在其他生
物的活细胞内才能生活和紧殖.任何营养物质完全的培养基都不
能用来培养病毒,故该病毒不能用含有碳源、氮源等营养物质的培
养基培养.
(3)浅绿色叶片玉米植株深绿色叶片玉米植株子代的表型及
比例为深绿色叶片:浅绿色叶片=1:1子代的表型全为深绿色
叶片
解析:(2)在正常光照下,浅绿色叶片玉米植株基因型为Aa,其自交
后代的基因型及其比例为AA:Aa:aa=1:2:1,其中aa为白化
苗,幼期死亡,不能繁殖,则F,（AA、Aa)自由交配,其产生的配子A
占2/3,a占1/3,因此后代白化苗aa占1/3×1/3=1/9,深绿色AA
占2/3×2/3=4/9,浅绿色Aa占2×1/3×2/3=4/9.则存活个体
(3)根据题慈分析,深绿色的基因型为AA,出现浅绿色的原因可能
是[AA突变为 Aa:也可能是 A所在的染色体缺失,缺失 A 基因所
体作为父本,以正常深绿色的植株为母本,观察后代的情况.如果
该变异是由基因突变造成的,则Aa与AA杂交,后代深绿色:浅
绿色=1:1；如果这个变异是由染色体片段缺失造成的.则浅绿色
突变体 AO与 AA杂交,由于缺失 A的花粉不育,则后代都是深绿
色叶片玉米植株.
的速度减慢,而不是不再衰老；B.由于基因突变的不定向性,对
Indy基因进行诱变,不一定能限制果蝇细胞水平的能量吸收；
C.果蛇Indy基因的正常表达是通过转录和翻译过程来实现;D.果
蚬 Indy基因的突变若发生在配子中,将邀循遗传规律传递给后代.
型正常的夫妇生了一个性染色体组成为XXY的色盲男孩,则该男
孩的基因型是X'xY,该夫妇的基因型为X""x°、XY.异常男孩可
能是由于母亲在减数分裂I后期两条X°的姐妹染色单体没有分
高分生物[121]",8,7,高中生物分专题训练,,4,20,16,专题十四 生物的变异,OCR自动整理，建议按来源页抽查图表题和跨页题,高中生物分专题训练_题目答案知识标注.xlsx
952,"6.（2020·河西区线上模拟)研究者对分布在喜马拉雅山东侧不同海拨高度的358种鸣禽进行了研究,
生物的进化
专题十五
）基础题",,BA,"6.BA.生物多样性包括遗传多样性、物种多样性和生态系统多样
中与色紫、视觉相关的基因发生了大量丢失”.高压、终年无光等特
殊极端条件只是进行了自然选择；B.题干信息可知,超深渊狮子鱼
超基因的频率为90%,AA个体占81%,Aa个体占18%;C.S鸟种群
生殖隔离,可能交配成功,但不能产生可育后代；C.因自然选择,超
中所有个体含有的全部等位基因构成了该种群的基因库；D.Y岛
深渊狮子鱼基因组中与色素、视觉相关的基因发生了大量丢失,使
得超深渊狮子鱼种群与温带靠海岸狮子鱼种群的基因库不同；
D.协同进化是指不同物种之间、生物与无机环境之间在相互影响",12,11,高中生物分专题训练,,6,21,18,专题十五 生物的进化,OCR自动整理，建议按来源页抽查图表题和跨页题,高中生物分专题训练_题目答案知识标注.xlsx
953,"1.（2023·河西区二模)科学家研发出一套能成功从4万年前古人类“尼安德特人”的骨骼中提取线粒体
DNA并进行扩增和测序的方法,为人类进化的研究做出贡献,荣获2022年诺贝尔生理学或医学奖.
科学家将古人类“尼安德特人”化石中的线粒体DNA与现代人类线粒体DNA进行比较,获得人类进
化的证据属于
B.比较解剖学证据","A.化石证据
D.细胞和分子生物学证据
C.胚胎学证据",CA,"1.CA.四川大熊猫与陕西大熊猫为两个亚种.有共同的祖先.故在
陕西大熊猫的X染色体上也可能存在基因M/m或其等位基因:
B.可遗传变异为生物进化提供原材料,四川大熊猫更像熊·陕西大
熊猫更像猫.这是在可遗传变异的基础上自然选择的结果；C.两地
区大熊猫形态差异是自然选择的结果；D.加快同一亚种内大熊猫
7.（1抑菌大小
碎片化小种群之间的基因交流,这有助于减少近亲繁殖和遗传衰
退问题.",13,12,高中生物分专题训练,,1,21,19,专题十五 生物的进化,OCR自动整理，建议按来源页抽查图表题和跨页题,高中生物分专题训练_题目答案知识标注.xlsx
954,"2.(2020·红桥区一模)某种植物正常群体中可产生少量突变型植株,突变型植株可产生有毒的生物碱,
阅读下列材料,回答7~8题.
导致食用此种植株的某种昆虫死亡；此种昆虫正常群体中也可产生少量突变型个体,突变型个体食用
突变型植株不会死亡.下列叙述正确的是
是地球上最古老的物种之一.来自维尔茨堡大学和莱布尼茨淡水生态和内陆渔业研究所的科学家们已","A.突变型植株对此种昆虫的变异起到了定向诱导的作用
经成功地对鲟鱼的基因组进行了测序,他们能够证明,自恐龙全盛时期以来,鲟鱼的遗传物质的变化非
B.突变型昆虫和突变型植株的出现增加了物种的多样性
常小,鲟鱼基因组能帮助揭开脊椎动物祖先的一个重要谜团.
C.突变型昆虫的存在导致此种突变型植株突变基因的频率增大",B,"2.B A.生长在高低纬度的爵茄之间由于地理位暨的不同而存在地
理隔离;B.变异是不定向的,在实验之前已经出现了抗冷性突变
自然选择使高纬度地区的番茄抗冷性较强·故冷处理后高纬度地
区的种子存活率商；C.高低纬度番茄之间抗冷性的差异是长期自
然选择的结果；D.由于自然选择不同.高低纬度番茄种群之间基因
频率有差异.",15,14,高中生物分专题训练,,2,21,19,专题十五 生物的进化,OCR自动整理，建议按来源页抽查图表题和跨页题,高中生物分专题训练_题目答案知识标注.xlsx
955,"7.（2023·南开中学第二次月考)上述的事实为鲟鱼和其他脊椎动物具有共同祖先的观点,提供的证
D.此种昆虫和此种植物之间的相互选择能够实现二者的协同进化",,DA,"7.DA.该亚组草履虫屁于真核生物,生物的可遗传的变异可随时
中不断进化和发展,而超深渊狮子鱼是一个物种.",13,12,高中生物分专题训练,,7,21,18,专题十五 生物的进化,OCR自动整理，建议按来源页抽查图表题和跨页题,高中生物分专题训练_题目答案知识标注.xlsx
956,"3.(2020·七校联考期中)下列有关变异、育种和进化的叙述中,正确的是","A.基因突变一定引起基因结构的改变,不一定改变蛋白质的结构
B.三倍体无子西瓜的细胞中无同源染色体,不能进行正常的减数分裂
C.生物进化过程的实质是种群基因型频率发生定向改变",CA,"3.CA.亚洲野驴和非洲野驴的差异不仅仅是生活地点不同.还表
后代骤子不可育,说明马和驴相互间存在生殖隔离;C.DNA分子
具有特异性,因此,可通过DNA分子碱基序列的对比为家驴由非
洲野驴驯化而来提供分子生物学证据；D.人们的不同别化需求选
择了马和驴祖先的不同变异,进而使它们与各自祖先之间有了！
虫抗药性基因的产生不是杀虫剂诱发的结果·是本来就存在的；
B.当使用某种杀虫剂后,绝大多数害虫被杀死,少数具有抗药性的
个体生存下米并繁殖,抗药性害虫大量繁殖后,再用该种杀虫剂.
会有比以前更多的个体生存下来,因此.杀虫剂对害虫起到一个定
向选择的作用,使抗药性害虫比例增加；C.长期使用杀虫剂使种群
中抗药性基因频率发生改变;D.变异是不定向的.
不能产生可育后代,由题干信息可知变化后的蛾与祖先蛾人工交
配后,产出的受精卵不具有生命力,说明变化后的蛾与祖先蛾存在
生殖隔离；B.由于某种蛾易被蝠捕食,只有感受到蝠的超声波
时,会运用复杂的飞行模式逃脱危险的蛾才有可能被保留下来,不
具有这种能力的则被蝙蝠吃掉而淘汰了.因此蛾复杂飞行模式
的形成是自然选择的结果；C.协同进化是指不同物种之间、生物与
无机环境之间在相互影响中不断进化和发展的过程,在蛾与蝙蝠
的生存斗争中,这两个物种相互选择实现了协同进化；D.祖先
种群在进化过程中保留了一部分适应能力强的个体,淘汰了适应
能力弱的个体,因此其种群的基因频率发生了改变.
性,所以Y岛上的生物多样性不一定小于X岛;B.Y岛上,S鸟随
机交配产生的后代中 aa 个体占 1%,故 a 基因的频率为 10%,则 A
上的S鸟与X岛上的S鸟只存在地理隔离,不存在生殖隔离.
发生;B.人工合成的片段中的基因,与原草履虫有所不同.因此该
重组草履虫的出现增加了草展虫的基因多样性；C.“科学家用人工
合成的片段.成功替代了草履虫的1号和3号染色体的部分片段.
得到了重组草履虫”.据此可知,该重组草履虫的变异属于人工导
致的染色体结构变异；D.可遗传的变异只是为生物进化提供了材
料,而自然选择决定生物进化的方向,因此生活环境相同的条件
下,该重组草履虫的进化方向与原草履虫相同.
含b基因的染色体片段缺失；B.太空育种依据的原理主要是基因
突变；C.根据题干信息""将一个地区的品种与国内国际其他地区的
是基因重组,充分地利用了小麦的基因多样性；D.核能育种和太空
高分生物[123]",12,11,高中生物分专题训练,,3,21,18,专题十五 生物的进化,OCR自动整理，建议按来源页抽查图表题和跨页题,高中生物分专题训练_题目答案知识标注.xlsx
957,"8.（2023:南开中学第二次月考）比白鲟幸运的是,长江鲟和中华鲟已实现人工保种,但要实现自然种群
D.长期的地理隔离通常会形成生殖隔离,因此生殖隔离一定是地理隔离的结果",,DA,"8.DA.适应的相对性是指生物只是在一定时间,对一定环境的适
应,其对环境的适应具有相对性,灭绝是自然选择的结果；B.白鲟
和长江属于不同的物种,它们之间存在生殖隔离,不能产生可
育后代；C.生物进化的实质是种群基因频率的改变,长江种群经
多代繁殖,种群基因频率发生改变,则种群一定进化；D.即使中华",12,11,高中生物分专题训练,,8,21,18,专题十五 生物的进化,OCR自动整理，建议按来源页抽查图表题和跨页题,高中生物分专题训练_题目答案知识标注.xlsx
958,"4.(2023·南开区二模)科研人员对某处岛屿上的一种
地雀进行研究,发现该鸟类主要以植物种子为食.
0.5
1977年该岛降水量严重不足,只有产生大而坚硬种子
（如图右上角)的耐旱植物生存.1983年降水量充沛,
产生小而柔软种子的植物生长茂盛.随后几年没有
明显降水量的波动,据图说法正确的是",,BA,"4.BA.环境因素导致水稻遗传物质发生改变的变异是可遗传的；
9.（1)可遗传变异自然选择
(2)不同物种之间、生物与无机环境之间物种多样性
(3)发生不一定形成
解析:(1)达尔文进化论的主要内容:过度繁殖和生存斗争、遗传变
异、自然选择和适者生存；象龟、不会飞的鸥和蓝脚鸟等生物
「",12,11,高中生物分专题训练,,4,21,19,专题十五 生物的进化,OCR自动整理，建议按来源页抽查图表题和跨页题,高中生物分专题训练_题目答案知识标注.xlsx
959,"9.(2022·宝抵一中模拟)BtPMAT1为植物中特有的基因,其编码的蛋白质可对植物产生的一种防御","A.地雀喙大小的变化,是自然环境定向选择的结果
年份
B.1985年后喙的尺寸趋于稳定表明该种群数量稳定
C.1978～1983年地雀喙尺寸变大是由取食大粒种子导致的
D.研究表明喙的大小是由环境改变导致的可遗传的变异",B,"9.
B.突变和基因亚组能够为进化提供原材料·普通野生水稻在进化
过程中会导致遗传多样性发生改变；C.变异是不定向的,人工选择
不能改变变异的方向；D.花药离体培养普通栽培水稻的花粉,形成
的植株为单倍体.单倍体高度不育.不能产生籽粒.
物.因此万古聋索的合成过程中有水的生成:B.万古素抗药性的
形成是万古冠紧对VRE的变异进行定向选择的结果.其变异的产
生是自发的.不是万古紫诱导产生的；C.VRE为原核生物,其生
殖方式为无性繁殖.细胞中不具有染色体结构,因此VRE的变异
来源只有基因突变;D.进化出VRE的过程增加了生态系统中基因
的多样性和物种的多样性.
会通过各种方式来获得交配机会·以使将自已的遗传信息传逆下
去,生物的求偶行为是一种长期自然选择的结果,也是一种适应性
行为;B.在一定环境的选择作用下,可遗传的有利变异会赋予某些
个体生存和繁殖的优势,经过代代繁殖.群体中这样的个休就会越
来越多,有利变异通过逐代积累而成为显著的适应性特征,进而出
现新的生物类型;C.生物的变异是不定向的,其变异的结果可能对
生物的生存是有利的.也有可能是不利的,并不是所有变异均会赋
予种群生存和繁殖的优势；D.仙人掌的叶退化成叶刺后有利于保
水,从而适应干旱的环境,但光合作用减弱,不利于积累有机物,说
明适应具有相对性.
(2)B
(3)06
①之前
(4)50%进化了该种群基因频率发生了变化
解析:(1)本实验是利用抑菌圈大小来衡量抑菌效果的.
(2)抑菌圈的大小可反映抗生紫的抑菌能力,即抑菌圈越大,说明
抑菌能力越强.因此题图甲中抑菌效果圾好的是B培养皿中的抗
生素.
(3)①抗生素会使细菌中不具抗药性的个体大死亡,细菌数量下
降.结合图乙可知b时刻开始向培养基中加抗生紫.细菌的抗
药性在使用抗生紫之前就已经产生了.
(4)BB、Bb、bb的基因型频率分别为20%、50%、30%,该种群中b
的基因频率为30%十1/2×50%=55%、一年后基因型为BB的个",12,11,高中生物分专题训练,,9,21,19,专题十五 生物的进化,OCR自动整理，建议按来源页抽查图表题和跨页题,高中生物分专题训练_题目答案知识标注.xlsx
960,"5.（2020·部分区一模)下列有关生物变异和进化的叙述,正确的是","A.突变一定不利于生物适应环境,但可为进化提供原材料
B.三倍体植物能够由受精卵发育而来,也可由无性繁殖获得
C.生物的进化必须经过长期的地理隔离,然后再发生生殖隔离
D.基因突变产生新的等位基因,一定会使种群的基因颜率发生变化
一飞冲天
绘制了该地区鸣禽物种的演化图表（部分)及其在不同海拔分布情况的示意图（图中数字编号代表不
同鸣禽物种的种群）.下列相关叙述中错误的是
A.种群①内部个体间形态和大小方面的差异可距今时间（百万年）
体现基因的多样性
B.在②③①③四个物种中,亲缘关系最近的两个
高海技
物种是②和?
中海拨
C.自然选择的直接对象是种群中不同的等位基因
D.在生物进化过程中,由于地理隔离,可使①原
低海拨
种群之间彼此不能接触,失去交配机会
在长江游弋了一亿五千万年的“中国淡水鱼之王”白鲟,最终被正式宣布灭绝.就进化史而言,鲟鱼
据是
B.比较解剖学的证据
A.分子水平的证据
D.胚胎学的证据
C.化石的证据
的恢复则任重道远.下列叙述错误的是
A.白鲟灭绝是自然选择的结果,其对环境的适应具有相对性
B.白鲟和长江鲟之间存在着生殖隔离,不能产生可育后代
C.若长江鲟种群经多代繁殖后种群基因频率发生改变,则种群一定进化
D.中华鲟遗传物质变化小,无法体现基因多样性
性化合物进行化学修饰,从而消除这种化合物的毒性.研究发现烟粉虱基因组中也存在高度类似
BtPMAT1基因的序列,使植物防御性化合物对烟粉虱失效.通过转基因技术使番茄产生能特异性
抑制烟粉虱中BIPMAT1表达的RNA分子,烟粉虱食用该转基因番茄后会死亡.下列相关叙述不
正确的是
A.烟粉虱基因组中存在BtPMATI基因是自然选择的结果
B.转基因番茄自身发生的该防御性化合物显著增多
C.转基因番茄可有效抵御烟粉虱侵害
D.大量种植转基因番茄可使烟粉虱的基因频率发生定向改变",BA,"5.BA.万古霉素是一种糖肽类抗生素.而肽是氨基酸脱水缩合的产
适应了加拉帕戈斯群岛的独特环境·达尔文认为适应的来源是可
遗传的变异.适应是长期自然选择的结果.
(2)协同进化是指不同物种之间、生物与无机环境之间在相互影响
中不断进化和发展:协同进化导致了生物多样性的形成·生物多样
性主要包括遗传多样性（或基因多样性）、物种多样性和生态系统
多样性.
(3)人们通过喷施杀虫剂来消灭该昆虫可使抗药性差的个体被淘",15,14,高中生物分专题训练,,5,21,19,专题十五 生物的进化,OCR自动整理，建议按来源页抽查图表题和跨页题,高中生物分专题训练_题目答案知识标注.xlsx
961,"6.【难题】(2022·南开区一模)如图表示某些太平洋岛屿上部分鸟类的分
提升题
布及迁移情况,其中S鸟有A","A、Aa、aa三种基因型,调查发现Y岛上S",BA,"6.BA.生物多样性包括遗传多样性、物种多样性和生态系统多样
中与色紫、视觉相关的基因发生了大量丢失”.高压、终年无光等特
殊极端条件只是进行了自然选择；B.题干信息可知,超深渊狮子鱼
超基因的频率为90%,AA个体占81%,Aa个体占18%;C.S鸟种群
生殖隔离,可能交配成功,但不能产生可育后代；C.因自然选择,超
中所有个体含有的全部等位基因构成了该种群的基因库；D.Y岛
深渊狮子鱼基因组中与色素、视觉相关的基因发生了大量丢失,使
得超深渊狮子鱼种群与温带靠海岸狮子鱼种群的基因库不同；
D.协同进化是指不同物种之间、生物与无机环境之间在相互影响",1,0,高中生物分专题训练,,6,22,18,专题十五 生物的进化,OCR自动整理，建议按来源页抽查图表题和跨页题,高中生物分专题训练_题目答案知识标注.xlsx
962,"1.（2021·南开区期末）狮子鱼多栖息于温带靠海岸的岩礁或珊瑚礁内,但在马里亚纳海沟7000米以下
鸟随机交配产生的后代中aa个体占1%.下列相关叙述正确的是（
的深海环境生存着一个通体透明的新物种一—超深渊狮子鱼.该环境具有高压、终年无光等特殊极","A.岛上的所有生物构成生物多样性,Y岛上的生物多样性小于X岛
端条件.研究发现,该超深渊狮子鱼基因组中与色素、视觉相关的基因发生了大量丢失,这些遗传变
B.Y岛上,S鸟种群中A基因的频率为90%,Aa个体占18%
异共同造成了这一物种的奇特表型和对超深渊极端环境的适应能力.下列说法正确的是
C.S鸟种群中所有个体含有的A、a基因构成了该种群的基因库
A.在海底漆黑环境的诱导下,超深渊狮子鱼的眼睛应已退化
D.Y岛上的S鸟与X岛上的S鸟既存在地理隔离,也存在生殖隔离
B.超深渊狮子鱼与温带靠海岸分布的狮子鱼一定不能交配成功",CA,"1.CA.四川大熊猫与陕西大熊猫为两个亚种.有共同的祖先.故在
陕西大熊猫的X染色体上也可能存在基因M/m或其等位基因:
B.可遗传变异为生物进化提供原材料,四川大熊猫更像熊·陕西大
熊猫更像猫.这是在可遗传变异的基础上自然选择的结果；C.两地
区大熊猫形态差异是自然选择的结果；D.加快同一亚种内大熊猫
7.（1抑菌大小
碎片化小种群之间的基因交流,这有助于减少近亲繁殖和遗传衰
退问题.",14,13,高中生物分专题训练,,1,22,19,专题十五 生物的进化,OCR自动整理，建议按来源页抽查图表题和跨页题,高中生物分专题训练_题目答案知识标注.xlsx
963,"7.(2021·和平区期末)科学家用人工合成的片段,成功替代了草履虫的1号和3号染色体的部分片段,
C.在自然选择作用下,超深渊狮子鱼种群与温带靠海岸狮子鱼种群的基因库不同
得到了重组草履虫,将重组草履虫放归原生活环境中仍能存活,未见明显异常.对于该重组草履虫的
D.在深海环境中,超深渊狮子鱼个体间在斗争过程中相互选择,协同进化
认识,下列错误的是",,DA,"7.DA.该亚组草履虫屁于真核生物,生物的可遗传的变异可随时
中不断进化和发展,而超深渊狮子鱼是一个物种.",14,13,高中生物分专题训练,,7,22,18,专题十五 生物的进化,OCR自动整理，建议按来源页抽查图表题和跨页题,高中生物分专题训练_题目答案知识标注.xlsx
964,"2.（2020·河北区一模）科学家最近在墨西哥湾深海发现了某种鱼,雌鱼头顶自带“钓鱼竿”——若干个","A.该重组草履虫仍能产生可遗传的变异
肉状突起,可发出光源,吸引猎物.雄鱼则吸附在雌鱼体表提供繁殖所需的精子,同时通过雌鱼血液
B.该重组草履虫的出现增加了草履虫的基因多样性
获取营养物质.下列叙述正确的是
C.该重组草履虫的变异属于人工导致的染色体结构变异
A.头顶发光""钓鱼竿”的形成是海底黑暗环境长期诱导的结果
D.该重组草履虫的进化方向与原草履虫有所不同
B.此种鱼种群在深海环境条件稳定时,基因频率也可能会改变
阅读下列材料,回答8题.
C.雌雄鱼的生活繁殖方式是它们长期协同进化中相互适应形成的
中国是一个农业大国,农产品的高品质和多样性对我国农业具有重大的意义.育种创新正是其中
D.此种鱼形成的过程仅靠基因突变和基因重组提供进化的原材料
首要和关键的因素.随着科学的发展,我国科学家尝试了多种育种技术.
材料一穿梭育种是近年来小麦育种采用的新模式.农业科学家将一个地区的品种与国内国际其他地
包括亚洲野驴和非洲野驴两种,科学家研究发现家驴是由非洲野驴化而来.马和驴杂交可产生骠,
区的品种进行杂交,然后通过在两个地区间不断地反复交替穿梭种植、选择、鉴定,最终选育出多种抗病
但骤通常不能繁育后代.下列有关叙述正确的是
()
高产的小麦新品种.
A.亚洲野驴和非洲野驴的差异仅仅是生活地点不同
材料二,染色体部分缺失在育种方面也有重要作用.如图所示为育种专家对棉花品种的培育过程.
B.马和驴可以相互杂交产生后代,相互间没有生殖隔离
C.通过对比DNA分子碱基序列能为家驴由非洲野驴化而来提供证据
D.人们的不同驯化需求使马和驴的祖先发生了相应的变异
材料三一核能育种又叫核辐射育种,通过核反应释放能量,产生的高能粒子与生物体发生相互作用,破",B,"2.B A.生长在高低纬度的爵茄之间由于地理位暨的不同而存在地
理隔离;B.变异是不定向的,在实验之前已经出现了抗冷性突变
自然选择使高纬度地区的番茄抗冷性较强·故冷处理后高纬度地
区的种子存活率商；C.高低纬度番茄之间抗冷性的差异是长期自
然选择的结果；D.由于自然选择不同.高低纬度番茄种群之间基因
频率有差异.",13,12,高中生物分专题训练,,2,22,19,专题十五 生物的进化,OCR自动整理，建议按来源页抽查图表题和跨页题,高中生物分专题训练_题目答案知识标注.xlsx
965,"4.【易错1(2020·七校联考期中)农业生产中长期使用某种杀虫剂后,害虫的抗药性增强,杀虫效果下
一坏生物体遗传物质DNA结构,使其基因发生改变,进而形成一种新的性状,然后将对人类有利的性状筛
降.下列说法正确的是
选、利用和固化下来,形成新的品种.",A.杀虫剂诱发了害虫抗药性基因的产生,BA,"4.BA.环境因素导致水稻遗传物质发生改变的变异是可遗传的；
9.（1)可遗传变异自然选择
(2)不同物种之间、生物与无机环境之间物种多样性
(3)发生不一定形成
解析:(1)达尔文进化论的主要内容:过度繁殖和生存斗争、遗传变
异、自然选择和适者生存；象龟、不会飞的鸥和蓝脚鸟等生物
「",7,6,高中生物分专题训练,,4,22,19,专题十五 生物的进化,OCR自动整理，建议按来源页抽查图表题和跨页题,高中生物分专题训练_题目答案知识标注.xlsx
966,"8.（2022·河北区一模）下列关于育种知识的叙述正确的是
B.杀虫剂对害虫具有选择作用,使抗药性害虫的比例增加","A.粉红棉S的出现是染色体数目变异的结果
C.长期使用杀虫剂使种群中抗药性基因频率不变
B.太空育种依据的原理主要是染色体变异
D.害虫产生了抗药性强的定向变异
C.穿梭育种利用的主要原理是基因重组,充分地利用了小麦的基因多样性",DA,"8.DA.适应的相对性是指生物只是在一定时间,对一定环境的适
应,其对环境的适应具有相对性,灭绝是自然选择的结果；B.白鲟
和长江属于不同的物种,它们之间存在生殖隔离,不能产生可
育后代；C.生物进化的实质是种群基因频率的改变,长江种群经
多代繁殖,种群基因频率发生改变,则种群一定进化；D.即使中华",14,13,高中生物分专题训练,,8,22,18,专题十五 生物的进化,OCR自动整理，建议按来源页抽查图表题和跨页题,高中生物分专题训练_题目答案知识标注.xlsx
967,"5.（2021·南开中学第四次月考某种蛾易被蝙蝠捕食,千百万年之后,一部分蛾感受到蝙蝠的超声波
D.核能育种和太空育种都能改变生物体基因,而且改变的基因都可以被传递给后代
时,便会运用复杂的飞行模式,逃脱危险,其身体也发生了一些改变.蛾的变化也影响蝙蝠回声定位",,BA,"5.BA.万古霉素是一种糖肽类抗生素.而肽是氨基酸脱水缩合的产
适应了加拉帕戈斯群岛的独特环境·达尔文认为适应的来源是可
遗传的变异.适应是长期自然选择的结果.
(2)协同进化是指不同物种之间、生物与无机环境之间在相互影响
中不断进化和发展:协同进化导致了生物多样性的形成·生物多样
性主要包括遗传多样性（或基因多样性）、物种多样性和生态系统
多样性.
(3)人们通过喷施杀虫剂来消灭该昆虫可使抗药性差的个体被淘",12,11,高中生物分专题训练,,5,22,19,专题十五 生物的进化,OCR自动整理，建议按来源页抽查图表题和跨页题,高中生物分专题训练_题目答案知识标注.xlsx
968,"9.（2023·南开中学第二次月考)达尔文进化论的主要证据来自他在加拉帕戈斯群岛上收集的大量化石
系统与捕食策略的改进.当变化后的鳗与祖先蛾人工交配后,产出的受精卵不具有生命力.下列相
和标本,该群岛由13座大岛和上百个岛礁组成,群岛上有许多奇特物种:象龟是现存体型最大的陆
()
关的叙述不正确的是
龟,不同岛屿的象龟龟壳形状差异明显；岛上丰富的食物、良好的生境、不存在天敌、自然的演化也使
B.螺复杂飞行模式的形成是自然选择的结果","A.变化后的蛾与祖先蛾存在生殖隔离
岛上的弱翅逐渐丧失了飞行的能力,缩小的翅膀为其在水中快速游动提供了条件；蓝脚缝鸟,也
D.祖先螺种群的基因频率未发生改变
C.蛾与蝙蝠间发生了协同进化
是加拉帕戈斯群岛的特有物种,靠它的蓝色大脚吸引异性.请据以上材料回答问题:
专题十五生物的进化
45
L鸟
S鸟
迁移
X岛
()
白色棉
深红棉S
粉红棉S
白色棉N
()",B,"9.
B.突变和基因亚组能够为进化提供原材料·普通野生水稻在进化
过程中会导致遗传多样性发生改变；C.变异是不定向的,人工选择
不能改变变异的方向；D.花药离体培养普通栽培水稻的花粉,形成
的植株为单倍体.单倍体高度不育.不能产生籽粒.
物.因此万古聋索的合成过程中有水的生成:B.万古素抗药性的
形成是万古冠紧对VRE的变异进行定向选择的结果.其变异的产
生是自发的.不是万古紫诱导产生的；C.VRE为原核生物,其生
殖方式为无性繁殖.细胞中不具有染色体结构,因此VRE的变异
来源只有基因突变;D.进化出VRE的过程增加了生态系统中基因
的多样性和物种的多样性.
会通过各种方式来获得交配机会·以使将自已的遗传信息传逆下
去,生物的求偶行为是一种长期自然选择的结果,也是一种适应性
行为;B.在一定环境的选择作用下,可遗传的有利变异会赋予某些
个体生存和繁殖的优势,经过代代繁殖.群体中这样的个休就会越
来越多,有利变异通过逐代积累而成为显著的适应性特征,进而出
现新的生物类型;C.生物的变异是不定向的,其变异的结果可能对
生物的生存是有利的.也有可能是不利的,并不是所有变异均会赋
予种群生存和繁殖的优势；D.仙人掌的叶退化成叶刺后有利于保
水,从而适应干旱的环境,但光合作用减弱,不利于积累有机物,说
明适应具有相对性.
(2)B
(3)06
①之前
(4)50%进化了该种群基因频率发生了变化
解析:(1)本实验是利用抑菌圈大小来衡量抑菌效果的.
(2)抑菌圈的大小可反映抗生紫的抑菌能力,即抑菌圈越大,说明
抑菌能力越强.因此题图甲中抑菌效果圾好的是B培养皿中的抗
生素.
(3)①抗生素会使细菌中不具抗药性的个体大死亡,细菌数量下
降.结合图乙可知b时刻开始向培养基中加抗生紫.细菌的抗
药性在使用抗生紫之前就已经产生了.
(4)BB、Bb、bb的基因型频率分别为20%、50%、30%,该种群中b
的基因频率为30%十1/2×50%=55%、一年后基因型为BB的个",13,12,高中生物分专题训练,,9,22,19,专题十五 生物的进化,OCR自动整理，建议按来源页抽查图表题和跨页题,高中生物分专题训练_题目答案知识标注.xlsx
969,"5.(2021·南开中学模拟)万古霉素是一种提取自拟无枝酸菌（AO)的糖肽类抗生素,在很长一段时间内
,适应是长期
的结果.
源是
(2)象龟、不会飞的鸥鹅和蓝脚鸟等生物能够在加拉帕戈斯群岛这样独特的环境中生存是协同进化
在相互影响中不断进化和发展.协同
的结果.协同进化是指
进化导致了生物多样性的形成,生物多样性主要包括三个层次的内容:遗传多样性、
和生
态系统多样性.
（选填“发生”或“没有发生"")进化,
（填“形成”“没有形成”或“不一
时间后,该昆虫",,BA,"5.BA.万古霉素是一种糖肽类抗生素.而肽是氨基酸脱水缩合的产
适应了加拉帕戈斯群岛的独特环境·达尔文认为适应的来源是可
遗传的变异.适应是长期自然选择的结果.
(2)协同进化是指不同物种之间、生物与无机环境之间在相互影响
中不断进化和发展:协同进化导致了生物多样性的形成·生物多样
性主要包括遗传多样性（或基因多样性）、物种多样性和生态系统
多样性.
(3)人们通过喷施杀虫剂来消灭该昆虫可使抗药性差的个体被淘",14,13,高中生物分专题训练,,5,23,19,专题十五 生物的进化,OCR自动整理，建议按来源页抽查图表题和跨页题,高中生物分专题训练_题目答案知识标注.xlsx
970,"6.（2024·耀华中学第三次月考)达尔文的自然选择学说对生物“适应”的形成过程作出了科学的解释,
定形成”)新物种.
)名校题",,BA,"6.BA.生物多样性包括遗传多样性、物种多样性和生态系统多样
中与色紫、视觉相关的基因发生了大量丢失”.高压、终年无光等特
殊极端条件只是进行了自然选择；B.题干信息可知,超深渊狮子鱼
超基因的频率为90%,AA个体占81%,Aa个体占18%;C.S鸟种群
生殖隔离,可能交配成功,但不能产生可育后代；C.因自然选择,超
中所有个体含有的全部等位基因构成了该种群的基因库；D.Y岛
深渊狮子鱼基因组中与色素、视觉相关的基因发生了大量丢失,使
得超深渊狮子鱼种群与温带靠海岸狮子鱼种群的基因库不同；
D.协同进化是指不同物种之间、生物与无机环境之间在相互影响",12,11,高中生物分专题训练,,6,23,18,专题十五 生物的进化,OCR自动整理，建议按来源页抽查图表题和跨页题,高中生物分专题训练_题目答案知识标注.xlsx
971,"1.(2023·滨海新区三模)中国境内生存着四川大熊猫和陕西大熊猫两个亚种,前者更像熊,后者更像
猫.两者虽然是近亲,但它们近30万年来一直处于地理隔离状态.已知四川大熊猫的X染色体上有
一对等位基因M/m.下列相关叙述错误的是",,CA,"1.CA.四川大熊猫与陕西大熊猫为两个亚种.有共同的祖先.故在
陕西大熊猫的X染色体上也可能存在基因M/m或其等位基因:
B.可遗传变异为生物进化提供原材料,四川大熊猫更像熊·陕西大
熊猫更像猫.这是在可遗传变异的基础上自然选择的结果；C.两地
区大熊猫形态差异是自然选择的结果；D.加快同一亚种内大熊猫
7.（1抑菌大小
碎片化小种群之间的基因交流,这有助于减少近亲繁殖和遗传衰
退问题.",3,2,高中生物分专题训练,,1,23,19,专题十五 生物的进化,OCR自动整理，建议按来源页抽查图表题和跨页题,高中生物分专题训练_题目答案知识标注.xlsx
972,"7.（2021·静海一中期末)某实验小组想探究不同种类抗生素对某种细菌的选择作用,计划首先选出一","A.在陕西大熊猫的X染色体上可能也存在基因M/m或其等位基因
B.两地区大熊猫的形态差异是在遗传变异的基础上自然选择的结果
C.两地区大熊猫形态差异是长期种群内个体间以及生物与无机环境间协同进化的结果
D.加快同一亚种内大熊猫碎片化小种群之间的基因交流,有助于减少遗传衰退问题",DA,"7.DA.该亚组草履虫屁于真核生物,生物的可遗传的变异可随时
中不断进化和发展,而超深渊狮子鱼是一个物种.",15,14,高中生物分专题训练,,7,23,18,专题十五 生物的进化,OCR自动整理，建议按来源页抽查图表题和跨页题,高中生物分专题训练_题目答案知识标注.xlsx
973,"2.【易错】(2021·天津一中第三次月考)为研究番茄的抗冷性,将
来自高纬
不同纬度和不同种的番茄幼苗培养在相同温室中,然后将所有
度的种子
60
幼苗经历7天的冷处理（0℃),再转移至温室,培养7天.统
抗冷性幼苗存活百
来自低纬度的种子
计其存活率,结果如图所示,相关叙述不合理的是
1)衡量抑菌效果的指标是","A.生长在高低纬度的番茄之间存在地理隔离
20
B.高纬度地区的番茄更容易产生抗冷性突变
纬度
C.高低纬度番茄之间抗冷性的差异是长期自然选择的结果
D.高低纬度番茄种群之间基因频率有差异",B,"2.B A.生长在高低纬度的爵茄之间由于地理位暨的不同而存在地
理隔离;B.变异是不定向的,在实验之前已经出现了抗冷性突变
自然选择使高纬度地区的番茄抗冷性较强·故冷处理后高纬度地
区的种子存活率商；C.高低纬度番茄之间抗冷性的差异是长期自
然选择的结果；D.由于自然选择不同.高低纬度番茄种群之间基因
频率有差异.",12,11,高中生物分专题训练,,2,23,19,专题十五 生物的进化,OCR自动整理，建议按来源页抽查图表题和跨页题,高中生物分专题训练_题目答案知识标注.xlsx
974,"3.（2022·南开中学第三次月考)如果在一个植物群体中,基因型AA的个体所占的比例为25%,基因型
Aa的个体所占的比例为50%,基因型aa 的个体所占的比例为25%.已知基因型aa的个体失去繁殖
的能力,则随机交配得到的下一代中,基因型aa的个体所占的比例的","A.1/16
B. 1/9
C.1/8
D.1/4",CA,"3.CA.亚洲野驴和非洲野驴的差异不仅仅是生活地点不同.还表
后代骤子不可育,说明马和驴相互间存在生殖隔离;C.DNA分子
具有特异性,因此,可通过DNA分子碱基序列的对比为家驴由非
洲野驴驯化而来提供分子生物学证据；D.人们的不同别化需求选
择了马和驴祖先的不同变异,进而使它们与各自祖先之间有了！
虫抗药性基因的产生不是杀虫剂诱发的结果·是本来就存在的；
B.当使用某种杀虫剂后,绝大多数害虫被杀死,少数具有抗药性的
个体生存下米并繁殖,抗药性害虫大量繁殖后,再用该种杀虫剂.
会有比以前更多的个体生存下来,因此.杀虫剂对害虫起到一个定
向选择的作用,使抗药性害虫比例增加；C.长期使用杀虫剂使种群
中抗药性基因频率发生改变;D.变异是不定向的.
不能产生可育后代,由题干信息可知变化后的蛾与祖先蛾人工交
配后,产出的受精卵不具有生命力,说明变化后的蛾与祖先蛾存在
生殖隔离；B.由于某种蛾易被蝠捕食,只有感受到蝠的超声波
时,会运用复杂的飞行模式逃脱危险的蛾才有可能被保留下来,不
具有这种能力的则被蝙蝠吃掉而淘汰了.因此蛾复杂飞行模式
的形成是自然选择的结果；C.协同进化是指不同物种之间、生物与
无机环境之间在相互影响中不断进化和发展的过程,在蛾与蝙蝠
的生存斗争中,这两个物种相互选择实现了协同进化；D.祖先
种群在进化过程中保留了一部分适应能力强的个体,淘汰了适应
能力弱的个体,因此其种群的基因频率发生了改变.
性,所以Y岛上的生物多样性不一定小于X岛;B.Y岛上,S鸟随
机交配产生的后代中 aa 个体占 1%,故 a 基因的频率为 10%,则 A
上的S鸟与X岛上的S鸟只存在地理隔离,不存在生殖隔离.
发生;B.人工合成的片段中的基因,与原草履虫有所不同.因此该
重组草履虫的出现增加了草展虫的基因多样性；C.“科学家用人工
合成的片段.成功替代了草履虫的1号和3号染色体的部分片段.
得到了重组草履虫”.据此可知,该重组草履虫的变异属于人工导
致的染色体结构变异；D.可遗传的变异只是为生物进化提供了材
料,而自然选择决定生物进化的方向,因此生活环境相同的条件
下,该重组草履虫的进化方向与原草履虫相同.
含b基因的染色体片段缺失；B.太空育种依据的原理主要是基因
突变；C.根据题干信息""将一个地区的品种与国内国际其他地区的
是基因重组,充分地利用了小麦的基因多样性；D.核能育种和太空
高分生物[123]",1,0,高中生物分专题训练,,3,23,18,专题十五 生物的进化,OCR自动整理，建议按来源页抽查图表题和跨页题,高中生物分专题训练_题目答案知识标注.xlsx
975,4.(2020·天津一中第三次月考)普通裁培水稻是普通野生水稻进化而来的.下列相关叙述正确的是（,"A.普通野生水稻受环境因紫影响产生的变异都是不可遗传的
B.普通野生水稻在进化过程中会导致遗传多样性发生改变
C.人工选择能够改变普通栽培水稻变异的方向和基因频率改变的速度
D.花药离体培养普通栽培水稻的花粉,能获得植株籽粒弱小的单倍体
一飞冲天
是治疗严重感染的“最后一道防线”.近年来,由于抗生素的滥用,自然界中已经出现了可抵抗万古霉
素的抗药性肠球菌（VRE).下列有关说法错误的是
A.在AO合成万古霉素的过程中有水生成
B.万古霉素的诱导使VRE产生抗药性变异
C.VRE的变异来源不包括染色体变异
D.进化出VRE的过程增加了生物多样性
下列有关说法错误的是
A.雄性动物求偶时会通过各种方式获得交配机会,是一种适应性行为
B.可遗传的有利变异和环境的定向选择是适应性生物新类型形成的必要条件
C.经环境诱发产生的各种变异均会赋予种群生存和繁殖的优势,提高环境适应性
D.仙人掌的叶退化成叶刺后有利于保水,但光合作用减弱,体现了适应的相对性
种细菌耐药性较小的抗生素,方法如下:将含有相同浓度的不同抗生素的滤纸片（规格相同)放置在已
接种细菌的固体培养基中心,抗生素向周围的培养基中扩散.如果抗生素抑制细菌生长,则滤纸片周
围会出现抑菌圈（图甲里面的圈）,结果如图甲所示.
培养皿中的抗生素.
(2)图甲中抑菌效果最好的是
细菌数量
间的变化,如图乙所示:
时刻.
①向培养基中加抗生素的时间为
②细菌抗药性的产生是发生在使用抗生素
（填“之前”或“之
后"").
(4)某松鼠种群中与某性状有关的基因型为BB、Bb、bb,三者的基因型频率分别为20%、50%、30%.
因为感染了该种细菌,一年后基因型为BB、Bb的个体数量分别增加了35%、8%,bb的个体数量
,经过这一年,该松鼠
（填“进化了”或“没进化""),理由是
种群进化了吗？",BA,"4.BA.环境因素导致水稻遗传物质发生改变的变异是可遗传的；
9.（1)可遗传变异自然选择
(2)不同物种之间、生物与无机环境之间物种多样性
(3)发生不一定形成
解析:(1)达尔文进化论的主要内容:过度繁殖和生存斗争、遗传变
异、自然选择和适者生存；象龟、不会飞的鸥和蓝脚鸟等生物
「",14,13,高中生物分专题训练,,4,23,19,专题十五 生物的进化,OCR自动整理，建议按来源页抽查图表题和跨页题,高中生物分专题训练_题目答案知识标注.xlsx
976,"6.(2023·河北区二模)遗传病监测和预防对提高我国人口索质有重要意义.一对表型正常的夫妇,生",,AA,"6. AA.该病受常染色体隐性致病基因控制,假设相关基因用 A、a
专题十六必修2综合测试",1,0,高中生物分专题训练,,6,24,20,专题十六 必修2综合测试,OCR自动整理，建议按来源页抽查图表题和跨页题,高中生物分专题训练_题目答案知识标注.xlsx
977,"1.(2021·红桥区一模)关于某二倍体哺乳动物细胞有丝分裂和减数分裂的叙述,不正确的是
育了一个表型正常的女儿和一个患镰状细胞贫血的儿子(致病基因位于11号染色体上,由单对碱基","A.有丝分裂前的间期和减数分裂前的间期,都进行1次染色质DNA的复制
突变引起）.为了解后代的发病风险,该家庭成员自愿进行了相应的基因检测（如图）.下列叙述正确
C.减数分裂ⅡI中期染色体数是染色体上DNA分子数的一半
的是
D.有丝分裂后期与减数分裂IⅡ后期都发生着丝粒分裂、姐妹染色单体分离",,,5,4,高中生物分专题训练,,1,24,,专题十六 必修2综合测试,OCR自动整理，建议按来源页抽查图表题和跨页题,高中生物分专题训练_题目答案知识标注.xlsx
978,"2.（2023·南开区二模）蜜蜂群体中蜂王和工蜂为二倍体（2n=32),雄蜂由卵细胞直接发育而来.下图
为雄蜂产生精子过程中染色体行为变化示意图（染色体未全部呈现),下列相关叙述正确的是（","A.女儿将该致病基因传递给下一代的概率是1/3
退化消失
B.女儿和父母基因检测结果相同的概率是3/4
O退化消失
C.若父母生育第三胎,此孩携带该致病基因的概率是2/3
A.雄蜂和蜂王在形成成熟的生殖细胞过程中都存在同源染色体的分离
D.镰状细胞贫血的根本原因是组成血红蛋白分子的肽链上发生了氨基酸替换
B.雄蜂有丝分裂后期与减数分裂Ⅱ后期细胞中都含有32条染色体",BA,"2.BA.密蜂的雄蜂是由未受精的卵细胞发育而成的,没有同源染色
体,因此雄蜂的生殖细胞在进行减数分裂的过程中不存在同源染
色体的分离,而蜂王是由受精卵发育而成的,含有同源染色体,蜂
王的生殖细胞在进行减数分裂的过程中存在同源染色体的分离；
B.雄蜂有丝分裂后期与减数分裂ⅡI后期.细胞中都含有32条染色",8,7,高中生物分专题训练,,2,24,20,专题十六 必修2综合测试,OCR自动整理，建议按来源页抽查图表题和跨页题,高中生物分专题训练_题目答案知识标注.xlsx
979,"7.（2020·耀华中学第二次月考)下列有关遗传、变异、生物进化的相关叙述中,错误的是
C.雄蜂的减数分裂机制能保证1个精原细胞产生4个正常的精子
D.雄蜂产生精子时非同源染色体的自由组合提高了精子中染色体组成的多样性","A.杂合子黄色皱粒(Yyrr)豌豆自交因基因重组而导致后代性状分离,出现了黄色皱粒和绿色皱粒豌豆",AA,"7.AA.杂合子黄色皱粒（Yyrr)豌豆自交,后代出现黄色皱粒和绿
体；C.雄蜂的1个精原细胞.通过减数分裂只产生1个正常的精
子；D.雄蜂不含同源染色体,产生精子过程中不会发生同源染色体
分离和非同源染色体的自由组合.",12,11,高中生物分专题训练,,7,24,20,专题十六 必修2综合测试,OCR自动整理，建议按来源页抽查图表题和跨页题,高中生物分专题训练_题目答案知识标注.xlsx
980,"3.(2021·天津一中第二次月考)对如图所表示的生物学意义的描述,正确的是
B.减数分裂过程中非同源染色体之间交换一部分片段会导致染色体结构变异
C.新物种的形成通常要经过突变和基因重组、自然选择及隔离三个基本环节,种群基因频率发生改
变,不一定会形成新物种
D.无子西瓜和无子番茄的获得,两者所涉及的生物学原理分别是染色体变异、生长索能促进果实的
发育","A.若图甲表示雄果蝇体细胞染色体组成图,体细胞中最多含有四个染色体组",A,"3.A甲图为雄果体细胞中染色体组成图,且该果蚬的基因型为
AaX""Y.乙细胞含有2对同源染色体(1和2、3和4);其中1和2
上含有一对等位基因,3和4上含有一对等位基因.丙细胞含有同
源染色体,且若丝粒分裂,可能处于有丝分裂后期.“有中生无为
显性,生女正常为常显”,因此该病为常染色体显性遗传病.A.图
甲表示雄果蚬体细胞的染色体组成图,当细胞处于有丝分裂后期！
时,细胞内染色体数加倍.染色体组数也加倍,即此时达到圾多4,",11,10,高中生物分专题训练,,3,24,20,专题十六 必修2综合测试,OCR自动整理，建议按来源页抽查图表题和跨页题,高中生物分专题训练_题目答案知识标注.xlsx
981,"8.【难题】(2020红桥区一模用EMS处理野生型水稻wt得到了mp和ac两个矮秆突变体,利用两个
B.对图乙代表的生物进行测交,其后代中,基因型为AADD的个体所占的概率为1/4
突变体进行了杂交实验,结果如表.进一步研究发现,mp突变基因定位在11号染色体上,ac突变基
C.图丙细胞处于有丝分裂后期,染色单体数、DNA分子数均为8条
○因定位在1号染色体上.下列有关叙述不正确的是
D.图丁所示家系中男性患者明显多于女性患者,该病是伴X染色体隐性遗传病",,D,"8.D分析题干.mp突变基因定位在11号染色体上,ac突变基因定
个染色体组;B.乙图中两对等位基因位于不同对的同源染色体上.
遵循基因自由组合定律,因此该生物测交后产生基因型为AaDd、
Aadd、aaDd和aadd四种子代.各占1/4.没有AADD的基因型个
体；C.丙图细胞含同源染色体,若丝粒分裂、处于有丝分裂后期.含
有8条染色体,8个核DNA分子,没有染色单体;D.由分析可判断
丁图家系中的遗传病为常染色体显性遗传病.",15,14,高中生物分专题训练,,8,24,20,专题十六 必修2综合测试,OCR自动整理，建议按来源页抽查图表题和跨页题,高中生物分专题训练_题目答案知识标注.xlsx
982,"4.（2021·八校联考期中)下列有关生物体遗传物质的叙述,正确的是","A.真核生物的遗传物质是DNA,原核生物的遗传物质是RNA
B.T2噬菌体的遗传物质含有S元索
C.蓝细菌的遗传物质主要分布在染色体上
D.大肠杆菌的遗传物质彻底水解后的产物有6种",DA,"4.DA.原核生物和真核生物的遗传物质都是DNA;B.T2噬菌体的
遗传物质是DNA其组成元察是C、H、O、N、P不含S元索；C.蓝:
细菌层于原核生物,其细胞中不含染色体；D.大肠杆菌的遗传物质
是DNA,其彻底水解后的产物有6种.即磷酸、脱氧核糖、四种含氮
碱基(A,C、G、T).",4,3,高中生物分专题训练,,4,24,20,专题十六 必修2综合测试,OCR自动整理，建议按来源页抽查图表题和跨页题,高中生物分专题训练_题目答案知识标注.xlsx
983,"5.(2022·天津一中第二次月考)DNA上含有的一段能被
RNA聚合酶识别、结合并驱动基因转录的序列称为启动RNA案合醇工
子,如果启动子序列的某些碱基被甲基化修饰（DNA分","A.两个矮秆突变体均为隐性单基因突变
核糖体
子上连入甲基基团),其将不能被RNA聚合酶识别.拟
B.mp突变体的自交后代全部为矮秆表型
南芥种子的萌发依赖于NIC基因的表达,该基因启动子
C.两对矮秆突变基因的遗传符合自由组合定律
中的甲基基团能够被R基因编码的D酶切除.如图表示NIC基因转录和翻译的过程,下列叙述不
D.mp与ac杂交得到的F,中突变型占100%
正确的是
专题十六必修2综合测试
47
父母儿女
亲亲子儿
杂交结果
受检者DNA
·阳性
与突变序列探针杂交
变性、点样
0000
F,是否表现
杂交组合
突变特征
野生型植株数
突变型植株数
102
310
wtXmp
mpXwt
290
wtXac
208
74
260
acXwt
85",D,"5.D A.分析题意可知,R 基因的表达产物可以解除 NIC 基因的甲
基化.使NIC基因表达.从而影响种子萌发.即种子萌发受R基因
和NIC基因共同控制；B.图甲为转录.图乙为翻译.R基因缺失突
变体细胞中的NIC基因被甲基化.不能转录和翻译.即不能发生
图示过程；C.图甲中C链是RNA链.故合成C链的原料是核糖核
苷酸,另外还需能量供应；D.决定氮基酸种类的是mRNA上的密
码子,若图乙中tRNA上的反密码子碱基发生替换·肽链中氮基酸
种类不发生改变.
表示.分析题图可知.父母的基因型为杂合子Aa·女儿的基因型可
能为显性纯合子1/3AA或杂合子2/3Aa·女儿产生含A基因的配
子的概率为2/3,产生含a基因的配子的概率为1/3.因此,女儿将
该致病基因传递给下一代的概率是1/3:C.若父母生育第三胎,此
携带致病基因孩子的基因型为杂合子Aa或隐性纯合子aa.概率为
1/4十2/4=3/4;D.镰状细胞贫血的根本原因是控制血红蛋白合成
的基因中发生了个别碱基对的替换.
色皱粒豌豆,是Yy等位基因分离的结果,rr是相同的基因,该过程
没有非等位基因的自由组合；B.减数分裂前期非同源染色体之间
交换为染色体结构变异；C.新物种的形成需要经过突变和基因亚
组、自然选择及隔离三个基本环节,突变和基因亚组为生物进化提
供原材料.自然选择决定生物进化的方向隔离是新物种形成的必
要条件·生物进化的实质是种群基因频率的定向改变,即种群基因
频率发生改变,生物发生进化,但生物进化不一定形成生殖隔离,
不一定形成新物种；D.培育无子西瓜属于多倍体育种.是利用染色
体变异的原理.培育无子番茄是利用生长素能促进果实成熟.
位在1号染色体上.表明两对基因分别位于不同的同源染色体上,
避循基因的自由组合定律.表格中不管wt和mp正交还是反交
F.的性状分离比突变型:野生型都接近1:3,说明野生型是显
性.突变型是隐性.同理wt和ac正反交,同样得出突变型:野生
型都接近1:3.说明野生型是显性.突变型是隐性.设两对等位基
因分别是A、a和B、b.则wt基因型为AABB.mp基因型为aaBB,
则ac基因型为AAbb(也可以mp基因型为AAbb.ac基因型为
aaBB).A.通过分析可知,两个矮秆突变体均为隐性单基因突变；
B.mp突变体（aaBB)的自交后代不发生性状分离,全部为矮杆表
型；C.通过分析可知,两对矮秆突变型基因的遗传符合自由组合定
律；D.mp基因型为aaBB,则ac基因型为AAbb、杂交得到F,的基
因型为AaBb（野生型）.F,自交.得到F2.F,中突变型占7/16
高分生物[125]",8,7,高中生物分专题训练,,5,24,20,专题十六 必修2综合测试,OCR自动整理，建议按来源页抽查图表题和跨页题,高中生物分专题训练_题目答案知识标注.xlsx
984,"9.（2020·河北区线上模拟）某二倍体高等动物（2n=6）雄性个体的基因型为
AaBb,其体内某细胞处于细胞分裂某时期的示意图如图.下列叙述错误的是","A.图中所示分裂过程只发生在该动物某些器官内
B.该细胞分裂形成的配子的基因型为aBX、AbY、aBX^、bY
C.图示细胞中没有四分体,有6条染色体,DNA分子可能多于12
D.如该细胞由图示状态继续完成分裂过程,会出现不均等分裂现象",DA,"9.DA.图中所示分裂过程为减数分裂,只发生在该动物某些器官12.（1)①mmhh和MMHH位于非同源染色体上(或位于两对同源
即精巢内；B.据图分析可知.该细胞发生了易位,分裂形成的配子
的基因型为aBX、AbY、aBX^、bY;C.图示细胞中同源染色体正在
分离.没有四分体有6条染色体,由于存在质DNA.所以DNA分
子可能多于12;D.该二倍体高等动物为雄性个体,所以该细胞由图
示状态继续完成分裂过程,不会出现不均等分裂现象.",15,14,高中生物分专题训练,,9,25,21,专题十六 必修2综合测试,OCR自动整理，建议按来源页抽查图表题和跨页题,高中生物分专题训练_题目答案知识标注.xlsx
985,"10.（2023·河东区二模)斑马鱼幼鱼表面上皮细胞（SEC)
生长
能在DNA不复制的情况下进行分裂,这个过程与皮母SEC细胞
子SEC细胞
开放的Piezol
肤表面张力增大导致Piezol离子通道开放有关（如
“离子通道
无复制
图）.这种""无复制分裂”能保障生长中幼鱼的体表覆
分裂
DNA
盖.下列说法错误的是","A.含有斑马鱼正常DNA数目的母SEC细胞是由受
张力一
精卵分裂分化而来
B.基因选择性表达导致母SEC细胞和受精卵采用不同的分裂方式
C.无复制分裂产生的全部子SEC细胞都含有斑马鱼全套的遗传物质
D.可以通过提高或降低Piezol离子通道基因的表达来研究其作用",C,"10.C A.含有斑马鱼正常 DNA数目的母 SEC细胞是正常的体细
胞,由受精卵分裂分化而来;B.母SEC细胞和受精卵遗传物质相
同,但母SEC细胞能以“无复制分裂”的方式产生子细胞,而受精
卵以有丝分裂的方式产生子细胞,原因主要是基因的选择性表
达；C.由题图分析:""无复制分裂”所产生的子细胞比它们的母细
胞更平、更小.DNA等生物材料也比母细胞要少,所以子 SEC细
胞不一定都含有斑马鱼全套的遗传物质:D.通过提高或降低
Piezol离子通道基因的表达,观察生物随之出现的异常情况,可以
用来研究Piezol离子通道基因的作用.",5,4,高中生物分专题训练,,10,25,21,专题十六 必修2综合测试,OCR自动整理，建议按来源页抽查图表题和跨页题,高中生物分专题训练_题目答案知识标注.xlsx
986,"11.【难题】(2022·红桥区二模)某XY型性别决定动物的肢型受两对等位基因控制,有长肢、正常肢和",,C,"11.C根据题意可知.F2中正常肢:短肢:长肢=3:4:9,由于
3:4:9是9:3:3:1的变式,因此可说明两对基因位于两对同
源染色体上,遵循基因的自由组合定律,假设两对等位基因为
A/a、B/b,又由于F,中正常肢全为雄性.说明一对基因位于X染
色体上,则另一对基因位于常染色体上.假设B/b基因位于,X染
色体上,可得 F,的基因型为Aax""xb×Aax""Y.又根据题意可
知.F,的表型全为长肢.说明表现为长肢的条件是同时含有A和
B,亲本为纯合的长肢雌性个体,则基因型为 AAx""x"",可根据 F 13.{15细胞伸长
基因型进一步推知亲本纯合的短肢雄性个体基因型为aaxyY.根
据F2短肢的占4/16,可知只要含有aa即为短肢.正常肢雄性的
基因型为A_X*Y.A.根据分析可知,决定肢型的两对等位基因
中必有一对位于X染色体上,另一对基因位于常染色体上,两对
基因遵循基因的自由组合定律；B.长肢个体既含A又含B基因,
则F’中长肢个体的基因型有AAx""x""、AaxBx""、AAXx""x、
AaX""x、AAX""Y、Aax""Y,共6种;C.F,短肢雌性个体基因型为
aax""x""、aax""x,纯合子占1/2;D.F²正常肢个体基因型及比例
为1/3AAx*Y、2/3Aax*Y,纯合短肢个体基因型为aax""x""、
aax""Y,由于正常肢个体全为雄性,因此与之交配的个体应为雌性
个体,雄性个体产生的配子类型和比例为（1/3×1/2+2/3×1/4)
AX°、(1/3×1/2+2/3×1/4)AY、(2/3×1/4)aX、(2/3×1/4)
aY,纯合短肢雕性个体产生的配子为ax"",因此若F2正常肢个体
与纯合短肢个体交配.后代中短肢个体（即含有aa)占（2/3×1/4)+
[126]
(2/3×1/4)=1/3.
染色体上）1/3②3、4、5（2)bdf
解析:甲为抗X感Y的纯种.乙为感X抗Y的纯种.甲和乙杂交
得到的F,为双杂合MmHh,F,自交得到的F2中,抗X和感X之
比约为1:3.则抗X为隐性性状,感X为显性性状；抗Y和感Y
之比约为3:1,则抗Y为显性性状,感Y为隐性性状,所以可以
得出甲的基因型为 mmhh.乙的基因型为 MMHH.
(1)①由上述分析可得,甲和乙的基因型分别为mmhh和MM-
HH,由于在F,中出现了4种表型,说明这两对基因能自由组合,
因此推测这两对抗病基因在染色体上的位暨关系为位于非同源
染色体上（或位于两对同源染色体上）；同时对病菌X和Y具有抗
性的F²植株（mmH_）中纯合子（mmHH)所占比例为1/3.②
已知m比M片段短,因此在扩增结果的图片中,M基因对应的片
段在上,m基因对应的片段在下;h比H片段短,因此在扩增结果
的图片中,H基因对应的片段在上,h基因对应的片段在下.符合
选育目标的植株为抗X抗Y的纯种（mmHH),因此据图判断符
合选育目标的植株编号为3、4、5.
(2)通过筛选获得具有上述抗病基因且品质优良的纯合品系丙,
欲将抗褐飞虱性状（由1对等位基因控制)与品系丙的抗病及各
种优良性状整合在同一植株上,可采用的正确育种步骤是b(抗褐
飞虱品系与品系两进行杂交)→>d(杂交后代自交筛选抗褐飞虱个
体,使其与品系丙杂交）->f（多次重复d,筛选抗褐飞虱个体）.
(2)负
增加
(3)抑制抑制
(4)I与ⅡI与Ⅲ
(5)GhKCSI3的启动子未出现
解析:(1)BR是植物体产生的一类激素,植物激素作为信息分子,
参与调节植物生长、发育过程中的生命活动.BR与赤紫、生长
素具有相似生理作用,所以推测在低浓度下,,BR和生长素、赤霖
素都是通过促进细胞伸长进而促进植物体生长的.
(2)据题干信息“GhBZR3在植物中的过度表达,导致根毛长度、下
胚轴长度和下胚轴细胞长度缩短”可知,GhBZR3含量过高,会减
弱或抑制生长,表明GhBZR3对植物器官及细胞伸长具有负调控
作用.GhBZR3的基因不表达,则消除GhBZR3对植物器官及细
胞仲长的负调控作用,因此与野生型相比,使棉花控制合成
GhBZR3的基因不表达可导致棉株的高度增加",1,0,高中生物分专题训练,,11,25,21,专题十六 必修2综合测试,OCR自动整理，建议按来源页抽查图表题和跨页题,高中生物分专题训练_题目答案知识标注.xlsx
987,"13.（2023·南开区二模)2022年6月4日,中国科学院朱生伟团队在国际期刊发表了研究论文,揭示了
短肢三种类型.纯合的短肢雄性个体与纯合的长肢雌性个体杂交,F,全为长肢.F,雌雄个体自由
交配,F,中正常肢:短肢:长肢=3:4:9,且正常肢全为雄性.下列说法不正确的是","A.决定肢型的两对等位基因中必有一对位于X染色体上
B.F2中长肢个体的基因型有6种
C.F2短肢雌性个体中纯合子占1/4
D.若F,正常肢个体与纯合短肢个体交配,后代中短肢个体占1/3
二、非选择题",,,3,2,高中生物分专题训练,,13,25,,专题十六 必修2综合测试,OCR自动整理，建议按来源页抽查图表题和跨页题,高中生物分专题训练_题目答案知识标注.xlsx
988,"12.（2022·南开中学第四次月考)稻瘟病和褐飞虱是严重影响水稻生产的两大病虫害.稻癌病病菌种
类繁多,为培育抗病虫害的水稻新品种,育种工作者进行了下列相关研究.
（1)现有纯合水稻品系甲和乙,甲对稻瘟病病菌X表现为抗病,对稻瘟病病菌Y感病；乙对病菌Y抗
病,对病菌X感病.对病菌X的抗病与感病由一对等位基因M、m控制；对病菌 Y的抗病与感病
由一对等位基因H、h控制.
①育种工作者将甲和乙作为亲本进行杂交,得到F,,F,自交得F2.F.性状统计结果如下表所示.
对病菌X
感病
抗病
对病菌Y
抗病
150株
53株
感病
52株
17株
据表分析,甲和乙的基因型分别为
,推测这两对抗病基因在染色体上的位置关系
一飞冲天
植株编号
同时对病菌X和Y具有抗性的F2植株
标准DNA片段12345678910
中的纯合子所占比例为
2 000bP→
②育种工作者根据M/m、H/h的基因序列设计特异性引物,分别
M/m基因PCR扩增结果
对F部分植株的DNA进行PCR扩增.已知m比M片段短,h
比H片段短,扩增结果如图所示.据图判断符合选育目标的植株
2 000bP→
1000bP
编号为
H/h基因PCR扩增结果
(2)通过筛选获得具有上述抗病基因且品质优良的纯合品系丙,欲将
抗褐飞虱性状（由一对等位基因控制)与品系丙的抗病及各种优良性状整合在同一植株上,可采
用的正确育种步骤是
（按正确顺序选填下列字母）.
a.抗褐飞虱品系与野生型进行杂交
b.抗褐飞虱品系与品系丙进行杂交
c.品系丙与野生型进行杂交
d.杂交后代自交筛选抗褐飞虱个体,使其与品系丙杂交
e.杂交后代自交筛选抗稻瘟病个体,使其与抗褐飞虱品系杂交
f.多次重复d,筛选抗褐飞虱个体
g.多次重复e,筛选抗褐飞虱个体
自交,后代中选取目的基因纯合的植株,进行稻瘟病抗性和褐飞虱抗性田间实验鉴定.
油菜素内酯(BR)信号调控棉纤维伸长的新机制.棉纤维是由受精胚珠的表皮细胞突起、伸长、壁加
厚而形成的单细胞毛状体,也是研究细胞伸长和发育的理想模式材料.请回答下列问题:
(1)BR是以留醇类为基本结构的天然化合物,对植物生长发育起重要的调节作用,被誉为第六类激
素.在很低浓度下,BR可通过促进
从而促进植物的营养体生长,在这方面与赤霉索、生
长素具有相似的生理作用.
(2)研究发现,BZR转录因子是BR信号转导途径的核心元件.BZR家族转录因子蛋白中的
GhBZR3在植物中的过度表达,导致根毛长度、下胚轴长度和下胚轴细胞长度缩短,表明
（填“正”或“负"")调控作用.与野生型相比,使棉
GhBZR3对植物器官及细胞伸长具有
花控制合成GhBZR3的基因不表达,可导致棉株的高度
（填“增加”“基本不变”或
“降低"").
(3)GhBZR3可控制超长链脂肪酸（VLCFA)的代谢和降解,GhBZR3沉默的植株中的VLCFA含量
显著增加.据此推测GhBZR3可能通过
VLCFA合成从而
棉纤维生长.
(4)为证明实验推测,依据下列材料,在预期实验结果后写出相应组合(填序号).
备选材料:I.野生型；Ⅱ.GhBZR3基因缺失突变体；
II.VLCFA合成酶基因突变体；IV.BR合成缺陷突变体.
①若验证VLCFA含量、棉纤维长度都大于野生型,需选择组合
②若验证VLCFA含量、棉纤维长度都小于野生型,需选择组合",,,,15,14,高中生物分专题训练,,12,25,,专题十六 必修2综合测试,OCR自动整理，建议按来源页抽查图表题和跨页题,高中生物分专题训练_题目答案知识标注.xlsx
989,"15.(2021·天津一中第三次月考)由CSS基因突变所致的克里斯蒂安森综合征是一种罕见的遗传病,
GhBZR3的结合位点.为探究GhBZR3能否直接调控GhKCSI3的表达,团队人员用荧光素酶
以全身性发育迟缓、智力障碍为特征.学者在调查中获得一个如左图所示的家系.
（能够催化荧光素氧化发光的酶)报告基因法,将
与萤火虫荧光素酶基因的编码序列融
合形成嵌合基因,和含有GhBZR3基因的表达载体一起导入棉纤维细胞.加入荧光素后,视野中
（填""出现”或""未出现"")荧光信号,则表明GhBZR3可与GhKCSI3启动子直接作用从而
抑制萤火虫荧光素酶的基因表达.",,,,15,14,高中生物分专题训练,,15,26,,专题十六 必修2综合测试,OCR自动整理，建议按来源页抽查图表题和跨页题,高中生物分专题训练_题目答案知识标注.xlsx
990,"14.(2022·南开中学第五次月考)白叶枯细菌可导致水稻籽粒重量降低、减产,研究水稻的抗白叶枯病
基因及其致病机理具有重要意义.
(1)据左图可知,克里斯蒂安森综合征最可能的遗传方式是
(1)水稻A品系感病,B品系抗病,两者只有极少数基因存在差异.研究者将从A品系中获得的基
因D连接到Ti质粒中.用
法将D基因转人到B品系中.检测发现有30株转入成功的
突变体,表型均为感病.将其中的4个突变株自交,向其子一代接种
,检测感病情况并
(2)对该家族中5～10号成员相关基因进行测序,发现6、8、9号个体均只有一种碱基序列,据此确定
统计,结果如下表.
突变株1的
突变株2的
突变株3的
突变株4的
(3)测序结果显示,CSS基因的突变形式是第391位核苷酸由G变成了T.试根据上面右图判断,上
子一代
子一代
子一代
子一代
总数
14
19
40
15
12
感病株数
11
13
28
抗病株数
12
(4)根据克里斯蒂安森综合征的遗传方式和上面右图,判断下列表述正确的是
根据4个突变株子一代的
比可以推测控制该性状的基因遵循基因的分离定律.
(2)为研究相关基因与水稻抗病的关系,研究者通过序列对比,在B品系中发现了与D基因序列非常
相似的基因d,两基因在编码区和非编码区均存在差异,D基因
（填""编码区”或“非编码
C.异常CSS蛋白对正常CSS蛋白具有抑制效应
区”)中一个碱基对的替换会造成该基因编码的氨基酸由丙氨酸变为苏氨酸.
(3)为进一步确定白叶枯细菌和D/d基因表达调控的关系,科研人员对","A、B两品系分别接种白叶枯
(5)进一步调查发现,8和9号个体还患有另一种遗传病(Charge综合征,由位于第8号染色体上的
,经逆转录合成cDNA片段.以cDNA片段为模板,分别用D、d
细菌,然后提取它们的
基因的特异性引物进行PCR,结果见下图所示.对照组除未接种病菌外其他处理与实验组相同.
由图可知白叶枯细菌
D/d基因PCR的Ct值
35
■对照口接种病菌
30
25
20
15
(6)在该家系中,5号体内的CSS和CHDC基因分布状况应为
10
50
B品系(d)
A品系(D)
注:Ct值代表产物达到一定量时PCR的循环次数.
C.体细胞和性细胞均同时含有CSS基因和CHDC基因
综合上述研究结果,请你提出一种水稻白叶枯病的防治思路（原理和方法):
49
专题十六必修2综合测试
CSS正常基因
CSS突变基因
工工
转录
√表示突变位点
.（多选）
A.伴X染色体显性遗传
B.常染色体显性遗传
C.伴X染色体隐性遗传
D.常染色体隐性遗传
克里斯蒂安森综合征的遗传方式是
变成了
述突变使相应密码子由
①GUG（缬氨酸）
③UAA（终止密码子）UAG(终止密码子）
A.机体只要含有异常CSS蛋白就会导致疾病
B.机体只需单个CSS正常基因便能维持健康
D.正常_CSS蛋白对异常CSS蛋白具有激活效应
CHDC基因突变所致),而父母表型正常.若同时考虑两对相对性状,推测6号产生的精子包括
.（染色体上横线表示致病基因）
XY
A.CSS基因在体细胞、CHDC基因在性细胞
B.CHDC基因在体细胞、CSS基因在性细胞",,,15,14,高中生物分专题训练,,14,26,,专题十六 必修2综合测试,OCR自动整理，建议按来源页抽查图表题和跨页题,高中生物分专题训练_题目答案知识标注.xlsx
