text,label_id,label_name,source
在单项选择题中，本题考查孟德尔遗传定律，核心要求是判断显隐性、分离比、基因型和表现型。,0,孟德尔遗传定律,generated_mvp_verified_concept
针对单项选择题，这道题围绕孟德尔遗传定律展开，判断依据是判断显隐性、分离比、基因型和表现型。,0,孟德尔遗传定律,generated_mvp_verified_concept
在单项选择题的遗传与进化模块中，孟德尔遗传定律常要求学生判断显隐性、分离比、基因型和表现型。,0,孟德尔遗传定律,generated_mvp_verified_concept
若单项选择题题目出现孟德尔遗传定律相关情境，应重点关注判断显隐性、分离比、基因型和表现型。,0,孟德尔遗传定律,generated_mvp_verified_concept
本题来自单项选择题，属于孟德尔遗传定律知识模块，解题时应能判断显隐性、分离比、基因型和表现型。,0,孟德尔遗传定律,generated_mvp_verified_concept
在多项判断题中，本题考查孟德尔遗传定律，核心要求是判断显隐性、分离比、基因型和表现型。,0,孟德尔遗传定律,generated_mvp_verified_concept
针对多项判断题，这道题围绕孟德尔遗传定律展开，判断依据是判断显隐性、分离比、基因型和表现型。,0,孟德尔遗传定律,generated_mvp_verified_concept
在多项判断题的遗传与进化模块中，孟德尔遗传定律常要求学生判断显隐性、分离比、基因型和表现型。,0,孟德尔遗传定律,generated_mvp_verified_concept
若多项判断题题目出现孟德尔遗传定律相关情境，应重点关注判断显隐性、分离比、基因型和表现型。,0,孟德尔遗传定律,generated_mvp_verified_concept
本题来自多项判断题，属于孟德尔遗传定律知识模块，解题时应能判断显隐性、分离比、基因型和表现型。,0,孟德尔遗传定律,generated_mvp_verified_concept
在实验分析题中，本题考查孟德尔遗传定律，核心要求是判断显隐性、分离比、基因型和表现型。,0,孟德尔遗传定律,generated_mvp_verified_concept
针对实验分析题，这道题围绕孟德尔遗传定律展开，判断依据是判断显隐性、分离比、基因型和表现型。,0,孟德尔遗传定律,generated_mvp_verified_concept
在实验分析题的遗传与进化模块中，孟德尔遗传定律常要求学生判断显隐性、分离比、基因型和表现型。,0,孟德尔遗传定律,generated_mvp_verified_concept
若实验分析题题目出现孟德尔遗传定律相关情境，应重点关注判断显隐性、分离比、基因型和表现型。,0,孟德尔遗传定律,generated_mvp_verified_concept
本题来自实验分析题，属于孟德尔遗传定律知识模块，解题时应能判断显隐性、分离比、基因型和表现型。,0,孟德尔遗传定律,generated_mvp_verified_concept
在图表识别题中，本题考查孟德尔遗传定律，核心要求是判断显隐性、分离比、基因型和表现型。,0,孟德尔遗传定律,generated_mvp_verified_concept
针对图表识别题，这道题围绕孟德尔遗传定律展开，判断依据是判断显隐性、分离比、基因型和表现型。,0,孟德尔遗传定律,generated_mvp_verified_concept
在图表识别题的遗传与进化模块中，孟德尔遗传定律常要求学生判断显隐性、分离比、基因型和表现型。,0,孟德尔遗传定律,generated_mvp_verified_concept
若图表识别题题目出现孟德尔遗传定律相关情境，应重点关注判断显隐性、分离比、基因型和表现型。,0,孟德尔遗传定律,generated_mvp_verified_concept
本题来自图表识别题，属于孟德尔遗传定律知识模块，解题时应能判断显隐性、分离比、基因型和表现型。,0,孟德尔遗传定律,generated_mvp_verified_concept
在遗传系谱题中，本题考查孟德尔遗传定律，核心要求是判断显隐性、分离比、基因型和表现型。,0,孟德尔遗传定律,generated_mvp_verified_concept
针对遗传系谱题，这道题围绕孟德尔遗传定律展开，判断依据是判断显隐性、分离比、基因型和表现型。,0,孟德尔遗传定律,generated_mvp_verified_concept
在遗传系谱题的遗传与进化模块中，孟德尔遗传定律常要求学生判断显隐性、分离比、基因型和表现型。,0,孟德尔遗传定律,generated_mvp_verified_concept
若遗传系谱题题目出现孟德尔遗传定律相关情境，应重点关注判断显隐性、分离比、基因型和表现型。,0,孟德尔遗传定律,generated_mvp_verified_concept
本题来自遗传系谱题，属于孟德尔遗传定律知识模块，解题时应能判断显隐性、分离比、基因型和表现型。,0,孟德尔遗传定律,generated_mvp_verified_concept
在概念辨析题中，本题考查孟德尔遗传定律，核心要求是判断显隐性、分离比、基因型和表现型。,0,孟德尔遗传定律,generated_mvp_verified_concept
针对概念辨析题，这道题围绕孟德尔遗传定律展开，判断依据是判断显隐性、分离比、基因型和表现型。,0,孟德尔遗传定律,generated_mvp_verified_concept
在概念辨析题的遗传与进化模块中，孟德尔遗传定律常要求学生判断显隐性、分离比、基因型和表现型。,0,孟德尔遗传定律,generated_mvp_verified_concept
若概念辨析题题目出现孟德尔遗传定律相关情境，应重点关注判断显隐性、分离比、基因型和表现型。,0,孟德尔遗传定律,generated_mvp_verified_concept
本题来自概念辨析题，属于孟德尔遗传定律知识模块，解题时应能判断显隐性、分离比、基因型和表现型。,0,孟德尔遗传定律,generated_mvp_verified_concept
在数据推断题中，本题考查孟德尔遗传定律，核心要求是判断显隐性、分离比、基因型和表现型。,0,孟德尔遗传定律,generated_mvp_verified_concept
针对数据推断题，这道题围绕孟德尔遗传定律展开，判断依据是判断显隐性、分离比、基因型和表现型。,0,孟德尔遗传定律,generated_mvp_verified_concept
在数据推断题的遗传与进化模块中，孟德尔遗传定律常要求学生判断显隐性、分离比、基因型和表现型。,0,孟德尔遗传定律,generated_mvp_verified_concept
若数据推断题题目出现孟德尔遗传定律相关情境，应重点关注判断显隐性、分离比、基因型和表现型。,0,孟德尔遗传定律,generated_mvp_verified_concept
本题来自数据推断题，属于孟德尔遗传定律知识模块，解题时应能判断显隐性、分离比、基因型和表现型。,0,孟德尔遗传定律,generated_mvp_verified_concept
在情境应用题中，本题考查孟德尔遗传定律，核心要求是判断显隐性、分离比、基因型和表现型。,0,孟德尔遗传定律,generated_mvp_verified_concept
针对情境应用题，这道题围绕孟德尔遗传定律展开，判断依据是判断显隐性、分离比、基因型和表现型。,0,孟德尔遗传定律,generated_mvp_verified_concept
在情境应用题的遗传与进化模块中，孟德尔遗传定律常要求学生判断显隐性、分离比、基因型和表现型。,0,孟德尔遗传定律,generated_mvp_verified_concept
若情境应用题题目出现孟德尔遗传定律相关情境，应重点关注判断显隐性、分离比、基因型和表现型。,0,孟德尔遗传定律,generated_mvp_verified_concept
本题来自情境应用题，属于孟德尔遗传定律知识模块，解题时应能判断显隐性、分离比、基因型和表现型。,0,孟德尔遗传定律,generated_mvp_verified_concept
在复习巩固题中，本题考查孟德尔遗传定律，核心要求是判断显隐性、分离比、基因型和表现型。,0,孟德尔遗传定律,generated_mvp_verified_concept
针对复习巩固题，这道题围绕孟德尔遗传定律展开，判断依据是判断显隐性、分离比、基因型和表现型。,0,孟德尔遗传定律,generated_mvp_verified_concept
在复习巩固题的遗传与进化模块中，孟德尔遗传定律常要求学生判断显隐性、分离比、基因型和表现型。,0,孟德尔遗传定律,generated_mvp_verified_concept
若复习巩固题题目出现孟德尔遗传定律相关情境，应重点关注判断显隐性、分离比、基因型和表现型。,0,孟德尔遗传定律,generated_mvp_verified_concept
本题来自复习巩固题，属于孟德尔遗传定律知识模块，解题时应能判断显隐性、分离比、基因型和表现型。,0,孟德尔遗传定律,generated_mvp_verified_concept
在错因分析题中，本题考查孟德尔遗传定律，核心要求是判断显隐性、分离比、基因型和表现型。,0,孟德尔遗传定律,generated_mvp_verified_concept
针对错因分析题，这道题围绕孟德尔遗传定律展开，判断依据是判断显隐性、分离比、基因型和表现型。,0,孟德尔遗传定律,generated_mvp_verified_concept
在错因分析题的遗传与进化模块中，孟德尔遗传定律常要求学生判断显隐性、分离比、基因型和表现型。,0,孟德尔遗传定律,generated_mvp_verified_concept
若错因分析题题目出现孟德尔遗传定律相关情境，应重点关注判断显隐性、分离比、基因型和表现型。,0,孟德尔遗传定律,generated_mvp_verified_concept
本题来自错因分析题，属于孟德尔遗传定律知识模块，解题时应能判断显隐性、分离比、基因型和表现型。,0,孟德尔遗传定律,generated_mvp_verified_concept
在教材基础题中，本题考查孟德尔遗传定律，核心要求是判断显隐性、分离比、基因型和表现型。,0,孟德尔遗传定律,generated_mvp_verified_concept
针对教材基础题，这道题围绕孟德尔遗传定律展开，判断依据是判断显隐性、分离比、基因型和表现型。,0,孟德尔遗传定律,generated_mvp_verified_concept
在教材基础题的遗传与进化模块中，孟德尔遗传定律常要求学生判断显隐性、分离比、基因型和表现型。,0,孟德尔遗传定律,generated_mvp_verified_concept
若教材基础题题目出现孟德尔遗传定律相关情境，应重点关注判断显隐性、分离比、基因型和表现型。,0,孟德尔遗传定律,generated_mvp_verified_concept
本题来自教材基础题，属于孟德尔遗传定律知识模块，解题时应能判断显隐性、分离比、基因型和表现型。,0,孟德尔遗传定律,generated_mvp_verified_concept
在能力提升题中，本题考查孟德尔遗传定律，核心要求是判断显隐性、分离比、基因型和表现型。,0,孟德尔遗传定律,generated_mvp_verified_concept
针对能力提升题，这道题围绕孟德尔遗传定律展开，判断依据是判断显隐性、分离比、基因型和表现型。,0,孟德尔遗传定律,generated_mvp_verified_concept
在能力提升题的遗传与进化模块中，孟德尔遗传定律常要求学生判断显隐性、分离比、基因型和表现型。,0,孟德尔遗传定律,generated_mvp_verified_concept
若能力提升题题目出现孟德尔遗传定律相关情境，应重点关注判断显隐性、分离比、基因型和表现型。,0,孟德尔遗传定律,generated_mvp_verified_concept
本题来自能力提升题，属于孟德尔遗传定律知识模块，解题时应能判断显隐性、分离比、基因型和表现型。,0,孟德尔遗传定律,generated_mvp_verified_concept
在综合训练题中，本题考查孟德尔遗传定律，核心要求是判断显隐性、分离比、基因型和表现型。,0,孟德尔遗传定律,generated_mvp_verified_concept
针对综合训练题，这道题围绕孟德尔遗传定律展开，判断依据是判断显隐性、分离比、基因型和表现型。,0,孟德尔遗传定律,generated_mvp_verified_concept
在综合训练题的遗传与进化模块中，孟德尔遗传定律常要求学生判断显隐性、分离比、基因型和表现型。,0,孟德尔遗传定律,generated_mvp_verified_concept
若综合训练题题目出现孟德尔遗传定律相关情境，应重点关注判断显隐性、分离比、基因型和表现型。,0,孟德尔遗传定律,generated_mvp_verified_concept
本题来自综合训练题，属于孟德尔遗传定律知识模块，解题时应能判断显隐性、分离比、基因型和表现型。,0,孟德尔遗传定律,generated_mvp_verified_concept
在考点归纳题中，本题考查孟德尔遗传定律，核心要求是判断显隐性、分离比、基因型和表现型。,0,孟德尔遗传定律,generated_mvp_verified_concept
针对考点归纳题，这道题围绕孟德尔遗传定律展开，判断依据是判断显隐性、分离比、基因型和表现型。,0,孟德尔遗传定律,generated_mvp_verified_concept
在考点归纳题的遗传与进化模块中，孟德尔遗传定律常要求学生判断显隐性、分离比、基因型和表现型。,0,孟德尔遗传定律,generated_mvp_verified_concept
若考点归纳题题目出现孟德尔遗传定律相关情境，应重点关注判断显隐性、分离比、基因型和表现型。,0,孟德尔遗传定律,generated_mvp_verified_concept
本题来自考点归纳题，属于孟德尔遗传定律知识模块，解题时应能判断显隐性、分离比、基因型和表现型。,0,孟德尔遗传定律,generated_mvp_verified_concept
在现象解释题中，本题考查孟德尔遗传定律，核心要求是判断显隐性、分离比、基因型和表现型。,0,孟德尔遗传定律,generated_mvp_verified_concept
针对现象解释题，这道题围绕孟德尔遗传定律展开，判断依据是判断显隐性、分离比、基因型和表现型。,0,孟德尔遗传定律,generated_mvp_verified_concept
在现象解释题的遗传与进化模块中，孟德尔遗传定律常要求学生判断显隐性、分离比、基因型和表现型。,0,孟德尔遗传定律,generated_mvp_verified_concept
若现象解释题题目出现孟德尔遗传定律相关情境，应重点关注判断显隐性、分离比、基因型和表现型。,0,孟德尔遗传定律,generated_mvp_verified_concept
本题来自现象解释题，属于孟德尔遗传定律知识模块，解题时应能判断显隐性、分离比、基因型和表现型。,0,孟德尔遗传定律,generated_mvp_verified_concept
在原理应用题中，本题考查孟德尔遗传定律，核心要求是判断显隐性、分离比、基因型和表现型。,0,孟德尔遗传定律,generated_mvp_verified_concept
针对原理应用题，这道题围绕孟德尔遗传定律展开，判断依据是判断显隐性、分离比、基因型和表现型。,0,孟德尔遗传定律,generated_mvp_verified_concept
在原理应用题的遗传与进化模块中，孟德尔遗传定律常要求学生判断显隐性、分离比、基因型和表现型。,0,孟德尔遗传定律,generated_mvp_verified_concept
若原理应用题题目出现孟德尔遗传定律相关情境，应重点关注判断显隐性、分离比、基因型和表现型。,0,孟德尔遗传定律,generated_mvp_verified_concept
本题来自原理应用题，属于孟德尔遗传定律知识模块，解题时应能判断显隐性、分离比、基因型和表现型。,0,孟德尔遗传定律,generated_mvp_verified_concept
在结论推理题中，本题考查孟德尔遗传定律，核心要求是判断显隐性、分离比、基因型和表现型。,0,孟德尔遗传定律,generated_mvp_verified_concept
针对结论推理题，这道题围绕孟德尔遗传定律展开，判断依据是判断显隐性、分离比、基因型和表现型。,0,孟德尔遗传定律,generated_mvp_verified_concept
在结论推理题的遗传与进化模块中，孟德尔遗传定律常要求学生判断显隐性、分离比、基因型和表现型。,0,孟德尔遗传定律,generated_mvp_verified_concept
若结论推理题题目出现孟德尔遗传定律相关情境，应重点关注判断显隐性、分离比、基因型和表现型。,0,孟德尔遗传定律,generated_mvp_verified_concept
本题来自结论推理题，属于孟德尔遗传定律知识模块，解题时应能判断显隐性、分离比、基因型和表现型。,0,孟德尔遗传定律,generated_mvp_verified_concept
在过程排序题中，本题考查孟德尔遗传定律，核心要求是判断显隐性、分离比、基因型和表现型。,0,孟德尔遗传定律,generated_mvp_verified_concept
针对过程排序题，这道题围绕孟德尔遗传定律展开，判断依据是判断显隐性、分离比、基因型和表现型。,0,孟德尔遗传定律,generated_mvp_verified_concept
在过程排序题的遗传与进化模块中，孟德尔遗传定律常要求学生判断显隐性、分离比、基因型和表现型。,0,孟德尔遗传定律,generated_mvp_verified_concept
若过程排序题题目出现孟德尔遗传定律相关情境，应重点关注判断显隐性、分离比、基因型和表现型。,0,孟德尔遗传定律,generated_mvp_verified_concept
本题来自过程排序题，属于孟德尔遗传定律知识模块，解题时应能判断显隐性、分离比、基因型和表现型。,0,孟德尔遗传定律,generated_mvp_verified_concept
在对照实验题中，本题考查孟德尔遗传定律，核心要求是判断显隐性、分离比、基因型和表现型。,0,孟德尔遗传定律,generated_mvp_verified_concept
针对对照实验题，这道题围绕孟德尔遗传定律展开，判断依据是判断显隐性、分离比、基因型和表现型。,0,孟德尔遗传定律,generated_mvp_verified_concept
在对照实验题的遗传与进化模块中，孟德尔遗传定律常要求学生判断显隐性、分离比、基因型和表现型。,0,孟德尔遗传定律,generated_mvp_verified_concept
若对照实验题题目出现孟德尔遗传定律相关情境，应重点关注判断显隐性、分离比、基因型和表现型。,0,孟德尔遗传定律,generated_mvp_verified_concept
本题来自对照实验题，属于孟德尔遗传定律知识模块，解题时应能判断显隐性、分离比、基因型和表现型。,0,孟德尔遗传定律,generated_mvp_verified_concept
在模型建构题中，本题考查孟德尔遗传定律，核心要求是判断显隐性、分离比、基因型和表现型。,0,孟德尔遗传定律,generated_mvp_verified_concept
针对模型建构题，这道题围绕孟德尔遗传定律展开，判断依据是判断显隐性、分离比、基因型和表现型。,0,孟德尔遗传定律,generated_mvp_verified_concept
在模型建构题的遗传与进化模块中，孟德尔遗传定律常要求学生判断显隐性、分离比、基因型和表现型。,0,孟德尔遗传定律,generated_mvp_verified_concept
若模型建构题题目出现孟德尔遗传定律相关情境，应重点关注判断显隐性、分离比、基因型和表现型。,0,孟德尔遗传定律,generated_mvp_verified_concept
本题来自模型建构题，属于孟德尔遗传定律知识模块，解题时应能判断显隐性、分离比、基因型和表现型。,0,孟德尔遗传定律,generated_mvp_verified_concept
在单项选择题中，本题考查减数分裂与受精作用，核心要求是分析染色体、DNA、染色单体数量变化。,1,减数分裂与受精作用,generated_mvp_verified_concept
针对单项选择题，这道题围绕减数分裂与受精作用展开，判断依据是分析染色体、DNA、染色单体数量变化。,1,减数分裂与受精作用,generated_mvp_verified_concept
在单项选择题的遗传与进化模块中，减数分裂与受精作用常要求学生分析染色体、DNA、染色单体数量变化。,1,减数分裂与受精作用,generated_mvp_verified_concept
若单项选择题题目出现减数分裂与受精作用相关情境，应重点关注分析染色体、DNA、染色单体数量变化。,1,减数分裂与受精作用,generated_mvp_verified_concept
本题来自单项选择题，属于减数分裂与受精作用知识模块，解题时应能分析染色体、DNA、染色单体数量变化。,1,减数分裂与受精作用,generated_mvp_verified_concept
在多项判断题中，本题考查减数分裂与受精作用，核心要求是分析染色体、DNA、染色单体数量变化。,1,减数分裂与受精作用,generated_mvp_verified_concept
针对多项判断题，这道题围绕减数分裂与受精作用展开，判断依据是分析染色体、DNA、染色单体数量变化。,1,减数分裂与受精作用,generated_mvp_verified_concept
在多项判断题的遗传与进化模块中，减数分裂与受精作用常要求学生分析染色体、DNA、染色单体数量变化。,1,减数分裂与受精作用,generated_mvp_verified_concept
若多项判断题题目出现减数分裂与受精作用相关情境，应重点关注分析染色体、DNA、染色单体数量变化。,1,减数分裂与受精作用,generated_mvp_verified_concept
本题来自多项判断题，属于减数分裂与受精作用知识模块，解题时应能分析染色体、DNA、染色单体数量变化。,1,减数分裂与受精作用,generated_mvp_verified_concept
在实验分析题中，本题考查减数分裂与受精作用，核心要求是分析染色体、DNA、染色单体数量变化。,1,减数分裂与受精作用,generated_mvp_verified_concept
针对实验分析题，这道题围绕减数分裂与受精作用展开，判断依据是分析染色体、DNA、染色单体数量变化。,1,减数分裂与受精作用,generated_mvp_verified_concept
在实验分析题的遗传与进化模块中，减数分裂与受精作用常要求学生分析染色体、DNA、染色单体数量变化。,1,减数分裂与受精作用,generated_mvp_verified_concept
若实验分析题题目出现减数分裂与受精作用相关情境，应重点关注分析染色体、DNA、染色单体数量变化。,1,减数分裂与受精作用,generated_mvp_verified_concept
本题来自实验分析题，属于减数分裂与受精作用知识模块，解题时应能分析染色体、DNA、染色单体数量变化。,1,减数分裂与受精作用,generated_mvp_verified_concept
在图表识别题中，本题考查减数分裂与受精作用，核心要求是分析染色体、DNA、染色单体数量变化。,1,减数分裂与受精作用,generated_mvp_verified_concept
针对图表识别题，这道题围绕减数分裂与受精作用展开，判断依据是分析染色体、DNA、染色单体数量变化。,1,减数分裂与受精作用,generated_mvp_verified_concept
在图表识别题的遗传与进化模块中，减数分裂与受精作用常要求学生分析染色体、DNA、染色单体数量变化。,1,减数分裂与受精作用,generated_mvp_verified_concept
若图表识别题题目出现减数分裂与受精作用相关情境，应重点关注分析染色体、DNA、染色单体数量变化。,1,减数分裂与受精作用,generated_mvp_verified_concept
本题来自图表识别题，属于减数分裂与受精作用知识模块，解题时应能分析染色体、DNA、染色单体数量变化。,1,减数分裂与受精作用,generated_mvp_verified_concept
在遗传系谱题中，本题考查减数分裂与受精作用，核心要求是分析染色体、DNA、染色单体数量变化。,1,减数分裂与受精作用,generated_mvp_verified_concept
针对遗传系谱题，这道题围绕减数分裂与受精作用展开，判断依据是分析染色体、DNA、染色单体数量变化。,1,减数分裂与受精作用,generated_mvp_verified_concept
在遗传系谱题的遗传与进化模块中，减数分裂与受精作用常要求学生分析染色体、DNA、染色单体数量变化。,1,减数分裂与受精作用,generated_mvp_verified_concept
若遗传系谱题题目出现减数分裂与受精作用相关情境，应重点关注分析染色体、DNA、染色单体数量变化。,1,减数分裂与受精作用,generated_mvp_verified_concept
本题来自遗传系谱题，属于减数分裂与受精作用知识模块，解题时应能分析染色体、DNA、染色单体数量变化。,1,减数分裂与受精作用,generated_mvp_verified_concept
在概念辨析题中，本题考查减数分裂与受精作用，核心要求是分析染色体、DNA、染色单体数量变化。,1,减数分裂与受精作用,generated_mvp_verified_concept
针对概念辨析题，这道题围绕减数分裂与受精作用展开，判断依据是分析染色体、DNA、染色单体数量变化。,1,减数分裂与受精作用,generated_mvp_verified_concept
在概念辨析题的遗传与进化模块中，减数分裂与受精作用常要求学生分析染色体、DNA、染色单体数量变化。,1,减数分裂与受精作用,generated_mvp_verified_concept
若概念辨析题题目出现减数分裂与受精作用相关情境，应重点关注分析染色体、DNA、染色单体数量变化。,1,减数分裂与受精作用,generated_mvp_verified_concept
本题来自概念辨析题，属于减数分裂与受精作用知识模块，解题时应能分析染色体、DNA、染色单体数量变化。,1,减数分裂与受精作用,generated_mvp_verified_concept
在数据推断题中，本题考查减数分裂与受精作用，核心要求是分析染色体、DNA、染色单体数量变化。,1,减数分裂与受精作用,generated_mvp_verified_concept
针对数据推断题，这道题围绕减数分裂与受精作用展开，判断依据是分析染色体、DNA、染色单体数量变化。,1,减数分裂与受精作用,generated_mvp_verified_concept
在数据推断题的遗传与进化模块中，减数分裂与受精作用常要求学生分析染色体、DNA、染色单体数量变化。,1,减数分裂与受精作用,generated_mvp_verified_concept
若数据推断题题目出现减数分裂与受精作用相关情境，应重点关注分析染色体、DNA、染色单体数量变化。,1,减数分裂与受精作用,generated_mvp_verified_concept
本题来自数据推断题，属于减数分裂与受精作用知识模块，解题时应能分析染色体、DNA、染色单体数量变化。,1,减数分裂与受精作用,generated_mvp_verified_concept
在情境应用题中，本题考查减数分裂与受精作用，核心要求是分析染色体、DNA、染色单体数量变化。,1,减数分裂与受精作用,generated_mvp_verified_concept
针对情境应用题，这道题围绕减数分裂与受精作用展开，判断依据是分析染色体、DNA、染色单体数量变化。,1,减数分裂与受精作用,generated_mvp_verified_concept
在情境应用题的遗传与进化模块中，减数分裂与受精作用常要求学生分析染色体、DNA、染色单体数量变化。,1,减数分裂与受精作用,generated_mvp_verified_concept
若情境应用题题目出现减数分裂与受精作用相关情境，应重点关注分析染色体、DNA、染色单体数量变化。,1,减数分裂与受精作用,generated_mvp_verified_concept
本题来自情境应用题，属于减数分裂与受精作用知识模块，解题时应能分析染色体、DNA、染色单体数量变化。,1,减数分裂与受精作用,generated_mvp_verified_concept
在复习巩固题中，本题考查减数分裂与受精作用，核心要求是分析染色体、DNA、染色单体数量变化。,1,减数分裂与受精作用,generated_mvp_verified_concept
针对复习巩固题，这道题围绕减数分裂与受精作用展开，判断依据是分析染色体、DNA、染色单体数量变化。,1,减数分裂与受精作用,generated_mvp_verified_concept
在复习巩固题的遗传与进化模块中，减数分裂与受精作用常要求学生分析染色体、DNA、染色单体数量变化。,1,减数分裂与受精作用,generated_mvp_verified_concept
若复习巩固题题目出现减数分裂与受精作用相关情境，应重点关注分析染色体、DNA、染色单体数量变化。,1,减数分裂与受精作用,generated_mvp_verified_concept
本题来自复习巩固题，属于减数分裂与受精作用知识模块，解题时应能分析染色体、DNA、染色单体数量变化。,1,减数分裂与受精作用,generated_mvp_verified_concept
在错因分析题中，本题考查减数分裂与受精作用，核心要求是分析染色体、DNA、染色单体数量变化。,1,减数分裂与受精作用,generated_mvp_verified_concept
针对错因分析题，这道题围绕减数分裂与受精作用展开，判断依据是分析染色体、DNA、染色单体数量变化。,1,减数分裂与受精作用,generated_mvp_verified_concept
在错因分析题的遗传与进化模块中，减数分裂与受精作用常要求学生分析染色体、DNA、染色单体数量变化。,1,减数分裂与受精作用,generated_mvp_verified_concept
若错因分析题题目出现减数分裂与受精作用相关情境，应重点关注分析染色体、DNA、染色单体数量变化。,1,减数分裂与受精作用,generated_mvp_verified_concept
本题来自错因分析题，属于减数分裂与受精作用知识模块，解题时应能分析染色体、DNA、染色单体数量变化。,1,减数分裂与受精作用,generated_mvp_verified_concept
在教材基础题中，本题考查减数分裂与受精作用，核心要求是分析染色体、DNA、染色单体数量变化。,1,减数分裂与受精作用,generated_mvp_verified_concept
针对教材基础题，这道题围绕减数分裂与受精作用展开，判断依据是分析染色体、DNA、染色单体数量变化。,1,减数分裂与受精作用,generated_mvp_verified_concept
在教材基础题的遗传与进化模块中，减数分裂与受精作用常要求学生分析染色体、DNA、染色单体数量变化。,1,减数分裂与受精作用,generated_mvp_verified_concept
若教材基础题题目出现减数分裂与受精作用相关情境，应重点关注分析染色体、DNA、染色单体数量变化。,1,减数分裂与受精作用,generated_mvp_verified_concept
本题来自教材基础题，属于减数分裂与受精作用知识模块，解题时应能分析染色体、DNA、染色单体数量变化。,1,减数分裂与受精作用,generated_mvp_verified_concept
在能力提升题中，本题考查减数分裂与受精作用，核心要求是分析染色体、DNA、染色单体数量变化。,1,减数分裂与受精作用,generated_mvp_verified_concept
针对能力提升题，这道题围绕减数分裂与受精作用展开，判断依据是分析染色体、DNA、染色单体数量变化。,1,减数分裂与受精作用,generated_mvp_verified_concept
在能力提升题的遗传与进化模块中，减数分裂与受精作用常要求学生分析染色体、DNA、染色单体数量变化。,1,减数分裂与受精作用,generated_mvp_verified_concept
若能力提升题题目出现减数分裂与受精作用相关情境，应重点关注分析染色体、DNA、染色单体数量变化。,1,减数分裂与受精作用,generated_mvp_verified_concept
本题来自能力提升题，属于减数分裂与受精作用知识模块，解题时应能分析染色体、DNA、染色单体数量变化。,1,减数分裂与受精作用,generated_mvp_verified_concept
在综合训练题中，本题考查减数分裂与受精作用，核心要求是分析染色体、DNA、染色单体数量变化。,1,减数分裂与受精作用,generated_mvp_verified_concept
针对综合训练题，这道题围绕减数分裂与受精作用展开，判断依据是分析染色体、DNA、染色单体数量变化。,1,减数分裂与受精作用,generated_mvp_verified_concept
在综合训练题的遗传与进化模块中，减数分裂与受精作用常要求学生分析染色体、DNA、染色单体数量变化。,1,减数分裂与受精作用,generated_mvp_verified_concept
若综合训练题题目出现减数分裂与受精作用相关情境，应重点关注分析染色体、DNA、染色单体数量变化。,1,减数分裂与受精作用,generated_mvp_verified_concept
本题来自综合训练题，属于减数分裂与受精作用知识模块，解题时应能分析染色体、DNA、染色单体数量变化。,1,减数分裂与受精作用,generated_mvp_verified_concept
在考点归纳题中，本题考查减数分裂与受精作用，核心要求是分析染色体、DNA、染色单体数量变化。,1,减数分裂与受精作用,generated_mvp_verified_concept
针对考点归纳题，这道题围绕减数分裂与受精作用展开，判断依据是分析染色体、DNA、染色单体数量变化。,1,减数分裂与受精作用,generated_mvp_verified_concept
在考点归纳题的遗传与进化模块中，减数分裂与受精作用常要求学生分析染色体、DNA、染色单体数量变化。,1,减数分裂与受精作用,generated_mvp_verified_concept
若考点归纳题题目出现减数分裂与受精作用相关情境，应重点关注分析染色体、DNA、染色单体数量变化。,1,减数分裂与受精作用,generated_mvp_verified_concept
本题来自考点归纳题，属于减数分裂与受精作用知识模块，解题时应能分析染色体、DNA、染色单体数量变化。,1,减数分裂与受精作用,generated_mvp_verified_concept
在现象解释题中，本题考查减数分裂与受精作用，核心要求是分析染色体、DNA、染色单体数量变化。,1,减数分裂与受精作用,generated_mvp_verified_concept
针对现象解释题，这道题围绕减数分裂与受精作用展开，判断依据是分析染色体、DNA、染色单体数量变化。,1,减数分裂与受精作用,generated_mvp_verified_concept
在现象解释题的遗传与进化模块中，减数分裂与受精作用常要求学生分析染色体、DNA、染色单体数量变化。,1,减数分裂与受精作用,generated_mvp_verified_concept
若现象解释题题目出现减数分裂与受精作用相关情境，应重点关注分析染色体、DNA、染色单体数量变化。,1,减数分裂与受精作用,generated_mvp_verified_concept
本题来自现象解释题，属于减数分裂与受精作用知识模块，解题时应能分析染色体、DNA、染色单体数量变化。,1,减数分裂与受精作用,generated_mvp_verified_concept
在原理应用题中，本题考查减数分裂与受精作用，核心要求是分析染色体、DNA、染色单体数量变化。,1,减数分裂与受精作用,generated_mvp_verified_concept
针对原理应用题，这道题围绕减数分裂与受精作用展开，判断依据是分析染色体、DNA、染色单体数量变化。,1,减数分裂与受精作用,generated_mvp_verified_concept
在原理应用题的遗传与进化模块中，减数分裂与受精作用常要求学生分析染色体、DNA、染色单体数量变化。,1,减数分裂与受精作用,generated_mvp_verified_concept
若原理应用题题目出现减数分裂与受精作用相关情境，应重点关注分析染色体、DNA、染色单体数量变化。,1,减数分裂与受精作用,generated_mvp_verified_concept
本题来自原理应用题，属于减数分裂与受精作用知识模块，解题时应能分析染色体、DNA、染色单体数量变化。,1,减数分裂与受精作用,generated_mvp_verified_concept
在结论推理题中，本题考查减数分裂与受精作用，核心要求是分析染色体、DNA、染色单体数量变化。,1,减数分裂与受精作用,generated_mvp_verified_concept
针对结论推理题，这道题围绕减数分裂与受精作用展开，判断依据是分析染色体、DNA、染色单体数量变化。,1,减数分裂与受精作用,generated_mvp_verified_concept
在结论推理题的遗传与进化模块中，减数分裂与受精作用常要求学生分析染色体、DNA、染色单体数量变化。,1,减数分裂与受精作用,generated_mvp_verified_concept
若结论推理题题目出现减数分裂与受精作用相关情境，应重点关注分析染色体、DNA、染色单体数量变化。,1,减数分裂与受精作用,generated_mvp_verified_concept
本题来自结论推理题，属于减数分裂与受精作用知识模块，解题时应能分析染色体、DNA、染色单体数量变化。,1,减数分裂与受精作用,generated_mvp_verified_concept
在过程排序题中，本题考查减数分裂与受精作用，核心要求是分析染色体、DNA、染色单体数量变化。,1,减数分裂与受精作用,generated_mvp_verified_concept
针对过程排序题，这道题围绕减数分裂与受精作用展开，判断依据是分析染色体、DNA、染色单体数量变化。,1,减数分裂与受精作用,generated_mvp_verified_concept
在过程排序题的遗传与进化模块中，减数分裂与受精作用常要求学生分析染色体、DNA、染色单体数量变化。,1,减数分裂与受精作用,generated_mvp_verified_concept
若过程排序题题目出现减数分裂与受精作用相关情境，应重点关注分析染色体、DNA、染色单体数量变化。,1,减数分裂与受精作用,generated_mvp_verified_concept
本题来自过程排序题，属于减数分裂与受精作用知识模块，解题时应能分析染色体、DNA、染色单体数量变化。,1,减数分裂与受精作用,generated_mvp_verified_concept
在对照实验题中，本题考查减数分裂与受精作用，核心要求是分析染色体、DNA、染色单体数量变化。,1,减数分裂与受精作用,generated_mvp_verified_concept
针对对照实验题，这道题围绕减数分裂与受精作用展开，判断依据是分析染色体、DNA、染色单体数量变化。,1,减数分裂与受精作用,generated_mvp_verified_concept
在对照实验题的遗传与进化模块中，减数分裂与受精作用常要求学生分析染色体、DNA、染色单体数量变化。,1,减数分裂与受精作用,generated_mvp_verified_concept
若对照实验题题目出现减数分裂与受精作用相关情境，应重点关注分析染色体、DNA、染色单体数量变化。,1,减数分裂与受精作用,generated_mvp_verified_concept
本题来自对照实验题，属于减数分裂与受精作用知识模块，解题时应能分析染色体、DNA、染色单体数量变化。,1,减数分裂与受精作用,generated_mvp_verified_concept
在模型建构题中，本题考查减数分裂与受精作用，核心要求是分析染色体、DNA、染色单体数量变化。,1,减数分裂与受精作用,generated_mvp_verified_concept
针对模型建构题，这道题围绕减数分裂与受精作用展开，判断依据是分析染色体、DNA、染色单体数量变化。,1,减数分裂与受精作用,generated_mvp_verified_concept
在模型建构题的遗传与进化模块中，减数分裂与受精作用常要求学生分析染色体、DNA、染色单体数量变化。,1,减数分裂与受精作用,generated_mvp_verified_concept
若模型建构题题目出现减数分裂与受精作用相关情境，应重点关注分析染色体、DNA、染色单体数量变化。,1,减数分裂与受精作用,generated_mvp_verified_concept
本题来自模型建构题，属于减数分裂与受精作用知识模块，解题时应能分析染色体、DNA、染色单体数量变化。,1,减数分裂与受精作用,generated_mvp_verified_concept
在单项选择题中，本题考查伴性遗传，核心要求是分析红绿色盲、抗维生素D佝偻病等遗传图解。,2,伴性遗传,generated_mvp_verified_concept
针对单项选择题，这道题围绕伴性遗传展开，判断依据是分析红绿色盲、抗维生素D佝偻病等遗传图解。,2,伴性遗传,generated_mvp_verified_concept
在单项选择题的遗传与进化模块中，伴性遗传常要求学生分析红绿色盲、抗维生素D佝偻病等遗传图解。,2,伴性遗传,generated_mvp_verified_concept
若单项选择题题目出现伴性遗传相关情境，应重点关注分析红绿色盲、抗维生素D佝偻病等遗传图解。,2,伴性遗传,generated_mvp_verified_concept
本题来自单项选择题，属于伴性遗传知识模块，解题时应能分析红绿色盲、抗维生素D佝偻病等遗传图解。,2,伴性遗传,generated_mvp_verified_concept
在多项判断题中，本题考查伴性遗传，核心要求是分析红绿色盲、抗维生素D佝偻病等遗传图解。,2,伴性遗传,generated_mvp_verified_concept
针对多项判断题，这道题围绕伴性遗传展开，判断依据是分析红绿色盲、抗维生素D佝偻病等遗传图解。,2,伴性遗传,generated_mvp_verified_concept
在多项判断题的遗传与进化模块中，伴性遗传常要求学生分析红绿色盲、抗维生素D佝偻病等遗传图解。,2,伴性遗传,generated_mvp_verified_concept
若多项判断题题目出现伴性遗传相关情境，应重点关注分析红绿色盲、抗维生素D佝偻病等遗传图解。,2,伴性遗传,generated_mvp_verified_concept
本题来自多项判断题，属于伴性遗传知识模块，解题时应能分析红绿色盲、抗维生素D佝偻病等遗传图解。,2,伴性遗传,generated_mvp_verified_concept
在实验分析题中，本题考查伴性遗传，核心要求是分析红绿色盲、抗维生素D佝偻病等遗传图解。,2,伴性遗传,generated_mvp_verified_concept
针对实验分析题，这道题围绕伴性遗传展开，判断依据是分析红绿色盲、抗维生素D佝偻病等遗传图解。,2,伴性遗传,generated_mvp_verified_concept
在实验分析题的遗传与进化模块中，伴性遗传常要求学生分析红绿色盲、抗维生素D佝偻病等遗传图解。,2,伴性遗传,generated_mvp_verified_concept
若实验分析题题目出现伴性遗传相关情境，应重点关注分析红绿色盲、抗维生素D佝偻病等遗传图解。,2,伴性遗传,generated_mvp_verified_concept
本题来自实验分析题，属于伴性遗传知识模块，解题时应能分析红绿色盲、抗维生素D佝偻病等遗传图解。,2,伴性遗传,generated_mvp_verified_concept
在图表识别题中，本题考查伴性遗传，核心要求是分析红绿色盲、抗维生素D佝偻病等遗传图解。,2,伴性遗传,generated_mvp_verified_concept
针对图表识别题，这道题围绕伴性遗传展开，判断依据是分析红绿色盲、抗维生素D佝偻病等遗传图解。,2,伴性遗传,generated_mvp_verified_concept
在图表识别题的遗传与进化模块中，伴性遗传常要求学生分析红绿色盲、抗维生素D佝偻病等遗传图解。,2,伴性遗传,generated_mvp_verified_concept
若图表识别题题目出现伴性遗传相关情境，应重点关注分析红绿色盲、抗维生素D佝偻病等遗传图解。,2,伴性遗传,generated_mvp_verified_concept
本题来自图表识别题，属于伴性遗传知识模块，解题时应能分析红绿色盲、抗维生素D佝偻病等遗传图解。,2,伴性遗传,generated_mvp_verified_concept
在遗传系谱题中，本题考查伴性遗传，核心要求是分析红绿色盲、抗维生素D佝偻病等遗传图解。,2,伴性遗传,generated_mvp_verified_concept
针对遗传系谱题，这道题围绕伴性遗传展开，判断依据是分析红绿色盲、抗维生素D佝偻病等遗传图解。,2,伴性遗传,generated_mvp_verified_concept
在遗传系谱题的遗传与进化模块中，伴性遗传常要求学生分析红绿色盲、抗维生素D佝偻病等遗传图解。,2,伴性遗传,generated_mvp_verified_concept
若遗传系谱题题目出现伴性遗传相关情境，应重点关注分析红绿色盲、抗维生素D佝偻病等遗传图解。,2,伴性遗传,generated_mvp_verified_concept
本题来自遗传系谱题，属于伴性遗传知识模块，解题时应能分析红绿色盲、抗维生素D佝偻病等遗传图解。,2,伴性遗传,generated_mvp_verified_concept
在概念辨析题中，本题考查伴性遗传，核心要求是分析红绿色盲、抗维生素D佝偻病等遗传图解。,2,伴性遗传,generated_mvp_verified_concept
针对概念辨析题，这道题围绕伴性遗传展开，判断依据是分析红绿色盲、抗维生素D佝偻病等遗传图解。,2,伴性遗传,generated_mvp_verified_concept
在概念辨析题的遗传与进化模块中，伴性遗传常要求学生分析红绿色盲、抗维生素D佝偻病等遗传图解。,2,伴性遗传,generated_mvp_verified_concept
若概念辨析题题目出现伴性遗传相关情境，应重点关注分析红绿色盲、抗维生素D佝偻病等遗传图解。,2,伴性遗传,generated_mvp_verified_concept
本题来自概念辨析题，属于伴性遗传知识模块，解题时应能分析红绿色盲、抗维生素D佝偻病等遗传图解。,2,伴性遗传,generated_mvp_verified_concept
在数据推断题中，本题考查伴性遗传，核心要求是分析红绿色盲、抗维生素D佝偻病等遗传图解。,2,伴性遗传,generated_mvp_verified_concept
针对数据推断题，这道题围绕伴性遗传展开，判断依据是分析红绿色盲、抗维生素D佝偻病等遗传图解。,2,伴性遗传,generated_mvp_verified_concept
在数据推断题的遗传与进化模块中，伴性遗传常要求学生分析红绿色盲、抗维生素D佝偻病等遗传图解。,2,伴性遗传,generated_mvp_verified_concept
若数据推断题题目出现伴性遗传相关情境，应重点关注分析红绿色盲、抗维生素D佝偻病等遗传图解。,2,伴性遗传,generated_mvp_verified_concept
本题来自数据推断题，属于伴性遗传知识模块，解题时应能分析红绿色盲、抗维生素D佝偻病等遗传图解。,2,伴性遗传,generated_mvp_verified_concept
在情境应用题中，本题考查伴性遗传，核心要求是分析红绿色盲、抗维生素D佝偻病等遗传图解。,2,伴性遗传,generated_mvp_verified_concept
针对情境应用题，这道题围绕伴性遗传展开，判断依据是分析红绿色盲、抗维生素D佝偻病等遗传图解。,2,伴性遗传,generated_mvp_verified_concept
在情境应用题的遗传与进化模块中，伴性遗传常要求学生分析红绿色盲、抗维生素D佝偻病等遗传图解。,2,伴性遗传,generated_mvp_verified_concept
若情境应用题题目出现伴性遗传相关情境，应重点关注分析红绿色盲、抗维生素D佝偻病等遗传图解。,2,伴性遗传,generated_mvp_verified_concept
本题来自情境应用题，属于伴性遗传知识模块，解题时应能分析红绿色盲、抗维生素D佝偻病等遗传图解。,2,伴性遗传,generated_mvp_verified_concept
在复习巩固题中，本题考查伴性遗传，核心要求是分析红绿色盲、抗维生素D佝偻病等遗传图解。,2,伴性遗传,generated_mvp_verified_concept
针对复习巩固题，这道题围绕伴性遗传展开，判断依据是分析红绿色盲、抗维生素D佝偻病等遗传图解。,2,伴性遗传,generated_mvp_verified_concept
在复习巩固题的遗传与进化模块中，伴性遗传常要求学生分析红绿色盲、抗维生素D佝偻病等遗传图解。,2,伴性遗传,generated_mvp_verified_concept
若复习巩固题题目出现伴性遗传相关情境，应重点关注分析红绿色盲、抗维生素D佝偻病等遗传图解。,2,伴性遗传,generated_mvp_verified_concept
本题来自复习巩固题，属于伴性遗传知识模块，解题时应能分析红绿色盲、抗维生素D佝偻病等遗传图解。,2,伴性遗传,generated_mvp_verified_concept
在错因分析题中，本题考查伴性遗传，核心要求是分析红绿色盲、抗维生素D佝偻病等遗传图解。,2,伴性遗传,generated_mvp_verified_concept
针对错因分析题，这道题围绕伴性遗传展开，判断依据是分析红绿色盲、抗维生素D佝偻病等遗传图解。,2,伴性遗传,generated_mvp_verified_concept
在错因分析题的遗传与进化模块中，伴性遗传常要求学生分析红绿色盲、抗维生素D佝偻病等遗传图解。,2,伴性遗传,generated_mvp_verified_concept
若错因分析题题目出现伴性遗传相关情境，应重点关注分析红绿色盲、抗维生素D佝偻病等遗传图解。,2,伴性遗传,generated_mvp_verified_concept
本题来自错因分析题，属于伴性遗传知识模块，解题时应能分析红绿色盲、抗维生素D佝偻病等遗传图解。,2,伴性遗传,generated_mvp_verified_concept
在教材基础题中，本题考查伴性遗传，核心要求是分析红绿色盲、抗维生素D佝偻病等遗传图解。,2,伴性遗传,generated_mvp_verified_concept
针对教材基础题，这道题围绕伴性遗传展开，判断依据是分析红绿色盲、抗维生素D佝偻病等遗传图解。,2,伴性遗传,generated_mvp_verified_concept
在教材基础题的遗传与进化模块中，伴性遗传常要求学生分析红绿色盲、抗维生素D佝偻病等遗传图解。,2,伴性遗传,generated_mvp_verified_concept
若教材基础题题目出现伴性遗传相关情境，应重点关注分析红绿色盲、抗维生素D佝偻病等遗传图解。,2,伴性遗传,generated_mvp_verified_concept
本题来自教材基础题，属于伴性遗传知识模块，解题时应能分析红绿色盲、抗维生素D佝偻病等遗传图解。,2,伴性遗传,generated_mvp_verified_concept
在能力提升题中，本题考查伴性遗传，核心要求是分析红绿色盲、抗维生素D佝偻病等遗传图解。,2,伴性遗传,generated_mvp_verified_concept
针对能力提升题，这道题围绕伴性遗传展开，判断依据是分析红绿色盲、抗维生素D佝偻病等遗传图解。,2,伴性遗传,generated_mvp_verified_concept
在能力提升题的遗传与进化模块中，伴性遗传常要求学生分析红绿色盲、抗维生素D佝偻病等遗传图解。,2,伴性遗传,generated_mvp_verified_concept
若能力提升题题目出现伴性遗传相关情境，应重点关注分析红绿色盲、抗维生素D佝偻病等遗传图解。,2,伴性遗传,generated_mvp_verified_concept
本题来自能力提升题，属于伴性遗传知识模块，解题时应能分析红绿色盲、抗维生素D佝偻病等遗传图解。,2,伴性遗传,generated_mvp_verified_concept
在综合训练题中，本题考查伴性遗传，核心要求是分析红绿色盲、抗维生素D佝偻病等遗传图解。,2,伴性遗传,generated_mvp_verified_concept
针对综合训练题，这道题围绕伴性遗传展开，判断依据是分析红绿色盲、抗维生素D佝偻病等遗传图解。,2,伴性遗传,generated_mvp_verified_concept
在综合训练题的遗传与进化模块中，伴性遗传常要求学生分析红绿色盲、抗维生素D佝偻病等遗传图解。,2,伴性遗传,generated_mvp_verified_concept
若综合训练题题目出现伴性遗传相关情境，应重点关注分析红绿色盲、抗维生素D佝偻病等遗传图解。,2,伴性遗传,generated_mvp_verified_concept
本题来自综合训练题，属于伴性遗传知识模块，解题时应能分析红绿色盲、抗维生素D佝偻病等遗传图解。,2,伴性遗传,generated_mvp_verified_concept
在考点归纳题中，本题考查伴性遗传，核心要求是分析红绿色盲、抗维生素D佝偻病等遗传图解。,2,伴性遗传,generated_mvp_verified_concept
针对考点归纳题，这道题围绕伴性遗传展开，判断依据是分析红绿色盲、抗维生素D佝偻病等遗传图解。,2,伴性遗传,generated_mvp_verified_concept
在考点归纳题的遗传与进化模块中，伴性遗传常要求学生分析红绿色盲、抗维生素D佝偻病等遗传图解。,2,伴性遗传,generated_mvp_verified_concept
若考点归纳题题目出现伴性遗传相关情境，应重点关注分析红绿色盲、抗维生素D佝偻病等遗传图解。,2,伴性遗传,generated_mvp_verified_concept
本题来自考点归纳题，属于伴性遗传知识模块，解题时应能分析红绿色盲、抗维生素D佝偻病等遗传图解。,2,伴性遗传,generated_mvp_verified_concept
在现象解释题中，本题考查伴性遗传，核心要求是分析红绿色盲、抗维生素D佝偻病等遗传图解。,2,伴性遗传,generated_mvp_verified_concept
针对现象解释题，这道题围绕伴性遗传展开，判断依据是分析红绿色盲、抗维生素D佝偻病等遗传图解。,2,伴性遗传,generated_mvp_verified_concept
在现象解释题的遗传与进化模块中，伴性遗传常要求学生分析红绿色盲、抗维生素D佝偻病等遗传图解。,2,伴性遗传,generated_mvp_verified_concept
若现象解释题题目出现伴性遗传相关情境，应重点关注分析红绿色盲、抗维生素D佝偻病等遗传图解。,2,伴性遗传,generated_mvp_verified_concept
本题来自现象解释题，属于伴性遗传知识模块，解题时应能分析红绿色盲、抗维生素D佝偻病等遗传图解。,2,伴性遗传,generated_mvp_verified_concept
在原理应用题中，本题考查伴性遗传，核心要求是分析红绿色盲、抗维生素D佝偻病等遗传图解。,2,伴性遗传,generated_mvp_verified_concept
针对原理应用题，这道题围绕伴性遗传展开，判断依据是分析红绿色盲、抗维生素D佝偻病等遗传图解。,2,伴性遗传,generated_mvp_verified_concept
在原理应用题的遗传与进化模块中，伴性遗传常要求学生分析红绿色盲、抗维生素D佝偻病等遗传图解。,2,伴性遗传,generated_mvp_verified_concept
若原理应用题题目出现伴性遗传相关情境，应重点关注分析红绿色盲、抗维生素D佝偻病等遗传图解。,2,伴性遗传,generated_mvp_verified_concept
本题来自原理应用题，属于伴性遗传知识模块，解题时应能分析红绿色盲、抗维生素D佝偻病等遗传图解。,2,伴性遗传,generated_mvp_verified_concept
在结论推理题中，本题考查伴性遗传，核心要求是分析红绿色盲、抗维生素D佝偻病等遗传图解。,2,伴性遗传,generated_mvp_verified_concept
针对结论推理题，这道题围绕伴性遗传展开，判断依据是分析红绿色盲、抗维生素D佝偻病等遗传图解。,2,伴性遗传,generated_mvp_verified_concept
在结论推理题的遗传与进化模块中，伴性遗传常要求学生分析红绿色盲、抗维生素D佝偻病等遗传图解。,2,伴性遗传,generated_mvp_verified_concept
若结论推理题题目出现伴性遗传相关情境，应重点关注分析红绿色盲、抗维生素D佝偻病等遗传图解。,2,伴性遗传,generated_mvp_verified_concept
本题来自结论推理题，属于伴性遗传知识模块，解题时应能分析红绿色盲、抗维生素D佝偻病等遗传图解。,2,伴性遗传,generated_mvp_verified_concept
在过程排序题中，本题考查伴性遗传，核心要求是分析红绿色盲、抗维生素D佝偻病等遗传图解。,2,伴性遗传,generated_mvp_verified_concept
针对过程排序题，这道题围绕伴性遗传展开，判断依据是分析红绿色盲、抗维生素D佝偻病等遗传图解。,2,伴性遗传,generated_mvp_verified_concept
在过程排序题的遗传与进化模块中，伴性遗传常要求学生分析红绿色盲、抗维生素D佝偻病等遗传图解。,2,伴性遗传,generated_mvp_verified_concept
若过程排序题题目出现伴性遗传相关情境，应重点关注分析红绿色盲、抗维生素D佝偻病等遗传图解。,2,伴性遗传,generated_mvp_verified_concept
本题来自过程排序题，属于伴性遗传知识模块，解题时应能分析红绿色盲、抗维生素D佝偻病等遗传图解。,2,伴性遗传,generated_mvp_verified_concept
在对照实验题中，本题考查伴性遗传，核心要求是分析红绿色盲、抗维生素D佝偻病等遗传图解。,2,伴性遗传,generated_mvp_verified_concept
针对对照实验题，这道题围绕伴性遗传展开，判断依据是分析红绿色盲、抗维生素D佝偻病等遗传图解。,2,伴性遗传,generated_mvp_verified_concept
在对照实验题的遗传与进化模块中，伴性遗传常要求学生分析红绿色盲、抗维生素D佝偻病等遗传图解。,2,伴性遗传,generated_mvp_verified_concept
若对照实验题题目出现伴性遗传相关情境，应重点关注分析红绿色盲、抗维生素D佝偻病等遗传图解。,2,伴性遗传,generated_mvp_verified_concept
本题来自对照实验题，属于伴性遗传知识模块，解题时应能分析红绿色盲、抗维生素D佝偻病等遗传图解。,2,伴性遗传,generated_mvp_verified_concept
在模型建构题中，本题考查伴性遗传，核心要求是分析红绿色盲、抗维生素D佝偻病等遗传图解。,2,伴性遗传,generated_mvp_verified_concept
针对模型建构题，这道题围绕伴性遗传展开，判断依据是分析红绿色盲、抗维生素D佝偻病等遗传图解。,2,伴性遗传,generated_mvp_verified_concept
在模型建构题的遗传与进化模块中，伴性遗传常要求学生分析红绿色盲、抗维生素D佝偻病等遗传图解。,2,伴性遗传,generated_mvp_verified_concept
若模型建构题题目出现伴性遗传相关情境，应重点关注分析红绿色盲、抗维生素D佝偻病等遗传图解。,2,伴性遗传,generated_mvp_verified_concept
本题来自模型建构题，属于伴性遗传知识模块，解题时应能分析红绿色盲、抗维生素D佝偻病等遗传图解。,2,伴性遗传,generated_mvp_verified_concept
在单项选择题中，本题考查DNA是主要遗传物质，核心要求是肺炎链球菌转化实验、噬菌体侵染细菌实验。,3,DNA是主要遗传物质,generated_mvp_verified_concept
针对单项选择题，这道题围绕DNA是主要遗传物质展开，判断依据是肺炎链球菌转化实验、噬菌体侵染细菌实验。,3,DNA是主要遗传物质,generated_mvp_verified_concept
在单项选择题的遗传与进化模块中，DNA是主要遗传物质常要求学生肺炎链球菌转化实验、噬菌体侵染细菌实验。,3,DNA是主要遗传物质,generated_mvp_verified_concept
若单项选择题题目出现DNA是主要遗传物质相关情境，应重点关注肺炎链球菌转化实验、噬菌体侵染细菌实验。,3,DNA是主要遗传物质,generated_mvp_verified_concept
本题来自单项选择题，属于DNA是主要遗传物质知识模块，解题时应能肺炎链球菌转化实验、噬菌体侵染细菌实验。,3,DNA是主要遗传物质,generated_mvp_verified_concept
在多项判断题中，本题考查DNA是主要遗传物质，核心要求是肺炎链球菌转化实验、噬菌体侵染细菌实验。,3,DNA是主要遗传物质,generated_mvp_verified_concept
针对多项判断题，这道题围绕DNA是主要遗传物质展开，判断依据是肺炎链球菌转化实验、噬菌体侵染细菌实验。,3,DNA是主要遗传物质,generated_mvp_verified_concept
在多项判断题的遗传与进化模块中，DNA是主要遗传物质常要求学生肺炎链球菌转化实验、噬菌体侵染细菌实验。,3,DNA是主要遗传物质,generated_mvp_verified_concept
若多项判断题题目出现DNA是主要遗传物质相关情境，应重点关注肺炎链球菌转化实验、噬菌体侵染细菌实验。,3,DNA是主要遗传物质,generated_mvp_verified_concept
本题来自多项判断题，属于DNA是主要遗传物质知识模块，解题时应能肺炎链球菌转化实验、噬菌体侵染细菌实验。,3,DNA是主要遗传物质,generated_mvp_verified_concept
在实验分析题中，本题考查DNA是主要遗传物质，核心要求是肺炎链球菌转化实验、噬菌体侵染细菌实验。,3,DNA是主要遗传物质,generated_mvp_verified_concept
针对实验分析题，这道题围绕DNA是主要遗传物质展开，判断依据是肺炎链球菌转化实验、噬菌体侵染细菌实验。,3,DNA是主要遗传物质,generated_mvp_verified_concept
在实验分析题的遗传与进化模块中，DNA是主要遗传物质常要求学生肺炎链球菌转化实验、噬菌体侵染细菌实验。,3,DNA是主要遗传物质,generated_mvp_verified_concept
若实验分析题题目出现DNA是主要遗传物质相关情境，应重点关注肺炎链球菌转化实验、噬菌体侵染细菌实验。,3,DNA是主要遗传物质,generated_mvp_verified_concept
本题来自实验分析题，属于DNA是主要遗传物质知识模块，解题时应能肺炎链球菌转化实验、噬菌体侵染细菌实验。,3,DNA是主要遗传物质,generated_mvp_verified_concept
在图表识别题中，本题考查DNA是主要遗传物质，核心要求是肺炎链球菌转化实验、噬菌体侵染细菌实验。,3,DNA是主要遗传物质,generated_mvp_verified_concept
针对图表识别题，这道题围绕DNA是主要遗传物质展开，判断依据是肺炎链球菌转化实验、噬菌体侵染细菌实验。,3,DNA是主要遗传物质,generated_mvp_verified_concept
在图表识别题的遗传与进化模块中，DNA是主要遗传物质常要求学生肺炎链球菌转化实验、噬菌体侵染细菌实验。,3,DNA是主要遗传物质,generated_mvp_verified_concept
若图表识别题题目出现DNA是主要遗传物质相关情境，应重点关注肺炎链球菌转化实验、噬菌体侵染细菌实验。,3,DNA是主要遗传物质,generated_mvp_verified_concept
本题来自图表识别题，属于DNA是主要遗传物质知识模块，解题时应能肺炎链球菌转化实验、噬菌体侵染细菌实验。,3,DNA是主要遗传物质,generated_mvp_verified_concept
在遗传系谱题中，本题考查DNA是主要遗传物质，核心要求是肺炎链球菌转化实验、噬菌体侵染细菌实验。,3,DNA是主要遗传物质,generated_mvp_verified_concept
针对遗传系谱题，这道题围绕DNA是主要遗传物质展开，判断依据是肺炎链球菌转化实验、噬菌体侵染细菌实验。,3,DNA是主要遗传物质,generated_mvp_verified_concept
在遗传系谱题的遗传与进化模块中，DNA是主要遗传物质常要求学生肺炎链球菌转化实验、噬菌体侵染细菌实验。,3,DNA是主要遗传物质,generated_mvp_verified_concept
若遗传系谱题题目出现DNA是主要遗传物质相关情境，应重点关注肺炎链球菌转化实验、噬菌体侵染细菌实验。,3,DNA是主要遗传物质,generated_mvp_verified_concept
本题来自遗传系谱题，属于DNA是主要遗传物质知识模块，解题时应能肺炎链球菌转化实验、噬菌体侵染细菌实验。,3,DNA是主要遗传物质,generated_mvp_verified_concept
在概念辨析题中，本题考查DNA是主要遗传物质，核心要求是肺炎链球菌转化实验、噬菌体侵染细菌实验。,3,DNA是主要遗传物质,generated_mvp_verified_concept
针对概念辨析题，这道题围绕DNA是主要遗传物质展开，判断依据是肺炎链球菌转化实验、噬菌体侵染细菌实验。,3,DNA是主要遗传物质,generated_mvp_verified_concept
在概念辨析题的遗传与进化模块中，DNA是主要遗传物质常要求学生肺炎链球菌转化实验、噬菌体侵染细菌实验。,3,DNA是主要遗传物质,generated_mvp_verified_concept
若概念辨析题题目出现DNA是主要遗传物质相关情境，应重点关注肺炎链球菌转化实验、噬菌体侵染细菌实验。,3,DNA是主要遗传物质,generated_mvp_verified_concept
本题来自概念辨析题，属于DNA是主要遗传物质知识模块，解题时应能肺炎链球菌转化实验、噬菌体侵染细菌实验。,3,DNA是主要遗传物质,generated_mvp_verified_concept
在数据推断题中，本题考查DNA是主要遗传物质，核心要求是肺炎链球菌转化实验、噬菌体侵染细菌实验。,3,DNA是主要遗传物质,generated_mvp_verified_concept
针对数据推断题，这道题围绕DNA是主要遗传物质展开，判断依据是肺炎链球菌转化实验、噬菌体侵染细菌实验。,3,DNA是主要遗传物质,generated_mvp_verified_concept
在数据推断题的遗传与进化模块中，DNA是主要遗传物质常要求学生肺炎链球菌转化实验、噬菌体侵染细菌实验。,3,DNA是主要遗传物质,generated_mvp_verified_concept
若数据推断题题目出现DNA是主要遗传物质相关情境，应重点关注肺炎链球菌转化实验、噬菌体侵染细菌实验。,3,DNA是主要遗传物质,generated_mvp_verified_concept
本题来自数据推断题，属于DNA是主要遗传物质知识模块，解题时应能肺炎链球菌转化实验、噬菌体侵染细菌实验。,3,DNA是主要遗传物质,generated_mvp_verified_concept
在情境应用题中，本题考查DNA是主要遗传物质，核心要求是肺炎链球菌转化实验、噬菌体侵染细菌实验。,3,DNA是主要遗传物质,generated_mvp_verified_concept
针对情境应用题，这道题围绕DNA是主要遗传物质展开，判断依据是肺炎链球菌转化实验、噬菌体侵染细菌实验。,3,DNA是主要遗传物质,generated_mvp_verified_concept
在情境应用题的遗传与进化模块中，DNA是主要遗传物质常要求学生肺炎链球菌转化实验、噬菌体侵染细菌实验。,3,DNA是主要遗传物质,generated_mvp_verified_concept
若情境应用题题目出现DNA是主要遗传物质相关情境，应重点关注肺炎链球菌转化实验、噬菌体侵染细菌实验。,3,DNA是主要遗传物质,generated_mvp_verified_concept
本题来自情境应用题，属于DNA是主要遗传物质知识模块，解题时应能肺炎链球菌转化实验、噬菌体侵染细菌实验。,3,DNA是主要遗传物质,generated_mvp_verified_concept
在复习巩固题中，本题考查DNA是主要遗传物质，核心要求是肺炎链球菌转化实验、噬菌体侵染细菌实验。,3,DNA是主要遗传物质,generated_mvp_verified_concept
针对复习巩固题，这道题围绕DNA是主要遗传物质展开，判断依据是肺炎链球菌转化实验、噬菌体侵染细菌实验。,3,DNA是主要遗传物质,generated_mvp_verified_concept
在复习巩固题的遗传与进化模块中，DNA是主要遗传物质常要求学生肺炎链球菌转化实验、噬菌体侵染细菌实验。,3,DNA是主要遗传物质,generated_mvp_verified_concept
若复习巩固题题目出现DNA是主要遗传物质相关情境，应重点关注肺炎链球菌转化实验、噬菌体侵染细菌实验。,3,DNA是主要遗传物质,generated_mvp_verified_concept
本题来自复习巩固题，属于DNA是主要遗传物质知识模块，解题时应能肺炎链球菌转化实验、噬菌体侵染细菌实验。,3,DNA是主要遗传物质,generated_mvp_verified_concept
在错因分析题中，本题考查DNA是主要遗传物质，核心要求是肺炎链球菌转化实验、噬菌体侵染细菌实验。,3,DNA是主要遗传物质,generated_mvp_verified_concept
针对错因分析题，这道题围绕DNA是主要遗传物质展开，判断依据是肺炎链球菌转化实验、噬菌体侵染细菌实验。,3,DNA是主要遗传物质,generated_mvp_verified_concept
在错因分析题的遗传与进化模块中，DNA是主要遗传物质常要求学生肺炎链球菌转化实验、噬菌体侵染细菌实验。,3,DNA是主要遗传物质,generated_mvp_verified_concept
若错因分析题题目出现DNA是主要遗传物质相关情境，应重点关注肺炎链球菌转化实验、噬菌体侵染细菌实验。,3,DNA是主要遗传物质,generated_mvp_verified_concept
本题来自错因分析题，属于DNA是主要遗传物质知识模块，解题时应能肺炎链球菌转化实验、噬菌体侵染细菌实验。,3,DNA是主要遗传物质,generated_mvp_verified_concept
在教材基础题中，本题考查DNA是主要遗传物质，核心要求是肺炎链球菌转化实验、噬菌体侵染细菌实验。,3,DNA是主要遗传物质,generated_mvp_verified_concept
针对教材基础题，这道题围绕DNA是主要遗传物质展开，判断依据是肺炎链球菌转化实验、噬菌体侵染细菌实验。,3,DNA是主要遗传物质,generated_mvp_verified_concept
在教材基础题的遗传与进化模块中，DNA是主要遗传物质常要求学生肺炎链球菌转化实验、噬菌体侵染细菌实验。,3,DNA是主要遗传物质,generated_mvp_verified_concept
若教材基础题题目出现DNA是主要遗传物质相关情境，应重点关注肺炎链球菌转化实验、噬菌体侵染细菌实验。,3,DNA是主要遗传物质,generated_mvp_verified_concept
本题来自教材基础题，属于DNA是主要遗传物质知识模块，解题时应能肺炎链球菌转化实验、噬菌体侵染细菌实验。,3,DNA是主要遗传物质,generated_mvp_verified_concept
在能力提升题中，本题考查DNA是主要遗传物质，核心要求是肺炎链球菌转化实验、噬菌体侵染细菌实验。,3,DNA是主要遗传物质,generated_mvp_verified_concept
针对能力提升题，这道题围绕DNA是主要遗传物质展开，判断依据是肺炎链球菌转化实验、噬菌体侵染细菌实验。,3,DNA是主要遗传物质,generated_mvp_verified_concept
在能力提升题的遗传与进化模块中，DNA是主要遗传物质常要求学生肺炎链球菌转化实验、噬菌体侵染细菌实验。,3,DNA是主要遗传物质,generated_mvp_verified_concept
若能力提升题题目出现DNA是主要遗传物质相关情境，应重点关注肺炎链球菌转化实验、噬菌体侵染细菌实验。,3,DNA是主要遗传物质,generated_mvp_verified_concept
本题来自能力提升题，属于DNA是主要遗传物质知识模块，解题时应能肺炎链球菌转化实验、噬菌体侵染细菌实验。,3,DNA是主要遗传物质,generated_mvp_verified_concept
在综合训练题中，本题考查DNA是主要遗传物质，核心要求是肺炎链球菌转化实验、噬菌体侵染细菌实验。,3,DNA是主要遗传物质,generated_mvp_verified_concept
针对综合训练题，这道题围绕DNA是主要遗传物质展开，判断依据是肺炎链球菌转化实验、噬菌体侵染细菌实验。,3,DNA是主要遗传物质,generated_mvp_verified_concept
在综合训练题的遗传与进化模块中，DNA是主要遗传物质常要求学生肺炎链球菌转化实验、噬菌体侵染细菌实验。,3,DNA是主要遗传物质,generated_mvp_verified_concept
若综合训练题题目出现DNA是主要遗传物质相关情境，应重点关注肺炎链球菌转化实验、噬菌体侵染细菌实验。,3,DNA是主要遗传物质,generated_mvp_verified_concept
本题来自综合训练题，属于DNA是主要遗传物质知识模块，解题时应能肺炎链球菌转化实验、噬菌体侵染细菌实验。,3,DNA是主要遗传物质,generated_mvp_verified_concept
在考点归纳题中，本题考查DNA是主要遗传物质，核心要求是肺炎链球菌转化实验、噬菌体侵染细菌实验。,3,DNA是主要遗传物质,generated_mvp_verified_concept
针对考点归纳题，这道题围绕DNA是主要遗传物质展开，判断依据是肺炎链球菌转化实验、噬菌体侵染细菌实验。,3,DNA是主要遗传物质,generated_mvp_verified_concept
在考点归纳题的遗传与进化模块中，DNA是主要遗传物质常要求学生肺炎链球菌转化实验、噬菌体侵染细菌实验。,3,DNA是主要遗传物质,generated_mvp_verified_concept
若考点归纳题题目出现DNA是主要遗传物质相关情境，应重点关注肺炎链球菌转化实验、噬菌体侵染细菌实验。,3,DNA是主要遗传物质,generated_mvp_verified_concept
本题来自考点归纳题，属于DNA是主要遗传物质知识模块，解题时应能肺炎链球菌转化实验、噬菌体侵染细菌实验。,3,DNA是主要遗传物质,generated_mvp_verified_concept
在现象解释题中，本题考查DNA是主要遗传物质，核心要求是肺炎链球菌转化实验、噬菌体侵染细菌实验。,3,DNA是主要遗传物质,generated_mvp_verified_concept
针对现象解释题，这道题围绕DNA是主要遗传物质展开，判断依据是肺炎链球菌转化实验、噬菌体侵染细菌实验。,3,DNA是主要遗传物质,generated_mvp_verified_concept
在现象解释题的遗传与进化模块中，DNA是主要遗传物质常要求学生肺炎链球菌转化实验、噬菌体侵染细菌实验。,3,DNA是主要遗传物质,generated_mvp_verified_concept
若现象解释题题目出现DNA是主要遗传物质相关情境，应重点关注肺炎链球菌转化实验、噬菌体侵染细菌实验。,3,DNA是主要遗传物质,generated_mvp_verified_concept
本题来自现象解释题，属于DNA是主要遗传物质知识模块，解题时应能肺炎链球菌转化实验、噬菌体侵染细菌实验。,3,DNA是主要遗传物质,generated_mvp_verified_concept
在原理应用题中，本题考查DNA是主要遗传物质，核心要求是肺炎链球菌转化实验、噬菌体侵染细菌实验。,3,DNA是主要遗传物质,generated_mvp_verified_concept
针对原理应用题，这道题围绕DNA是主要遗传物质展开，判断依据是肺炎链球菌转化实验、噬菌体侵染细菌实验。,3,DNA是主要遗传物质,generated_mvp_verified_concept
在原理应用题的遗传与进化模块中，DNA是主要遗传物质常要求学生肺炎链球菌转化实验、噬菌体侵染细菌实验。,3,DNA是主要遗传物质,generated_mvp_verified_concept
若原理应用题题目出现DNA是主要遗传物质相关情境，应重点关注肺炎链球菌转化实验、噬菌体侵染细菌实验。,3,DNA是主要遗传物质,generated_mvp_verified_concept
本题来自原理应用题，属于DNA是主要遗传物质知识模块，解题时应能肺炎链球菌转化实验、噬菌体侵染细菌实验。,3,DNA是主要遗传物质,generated_mvp_verified_concept
在结论推理题中，本题考查DNA是主要遗传物质，核心要求是肺炎链球菌转化实验、噬菌体侵染细菌实验。,3,DNA是主要遗传物质,generated_mvp_verified_concept
针对结论推理题，这道题围绕DNA是主要遗传物质展开，判断依据是肺炎链球菌转化实验、噬菌体侵染细菌实验。,3,DNA是主要遗传物质,generated_mvp_verified_concept
在结论推理题的遗传与进化模块中，DNA是主要遗传物质常要求学生肺炎链球菌转化实验、噬菌体侵染细菌实验。,3,DNA是主要遗传物质,generated_mvp_verified_concept
若结论推理题题目出现DNA是主要遗传物质相关情境，应重点关注肺炎链球菌转化实验、噬菌体侵染细菌实验。,3,DNA是主要遗传物质,generated_mvp_verified_concept
本题来自结论推理题，属于DNA是主要遗传物质知识模块，解题时应能肺炎链球菌转化实验、噬菌体侵染细菌实验。,3,DNA是主要遗传物质,generated_mvp_verified_concept
在过程排序题中，本题考查DNA是主要遗传物质，核心要求是肺炎链球菌转化实验、噬菌体侵染细菌实验。,3,DNA是主要遗传物质,generated_mvp_verified_concept
针对过程排序题，这道题围绕DNA是主要遗传物质展开，判断依据是肺炎链球菌转化实验、噬菌体侵染细菌实验。,3,DNA是主要遗传物质,generated_mvp_verified_concept
在过程排序题的遗传与进化模块中，DNA是主要遗传物质常要求学生肺炎链球菌转化实验、噬菌体侵染细菌实验。,3,DNA是主要遗传物质,generated_mvp_verified_concept
若过程排序题题目出现DNA是主要遗传物质相关情境，应重点关注肺炎链球菌转化实验、噬菌体侵染细菌实验。,3,DNA是主要遗传物质,generated_mvp_verified_concept
本题来自过程排序题，属于DNA是主要遗传物质知识模块，解题时应能肺炎链球菌转化实验、噬菌体侵染细菌实验。,3,DNA是主要遗传物质,generated_mvp_verified_concept
在对照实验题中，本题考查DNA是主要遗传物质，核心要求是肺炎链球菌转化实验、噬菌体侵染细菌实验。,3,DNA是主要遗传物质,generated_mvp_verified_concept
针对对照实验题，这道题围绕DNA是主要遗传物质展开，判断依据是肺炎链球菌转化实验、噬菌体侵染细菌实验。,3,DNA是主要遗传物质,generated_mvp_verified_concept
在对照实验题的遗传与进化模块中，DNA是主要遗传物质常要求学生肺炎链球菌转化实验、噬菌体侵染细菌实验。,3,DNA是主要遗传物质,generated_mvp_verified_concept
若对照实验题题目出现DNA是主要遗传物质相关情境，应重点关注肺炎链球菌转化实验、噬菌体侵染细菌实验。,3,DNA是主要遗传物质,generated_mvp_verified_concept
本题来自对照实验题，属于DNA是主要遗传物质知识模块，解题时应能肺炎链球菌转化实验、噬菌体侵染细菌实验。,3,DNA是主要遗传物质,generated_mvp_verified_concept
在模型建构题中，本题考查DNA是主要遗传物质，核心要求是肺炎链球菌转化实验、噬菌体侵染细菌实验。,3,DNA是主要遗传物质,generated_mvp_verified_concept
针对模型建构题，这道题围绕DNA是主要遗传物质展开，判断依据是肺炎链球菌转化实验、噬菌体侵染细菌实验。,3,DNA是主要遗传物质,generated_mvp_verified_concept
在模型建构题的遗传与进化模块中，DNA是主要遗传物质常要求学生肺炎链球菌转化实验、噬菌体侵染细菌实验。,3,DNA是主要遗传物质,generated_mvp_verified_concept
若模型建构题题目出现DNA是主要遗传物质相关情境，应重点关注肺炎链球菌转化实验、噬菌体侵染细菌实验。,3,DNA是主要遗传物质,generated_mvp_verified_concept
本题来自模型建构题，属于DNA是主要遗传物质知识模块，解题时应能肺炎链球菌转化实验、噬菌体侵染细菌实验。,3,DNA是主要遗传物质,generated_mvp_verified_concept
在单项选择题中，本题考查DNA结构与复制，核心要求是双螺旋、碱基互补配对、半保留复制。,4,DNA结构与复制,generated_mvp_verified_concept
针对单项选择题，这道题围绕DNA结构与复制展开，判断依据是双螺旋、碱基互补配对、半保留复制。,4,DNA结构与复制,generated_mvp_verified_concept
在单项选择题的遗传与进化模块中，DNA结构与复制常要求学生双螺旋、碱基互补配对、半保留复制。,4,DNA结构与复制,generated_mvp_verified_concept
若单项选择题题目出现DNA结构与复制相关情境，应重点关注双螺旋、碱基互补配对、半保留复制。,4,DNA结构与复制,generated_mvp_verified_concept
本题来自单项选择题，属于DNA结构与复制知识模块，解题时应能双螺旋、碱基互补配对、半保留复制。,4,DNA结构与复制,generated_mvp_verified_concept
在多项判断题中，本题考查DNA结构与复制，核心要求是双螺旋、碱基互补配对、半保留复制。,4,DNA结构与复制,generated_mvp_verified_concept
针对多项判断题，这道题围绕DNA结构与复制展开，判断依据是双螺旋、碱基互补配对、半保留复制。,4,DNA结构与复制,generated_mvp_verified_concept
在多项判断题的遗传与进化模块中，DNA结构与复制常要求学生双螺旋、碱基互补配对、半保留复制。,4,DNA结构与复制,generated_mvp_verified_concept
若多项判断题题目出现DNA结构与复制相关情境，应重点关注双螺旋、碱基互补配对、半保留复制。,4,DNA结构与复制,generated_mvp_verified_concept
本题来自多项判断题，属于DNA结构与复制知识模块，解题时应能双螺旋、碱基互补配对、半保留复制。,4,DNA结构与复制,generated_mvp_verified_concept
在实验分析题中，本题考查DNA结构与复制，核心要求是双螺旋、碱基互补配对、半保留复制。,4,DNA结构与复制,generated_mvp_verified_concept
针对实验分析题，这道题围绕DNA结构与复制展开，判断依据是双螺旋、碱基互补配对、半保留复制。,4,DNA结构与复制,generated_mvp_verified_concept
在实验分析题的遗传与进化模块中，DNA结构与复制常要求学生双螺旋、碱基互补配对、半保留复制。,4,DNA结构与复制,generated_mvp_verified_concept
若实验分析题题目出现DNA结构与复制相关情境，应重点关注双螺旋、碱基互补配对、半保留复制。,4,DNA结构与复制,generated_mvp_verified_concept
本题来自实验分析题，属于DNA结构与复制知识模块，解题时应能双螺旋、碱基互补配对、半保留复制。,4,DNA结构与复制,generated_mvp_verified_concept
在图表识别题中，本题考查DNA结构与复制，核心要求是双螺旋、碱基互补配对、半保留复制。,4,DNA结构与复制,generated_mvp_verified_concept
针对图表识别题，这道题围绕DNA结构与复制展开，判断依据是双螺旋、碱基互补配对、半保留复制。,4,DNA结构与复制,generated_mvp_verified_concept
在图表识别题的遗传与进化模块中，DNA结构与复制常要求学生双螺旋、碱基互补配对、半保留复制。,4,DNA结构与复制,generated_mvp_verified_concept
若图表识别题题目出现DNA结构与复制相关情境，应重点关注双螺旋、碱基互补配对、半保留复制。,4,DNA结构与复制,generated_mvp_verified_concept
本题来自图表识别题，属于DNA结构与复制知识模块，解题时应能双螺旋、碱基互补配对、半保留复制。,4,DNA结构与复制,generated_mvp_verified_concept
在遗传系谱题中，本题考查DNA结构与复制，核心要求是双螺旋、碱基互补配对、半保留复制。,4,DNA结构与复制,generated_mvp_verified_concept
针对遗传系谱题，这道题围绕DNA结构与复制展开，判断依据是双螺旋、碱基互补配对、半保留复制。,4,DNA结构与复制,generated_mvp_verified_concept
在遗传系谱题的遗传与进化模块中，DNA结构与复制常要求学生双螺旋、碱基互补配对、半保留复制。,4,DNA结构与复制,generated_mvp_verified_concept
若遗传系谱题题目出现DNA结构与复制相关情境，应重点关注双螺旋、碱基互补配对、半保留复制。,4,DNA结构与复制,generated_mvp_verified_concept
本题来自遗传系谱题，属于DNA结构与复制知识模块，解题时应能双螺旋、碱基互补配对、半保留复制。,4,DNA结构与复制,generated_mvp_verified_concept
在概念辨析题中，本题考查DNA结构与复制，核心要求是双螺旋、碱基互补配对、半保留复制。,4,DNA结构与复制,generated_mvp_verified_concept
针对概念辨析题，这道题围绕DNA结构与复制展开，判断依据是双螺旋、碱基互补配对、半保留复制。,4,DNA结构与复制,generated_mvp_verified_concept
在概念辨析题的遗传与进化模块中，DNA结构与复制常要求学生双螺旋、碱基互补配对、半保留复制。,4,DNA结构与复制,generated_mvp_verified_concept
若概念辨析题题目出现DNA结构与复制相关情境，应重点关注双螺旋、碱基互补配对、半保留复制。,4,DNA结构与复制,generated_mvp_verified_concept
本题来自概念辨析题，属于DNA结构与复制知识模块，解题时应能双螺旋、碱基互补配对、半保留复制。,4,DNA结构与复制,generated_mvp_verified_concept
在数据推断题中，本题考查DNA结构与复制，核心要求是双螺旋、碱基互补配对、半保留复制。,4,DNA结构与复制,generated_mvp_verified_concept
针对数据推断题，这道题围绕DNA结构与复制展开，判断依据是双螺旋、碱基互补配对、半保留复制。,4,DNA结构与复制,generated_mvp_verified_concept
在数据推断题的遗传与进化模块中，DNA结构与复制常要求学生双螺旋、碱基互补配对、半保留复制。,4,DNA结构与复制,generated_mvp_verified_concept
若数据推断题题目出现DNA结构与复制相关情境，应重点关注双螺旋、碱基互补配对、半保留复制。,4,DNA结构与复制,generated_mvp_verified_concept
本题来自数据推断题，属于DNA结构与复制知识模块，解题时应能双螺旋、碱基互补配对、半保留复制。,4,DNA结构与复制,generated_mvp_verified_concept
在情境应用题中，本题考查DNA结构与复制，核心要求是双螺旋、碱基互补配对、半保留复制。,4,DNA结构与复制,generated_mvp_verified_concept
针对情境应用题，这道题围绕DNA结构与复制展开，判断依据是双螺旋、碱基互补配对、半保留复制。,4,DNA结构与复制,generated_mvp_verified_concept
在情境应用题的遗传与进化模块中，DNA结构与复制常要求学生双螺旋、碱基互补配对、半保留复制。,4,DNA结构与复制,generated_mvp_verified_concept
若情境应用题题目出现DNA结构与复制相关情境，应重点关注双螺旋、碱基互补配对、半保留复制。,4,DNA结构与复制,generated_mvp_verified_concept
本题来自情境应用题，属于DNA结构与复制知识模块，解题时应能双螺旋、碱基互补配对、半保留复制。,4,DNA结构与复制,generated_mvp_verified_concept
在复习巩固题中，本题考查DNA结构与复制，核心要求是双螺旋、碱基互补配对、半保留复制。,4,DNA结构与复制,generated_mvp_verified_concept
针对复习巩固题，这道题围绕DNA结构与复制展开，判断依据是双螺旋、碱基互补配对、半保留复制。,4,DNA结构与复制,generated_mvp_verified_concept
在复习巩固题的遗传与进化模块中，DNA结构与复制常要求学生双螺旋、碱基互补配对、半保留复制。,4,DNA结构与复制,generated_mvp_verified_concept
若复习巩固题题目出现DNA结构与复制相关情境，应重点关注双螺旋、碱基互补配对、半保留复制。,4,DNA结构与复制,generated_mvp_verified_concept
本题来自复习巩固题，属于DNA结构与复制知识模块，解题时应能双螺旋、碱基互补配对、半保留复制。,4,DNA结构与复制,generated_mvp_verified_concept
在错因分析题中，本题考查DNA结构与复制，核心要求是双螺旋、碱基互补配对、半保留复制。,4,DNA结构与复制,generated_mvp_verified_concept
针对错因分析题，这道题围绕DNA结构与复制展开，判断依据是双螺旋、碱基互补配对、半保留复制。,4,DNA结构与复制,generated_mvp_verified_concept
在错因分析题的遗传与进化模块中，DNA结构与复制常要求学生双螺旋、碱基互补配对、半保留复制。,4,DNA结构与复制,generated_mvp_verified_concept
若错因分析题题目出现DNA结构与复制相关情境，应重点关注双螺旋、碱基互补配对、半保留复制。,4,DNA结构与复制,generated_mvp_verified_concept
本题来自错因分析题，属于DNA结构与复制知识模块，解题时应能双螺旋、碱基互补配对、半保留复制。,4,DNA结构与复制,generated_mvp_verified_concept
在教材基础题中，本题考查DNA结构与复制，核心要求是双螺旋、碱基互补配对、半保留复制。,4,DNA结构与复制,generated_mvp_verified_concept
针对教材基础题，这道题围绕DNA结构与复制展开，判断依据是双螺旋、碱基互补配对、半保留复制。,4,DNA结构与复制,generated_mvp_verified_concept
在教材基础题的遗传与进化模块中，DNA结构与复制常要求学生双螺旋、碱基互补配对、半保留复制。,4,DNA结构与复制,generated_mvp_verified_concept
若教材基础题题目出现DNA结构与复制相关情境，应重点关注双螺旋、碱基互补配对、半保留复制。,4,DNA结构与复制,generated_mvp_verified_concept
本题来自教材基础题，属于DNA结构与复制知识模块，解题时应能双螺旋、碱基互补配对、半保留复制。,4,DNA结构与复制,generated_mvp_verified_concept
在能力提升题中，本题考查DNA结构与复制，核心要求是双螺旋、碱基互补配对、半保留复制。,4,DNA结构与复制,generated_mvp_verified_concept
针对能力提升题，这道题围绕DNA结构与复制展开，判断依据是双螺旋、碱基互补配对、半保留复制。,4,DNA结构与复制,generated_mvp_verified_concept
在能力提升题的遗传与进化模块中，DNA结构与复制常要求学生双螺旋、碱基互补配对、半保留复制。,4,DNA结构与复制,generated_mvp_verified_concept
若能力提升题题目出现DNA结构与复制相关情境，应重点关注双螺旋、碱基互补配对、半保留复制。,4,DNA结构与复制,generated_mvp_verified_concept
本题来自能力提升题，属于DNA结构与复制知识模块，解题时应能双螺旋、碱基互补配对、半保留复制。,4,DNA结构与复制,generated_mvp_verified_concept
在综合训练题中，本题考查DNA结构与复制，核心要求是双螺旋、碱基互补配对、半保留复制。,4,DNA结构与复制,generated_mvp_verified_concept
针对综合训练题，这道题围绕DNA结构与复制展开，判断依据是双螺旋、碱基互补配对、半保留复制。,4,DNA结构与复制,generated_mvp_verified_concept
在综合训练题的遗传与进化模块中，DNA结构与复制常要求学生双螺旋、碱基互补配对、半保留复制。,4,DNA结构与复制,generated_mvp_verified_concept
若综合训练题题目出现DNA结构与复制相关情境，应重点关注双螺旋、碱基互补配对、半保留复制。,4,DNA结构与复制,generated_mvp_verified_concept
本题来自综合训练题，属于DNA结构与复制知识模块，解题时应能双螺旋、碱基互补配对、半保留复制。,4,DNA结构与复制,generated_mvp_verified_concept
在考点归纳题中，本题考查DNA结构与复制，核心要求是双螺旋、碱基互补配对、半保留复制。,4,DNA结构与复制,generated_mvp_verified_concept
针对考点归纳题，这道题围绕DNA结构与复制展开，判断依据是双螺旋、碱基互补配对、半保留复制。,4,DNA结构与复制,generated_mvp_verified_concept
在考点归纳题的遗传与进化模块中，DNA结构与复制常要求学生双螺旋、碱基互补配对、半保留复制。,4,DNA结构与复制,generated_mvp_verified_concept
若考点归纳题题目出现DNA结构与复制相关情境，应重点关注双螺旋、碱基互补配对、半保留复制。,4,DNA结构与复制,generated_mvp_verified_concept
本题来自考点归纳题，属于DNA结构与复制知识模块，解题时应能双螺旋、碱基互补配对、半保留复制。,4,DNA结构与复制,generated_mvp_verified_concept
在现象解释题中，本题考查DNA结构与复制，核心要求是双螺旋、碱基互补配对、半保留复制。,4,DNA结构与复制,generated_mvp_verified_concept
针对现象解释题，这道题围绕DNA结构与复制展开，判断依据是双螺旋、碱基互补配对、半保留复制。,4,DNA结构与复制,generated_mvp_verified_concept
在现象解释题的遗传与进化模块中，DNA结构与复制常要求学生双螺旋、碱基互补配对、半保留复制。,4,DNA结构与复制,generated_mvp_verified_concept
若现象解释题题目出现DNA结构与复制相关情境，应重点关注双螺旋、碱基互补配对、半保留复制。,4,DNA结构与复制,generated_mvp_verified_concept
本题来自现象解释题，属于DNA结构与复制知识模块，解题时应能双螺旋、碱基互补配对、半保留复制。,4,DNA结构与复制,generated_mvp_verified_concept
在原理应用题中，本题考查DNA结构与复制，核心要求是双螺旋、碱基互补配对、半保留复制。,4,DNA结构与复制,generated_mvp_verified_concept
针对原理应用题，这道题围绕DNA结构与复制展开，判断依据是双螺旋、碱基互补配对、半保留复制。,4,DNA结构与复制,generated_mvp_verified_concept
在原理应用题的遗传与进化模块中，DNA结构与复制常要求学生双螺旋、碱基互补配对、半保留复制。,4,DNA结构与复制,generated_mvp_verified_concept
若原理应用题题目出现DNA结构与复制相关情境，应重点关注双螺旋、碱基互补配对、半保留复制。,4,DNA结构与复制,generated_mvp_verified_concept
本题来自原理应用题，属于DNA结构与复制知识模块，解题时应能双螺旋、碱基互补配对、半保留复制。,4,DNA结构与复制,generated_mvp_verified_concept
在结论推理题中，本题考查DNA结构与复制，核心要求是双螺旋、碱基互补配对、半保留复制。,4,DNA结构与复制,generated_mvp_verified_concept
针对结论推理题，这道题围绕DNA结构与复制展开，判断依据是双螺旋、碱基互补配对、半保留复制。,4,DNA结构与复制,generated_mvp_verified_concept
在结论推理题的遗传与进化模块中，DNA结构与复制常要求学生双螺旋、碱基互补配对、半保留复制。,4,DNA结构与复制,generated_mvp_verified_concept
若结论推理题题目出现DNA结构与复制相关情境，应重点关注双螺旋、碱基互补配对、半保留复制。,4,DNA结构与复制,generated_mvp_verified_concept
本题来自结论推理题，属于DNA结构与复制知识模块，解题时应能双螺旋、碱基互补配对、半保留复制。,4,DNA结构与复制,generated_mvp_verified_concept
在过程排序题中，本题考查DNA结构与复制，核心要求是双螺旋、碱基互补配对、半保留复制。,4,DNA结构与复制,generated_mvp_verified_concept
针对过程排序题，这道题围绕DNA结构与复制展开，判断依据是双螺旋、碱基互补配对、半保留复制。,4,DNA结构与复制,generated_mvp_verified_concept
在过程排序题的遗传与进化模块中，DNA结构与复制常要求学生双螺旋、碱基互补配对、半保留复制。,4,DNA结构与复制,generated_mvp_verified_concept
若过程排序题题目出现DNA结构与复制相关情境，应重点关注双螺旋、碱基互补配对、半保留复制。,4,DNA结构与复制,generated_mvp_verified_concept
本题来自过程排序题，属于DNA结构与复制知识模块，解题时应能双螺旋、碱基互补配对、半保留复制。,4,DNA结构与复制,generated_mvp_verified_concept
在对照实验题中，本题考查DNA结构与复制，核心要求是双螺旋、碱基互补配对、半保留复制。,4,DNA结构与复制,generated_mvp_verified_concept
针对对照实验题，这道题围绕DNA结构与复制展开，判断依据是双螺旋、碱基互补配对、半保留复制。,4,DNA结构与复制,generated_mvp_verified_concept
在对照实验题的遗传与进化模块中，DNA结构与复制常要求学生双螺旋、碱基互补配对、半保留复制。,4,DNA结构与复制,generated_mvp_verified_concept
若对照实验题题目出现DNA结构与复制相关情境，应重点关注双螺旋、碱基互补配对、半保留复制。,4,DNA结构与复制,generated_mvp_verified_concept
本题来自对照实验题，属于DNA结构与复制知识模块，解题时应能双螺旋、碱基互补配对、半保留复制。,4,DNA结构与复制,generated_mvp_verified_concept
在模型建构题中，本题考查DNA结构与复制，核心要求是双螺旋、碱基互补配对、半保留复制。,4,DNA结构与复制,generated_mvp_verified_concept
针对模型建构题，这道题围绕DNA结构与复制展开，判断依据是双螺旋、碱基互补配对、半保留复制。,4,DNA结构与复制,generated_mvp_verified_concept
在模型建构题的遗传与进化模块中，DNA结构与复制常要求学生双螺旋、碱基互补配对、半保留复制。,4,DNA结构与复制,generated_mvp_verified_concept
若模型建构题题目出现DNA结构与复制相关情境，应重点关注双螺旋、碱基互补配对、半保留复制。,4,DNA结构与复制,generated_mvp_verified_concept
本题来自模型建构题，属于DNA结构与复制知识模块，解题时应能双螺旋、碱基互补配对、半保留复制。,4,DNA结构与复制,generated_mvp_verified_concept
在单项选择题中，本题考查基因指导蛋白质合成，核心要求是转录、翻译、密码子、氨基酸关系。,5,基因指导蛋白质合成,generated_mvp_verified_concept
针对单项选择题，这道题围绕基因指导蛋白质合成展开，判断依据是转录、翻译、密码子、氨基酸关系。,5,基因指导蛋白质合成,generated_mvp_verified_concept
在单项选择题的遗传与进化模块中，基因指导蛋白质合成常要求学生转录、翻译、密码子、氨基酸关系。,5,基因指导蛋白质合成,generated_mvp_verified_concept
若单项选择题题目出现基因指导蛋白质合成相关情境，应重点关注转录、翻译、密码子、氨基酸关系。,5,基因指导蛋白质合成,generated_mvp_verified_concept
本题来自单项选择题，属于基因指导蛋白质合成知识模块，解题时应能转录、翻译、密码子、氨基酸关系。,5,基因指导蛋白质合成,generated_mvp_verified_concept
在多项判断题中，本题考查基因指导蛋白质合成，核心要求是转录、翻译、密码子、氨基酸关系。,5,基因指导蛋白质合成,generated_mvp_verified_concept
针对多项判断题，这道题围绕基因指导蛋白质合成展开，判断依据是转录、翻译、密码子、氨基酸关系。,5,基因指导蛋白质合成,generated_mvp_verified_concept
在多项判断题的遗传与进化模块中，基因指导蛋白质合成常要求学生转录、翻译、密码子、氨基酸关系。,5,基因指导蛋白质合成,generated_mvp_verified_concept
若多项判断题题目出现基因指导蛋白质合成相关情境，应重点关注转录、翻译、密码子、氨基酸关系。,5,基因指导蛋白质合成,generated_mvp_verified_concept
本题来自多项判断题，属于基因指导蛋白质合成知识模块，解题时应能转录、翻译、密码子、氨基酸关系。,5,基因指导蛋白质合成,generated_mvp_verified_concept
在实验分析题中，本题考查基因指导蛋白质合成，核心要求是转录、翻译、密码子、氨基酸关系。,5,基因指导蛋白质合成,generated_mvp_verified_concept
针对实验分析题，这道题围绕基因指导蛋白质合成展开，判断依据是转录、翻译、密码子、氨基酸关系。,5,基因指导蛋白质合成,generated_mvp_verified_concept
在实验分析题的遗传与进化模块中，基因指导蛋白质合成常要求学生转录、翻译、密码子、氨基酸关系。,5,基因指导蛋白质合成,generated_mvp_verified_concept
若实验分析题题目出现基因指导蛋白质合成相关情境，应重点关注转录、翻译、密码子、氨基酸关系。,5,基因指导蛋白质合成,generated_mvp_verified_concept
本题来自实验分析题，属于基因指导蛋白质合成知识模块，解题时应能转录、翻译、密码子、氨基酸关系。,5,基因指导蛋白质合成,generated_mvp_verified_concept
在图表识别题中，本题考查基因指导蛋白质合成，核心要求是转录、翻译、密码子、氨基酸关系。,5,基因指导蛋白质合成,generated_mvp_verified_concept
针对图表识别题，这道题围绕基因指导蛋白质合成展开，判断依据是转录、翻译、密码子、氨基酸关系。,5,基因指导蛋白质合成,generated_mvp_verified_concept
在图表识别题的遗传与进化模块中，基因指导蛋白质合成常要求学生转录、翻译、密码子、氨基酸关系。,5,基因指导蛋白质合成,generated_mvp_verified_concept
若图表识别题题目出现基因指导蛋白质合成相关情境，应重点关注转录、翻译、密码子、氨基酸关系。,5,基因指导蛋白质合成,generated_mvp_verified_concept
本题来自图表识别题，属于基因指导蛋白质合成知识模块，解题时应能转录、翻译、密码子、氨基酸关系。,5,基因指导蛋白质合成,generated_mvp_verified_concept
在遗传系谱题中，本题考查基因指导蛋白质合成，核心要求是转录、翻译、密码子、氨基酸关系。,5,基因指导蛋白质合成,generated_mvp_verified_concept
针对遗传系谱题，这道题围绕基因指导蛋白质合成展开，判断依据是转录、翻译、密码子、氨基酸关系。,5,基因指导蛋白质合成,generated_mvp_verified_concept
在遗传系谱题的遗传与进化模块中，基因指导蛋白质合成常要求学生转录、翻译、密码子、氨基酸关系。,5,基因指导蛋白质合成,generated_mvp_verified_concept
若遗传系谱题题目出现基因指导蛋白质合成相关情境，应重点关注转录、翻译、密码子、氨基酸关系。,5,基因指导蛋白质合成,generated_mvp_verified_concept
本题来自遗传系谱题，属于基因指导蛋白质合成知识模块，解题时应能转录、翻译、密码子、氨基酸关系。,5,基因指导蛋白质合成,generated_mvp_verified_concept
在概念辨析题中，本题考查基因指导蛋白质合成，核心要求是转录、翻译、密码子、氨基酸关系。,5,基因指导蛋白质合成,generated_mvp_verified_concept
针对概念辨析题，这道题围绕基因指导蛋白质合成展开，判断依据是转录、翻译、密码子、氨基酸关系。,5,基因指导蛋白质合成,generated_mvp_verified_concept
在概念辨析题的遗传与进化模块中，基因指导蛋白质合成常要求学生转录、翻译、密码子、氨基酸关系。,5,基因指导蛋白质合成,generated_mvp_verified_concept
若概念辨析题题目出现基因指导蛋白质合成相关情境，应重点关注转录、翻译、密码子、氨基酸关系。,5,基因指导蛋白质合成,generated_mvp_verified_concept
本题来自概念辨析题，属于基因指导蛋白质合成知识模块，解题时应能转录、翻译、密码子、氨基酸关系。,5,基因指导蛋白质合成,generated_mvp_verified_concept
在数据推断题中，本题考查基因指导蛋白质合成，核心要求是转录、翻译、密码子、氨基酸关系。,5,基因指导蛋白质合成,generated_mvp_verified_concept
针对数据推断题，这道题围绕基因指导蛋白质合成展开，判断依据是转录、翻译、密码子、氨基酸关系。,5,基因指导蛋白质合成,generated_mvp_verified_concept
在数据推断题的遗传与进化模块中，基因指导蛋白质合成常要求学生转录、翻译、密码子、氨基酸关系。,5,基因指导蛋白质合成,generated_mvp_verified_concept
若数据推断题题目出现基因指导蛋白质合成相关情境，应重点关注转录、翻译、密码子、氨基酸关系。,5,基因指导蛋白质合成,generated_mvp_verified_concept
本题来自数据推断题，属于基因指导蛋白质合成知识模块，解题时应能转录、翻译、密码子、氨基酸关系。,5,基因指导蛋白质合成,generated_mvp_verified_concept
在情境应用题中，本题考查基因指导蛋白质合成，核心要求是转录、翻译、密码子、氨基酸关系。,5,基因指导蛋白质合成,generated_mvp_verified_concept
针对情境应用题，这道题围绕基因指导蛋白质合成展开，判断依据是转录、翻译、密码子、氨基酸关系。,5,基因指导蛋白质合成,generated_mvp_verified_concept
在情境应用题的遗传与进化模块中，基因指导蛋白质合成常要求学生转录、翻译、密码子、氨基酸关系。,5,基因指导蛋白质合成,generated_mvp_verified_concept
若情境应用题题目出现基因指导蛋白质合成相关情境，应重点关注转录、翻译、密码子、氨基酸关系。,5,基因指导蛋白质合成,generated_mvp_verified_concept
本题来自情境应用题，属于基因指导蛋白质合成知识模块，解题时应能转录、翻译、密码子、氨基酸关系。,5,基因指导蛋白质合成,generated_mvp_verified_concept
在复习巩固题中，本题考查基因指导蛋白质合成，核心要求是转录、翻译、密码子、氨基酸关系。,5,基因指导蛋白质合成,generated_mvp_verified_concept
针对复习巩固题，这道题围绕基因指导蛋白质合成展开，判断依据是转录、翻译、密码子、氨基酸关系。,5,基因指导蛋白质合成,generated_mvp_verified_concept
在复习巩固题的遗传与进化模块中，基因指导蛋白质合成常要求学生转录、翻译、密码子、氨基酸关系。,5,基因指导蛋白质合成,generated_mvp_verified_concept
若复习巩固题题目出现基因指导蛋白质合成相关情境，应重点关注转录、翻译、密码子、氨基酸关系。,5,基因指导蛋白质合成,generated_mvp_verified_concept
本题来自复习巩固题，属于基因指导蛋白质合成知识模块，解题时应能转录、翻译、密码子、氨基酸关系。,5,基因指导蛋白质合成,generated_mvp_verified_concept
在错因分析题中，本题考查基因指导蛋白质合成，核心要求是转录、翻译、密码子、氨基酸关系。,5,基因指导蛋白质合成,generated_mvp_verified_concept
针对错因分析题，这道题围绕基因指导蛋白质合成展开，判断依据是转录、翻译、密码子、氨基酸关系。,5,基因指导蛋白质合成,generated_mvp_verified_concept
在错因分析题的遗传与进化模块中，基因指导蛋白质合成常要求学生转录、翻译、密码子、氨基酸关系。,5,基因指导蛋白质合成,generated_mvp_verified_concept
若错因分析题题目出现基因指导蛋白质合成相关情境，应重点关注转录、翻译、密码子、氨基酸关系。,5,基因指导蛋白质合成,generated_mvp_verified_concept
本题来自错因分析题，属于基因指导蛋白质合成知识模块，解题时应能转录、翻译、密码子、氨基酸关系。,5,基因指导蛋白质合成,generated_mvp_verified_concept
在教材基础题中，本题考查基因指导蛋白质合成，核心要求是转录、翻译、密码子、氨基酸关系。,5,基因指导蛋白质合成,generated_mvp_verified_concept
针对教材基础题，这道题围绕基因指导蛋白质合成展开，判断依据是转录、翻译、密码子、氨基酸关系。,5,基因指导蛋白质合成,generated_mvp_verified_concept
在教材基础题的遗传与进化模块中，基因指导蛋白质合成常要求学生转录、翻译、密码子、氨基酸关系。,5,基因指导蛋白质合成,generated_mvp_verified_concept
若教材基础题题目出现基因指导蛋白质合成相关情境，应重点关注转录、翻译、密码子、氨基酸关系。,5,基因指导蛋白质合成,generated_mvp_verified_concept
本题来自教材基础题，属于基因指导蛋白质合成知识模块，解题时应能转录、翻译、密码子、氨基酸关系。,5,基因指导蛋白质合成,generated_mvp_verified_concept
在能力提升题中，本题考查基因指导蛋白质合成，核心要求是转录、翻译、密码子、氨基酸关系。,5,基因指导蛋白质合成,generated_mvp_verified_concept
针对能力提升题，这道题围绕基因指导蛋白质合成展开，判断依据是转录、翻译、密码子、氨基酸关系。,5,基因指导蛋白质合成,generated_mvp_verified_concept
在能力提升题的遗传与进化模块中，基因指导蛋白质合成常要求学生转录、翻译、密码子、氨基酸关系。,5,基因指导蛋白质合成,generated_mvp_verified_concept
若能力提升题题目出现基因指导蛋白质合成相关情境，应重点关注转录、翻译、密码子、氨基酸关系。,5,基因指导蛋白质合成,generated_mvp_verified_concept
本题来自能力提升题，属于基因指导蛋白质合成知识模块，解题时应能转录、翻译、密码子、氨基酸关系。,5,基因指导蛋白质合成,generated_mvp_verified_concept
在综合训练题中，本题考查基因指导蛋白质合成，核心要求是转录、翻译、密码子、氨基酸关系。,5,基因指导蛋白质合成,generated_mvp_verified_concept
针对综合训练题，这道题围绕基因指导蛋白质合成展开，判断依据是转录、翻译、密码子、氨基酸关系。,5,基因指导蛋白质合成,generated_mvp_verified_concept
在综合训练题的遗传与进化模块中，基因指导蛋白质合成常要求学生转录、翻译、密码子、氨基酸关系。,5,基因指导蛋白质合成,generated_mvp_verified_concept
若综合训练题题目出现基因指导蛋白质合成相关情境，应重点关注转录、翻译、密码子、氨基酸关系。,5,基因指导蛋白质合成,generated_mvp_verified_concept
本题来自综合训练题，属于基因指导蛋白质合成知识模块，解题时应能转录、翻译、密码子、氨基酸关系。,5,基因指导蛋白质合成,generated_mvp_verified_concept
在考点归纳题中，本题考查基因指导蛋白质合成，核心要求是转录、翻译、密码子、氨基酸关系。,5,基因指导蛋白质合成,generated_mvp_verified_concept
针对考点归纳题，这道题围绕基因指导蛋白质合成展开，判断依据是转录、翻译、密码子、氨基酸关系。,5,基因指导蛋白质合成,generated_mvp_verified_concept
在考点归纳题的遗传与进化模块中，基因指导蛋白质合成常要求学生转录、翻译、密码子、氨基酸关系。,5,基因指导蛋白质合成,generated_mvp_verified_concept
若考点归纳题题目出现基因指导蛋白质合成相关情境，应重点关注转录、翻译、密码子、氨基酸关系。,5,基因指导蛋白质合成,generated_mvp_verified_concept
本题来自考点归纳题，属于基因指导蛋白质合成知识模块，解题时应能转录、翻译、密码子、氨基酸关系。,5,基因指导蛋白质合成,generated_mvp_verified_concept
在现象解释题中，本题考查基因指导蛋白质合成，核心要求是转录、翻译、密码子、氨基酸关系。,5,基因指导蛋白质合成,generated_mvp_verified_concept
针对现象解释题，这道题围绕基因指导蛋白质合成展开，判断依据是转录、翻译、密码子、氨基酸关系。,5,基因指导蛋白质合成,generated_mvp_verified_concept
在现象解释题的遗传与进化模块中，基因指导蛋白质合成常要求学生转录、翻译、密码子、氨基酸关系。,5,基因指导蛋白质合成,generated_mvp_verified_concept
若现象解释题题目出现基因指导蛋白质合成相关情境，应重点关注转录、翻译、密码子、氨基酸关系。,5,基因指导蛋白质合成,generated_mvp_verified_concept
本题来自现象解释题，属于基因指导蛋白质合成知识模块，解题时应能转录、翻译、密码子、氨基酸关系。,5,基因指导蛋白质合成,generated_mvp_verified_concept
在原理应用题中，本题考查基因指导蛋白质合成，核心要求是转录、翻译、密码子、氨基酸关系。,5,基因指导蛋白质合成,generated_mvp_verified_concept
针对原理应用题，这道题围绕基因指导蛋白质合成展开，判断依据是转录、翻译、密码子、氨基酸关系。,5,基因指导蛋白质合成,generated_mvp_verified_concept
在原理应用题的遗传与进化模块中，基因指导蛋白质合成常要求学生转录、翻译、密码子、氨基酸关系。,5,基因指导蛋白质合成,generated_mvp_verified_concept
若原理应用题题目出现基因指导蛋白质合成相关情境，应重点关注转录、翻译、密码子、氨基酸关系。,5,基因指导蛋白质合成,generated_mvp_verified_concept
本题来自原理应用题，属于基因指导蛋白质合成知识模块，解题时应能转录、翻译、密码子、氨基酸关系。,5,基因指导蛋白质合成,generated_mvp_verified_concept
在结论推理题中，本题考查基因指导蛋白质合成，核心要求是转录、翻译、密码子、氨基酸关系。,5,基因指导蛋白质合成,generated_mvp_verified_concept
针对结论推理题，这道题围绕基因指导蛋白质合成展开，判断依据是转录、翻译、密码子、氨基酸关系。,5,基因指导蛋白质合成,generated_mvp_verified_concept
在结论推理题的遗传与进化模块中，基因指导蛋白质合成常要求学生转录、翻译、密码子、氨基酸关系。,5,基因指导蛋白质合成,generated_mvp_verified_concept
若结论推理题题目出现基因指导蛋白质合成相关情境，应重点关注转录、翻译、密码子、氨基酸关系。,5,基因指导蛋白质合成,generated_mvp_verified_concept
本题来自结论推理题，属于基因指导蛋白质合成知识模块，解题时应能转录、翻译、密码子、氨基酸关系。,5,基因指导蛋白质合成,generated_mvp_verified_concept
在过程排序题中，本题考查基因指导蛋白质合成，核心要求是转录、翻译、密码子、氨基酸关系。,5,基因指导蛋白质合成,generated_mvp_verified_concept
针对过程排序题，这道题围绕基因指导蛋白质合成展开，判断依据是转录、翻译、密码子、氨基酸关系。,5,基因指导蛋白质合成,generated_mvp_verified_concept
在过程排序题的遗传与进化模块中，基因指导蛋白质合成常要求学生转录、翻译、密码子、氨基酸关系。,5,基因指导蛋白质合成,generated_mvp_verified_concept
若过程排序题题目出现基因指导蛋白质合成相关情境，应重点关注转录、翻译、密码子、氨基酸关系。,5,基因指导蛋白质合成,generated_mvp_verified_concept
本题来自过程排序题，属于基因指导蛋白质合成知识模块，解题时应能转录、翻译、密码子、氨基酸关系。,5,基因指导蛋白质合成,generated_mvp_verified_concept
在对照实验题中，本题考查基因指导蛋白质合成，核心要求是转录、翻译、密码子、氨基酸关系。,5,基因指导蛋白质合成,generated_mvp_verified_concept
针对对照实验题，这道题围绕基因指导蛋白质合成展开，判断依据是转录、翻译、密码子、氨基酸关系。,5,基因指导蛋白质合成,generated_mvp_verified_concept
在对照实验题的遗传与进化模块中，基因指导蛋白质合成常要求学生转录、翻译、密码子、氨基酸关系。,5,基因指导蛋白质合成,generated_mvp_verified_concept
若对照实验题题目出现基因指导蛋白质合成相关情境，应重点关注转录、翻译、密码子、氨基酸关系。,5,基因指导蛋白质合成,generated_mvp_verified_concept
本题来自对照实验题，属于基因指导蛋白质合成知识模块，解题时应能转录、翻译、密码子、氨基酸关系。,5,基因指导蛋白质合成,generated_mvp_verified_concept
在模型建构题中，本题考查基因指导蛋白质合成，核心要求是转录、翻译、密码子、氨基酸关系。,5,基因指导蛋白质合成,generated_mvp_verified_concept
针对模型建构题，这道题围绕基因指导蛋白质合成展开，判断依据是转录、翻译、密码子、氨基酸关系。,5,基因指导蛋白质合成,generated_mvp_verified_concept
在模型建构题的遗传与进化模块中，基因指导蛋白质合成常要求学生转录、翻译、密码子、氨基酸关系。,5,基因指导蛋白质合成,generated_mvp_verified_concept
若模型建构题题目出现基因指导蛋白质合成相关情境，应重点关注转录、翻译、密码子、氨基酸关系。,5,基因指导蛋白质合成,generated_mvp_verified_concept
本题来自模型建构题，属于基因指导蛋白质合成知识模块，解题时应能转录、翻译、密码子、氨基酸关系。,5,基因指导蛋白质合成,generated_mvp_verified_concept
在单项选择题中，本题考查基因表达与性状关系，核心要求是基因、蛋白质、性状之间的关系。,6,基因表达与性状关系,generated_mvp_verified_concept
针对单项选择题，这道题围绕基因表达与性状关系展开，判断依据是基因、蛋白质、性状之间的关系。,6,基因表达与性状关系,generated_mvp_verified_concept
在单项选择题的遗传与进化模块中，基因表达与性状关系常要求学生基因、蛋白质、性状之间的关系。,6,基因表达与性状关系,generated_mvp_verified_concept
若单项选择题题目出现基因表达与性状关系相关情境，应重点关注基因、蛋白质、性状之间的关系。,6,基因表达与性状关系,generated_mvp_verified_concept
本题来自单项选择题，属于基因表达与性状关系知识模块，解题时应能基因、蛋白质、性状之间的关系。,6,基因表达与性状关系,generated_mvp_verified_concept
在多项判断题中，本题考查基因表达与性状关系，核心要求是基因、蛋白质、性状之间的关系。,6,基因表达与性状关系,generated_mvp_verified_concept
针对多项判断题，这道题围绕基因表达与性状关系展开，判断依据是基因、蛋白质、性状之间的关系。,6,基因表达与性状关系,generated_mvp_verified_concept
在多项判断题的遗传与进化模块中，基因表达与性状关系常要求学生基因、蛋白质、性状之间的关系。,6,基因表达与性状关系,generated_mvp_verified_concept
若多项判断题题目出现基因表达与性状关系相关情境，应重点关注基因、蛋白质、性状之间的关系。,6,基因表达与性状关系,generated_mvp_verified_concept
本题来自多项判断题，属于基因表达与性状关系知识模块，解题时应能基因、蛋白质、性状之间的关系。,6,基因表达与性状关系,generated_mvp_verified_concept
在实验分析题中，本题考查基因表达与性状关系，核心要求是基因、蛋白质、性状之间的关系。,6,基因表达与性状关系,generated_mvp_verified_concept
针对实验分析题，这道题围绕基因表达与性状关系展开，判断依据是基因、蛋白质、性状之间的关系。,6,基因表达与性状关系,generated_mvp_verified_concept
在实验分析题的遗传与进化模块中，基因表达与性状关系常要求学生基因、蛋白质、性状之间的关系。,6,基因表达与性状关系,generated_mvp_verified_concept
若实验分析题题目出现基因表达与性状关系相关情境，应重点关注基因、蛋白质、性状之间的关系。,6,基因表达与性状关系,generated_mvp_verified_concept
本题来自实验分析题，属于基因表达与性状关系知识模块，解题时应能基因、蛋白质、性状之间的关系。,6,基因表达与性状关系,generated_mvp_verified_concept
在图表识别题中，本题考查基因表达与性状关系，核心要求是基因、蛋白质、性状之间的关系。,6,基因表达与性状关系,generated_mvp_verified_concept
针对图表识别题，这道题围绕基因表达与性状关系展开，判断依据是基因、蛋白质、性状之间的关系。,6,基因表达与性状关系,generated_mvp_verified_concept
在图表识别题的遗传与进化模块中，基因表达与性状关系常要求学生基因、蛋白质、性状之间的关系。,6,基因表达与性状关系,generated_mvp_verified_concept
若图表识别题题目出现基因表达与性状关系相关情境，应重点关注基因、蛋白质、性状之间的关系。,6,基因表达与性状关系,generated_mvp_verified_concept
本题来自图表识别题，属于基因表达与性状关系知识模块，解题时应能基因、蛋白质、性状之间的关系。,6,基因表达与性状关系,generated_mvp_verified_concept
在遗传系谱题中，本题考查基因表达与性状关系，核心要求是基因、蛋白质、性状之间的关系。,6,基因表达与性状关系,generated_mvp_verified_concept
针对遗传系谱题，这道题围绕基因表达与性状关系展开，判断依据是基因、蛋白质、性状之间的关系。,6,基因表达与性状关系,generated_mvp_verified_concept
在遗传系谱题的遗传与进化模块中，基因表达与性状关系常要求学生基因、蛋白质、性状之间的关系。,6,基因表达与性状关系,generated_mvp_verified_concept
若遗传系谱题题目出现基因表达与性状关系相关情境，应重点关注基因、蛋白质、性状之间的关系。,6,基因表达与性状关系,generated_mvp_verified_concept
本题来自遗传系谱题，属于基因表达与性状关系知识模块，解题时应能基因、蛋白质、性状之间的关系。,6,基因表达与性状关系,generated_mvp_verified_concept
在概念辨析题中，本题考查基因表达与性状关系，核心要求是基因、蛋白质、性状之间的关系。,6,基因表达与性状关系,generated_mvp_verified_concept
针对概念辨析题，这道题围绕基因表达与性状关系展开，判断依据是基因、蛋白质、性状之间的关系。,6,基因表达与性状关系,generated_mvp_verified_concept
在概念辨析题的遗传与进化模块中，基因表达与性状关系常要求学生基因、蛋白质、性状之间的关系。,6,基因表达与性状关系,generated_mvp_verified_concept
若概念辨析题题目出现基因表达与性状关系相关情境，应重点关注基因、蛋白质、性状之间的关系。,6,基因表达与性状关系,generated_mvp_verified_concept
本题来自概念辨析题，属于基因表达与性状关系知识模块，解题时应能基因、蛋白质、性状之间的关系。,6,基因表达与性状关系,generated_mvp_verified_concept
在数据推断题中，本题考查基因表达与性状关系，核心要求是基因、蛋白质、性状之间的关系。,6,基因表达与性状关系,generated_mvp_verified_concept
针对数据推断题，这道题围绕基因表达与性状关系展开，判断依据是基因、蛋白质、性状之间的关系。,6,基因表达与性状关系,generated_mvp_verified_concept
在数据推断题的遗传与进化模块中，基因表达与性状关系常要求学生基因、蛋白质、性状之间的关系。,6,基因表达与性状关系,generated_mvp_verified_concept
若数据推断题题目出现基因表达与性状关系相关情境，应重点关注基因、蛋白质、性状之间的关系。,6,基因表达与性状关系,generated_mvp_verified_concept
本题来自数据推断题，属于基因表达与性状关系知识模块，解题时应能基因、蛋白质、性状之间的关系。,6,基因表达与性状关系,generated_mvp_verified_concept
在情境应用题中，本题考查基因表达与性状关系，核心要求是基因、蛋白质、性状之间的关系。,6,基因表达与性状关系,generated_mvp_verified_concept
针对情境应用题，这道题围绕基因表达与性状关系展开，判断依据是基因、蛋白质、性状之间的关系。,6,基因表达与性状关系,generated_mvp_verified_concept
在情境应用题的遗传与进化模块中，基因表达与性状关系常要求学生基因、蛋白质、性状之间的关系。,6,基因表达与性状关系,generated_mvp_verified_concept
若情境应用题题目出现基因表达与性状关系相关情境，应重点关注基因、蛋白质、性状之间的关系。,6,基因表达与性状关系,generated_mvp_verified_concept
本题来自情境应用题，属于基因表达与性状关系知识模块，解题时应能基因、蛋白质、性状之间的关系。,6,基因表达与性状关系,generated_mvp_verified_concept
在复习巩固题中，本题考查基因表达与性状关系，核心要求是基因、蛋白质、性状之间的关系。,6,基因表达与性状关系,generated_mvp_verified_concept
针对复习巩固题，这道题围绕基因表达与性状关系展开，判断依据是基因、蛋白质、性状之间的关系。,6,基因表达与性状关系,generated_mvp_verified_concept
在复习巩固题的遗传与进化模块中，基因表达与性状关系常要求学生基因、蛋白质、性状之间的关系。,6,基因表达与性状关系,generated_mvp_verified_concept
若复习巩固题题目出现基因表达与性状关系相关情境，应重点关注基因、蛋白质、性状之间的关系。,6,基因表达与性状关系,generated_mvp_verified_concept
本题来自复习巩固题，属于基因表达与性状关系知识模块，解题时应能基因、蛋白质、性状之间的关系。,6,基因表达与性状关系,generated_mvp_verified_concept
在错因分析题中，本题考查基因表达与性状关系，核心要求是基因、蛋白质、性状之间的关系。,6,基因表达与性状关系,generated_mvp_verified_concept
针对错因分析题，这道题围绕基因表达与性状关系展开，判断依据是基因、蛋白质、性状之间的关系。,6,基因表达与性状关系,generated_mvp_verified_concept
在错因分析题的遗传与进化模块中，基因表达与性状关系常要求学生基因、蛋白质、性状之间的关系。,6,基因表达与性状关系,generated_mvp_verified_concept
若错因分析题题目出现基因表达与性状关系相关情境，应重点关注基因、蛋白质、性状之间的关系。,6,基因表达与性状关系,generated_mvp_verified_concept
本题来自错因分析题，属于基因表达与性状关系知识模块，解题时应能基因、蛋白质、性状之间的关系。,6,基因表达与性状关系,generated_mvp_verified_concept
在教材基础题中，本题考查基因表达与性状关系，核心要求是基因、蛋白质、性状之间的关系。,6,基因表达与性状关系,generated_mvp_verified_concept
针对教材基础题，这道题围绕基因表达与性状关系展开，判断依据是基因、蛋白质、性状之间的关系。,6,基因表达与性状关系,generated_mvp_verified_concept
在教材基础题的遗传与进化模块中，基因表达与性状关系常要求学生基因、蛋白质、性状之间的关系。,6,基因表达与性状关系,generated_mvp_verified_concept
若教材基础题题目出现基因表达与性状关系相关情境，应重点关注基因、蛋白质、性状之间的关系。,6,基因表达与性状关系,generated_mvp_verified_concept
本题来自教材基础题，属于基因表达与性状关系知识模块，解题时应能基因、蛋白质、性状之间的关系。,6,基因表达与性状关系,generated_mvp_verified_concept
在能力提升题中，本题考查基因表达与性状关系，核心要求是基因、蛋白质、性状之间的关系。,6,基因表达与性状关系,generated_mvp_verified_concept
针对能力提升题，这道题围绕基因表达与性状关系展开，判断依据是基因、蛋白质、性状之间的关系。,6,基因表达与性状关系,generated_mvp_verified_concept
在能力提升题的遗传与进化模块中，基因表达与性状关系常要求学生基因、蛋白质、性状之间的关系。,6,基因表达与性状关系,generated_mvp_verified_concept
若能力提升题题目出现基因表达与性状关系相关情境，应重点关注基因、蛋白质、性状之间的关系。,6,基因表达与性状关系,generated_mvp_verified_concept
本题来自能力提升题，属于基因表达与性状关系知识模块，解题时应能基因、蛋白质、性状之间的关系。,6,基因表达与性状关系,generated_mvp_verified_concept
在综合训练题中，本题考查基因表达与性状关系，核心要求是基因、蛋白质、性状之间的关系。,6,基因表达与性状关系,generated_mvp_verified_concept
针对综合训练题，这道题围绕基因表达与性状关系展开，判断依据是基因、蛋白质、性状之间的关系。,6,基因表达与性状关系,generated_mvp_verified_concept
在综合训练题的遗传与进化模块中，基因表达与性状关系常要求学生基因、蛋白质、性状之间的关系。,6,基因表达与性状关系,generated_mvp_verified_concept
若综合训练题题目出现基因表达与性状关系相关情境，应重点关注基因、蛋白质、性状之间的关系。,6,基因表达与性状关系,generated_mvp_verified_concept
本题来自综合训练题，属于基因表达与性状关系知识模块，解题时应能基因、蛋白质、性状之间的关系。,6,基因表达与性状关系,generated_mvp_verified_concept
在考点归纳题中，本题考查基因表达与性状关系，核心要求是基因、蛋白质、性状之间的关系。,6,基因表达与性状关系,generated_mvp_verified_concept
针对考点归纳题，这道题围绕基因表达与性状关系展开，判断依据是基因、蛋白质、性状之间的关系。,6,基因表达与性状关系,generated_mvp_verified_concept
在考点归纳题的遗传与进化模块中，基因表达与性状关系常要求学生基因、蛋白质、性状之间的关系。,6,基因表达与性状关系,generated_mvp_verified_concept
若考点归纳题题目出现基因表达与性状关系相关情境，应重点关注基因、蛋白质、性状之间的关系。,6,基因表达与性状关系,generated_mvp_verified_concept
本题来自考点归纳题，属于基因表达与性状关系知识模块，解题时应能基因、蛋白质、性状之间的关系。,6,基因表达与性状关系,generated_mvp_verified_concept
在现象解释题中，本题考查基因表达与性状关系，核心要求是基因、蛋白质、性状之间的关系。,6,基因表达与性状关系,generated_mvp_verified_concept
针对现象解释题，这道题围绕基因表达与性状关系展开，判断依据是基因、蛋白质、性状之间的关系。,6,基因表达与性状关系,generated_mvp_verified_concept
在现象解释题的遗传与进化模块中，基因表达与性状关系常要求学生基因、蛋白质、性状之间的关系。,6,基因表达与性状关系,generated_mvp_verified_concept
若现象解释题题目出现基因表达与性状关系相关情境，应重点关注基因、蛋白质、性状之间的关系。,6,基因表达与性状关系,generated_mvp_verified_concept
本题来自现象解释题，属于基因表达与性状关系知识模块，解题时应能基因、蛋白质、性状之间的关系。,6,基因表达与性状关系,generated_mvp_verified_concept
在原理应用题中，本题考查基因表达与性状关系，核心要求是基因、蛋白质、性状之间的关系。,6,基因表达与性状关系,generated_mvp_verified_concept
针对原理应用题，这道题围绕基因表达与性状关系展开，判断依据是基因、蛋白质、性状之间的关系。,6,基因表达与性状关系,generated_mvp_verified_concept
在原理应用题的遗传与进化模块中，基因表达与性状关系常要求学生基因、蛋白质、性状之间的关系。,6,基因表达与性状关系,generated_mvp_verified_concept
若原理应用题题目出现基因表达与性状关系相关情境，应重点关注基因、蛋白质、性状之间的关系。,6,基因表达与性状关系,generated_mvp_verified_concept
本题来自原理应用题，属于基因表达与性状关系知识模块，解题时应能基因、蛋白质、性状之间的关系。,6,基因表达与性状关系,generated_mvp_verified_concept
在结论推理题中，本题考查基因表达与性状关系，核心要求是基因、蛋白质、性状之间的关系。,6,基因表达与性状关系,generated_mvp_verified_concept
针对结论推理题，这道题围绕基因表达与性状关系展开，判断依据是基因、蛋白质、性状之间的关系。,6,基因表达与性状关系,generated_mvp_verified_concept
在结论推理题的遗传与进化模块中，基因表达与性状关系常要求学生基因、蛋白质、性状之间的关系。,6,基因表达与性状关系,generated_mvp_verified_concept
若结论推理题题目出现基因表达与性状关系相关情境，应重点关注基因、蛋白质、性状之间的关系。,6,基因表达与性状关系,generated_mvp_verified_concept
本题来自结论推理题，属于基因表达与性状关系知识模块，解题时应能基因、蛋白质、性状之间的关系。,6,基因表达与性状关系,generated_mvp_verified_concept
在过程排序题中，本题考查基因表达与性状关系，核心要求是基因、蛋白质、性状之间的关系。,6,基因表达与性状关系,generated_mvp_verified_concept
针对过程排序题，这道题围绕基因表达与性状关系展开，判断依据是基因、蛋白质、性状之间的关系。,6,基因表达与性状关系,generated_mvp_verified_concept
在过程排序题的遗传与进化模块中，基因表达与性状关系常要求学生基因、蛋白质、性状之间的关系。,6,基因表达与性状关系,generated_mvp_verified_concept
若过程排序题题目出现基因表达与性状关系相关情境，应重点关注基因、蛋白质、性状之间的关系。,6,基因表达与性状关系,generated_mvp_verified_concept
本题来自过程排序题，属于基因表达与性状关系知识模块，解题时应能基因、蛋白质、性状之间的关系。,6,基因表达与性状关系,generated_mvp_verified_concept
在对照实验题中，本题考查基因表达与性状关系，核心要求是基因、蛋白质、性状之间的关系。,6,基因表达与性状关系,generated_mvp_verified_concept
针对对照实验题，这道题围绕基因表达与性状关系展开，判断依据是基因、蛋白质、性状之间的关系。,6,基因表达与性状关系,generated_mvp_verified_concept
在对照实验题的遗传与进化模块中，基因表达与性状关系常要求学生基因、蛋白质、性状之间的关系。,6,基因表达与性状关系,generated_mvp_verified_concept
若对照实验题题目出现基因表达与性状关系相关情境，应重点关注基因、蛋白质、性状之间的关系。,6,基因表达与性状关系,generated_mvp_verified_concept
本题来自对照实验题，属于基因表达与性状关系知识模块，解题时应能基因、蛋白质、性状之间的关系。,6,基因表达与性状关系,generated_mvp_verified_concept
在模型建构题中，本题考查基因表达与性状关系，核心要求是基因、蛋白质、性状之间的关系。,6,基因表达与性状关系,generated_mvp_verified_concept
针对模型建构题，这道题围绕基因表达与性状关系展开，判断依据是基因、蛋白质、性状之间的关系。,6,基因表达与性状关系,generated_mvp_verified_concept
在模型建构题的遗传与进化模块中，基因表达与性状关系常要求学生基因、蛋白质、性状之间的关系。,6,基因表达与性状关系,generated_mvp_verified_concept
若模型建构题题目出现基因表达与性状关系相关情境，应重点关注基因、蛋白质、性状之间的关系。,6,基因表达与性状关系,generated_mvp_verified_concept
本题来自模型建构题，属于基因表达与性状关系知识模块，解题时应能基因、蛋白质、性状之间的关系。,6,基因表达与性状关系,generated_mvp_verified_concept
在单项选择题中，本题考查基因突变和基因重组，核心要求是区分突变、重组及其在变异中的意义。,7,基因突变和基因重组,generated_mvp_verified_concept
针对单项选择题，这道题围绕基因突变和基因重组展开，判断依据是区分突变、重组及其在变异中的意义。,7,基因突变和基因重组,generated_mvp_verified_concept
在单项选择题的遗传与进化模块中，基因突变和基因重组常要求学生区分突变、重组及其在变异中的意义。,7,基因突变和基因重组,generated_mvp_verified_concept
若单项选择题题目出现基因突变和基因重组相关情境，应重点关注区分突变、重组及其在变异中的意义。,7,基因突变和基因重组,generated_mvp_verified_concept
本题来自单项选择题，属于基因突变和基因重组知识模块，解题时应能区分突变、重组及其在变异中的意义。,7,基因突变和基因重组,generated_mvp_verified_concept
在多项判断题中，本题考查基因突变和基因重组，核心要求是区分突变、重组及其在变异中的意义。,7,基因突变和基因重组,generated_mvp_verified_concept
针对多项判断题，这道题围绕基因突变和基因重组展开，判断依据是区分突变、重组及其在变异中的意义。,7,基因突变和基因重组,generated_mvp_verified_concept
在多项判断题的遗传与进化模块中，基因突变和基因重组常要求学生区分突变、重组及其在变异中的意义。,7,基因突变和基因重组,generated_mvp_verified_concept
若多项判断题题目出现基因突变和基因重组相关情境，应重点关注区分突变、重组及其在变异中的意义。,7,基因突变和基因重组,generated_mvp_verified_concept
本题来自多项判断题，属于基因突变和基因重组知识模块，解题时应能区分突变、重组及其在变异中的意义。,7,基因突变和基因重组,generated_mvp_verified_concept
在实验分析题中，本题考查基因突变和基因重组，核心要求是区分突变、重组及其在变异中的意义。,7,基因突变和基因重组,generated_mvp_verified_concept
针对实验分析题，这道题围绕基因突变和基因重组展开，判断依据是区分突变、重组及其在变异中的意义。,7,基因突变和基因重组,generated_mvp_verified_concept
在实验分析题的遗传与进化模块中，基因突变和基因重组常要求学生区分突变、重组及其在变异中的意义。,7,基因突变和基因重组,generated_mvp_verified_concept
若实验分析题题目出现基因突变和基因重组相关情境，应重点关注区分突变、重组及其在变异中的意义。,7,基因突变和基因重组,generated_mvp_verified_concept
本题来自实验分析题，属于基因突变和基因重组知识模块，解题时应能区分突变、重组及其在变异中的意义。,7,基因突变和基因重组,generated_mvp_verified_concept
在图表识别题中，本题考查基因突变和基因重组，核心要求是区分突变、重组及其在变异中的意义。,7,基因突变和基因重组,generated_mvp_verified_concept
针对图表识别题，这道题围绕基因突变和基因重组展开，判断依据是区分突变、重组及其在变异中的意义。,7,基因突变和基因重组,generated_mvp_verified_concept
在图表识别题的遗传与进化模块中，基因突变和基因重组常要求学生区分突变、重组及其在变异中的意义。,7,基因突变和基因重组,generated_mvp_verified_concept
若图表识别题题目出现基因突变和基因重组相关情境，应重点关注区分突变、重组及其在变异中的意义。,7,基因突变和基因重组,generated_mvp_verified_concept
本题来自图表识别题，属于基因突变和基因重组知识模块，解题时应能区分突变、重组及其在变异中的意义。,7,基因突变和基因重组,generated_mvp_verified_concept
在遗传系谱题中，本题考查基因突变和基因重组，核心要求是区分突变、重组及其在变异中的意义。,7,基因突变和基因重组,generated_mvp_verified_concept
针对遗传系谱题，这道题围绕基因突变和基因重组展开，判断依据是区分突变、重组及其在变异中的意义。,7,基因突变和基因重组,generated_mvp_verified_concept
在遗传系谱题的遗传与进化模块中，基因突变和基因重组常要求学生区分突变、重组及其在变异中的意义。,7,基因突变和基因重组,generated_mvp_verified_concept
若遗传系谱题题目出现基因突变和基因重组相关情境，应重点关注区分突变、重组及其在变异中的意义。,7,基因突变和基因重组,generated_mvp_verified_concept
本题来自遗传系谱题，属于基因突变和基因重组知识模块，解题时应能区分突变、重组及其在变异中的意义。,7,基因突变和基因重组,generated_mvp_verified_concept
在概念辨析题中，本题考查基因突变和基因重组，核心要求是区分突变、重组及其在变异中的意义。,7,基因突变和基因重组,generated_mvp_verified_concept
针对概念辨析题，这道题围绕基因突变和基因重组展开，判断依据是区分突变、重组及其在变异中的意义。,7,基因突变和基因重组,generated_mvp_verified_concept
在概念辨析题的遗传与进化模块中，基因突变和基因重组常要求学生区分突变、重组及其在变异中的意义。,7,基因突变和基因重组,generated_mvp_verified_concept
若概念辨析题题目出现基因突变和基因重组相关情境，应重点关注区分突变、重组及其在变异中的意义。,7,基因突变和基因重组,generated_mvp_verified_concept
本题来自概念辨析题，属于基因突变和基因重组知识模块，解题时应能区分突变、重组及其在变异中的意义。,7,基因突变和基因重组,generated_mvp_verified_concept
在数据推断题中，本题考查基因突变和基因重组，核心要求是区分突变、重组及其在变异中的意义。,7,基因突变和基因重组,generated_mvp_verified_concept
针对数据推断题，这道题围绕基因突变和基因重组展开，判断依据是区分突变、重组及其在变异中的意义。,7,基因突变和基因重组,generated_mvp_verified_concept
在数据推断题的遗传与进化模块中，基因突变和基因重组常要求学生区分突变、重组及其在变异中的意义。,7,基因突变和基因重组,generated_mvp_verified_concept
若数据推断题题目出现基因突变和基因重组相关情境，应重点关注区分突变、重组及其在变异中的意义。,7,基因突变和基因重组,generated_mvp_verified_concept
本题来自数据推断题，属于基因突变和基因重组知识模块，解题时应能区分突变、重组及其在变异中的意义。,7,基因突变和基因重组,generated_mvp_verified_concept
在情境应用题中，本题考查基因突变和基因重组，核心要求是区分突变、重组及其在变异中的意义。,7,基因突变和基因重组,generated_mvp_verified_concept
针对情境应用题，这道题围绕基因突变和基因重组展开，判断依据是区分突变、重组及其在变异中的意义。,7,基因突变和基因重组,generated_mvp_verified_concept
在情境应用题的遗传与进化模块中，基因突变和基因重组常要求学生区分突变、重组及其在变异中的意义。,7,基因突变和基因重组,generated_mvp_verified_concept
若情境应用题题目出现基因突变和基因重组相关情境，应重点关注区分突变、重组及其在变异中的意义。,7,基因突变和基因重组,generated_mvp_verified_concept
本题来自情境应用题，属于基因突变和基因重组知识模块，解题时应能区分突变、重组及其在变异中的意义。,7,基因突变和基因重组,generated_mvp_verified_concept
在复习巩固题中，本题考查基因突变和基因重组，核心要求是区分突变、重组及其在变异中的意义。,7,基因突变和基因重组,generated_mvp_verified_concept
针对复习巩固题，这道题围绕基因突变和基因重组展开，判断依据是区分突变、重组及其在变异中的意义。,7,基因突变和基因重组,generated_mvp_verified_concept
在复习巩固题的遗传与进化模块中，基因突变和基因重组常要求学生区分突变、重组及其在变异中的意义。,7,基因突变和基因重组,generated_mvp_verified_concept
若复习巩固题题目出现基因突变和基因重组相关情境，应重点关注区分突变、重组及其在变异中的意义。,7,基因突变和基因重组,generated_mvp_verified_concept
本题来自复习巩固题，属于基因突变和基因重组知识模块，解题时应能区分突变、重组及其在变异中的意义。,7,基因突变和基因重组,generated_mvp_verified_concept
在错因分析题中，本题考查基因突变和基因重组，核心要求是区分突变、重组及其在变异中的意义。,7,基因突变和基因重组,generated_mvp_verified_concept
针对错因分析题，这道题围绕基因突变和基因重组展开，判断依据是区分突变、重组及其在变异中的意义。,7,基因突变和基因重组,generated_mvp_verified_concept
在错因分析题的遗传与进化模块中，基因突变和基因重组常要求学生区分突变、重组及其在变异中的意义。,7,基因突变和基因重组,generated_mvp_verified_concept
若错因分析题题目出现基因突变和基因重组相关情境，应重点关注区分突变、重组及其在变异中的意义。,7,基因突变和基因重组,generated_mvp_verified_concept
本题来自错因分析题，属于基因突变和基因重组知识模块，解题时应能区分突变、重组及其在变异中的意义。,7,基因突变和基因重组,generated_mvp_verified_concept
在教材基础题中，本题考查基因突变和基因重组，核心要求是区分突变、重组及其在变异中的意义。,7,基因突变和基因重组,generated_mvp_verified_concept
针对教材基础题，这道题围绕基因突变和基因重组展开，判断依据是区分突变、重组及其在变异中的意义。,7,基因突变和基因重组,generated_mvp_verified_concept
在教材基础题的遗传与进化模块中，基因突变和基因重组常要求学生区分突变、重组及其在变异中的意义。,7,基因突变和基因重组,generated_mvp_verified_concept
若教材基础题题目出现基因突变和基因重组相关情境，应重点关注区分突变、重组及其在变异中的意义。,7,基因突变和基因重组,generated_mvp_verified_concept
本题来自教材基础题，属于基因突变和基因重组知识模块，解题时应能区分突变、重组及其在变异中的意义。,7,基因突变和基因重组,generated_mvp_verified_concept
在能力提升题中，本题考查基因突变和基因重组，核心要求是区分突变、重组及其在变异中的意义。,7,基因突变和基因重组,generated_mvp_verified_concept
针对能力提升题，这道题围绕基因突变和基因重组展开，判断依据是区分突变、重组及其在变异中的意义。,7,基因突变和基因重组,generated_mvp_verified_concept
在能力提升题的遗传与进化模块中，基因突变和基因重组常要求学生区分突变、重组及其在变异中的意义。,7,基因突变和基因重组,generated_mvp_verified_concept
若能力提升题题目出现基因突变和基因重组相关情境，应重点关注区分突变、重组及其在变异中的意义。,7,基因突变和基因重组,generated_mvp_verified_concept
本题来自能力提升题，属于基因突变和基因重组知识模块，解题时应能区分突变、重组及其在变异中的意义。,7,基因突变和基因重组,generated_mvp_verified_concept
在综合训练题中，本题考查基因突变和基因重组，核心要求是区分突变、重组及其在变异中的意义。,7,基因突变和基因重组,generated_mvp_verified_concept
针对综合训练题，这道题围绕基因突变和基因重组展开，判断依据是区分突变、重组及其在变异中的意义。,7,基因突变和基因重组,generated_mvp_verified_concept
在综合训练题的遗传与进化模块中，基因突变和基因重组常要求学生区分突变、重组及其在变异中的意义。,7,基因突变和基因重组,generated_mvp_verified_concept
若综合训练题题目出现基因突变和基因重组相关情境，应重点关注区分突变、重组及其在变异中的意义。,7,基因突变和基因重组,generated_mvp_verified_concept
本题来自综合训练题，属于基因突变和基因重组知识模块，解题时应能区分突变、重组及其在变异中的意义。,7,基因突变和基因重组,generated_mvp_verified_concept
在考点归纳题中，本题考查基因突变和基因重组，核心要求是区分突变、重组及其在变异中的意义。,7,基因突变和基因重组,generated_mvp_verified_concept
针对考点归纳题，这道题围绕基因突变和基因重组展开，判断依据是区分突变、重组及其在变异中的意义。,7,基因突变和基因重组,generated_mvp_verified_concept
在考点归纳题的遗传与进化模块中，基因突变和基因重组常要求学生区分突变、重组及其在变异中的意义。,7,基因突变和基因重组,generated_mvp_verified_concept
若考点归纳题题目出现基因突变和基因重组相关情境，应重点关注区分突变、重组及其在变异中的意义。,7,基因突变和基因重组,generated_mvp_verified_concept
本题来自考点归纳题，属于基因突变和基因重组知识模块，解题时应能区分突变、重组及其在变异中的意义。,7,基因突变和基因重组,generated_mvp_verified_concept
在现象解释题中，本题考查基因突变和基因重组，核心要求是区分突变、重组及其在变异中的意义。,7,基因突变和基因重组,generated_mvp_verified_concept
针对现象解释题，这道题围绕基因突变和基因重组展开，判断依据是区分突变、重组及其在变异中的意义。,7,基因突变和基因重组,generated_mvp_verified_concept
在现象解释题的遗传与进化模块中，基因突变和基因重组常要求学生区分突变、重组及其在变异中的意义。,7,基因突变和基因重组,generated_mvp_verified_concept
若现象解释题题目出现基因突变和基因重组相关情境，应重点关注区分突变、重组及其在变异中的意义。,7,基因突变和基因重组,generated_mvp_verified_concept
本题来自现象解释题，属于基因突变和基因重组知识模块，解题时应能区分突变、重组及其在变异中的意义。,7,基因突变和基因重组,generated_mvp_verified_concept
在原理应用题中，本题考查基因突变和基因重组，核心要求是区分突变、重组及其在变异中的意义。,7,基因突变和基因重组,generated_mvp_verified_concept
针对原理应用题，这道题围绕基因突变和基因重组展开，判断依据是区分突变、重组及其在变异中的意义。,7,基因突变和基因重组,generated_mvp_verified_concept
在原理应用题的遗传与进化模块中，基因突变和基因重组常要求学生区分突变、重组及其在变异中的意义。,7,基因突变和基因重组,generated_mvp_verified_concept
若原理应用题题目出现基因突变和基因重组相关情境，应重点关注区分突变、重组及其在变异中的意义。,7,基因突变和基因重组,generated_mvp_verified_concept
本题来自原理应用题，属于基因突变和基因重组知识模块，解题时应能区分突变、重组及其在变异中的意义。,7,基因突变和基因重组,generated_mvp_verified_concept
在结论推理题中，本题考查基因突变和基因重组，核心要求是区分突变、重组及其在变异中的意义。,7,基因突变和基因重组,generated_mvp_verified_concept
针对结论推理题，这道题围绕基因突变和基因重组展开，判断依据是区分突变、重组及其在变异中的意义。,7,基因突变和基因重组,generated_mvp_verified_concept
在结论推理题的遗传与进化模块中，基因突变和基因重组常要求学生区分突变、重组及其在变异中的意义。,7,基因突变和基因重组,generated_mvp_verified_concept
若结论推理题题目出现基因突变和基因重组相关情境，应重点关注区分突变、重组及其在变异中的意义。,7,基因突变和基因重组,generated_mvp_verified_concept
本题来自结论推理题，属于基因突变和基因重组知识模块，解题时应能区分突变、重组及其在变异中的意义。,7,基因突变和基因重组,generated_mvp_verified_concept
在过程排序题中，本题考查基因突变和基因重组，核心要求是区分突变、重组及其在变异中的意义。,7,基因突变和基因重组,generated_mvp_verified_concept
针对过程排序题，这道题围绕基因突变和基因重组展开，判断依据是区分突变、重组及其在变异中的意义。,7,基因突变和基因重组,generated_mvp_verified_concept
在过程排序题的遗传与进化模块中，基因突变和基因重组常要求学生区分突变、重组及其在变异中的意义。,7,基因突变和基因重组,generated_mvp_verified_concept
若过程排序题题目出现基因突变和基因重组相关情境，应重点关注区分突变、重组及其在变异中的意义。,7,基因突变和基因重组,generated_mvp_verified_concept
本题来自过程排序题，属于基因突变和基因重组知识模块，解题时应能区分突变、重组及其在变异中的意义。,7,基因突变和基因重组,generated_mvp_verified_concept
在对照实验题中，本题考查基因突变和基因重组，核心要求是区分突变、重组及其在变异中的意义。,7,基因突变和基因重组,generated_mvp_verified_concept
针对对照实验题，这道题围绕基因突变和基因重组展开，判断依据是区分突变、重组及其在变异中的意义。,7,基因突变和基因重组,generated_mvp_verified_concept
在对照实验题的遗传与进化模块中，基因突变和基因重组常要求学生区分突变、重组及其在变异中的意义。,7,基因突变和基因重组,generated_mvp_verified_concept
若对照实验题题目出现基因突变和基因重组相关情境，应重点关注区分突变、重组及其在变异中的意义。,7,基因突变和基因重组,generated_mvp_verified_concept
本题来自对照实验题，属于基因突变和基因重组知识模块，解题时应能区分突变、重组及其在变异中的意义。,7,基因突变和基因重组,generated_mvp_verified_concept
在模型建构题中，本题考查基因突变和基因重组，核心要求是区分突变、重组及其在变异中的意义。,7,基因突变和基因重组,generated_mvp_verified_concept
针对模型建构题，这道题围绕基因突变和基因重组展开，判断依据是区分突变、重组及其在变异中的意义。,7,基因突变和基因重组,generated_mvp_verified_concept
在模型建构题的遗传与进化模块中，基因突变和基因重组常要求学生区分突变、重组及其在变异中的意义。,7,基因突变和基因重组,generated_mvp_verified_concept
若模型建构题题目出现基因突变和基因重组相关情境，应重点关注区分突变、重组及其在变异中的意义。,7,基因突变和基因重组,generated_mvp_verified_concept
本题来自模型建构题，属于基因突变和基因重组知识模块，解题时应能区分突变、重组及其在变异中的意义。,7,基因突变和基因重组,generated_mvp_verified_concept
在单项选择题中，本题考查染色体变异，核心要求是结构变异、数目变异、染色体组。,8,染色体变异,generated_mvp_verified_concept
针对单项选择题，这道题围绕染色体变异展开，判断依据是结构变异、数目变异、染色体组。,8,染色体变异,generated_mvp_verified_concept
在单项选择题的遗传与进化模块中，染色体变异常要求学生结构变异、数目变异、染色体组。,8,染色体变异,generated_mvp_verified_concept
若单项选择题题目出现染色体变异相关情境，应重点关注结构变异、数目变异、染色体组。,8,染色体变异,generated_mvp_verified_concept
本题来自单项选择题，属于染色体变异知识模块，解题时应能结构变异、数目变异、染色体组。,8,染色体变异,generated_mvp_verified_concept
在多项判断题中，本题考查染色体变异，核心要求是结构变异、数目变异、染色体组。,8,染色体变异,generated_mvp_verified_concept
针对多项判断题，这道题围绕染色体变异展开，判断依据是结构变异、数目变异、染色体组。,8,染色体变异,generated_mvp_verified_concept
在多项判断题的遗传与进化模块中，染色体变异常要求学生结构变异、数目变异、染色体组。,8,染色体变异,generated_mvp_verified_concept
若多项判断题题目出现染色体变异相关情境，应重点关注结构变异、数目变异、染色体组。,8,染色体变异,generated_mvp_verified_concept
本题来自多项判断题，属于染色体变异知识模块，解题时应能结构变异、数目变异、染色体组。,8,染色体变异,generated_mvp_verified_concept
在实验分析题中，本题考查染色体变异，核心要求是结构变异、数目变异、染色体组。,8,染色体变异,generated_mvp_verified_concept
针对实验分析题，这道题围绕染色体变异展开，判断依据是结构变异、数目变异、染色体组。,8,染色体变异,generated_mvp_verified_concept
在实验分析题的遗传与进化模块中，染色体变异常要求学生结构变异、数目变异、染色体组。,8,染色体变异,generated_mvp_verified_concept
若实验分析题题目出现染色体变异相关情境，应重点关注结构变异、数目变异、染色体组。,8,染色体变异,generated_mvp_verified_concept
本题来自实验分析题，属于染色体变异知识模块，解题时应能结构变异、数目变异、染色体组。,8,染色体变异,generated_mvp_verified_concept
在图表识别题中，本题考查染色体变异，核心要求是结构变异、数目变异、染色体组。,8,染色体变异,generated_mvp_verified_concept
针对图表识别题，这道题围绕染色体变异展开，判断依据是结构变异、数目变异、染色体组。,8,染色体变异,generated_mvp_verified_concept
在图表识别题的遗传与进化模块中，染色体变异常要求学生结构变异、数目变异、染色体组。,8,染色体变异,generated_mvp_verified_concept
若图表识别题题目出现染色体变异相关情境，应重点关注结构变异、数目变异、染色体组。,8,染色体变异,generated_mvp_verified_concept
本题来自图表识别题，属于染色体变异知识模块，解题时应能结构变异、数目变异、染色体组。,8,染色体变异,generated_mvp_verified_concept
在遗传系谱题中，本题考查染色体变异，核心要求是结构变异、数目变异、染色体组。,8,染色体变异,generated_mvp_verified_concept
针对遗传系谱题，这道题围绕染色体变异展开，判断依据是结构变异、数目变异、染色体组。,8,染色体变异,generated_mvp_verified_concept
在遗传系谱题的遗传与进化模块中，染色体变异常要求学生结构变异、数目变异、染色体组。,8,染色体变异,generated_mvp_verified_concept
若遗传系谱题题目出现染色体变异相关情境，应重点关注结构变异、数目变异、染色体组。,8,染色体变异,generated_mvp_verified_concept
本题来自遗传系谱题，属于染色体变异知识模块，解题时应能结构变异、数目变异、染色体组。,8,染色体变异,generated_mvp_verified_concept
在概念辨析题中，本题考查染色体变异，核心要求是结构变异、数目变异、染色体组。,8,染色体变异,generated_mvp_verified_concept
针对概念辨析题，这道题围绕染色体变异展开，判断依据是结构变异、数目变异、染色体组。,8,染色体变异,generated_mvp_verified_concept
在概念辨析题的遗传与进化模块中，染色体变异常要求学生结构变异、数目变异、染色体组。,8,染色体变异,generated_mvp_verified_concept
若概念辨析题题目出现染色体变异相关情境，应重点关注结构变异、数目变异、染色体组。,8,染色体变异,generated_mvp_verified_concept
本题来自概念辨析题，属于染色体变异知识模块，解题时应能结构变异、数目变异、染色体组。,8,染色体变异,generated_mvp_verified_concept
在数据推断题中，本题考查染色体变异，核心要求是结构变异、数目变异、染色体组。,8,染色体变异,generated_mvp_verified_concept
针对数据推断题，这道题围绕染色体变异展开，判断依据是结构变异、数目变异、染色体组。,8,染色体变异,generated_mvp_verified_concept
在数据推断题的遗传与进化模块中，染色体变异常要求学生结构变异、数目变异、染色体组。,8,染色体变异,generated_mvp_verified_concept
若数据推断题题目出现染色体变异相关情境，应重点关注结构变异、数目变异、染色体组。,8,染色体变异,generated_mvp_verified_concept
本题来自数据推断题，属于染色体变异知识模块，解题时应能结构变异、数目变异、染色体组。,8,染色体变异,generated_mvp_verified_concept
在情境应用题中，本题考查染色体变异，核心要求是结构变异、数目变异、染色体组。,8,染色体变异,generated_mvp_verified_concept
针对情境应用题，这道题围绕染色体变异展开，判断依据是结构变异、数目变异、染色体组。,8,染色体变异,generated_mvp_verified_concept
在情境应用题的遗传与进化模块中，染色体变异常要求学生结构变异、数目变异、染色体组。,8,染色体变异,generated_mvp_verified_concept
若情境应用题题目出现染色体变异相关情境，应重点关注结构变异、数目变异、染色体组。,8,染色体变异,generated_mvp_verified_concept
本题来自情境应用题，属于染色体变异知识模块，解题时应能结构变异、数目变异、染色体组。,8,染色体变异,generated_mvp_verified_concept
在复习巩固题中，本题考查染色体变异，核心要求是结构变异、数目变异、染色体组。,8,染色体变异,generated_mvp_verified_concept
针对复习巩固题，这道题围绕染色体变异展开，判断依据是结构变异、数目变异、染色体组。,8,染色体变异,generated_mvp_verified_concept
在复习巩固题的遗传与进化模块中，染色体变异常要求学生结构变异、数目变异、染色体组。,8,染色体变异,generated_mvp_verified_concept
若复习巩固题题目出现染色体变异相关情境，应重点关注结构变异、数目变异、染色体组。,8,染色体变异,generated_mvp_verified_concept
本题来自复习巩固题，属于染色体变异知识模块，解题时应能结构变异、数目变异、染色体组。,8,染色体变异,generated_mvp_verified_concept
在错因分析题中，本题考查染色体变异，核心要求是结构变异、数目变异、染色体组。,8,染色体变异,generated_mvp_verified_concept
针对错因分析题，这道题围绕染色体变异展开，判断依据是结构变异、数目变异、染色体组。,8,染色体变异,generated_mvp_verified_concept
在错因分析题的遗传与进化模块中，染色体变异常要求学生结构变异、数目变异、染色体组。,8,染色体变异,generated_mvp_verified_concept
若错因分析题题目出现染色体变异相关情境，应重点关注结构变异、数目变异、染色体组。,8,染色体变异,generated_mvp_verified_concept
本题来自错因分析题，属于染色体变异知识模块，解题时应能结构变异、数目变异、染色体组。,8,染色体变异,generated_mvp_verified_concept
在教材基础题中，本题考查染色体变异，核心要求是结构变异、数目变异、染色体组。,8,染色体变异,generated_mvp_verified_concept
针对教材基础题，这道题围绕染色体变异展开，判断依据是结构变异、数目变异、染色体组。,8,染色体变异,generated_mvp_verified_concept
在教材基础题的遗传与进化模块中，染色体变异常要求学生结构变异、数目变异、染色体组。,8,染色体变异,generated_mvp_verified_concept
若教材基础题题目出现染色体变异相关情境，应重点关注结构变异、数目变异、染色体组。,8,染色体变异,generated_mvp_verified_concept
本题来自教材基础题，属于染色体变异知识模块，解题时应能结构变异、数目变异、染色体组。,8,染色体变异,generated_mvp_verified_concept
在能力提升题中，本题考查染色体变异，核心要求是结构变异、数目变异、染色体组。,8,染色体变异,generated_mvp_verified_concept
针对能力提升题，这道题围绕染色体变异展开，判断依据是结构变异、数目变异、染色体组。,8,染色体变异,generated_mvp_verified_concept
在能力提升题的遗传与进化模块中，染色体变异常要求学生结构变异、数目变异、染色体组。,8,染色体变异,generated_mvp_verified_concept
若能力提升题题目出现染色体变异相关情境，应重点关注结构变异、数目变异、染色体组。,8,染色体变异,generated_mvp_verified_concept
本题来自能力提升题，属于染色体变异知识模块，解题时应能结构变异、数目变异、染色体组。,8,染色体变异,generated_mvp_verified_concept
在综合训练题中，本题考查染色体变异，核心要求是结构变异、数目变异、染色体组。,8,染色体变异,generated_mvp_verified_concept
针对综合训练题，这道题围绕染色体变异展开，判断依据是结构变异、数目变异、染色体组。,8,染色体变异,generated_mvp_verified_concept
在综合训练题的遗传与进化模块中，染色体变异常要求学生结构变异、数目变异、染色体组。,8,染色体变异,generated_mvp_verified_concept
若综合训练题题目出现染色体变异相关情境，应重点关注结构变异、数目变异、染色体组。,8,染色体变异,generated_mvp_verified_concept
本题来自综合训练题，属于染色体变异知识模块，解题时应能结构变异、数目变异、染色体组。,8,染色体变异,generated_mvp_verified_concept
在考点归纳题中，本题考查染色体变异，核心要求是结构变异、数目变异、染色体组。,8,染色体变异,generated_mvp_verified_concept
针对考点归纳题，这道题围绕染色体变异展开，判断依据是结构变异、数目变异、染色体组。,8,染色体变异,generated_mvp_verified_concept
在考点归纳题的遗传与进化模块中，染色体变异常要求学生结构变异、数目变异、染色体组。,8,染色体变异,generated_mvp_verified_concept
若考点归纳题题目出现染色体变异相关情境，应重点关注结构变异、数目变异、染色体组。,8,染色体变异,generated_mvp_verified_concept
本题来自考点归纳题，属于染色体变异知识模块，解题时应能结构变异、数目变异、染色体组。,8,染色体变异,generated_mvp_verified_concept
在现象解释题中，本题考查染色体变异，核心要求是结构变异、数目变异、染色体组。,8,染色体变异,generated_mvp_verified_concept
针对现象解释题，这道题围绕染色体变异展开，判断依据是结构变异、数目变异、染色体组。,8,染色体变异,generated_mvp_verified_concept
在现象解释题的遗传与进化模块中，染色体变异常要求学生结构变异、数目变异、染色体组。,8,染色体变异,generated_mvp_verified_concept
若现象解释题题目出现染色体变异相关情境，应重点关注结构变异、数目变异、染色体组。,8,染色体变异,generated_mvp_verified_concept
本题来自现象解释题，属于染色体变异知识模块，解题时应能结构变异、数目变异、染色体组。,8,染色体变异,generated_mvp_verified_concept
在原理应用题中，本题考查染色体变异，核心要求是结构变异、数目变异、染色体组。,8,染色体变异,generated_mvp_verified_concept
针对原理应用题，这道题围绕染色体变异展开，判断依据是结构变异、数目变异、染色体组。,8,染色体变异,generated_mvp_verified_concept
在原理应用题的遗传与进化模块中，染色体变异常要求学生结构变异、数目变异、染色体组。,8,染色体变异,generated_mvp_verified_concept
若原理应用题题目出现染色体变异相关情境，应重点关注结构变异、数目变异、染色体组。,8,染色体变异,generated_mvp_verified_concept
本题来自原理应用题，属于染色体变异知识模块，解题时应能结构变异、数目变异、染色体组。,8,染色体变异,generated_mvp_verified_concept
在结论推理题中，本题考查染色体变异，核心要求是结构变异、数目变异、染色体组。,8,染色体变异,generated_mvp_verified_concept
针对结论推理题，这道题围绕染色体变异展开，判断依据是结构变异、数目变异、染色体组。,8,染色体变异,generated_mvp_verified_concept
在结论推理题的遗传与进化模块中，染色体变异常要求学生结构变异、数目变异、染色体组。,8,染色体变异,generated_mvp_verified_concept
若结论推理题题目出现染色体变异相关情境，应重点关注结构变异、数目变异、染色体组。,8,染色体变异,generated_mvp_verified_concept
本题来自结论推理题，属于染色体变异知识模块，解题时应能结构变异、数目变异、染色体组。,8,染色体变异,generated_mvp_verified_concept
在过程排序题中，本题考查染色体变异，核心要求是结构变异、数目变异、染色体组。,8,染色体变异,generated_mvp_verified_concept
针对过程排序题，这道题围绕染色体变异展开，判断依据是结构变异、数目变异、染色体组。,8,染色体变异,generated_mvp_verified_concept
在过程排序题的遗传与进化模块中，染色体变异常要求学生结构变异、数目变异、染色体组。,8,染色体变异,generated_mvp_verified_concept
若过程排序题题目出现染色体变异相关情境，应重点关注结构变异、数目变异、染色体组。,8,染色体变异,generated_mvp_verified_concept
本题来自过程排序题，属于染色体变异知识模块，解题时应能结构变异、数目变异、染色体组。,8,染色体变异,generated_mvp_verified_concept
在对照实验题中，本题考查染色体变异，核心要求是结构变异、数目变异、染色体组。,8,染色体变异,generated_mvp_verified_concept
针对对照实验题，这道题围绕染色体变异展开，判断依据是结构变异、数目变异、染色体组。,8,染色体变异,generated_mvp_verified_concept
在对照实验题的遗传与进化模块中，染色体变异常要求学生结构变异、数目变异、染色体组。,8,染色体变异,generated_mvp_verified_concept
若对照实验题题目出现染色体变异相关情境，应重点关注结构变异、数目变异、染色体组。,8,染色体变异,generated_mvp_verified_concept
本题来自对照实验题，属于染色体变异知识模块，解题时应能结构变异、数目变异、染色体组。,8,染色体变异,generated_mvp_verified_concept
在模型建构题中，本题考查染色体变异，核心要求是结构变异、数目变异、染色体组。,8,染色体变异,generated_mvp_verified_concept
针对模型建构题，这道题围绕染色体变异展开，判断依据是结构变异、数目变异、染色体组。,8,染色体变异,generated_mvp_verified_concept
在模型建构题的遗传与进化模块中，染色体变异常要求学生结构变异、数目变异、染色体组。,8,染色体变异,generated_mvp_verified_concept
若模型建构题题目出现染色体变异相关情境，应重点关注结构变异、数目变异、染色体组。,8,染色体变异,generated_mvp_verified_concept
本题来自模型建构题，属于染色体变异知识模块，解题时应能结构变异、数目变异、染色体组。,8,染色体变异,generated_mvp_verified_concept
在单项选择题中，本题考查人类遗传病，核心要求是区分单基因、多基因、染色体异常遗传病。,9,人类遗传病,generated_mvp_verified_concept
针对单项选择题，这道题围绕人类遗传病展开，判断依据是区分单基因、多基因、染色体异常遗传病。,9,人类遗传病,generated_mvp_verified_concept
在单项选择题的遗传与进化模块中，人类遗传病常要求学生区分单基因、多基因、染色体异常遗传病。,9,人类遗传病,generated_mvp_verified_concept
若单项选择题题目出现人类遗传病相关情境，应重点关注区分单基因、多基因、染色体异常遗传病。,9,人类遗传病,generated_mvp_verified_concept
本题来自单项选择题，属于人类遗传病知识模块，解题时应能区分单基因、多基因、染色体异常遗传病。,9,人类遗传病,generated_mvp_verified_concept
在多项判断题中，本题考查人类遗传病，核心要求是区分单基因、多基因、染色体异常遗传病。,9,人类遗传病,generated_mvp_verified_concept
针对多项判断题，这道题围绕人类遗传病展开，判断依据是区分单基因、多基因、染色体异常遗传病。,9,人类遗传病,generated_mvp_verified_concept
在多项判断题的遗传与进化模块中，人类遗传病常要求学生区分单基因、多基因、染色体异常遗传病。,9,人类遗传病,generated_mvp_verified_concept
若多项判断题题目出现人类遗传病相关情境，应重点关注区分单基因、多基因、染色体异常遗传病。,9,人类遗传病,generated_mvp_verified_concept
本题来自多项判断题，属于人类遗传病知识模块，解题时应能区分单基因、多基因、染色体异常遗传病。,9,人类遗传病,generated_mvp_verified_concept
在实验分析题中，本题考查人类遗传病，核心要求是区分单基因、多基因、染色体异常遗传病。,9,人类遗传病,generated_mvp_verified_concept
针对实验分析题，这道题围绕人类遗传病展开，判断依据是区分单基因、多基因、染色体异常遗传病。,9,人类遗传病,generated_mvp_verified_concept
在实验分析题的遗传与进化模块中，人类遗传病常要求学生区分单基因、多基因、染色体异常遗传病。,9,人类遗传病,generated_mvp_verified_concept
若实验分析题题目出现人类遗传病相关情境，应重点关注区分单基因、多基因、染色体异常遗传病。,9,人类遗传病,generated_mvp_verified_concept
本题来自实验分析题，属于人类遗传病知识模块，解题时应能区分单基因、多基因、染色体异常遗传病。,9,人类遗传病,generated_mvp_verified_concept
在图表识别题中，本题考查人类遗传病，核心要求是区分单基因、多基因、染色体异常遗传病。,9,人类遗传病,generated_mvp_verified_concept
针对图表识别题，这道题围绕人类遗传病展开，判断依据是区分单基因、多基因、染色体异常遗传病。,9,人类遗传病,generated_mvp_verified_concept
在图表识别题的遗传与进化模块中，人类遗传病常要求学生区分单基因、多基因、染色体异常遗传病。,9,人类遗传病,generated_mvp_verified_concept
若图表识别题题目出现人类遗传病相关情境，应重点关注区分单基因、多基因、染色体异常遗传病。,9,人类遗传病,generated_mvp_verified_concept
本题来自图表识别题，属于人类遗传病知识模块，解题时应能区分单基因、多基因、染色体异常遗传病。,9,人类遗传病,generated_mvp_verified_concept
在遗传系谱题中，本题考查人类遗传病，核心要求是区分单基因、多基因、染色体异常遗传病。,9,人类遗传病,generated_mvp_verified_concept
针对遗传系谱题，这道题围绕人类遗传病展开，判断依据是区分单基因、多基因、染色体异常遗传病。,9,人类遗传病,generated_mvp_verified_concept
在遗传系谱题的遗传与进化模块中，人类遗传病常要求学生区分单基因、多基因、染色体异常遗传病。,9,人类遗传病,generated_mvp_verified_concept
若遗传系谱题题目出现人类遗传病相关情境，应重点关注区分单基因、多基因、染色体异常遗传病。,9,人类遗传病,generated_mvp_verified_concept
本题来自遗传系谱题，属于人类遗传病知识模块，解题时应能区分单基因、多基因、染色体异常遗传病。,9,人类遗传病,generated_mvp_verified_concept
在概念辨析题中，本题考查人类遗传病，核心要求是区分单基因、多基因、染色体异常遗传病。,9,人类遗传病,generated_mvp_verified_concept
针对概念辨析题，这道题围绕人类遗传病展开，判断依据是区分单基因、多基因、染色体异常遗传病。,9,人类遗传病,generated_mvp_verified_concept
在概念辨析题的遗传与进化模块中，人类遗传病常要求学生区分单基因、多基因、染色体异常遗传病。,9,人类遗传病,generated_mvp_verified_concept
若概念辨析题题目出现人类遗传病相关情境，应重点关注区分单基因、多基因、染色体异常遗传病。,9,人类遗传病,generated_mvp_verified_concept
本题来自概念辨析题，属于人类遗传病知识模块，解题时应能区分单基因、多基因、染色体异常遗传病。,9,人类遗传病,generated_mvp_verified_concept
在数据推断题中，本题考查人类遗传病，核心要求是区分单基因、多基因、染色体异常遗传病。,9,人类遗传病,generated_mvp_verified_concept
针对数据推断题，这道题围绕人类遗传病展开，判断依据是区分单基因、多基因、染色体异常遗传病。,9,人类遗传病,generated_mvp_verified_concept
在数据推断题的遗传与进化模块中，人类遗传病常要求学生区分单基因、多基因、染色体异常遗传病。,9,人类遗传病,generated_mvp_verified_concept
若数据推断题题目出现人类遗传病相关情境，应重点关注区分单基因、多基因、染色体异常遗传病。,9,人类遗传病,generated_mvp_verified_concept
本题来自数据推断题，属于人类遗传病知识模块，解题时应能区分单基因、多基因、染色体异常遗传病。,9,人类遗传病,generated_mvp_verified_concept
在情境应用题中，本题考查人类遗传病，核心要求是区分单基因、多基因、染色体异常遗传病。,9,人类遗传病,generated_mvp_verified_concept
针对情境应用题，这道题围绕人类遗传病展开，判断依据是区分单基因、多基因、染色体异常遗传病。,9,人类遗传病,generated_mvp_verified_concept
在情境应用题的遗传与进化模块中，人类遗传病常要求学生区分单基因、多基因、染色体异常遗传病。,9,人类遗传病,generated_mvp_verified_concept
若情境应用题题目出现人类遗传病相关情境，应重点关注区分单基因、多基因、染色体异常遗传病。,9,人类遗传病,generated_mvp_verified_concept
本题来自情境应用题，属于人类遗传病知识模块，解题时应能区分单基因、多基因、染色体异常遗传病。,9,人类遗传病,generated_mvp_verified_concept
在复习巩固题中，本题考查人类遗传病，核心要求是区分单基因、多基因、染色体异常遗传病。,9,人类遗传病,generated_mvp_verified_concept
针对复习巩固题，这道题围绕人类遗传病展开，判断依据是区分单基因、多基因、染色体异常遗传病。,9,人类遗传病,generated_mvp_verified_concept
在复习巩固题的遗传与进化模块中，人类遗传病常要求学生区分单基因、多基因、染色体异常遗传病。,9,人类遗传病,generated_mvp_verified_concept
若复习巩固题题目出现人类遗传病相关情境，应重点关注区分单基因、多基因、染色体异常遗传病。,9,人类遗传病,generated_mvp_verified_concept
本题来自复习巩固题，属于人类遗传病知识模块，解题时应能区分单基因、多基因、染色体异常遗传病。,9,人类遗传病,generated_mvp_verified_concept
在错因分析题中，本题考查人类遗传病，核心要求是区分单基因、多基因、染色体异常遗传病。,9,人类遗传病,generated_mvp_verified_concept
针对错因分析题，这道题围绕人类遗传病展开，判断依据是区分单基因、多基因、染色体异常遗传病。,9,人类遗传病,generated_mvp_verified_concept
在错因分析题的遗传与进化模块中，人类遗传病常要求学生区分单基因、多基因、染色体异常遗传病。,9,人类遗传病,generated_mvp_verified_concept
若错因分析题题目出现人类遗传病相关情境，应重点关注区分单基因、多基因、染色体异常遗传病。,9,人类遗传病,generated_mvp_verified_concept
本题来自错因分析题，属于人类遗传病知识模块，解题时应能区分单基因、多基因、染色体异常遗传病。,9,人类遗传病,generated_mvp_verified_concept
在教材基础题中，本题考查人类遗传病，核心要求是区分单基因、多基因、染色体异常遗传病。,9,人类遗传病,generated_mvp_verified_concept
针对教材基础题，这道题围绕人类遗传病展开，判断依据是区分单基因、多基因、染色体异常遗传病。,9,人类遗传病,generated_mvp_verified_concept
在教材基础题的遗传与进化模块中，人类遗传病常要求学生区分单基因、多基因、染色体异常遗传病。,9,人类遗传病,generated_mvp_verified_concept
若教材基础题题目出现人类遗传病相关情境，应重点关注区分单基因、多基因、染色体异常遗传病。,9,人类遗传病,generated_mvp_verified_concept
本题来自教材基础题，属于人类遗传病知识模块，解题时应能区分单基因、多基因、染色体异常遗传病。,9,人类遗传病,generated_mvp_verified_concept
在能力提升题中，本题考查人类遗传病，核心要求是区分单基因、多基因、染色体异常遗传病。,9,人类遗传病,generated_mvp_verified_concept
针对能力提升题，这道题围绕人类遗传病展开，判断依据是区分单基因、多基因、染色体异常遗传病。,9,人类遗传病,generated_mvp_verified_concept
在能力提升题的遗传与进化模块中，人类遗传病常要求学生区分单基因、多基因、染色体异常遗传病。,9,人类遗传病,generated_mvp_verified_concept
若能力提升题题目出现人类遗传病相关情境，应重点关注区分单基因、多基因、染色体异常遗传病。,9,人类遗传病,generated_mvp_verified_concept
本题来自能力提升题，属于人类遗传病知识模块，解题时应能区分单基因、多基因、染色体异常遗传病。,9,人类遗传病,generated_mvp_verified_concept
在综合训练题中，本题考查人类遗传病，核心要求是区分单基因、多基因、染色体异常遗传病。,9,人类遗传病,generated_mvp_verified_concept
针对综合训练题，这道题围绕人类遗传病展开，判断依据是区分单基因、多基因、染色体异常遗传病。,9,人类遗传病,generated_mvp_verified_concept
在综合训练题的遗传与进化模块中，人类遗传病常要求学生区分单基因、多基因、染色体异常遗传病。,9,人类遗传病,generated_mvp_verified_concept
若综合训练题题目出现人类遗传病相关情境，应重点关注区分单基因、多基因、染色体异常遗传病。,9,人类遗传病,generated_mvp_verified_concept
本题来自综合训练题，属于人类遗传病知识模块，解题时应能区分单基因、多基因、染色体异常遗传病。,9,人类遗传病,generated_mvp_verified_concept
在考点归纳题中，本题考查人类遗传病，核心要求是区分单基因、多基因、染色体异常遗传病。,9,人类遗传病,generated_mvp_verified_concept
针对考点归纳题，这道题围绕人类遗传病展开，判断依据是区分单基因、多基因、染色体异常遗传病。,9,人类遗传病,generated_mvp_verified_concept
在考点归纳题的遗传与进化模块中，人类遗传病常要求学生区分单基因、多基因、染色体异常遗传病。,9,人类遗传病,generated_mvp_verified_concept
若考点归纳题题目出现人类遗传病相关情境，应重点关注区分单基因、多基因、染色体异常遗传病。,9,人类遗传病,generated_mvp_verified_concept
本题来自考点归纳题，属于人类遗传病知识模块，解题时应能区分单基因、多基因、染色体异常遗传病。,9,人类遗传病,generated_mvp_verified_concept
在现象解释题中，本题考查人类遗传病，核心要求是区分单基因、多基因、染色体异常遗传病。,9,人类遗传病,generated_mvp_verified_concept
针对现象解释题，这道题围绕人类遗传病展开，判断依据是区分单基因、多基因、染色体异常遗传病。,9,人类遗传病,generated_mvp_verified_concept
在现象解释题的遗传与进化模块中，人类遗传病常要求学生区分单基因、多基因、染色体异常遗传病。,9,人类遗传病,generated_mvp_verified_concept
若现象解释题题目出现人类遗传病相关情境，应重点关注区分单基因、多基因、染色体异常遗传病。,9,人类遗传病,generated_mvp_verified_concept
本题来自现象解释题，属于人类遗传病知识模块，解题时应能区分单基因、多基因、染色体异常遗传病。,9,人类遗传病,generated_mvp_verified_concept
在原理应用题中，本题考查人类遗传病，核心要求是区分单基因、多基因、染色体异常遗传病。,9,人类遗传病,generated_mvp_verified_concept
针对原理应用题，这道题围绕人类遗传病展开，判断依据是区分单基因、多基因、染色体异常遗传病。,9,人类遗传病,generated_mvp_verified_concept
在原理应用题的遗传与进化模块中，人类遗传病常要求学生区分单基因、多基因、染色体异常遗传病。,9,人类遗传病,generated_mvp_verified_concept
若原理应用题题目出现人类遗传病相关情境，应重点关注区分单基因、多基因、染色体异常遗传病。,9,人类遗传病,generated_mvp_verified_concept
本题来自原理应用题，属于人类遗传病知识模块，解题时应能区分单基因、多基因、染色体异常遗传病。,9,人类遗传病,generated_mvp_verified_concept
在结论推理题中，本题考查人类遗传病，核心要求是区分单基因、多基因、染色体异常遗传病。,9,人类遗传病,generated_mvp_verified_concept
针对结论推理题，这道题围绕人类遗传病展开，判断依据是区分单基因、多基因、染色体异常遗传病。,9,人类遗传病,generated_mvp_verified_concept
在结论推理题的遗传与进化模块中，人类遗传病常要求学生区分单基因、多基因、染色体异常遗传病。,9,人类遗传病,generated_mvp_verified_concept
若结论推理题题目出现人类遗传病相关情境，应重点关注区分单基因、多基因、染色体异常遗传病。,9,人类遗传病,generated_mvp_verified_concept
本题来自结论推理题，属于人类遗传病知识模块，解题时应能区分单基因、多基因、染色体异常遗传病。,9,人类遗传病,generated_mvp_verified_concept
在过程排序题中，本题考查人类遗传病，核心要求是区分单基因、多基因、染色体异常遗传病。,9,人类遗传病,generated_mvp_verified_concept
针对过程排序题，这道题围绕人类遗传病展开，判断依据是区分单基因、多基因、染色体异常遗传病。,9,人类遗传病,generated_mvp_verified_concept
在过程排序题的遗传与进化模块中，人类遗传病常要求学生区分单基因、多基因、染色体异常遗传病。,9,人类遗传病,generated_mvp_verified_concept
若过程排序题题目出现人类遗传病相关情境，应重点关注区分单基因、多基因、染色体异常遗传病。,9,人类遗传病,generated_mvp_verified_concept
本题来自过程排序题，属于人类遗传病知识模块，解题时应能区分单基因、多基因、染色体异常遗传病。,9,人类遗传病,generated_mvp_verified_concept
在对照实验题中，本题考查人类遗传病，核心要求是区分单基因、多基因、染色体异常遗传病。,9,人类遗传病,generated_mvp_verified_concept
针对对照实验题，这道题围绕人类遗传病展开，判断依据是区分单基因、多基因、染色体异常遗传病。,9,人类遗传病,generated_mvp_verified_concept
在对照实验题的遗传与进化模块中，人类遗传病常要求学生区分单基因、多基因、染色体异常遗传病。,9,人类遗传病,generated_mvp_verified_concept
若对照实验题题目出现人类遗传病相关情境，应重点关注区分单基因、多基因、染色体异常遗传病。,9,人类遗传病,generated_mvp_verified_concept
本题来自对照实验题，属于人类遗传病知识模块，解题时应能区分单基因、多基因、染色体异常遗传病。,9,人类遗传病,generated_mvp_verified_concept
在模型建构题中，本题考查人类遗传病，核心要求是区分单基因、多基因、染色体异常遗传病。,9,人类遗传病,generated_mvp_verified_concept
针对模型建构题，这道题围绕人类遗传病展开，判断依据是区分单基因、多基因、染色体异常遗传病。,9,人类遗传病,generated_mvp_verified_concept
在模型建构题的遗传与进化模块中，人类遗传病常要求学生区分单基因、多基因、染色体异常遗传病。,9,人类遗传病,generated_mvp_verified_concept
若模型建构题题目出现人类遗传病相关情境，应重点关注区分单基因、多基因、染色体异常遗传病。,9,人类遗传病,generated_mvp_verified_concept
本题来自模型建构题，属于人类遗传病知识模块，解题时应能区分单基因、多基因、染色体异常遗传病。,9,人类遗传病,generated_mvp_verified_concept
在单项选择题中，本题考查基因在染色体上，核心要求是萨顿假说、摩尔根果蝇实验。,10,基因在染色体上,generated_mvp_verified_concept
针对单项选择题，这道题围绕基因在染色体上展开，判断依据是萨顿假说、摩尔根果蝇实验。,10,基因在染色体上,generated_mvp_verified_concept
在单项选择题的遗传与进化模块中，基因在染色体上常要求学生萨顿假说、摩尔根果蝇实验。,10,基因在染色体上,generated_mvp_verified_concept
若单项选择题题目出现基因在染色体上相关情境，应重点关注萨顿假说、摩尔根果蝇实验。,10,基因在染色体上,generated_mvp_verified_concept
本题来自单项选择题，属于基因在染色体上知识模块，解题时应能萨顿假说、摩尔根果蝇实验。,10,基因在染色体上,generated_mvp_verified_concept
在多项判断题中，本题考查基因在染色体上，核心要求是萨顿假说、摩尔根果蝇实验。,10,基因在染色体上,generated_mvp_verified_concept
针对多项判断题，这道题围绕基因在染色体上展开，判断依据是萨顿假说、摩尔根果蝇实验。,10,基因在染色体上,generated_mvp_verified_concept
在多项判断题的遗传与进化模块中，基因在染色体上常要求学生萨顿假说、摩尔根果蝇实验。,10,基因在染色体上,generated_mvp_verified_concept
若多项判断题题目出现基因在染色体上相关情境，应重点关注萨顿假说、摩尔根果蝇实验。,10,基因在染色体上,generated_mvp_verified_concept
本题来自多项判断题，属于基因在染色体上知识模块，解题时应能萨顿假说、摩尔根果蝇实验。,10,基因在染色体上,generated_mvp_verified_concept
在实验分析题中，本题考查基因在染色体上，核心要求是萨顿假说、摩尔根果蝇实验。,10,基因在染色体上,generated_mvp_verified_concept
针对实验分析题，这道题围绕基因在染色体上展开，判断依据是萨顿假说、摩尔根果蝇实验。,10,基因在染色体上,generated_mvp_verified_concept
在实验分析题的遗传与进化模块中，基因在染色体上常要求学生萨顿假说、摩尔根果蝇实验。,10,基因在染色体上,generated_mvp_verified_concept
若实验分析题题目出现基因在染色体上相关情境，应重点关注萨顿假说、摩尔根果蝇实验。,10,基因在染色体上,generated_mvp_verified_concept
本题来自实验分析题，属于基因在染色体上知识模块，解题时应能萨顿假说、摩尔根果蝇实验。,10,基因在染色体上,generated_mvp_verified_concept
在图表识别题中，本题考查基因在染色体上，核心要求是萨顿假说、摩尔根果蝇实验。,10,基因在染色体上,generated_mvp_verified_concept
针对图表识别题，这道题围绕基因在染色体上展开，判断依据是萨顿假说、摩尔根果蝇实验。,10,基因在染色体上,generated_mvp_verified_concept
在图表识别题的遗传与进化模块中，基因在染色体上常要求学生萨顿假说、摩尔根果蝇实验。,10,基因在染色体上,generated_mvp_verified_concept
若图表识别题题目出现基因在染色体上相关情境，应重点关注萨顿假说、摩尔根果蝇实验。,10,基因在染色体上,generated_mvp_verified_concept
本题来自图表识别题，属于基因在染色体上知识模块，解题时应能萨顿假说、摩尔根果蝇实验。,10,基因在染色体上,generated_mvp_verified_concept
在遗传系谱题中，本题考查基因在染色体上，核心要求是萨顿假说、摩尔根果蝇实验。,10,基因在染色体上,generated_mvp_verified_concept
针对遗传系谱题，这道题围绕基因在染色体上展开，判断依据是萨顿假说、摩尔根果蝇实验。,10,基因在染色体上,generated_mvp_verified_concept
在遗传系谱题的遗传与进化模块中，基因在染色体上常要求学生萨顿假说、摩尔根果蝇实验。,10,基因在染色体上,generated_mvp_verified_concept
若遗传系谱题题目出现基因在染色体上相关情境，应重点关注萨顿假说、摩尔根果蝇实验。,10,基因在染色体上,generated_mvp_verified_concept
本题来自遗传系谱题，属于基因在染色体上知识模块，解题时应能萨顿假说、摩尔根果蝇实验。,10,基因在染色体上,generated_mvp_verified_concept
在概念辨析题中，本题考查基因在染色体上，核心要求是萨顿假说、摩尔根果蝇实验。,10,基因在染色体上,generated_mvp_verified_concept
针对概念辨析题，这道题围绕基因在染色体上展开，判断依据是萨顿假说、摩尔根果蝇实验。,10,基因在染色体上,generated_mvp_verified_concept
在概念辨析题的遗传与进化模块中，基因在染色体上常要求学生萨顿假说、摩尔根果蝇实验。,10,基因在染色体上,generated_mvp_verified_concept
若概念辨析题题目出现基因在染色体上相关情境，应重点关注萨顿假说、摩尔根果蝇实验。,10,基因在染色体上,generated_mvp_verified_concept
本题来自概念辨析题，属于基因在染色体上知识模块，解题时应能萨顿假说、摩尔根果蝇实验。,10,基因在染色体上,generated_mvp_verified_concept
在数据推断题中，本题考查基因在染色体上，核心要求是萨顿假说、摩尔根果蝇实验。,10,基因在染色体上,generated_mvp_verified_concept
针对数据推断题，这道题围绕基因在染色体上展开，判断依据是萨顿假说、摩尔根果蝇实验。,10,基因在染色体上,generated_mvp_verified_concept
在数据推断题的遗传与进化模块中，基因在染色体上常要求学生萨顿假说、摩尔根果蝇实验。,10,基因在染色体上,generated_mvp_verified_concept
若数据推断题题目出现基因在染色体上相关情境，应重点关注萨顿假说、摩尔根果蝇实验。,10,基因在染色体上,generated_mvp_verified_concept
本题来自数据推断题，属于基因在染色体上知识模块，解题时应能萨顿假说、摩尔根果蝇实验。,10,基因在染色体上,generated_mvp_verified_concept
在情境应用题中，本题考查基因在染色体上，核心要求是萨顿假说、摩尔根果蝇实验。,10,基因在染色体上,generated_mvp_verified_concept
针对情境应用题，这道题围绕基因在染色体上展开，判断依据是萨顿假说、摩尔根果蝇实验。,10,基因在染色体上,generated_mvp_verified_concept
在情境应用题的遗传与进化模块中，基因在染色体上常要求学生萨顿假说、摩尔根果蝇实验。,10,基因在染色体上,generated_mvp_verified_concept
若情境应用题题目出现基因在染色体上相关情境，应重点关注萨顿假说、摩尔根果蝇实验。,10,基因在染色体上,generated_mvp_verified_concept
本题来自情境应用题，属于基因在染色体上知识模块，解题时应能萨顿假说、摩尔根果蝇实验。,10,基因在染色体上,generated_mvp_verified_concept
在复习巩固题中，本题考查基因在染色体上，核心要求是萨顿假说、摩尔根果蝇实验。,10,基因在染色体上,generated_mvp_verified_concept
针对复习巩固题，这道题围绕基因在染色体上展开，判断依据是萨顿假说、摩尔根果蝇实验。,10,基因在染色体上,generated_mvp_verified_concept
在复习巩固题的遗传与进化模块中，基因在染色体上常要求学生萨顿假说、摩尔根果蝇实验。,10,基因在染色体上,generated_mvp_verified_concept
若复习巩固题题目出现基因在染色体上相关情境，应重点关注萨顿假说、摩尔根果蝇实验。,10,基因在染色体上,generated_mvp_verified_concept
本题来自复习巩固题，属于基因在染色体上知识模块，解题时应能萨顿假说、摩尔根果蝇实验。,10,基因在染色体上,generated_mvp_verified_concept
在错因分析题中，本题考查基因在染色体上，核心要求是萨顿假说、摩尔根果蝇实验。,10,基因在染色体上,generated_mvp_verified_concept
针对错因分析题，这道题围绕基因在染色体上展开，判断依据是萨顿假说、摩尔根果蝇实验。,10,基因在染色体上,generated_mvp_verified_concept
在错因分析题的遗传与进化模块中，基因在染色体上常要求学生萨顿假说、摩尔根果蝇实验。,10,基因在染色体上,generated_mvp_verified_concept
若错因分析题题目出现基因在染色体上相关情境，应重点关注萨顿假说、摩尔根果蝇实验。,10,基因在染色体上,generated_mvp_verified_concept
本题来自错因分析题，属于基因在染色体上知识模块，解题时应能萨顿假说、摩尔根果蝇实验。,10,基因在染色体上,generated_mvp_verified_concept
在教材基础题中，本题考查基因在染色体上，核心要求是萨顿假说、摩尔根果蝇实验。,10,基因在染色体上,generated_mvp_verified_concept
针对教材基础题，这道题围绕基因在染色体上展开，判断依据是萨顿假说、摩尔根果蝇实验。,10,基因在染色体上,generated_mvp_verified_concept
在教材基础题的遗传与进化模块中，基因在染色体上常要求学生萨顿假说、摩尔根果蝇实验。,10,基因在染色体上,generated_mvp_verified_concept
若教材基础题题目出现基因在染色体上相关情境，应重点关注萨顿假说、摩尔根果蝇实验。,10,基因在染色体上,generated_mvp_verified_concept
本题来自教材基础题，属于基因在染色体上知识模块，解题时应能萨顿假说、摩尔根果蝇实验。,10,基因在染色体上,generated_mvp_verified_concept
在能力提升题中，本题考查基因在染色体上，核心要求是萨顿假说、摩尔根果蝇实验。,10,基因在染色体上,generated_mvp_verified_concept
针对能力提升题，这道题围绕基因在染色体上展开，判断依据是萨顿假说、摩尔根果蝇实验。,10,基因在染色体上,generated_mvp_verified_concept
在能力提升题的遗传与进化模块中，基因在染色体上常要求学生萨顿假说、摩尔根果蝇实验。,10,基因在染色体上,generated_mvp_verified_concept
若能力提升题题目出现基因在染色体上相关情境，应重点关注萨顿假说、摩尔根果蝇实验。,10,基因在染色体上,generated_mvp_verified_concept
本题来自能力提升题，属于基因在染色体上知识模块，解题时应能萨顿假说、摩尔根果蝇实验。,10,基因在染色体上,generated_mvp_verified_concept
在综合训练题中，本题考查基因在染色体上，核心要求是萨顿假说、摩尔根果蝇实验。,10,基因在染色体上,generated_mvp_verified_concept
针对综合训练题，这道题围绕基因在染色体上展开，判断依据是萨顿假说、摩尔根果蝇实验。,10,基因在染色体上,generated_mvp_verified_concept
在综合训练题的遗传与进化模块中，基因在染色体上常要求学生萨顿假说、摩尔根果蝇实验。,10,基因在染色体上,generated_mvp_verified_concept
若综合训练题题目出现基因在染色体上相关情境，应重点关注萨顿假说、摩尔根果蝇实验。,10,基因在染色体上,generated_mvp_verified_concept
本题来自综合训练题，属于基因在染色体上知识模块，解题时应能萨顿假说、摩尔根果蝇实验。,10,基因在染色体上,generated_mvp_verified_concept
在考点归纳题中，本题考查基因在染色体上，核心要求是萨顿假说、摩尔根果蝇实验。,10,基因在染色体上,generated_mvp_verified_concept
针对考点归纳题，这道题围绕基因在染色体上展开，判断依据是萨顿假说、摩尔根果蝇实验。,10,基因在染色体上,generated_mvp_verified_concept
在考点归纳题的遗传与进化模块中，基因在染色体上常要求学生萨顿假说、摩尔根果蝇实验。,10,基因在染色体上,generated_mvp_verified_concept
若考点归纳题题目出现基因在染色体上相关情境，应重点关注萨顿假说、摩尔根果蝇实验。,10,基因在染色体上,generated_mvp_verified_concept
本题来自考点归纳题，属于基因在染色体上知识模块，解题时应能萨顿假说、摩尔根果蝇实验。,10,基因在染色体上,generated_mvp_verified_concept
在现象解释题中，本题考查基因在染色体上，核心要求是萨顿假说、摩尔根果蝇实验。,10,基因在染色体上,generated_mvp_verified_concept
针对现象解释题，这道题围绕基因在染色体上展开，判断依据是萨顿假说、摩尔根果蝇实验。,10,基因在染色体上,generated_mvp_verified_concept
在现象解释题的遗传与进化模块中，基因在染色体上常要求学生萨顿假说、摩尔根果蝇实验。,10,基因在染色体上,generated_mvp_verified_concept
若现象解释题题目出现基因在染色体上相关情境，应重点关注萨顿假说、摩尔根果蝇实验。,10,基因在染色体上,generated_mvp_verified_concept
本题来自现象解释题，属于基因在染色体上知识模块，解题时应能萨顿假说、摩尔根果蝇实验。,10,基因在染色体上,generated_mvp_verified_concept
在原理应用题中，本题考查基因在染色体上，核心要求是萨顿假说、摩尔根果蝇实验。,10,基因在染色体上,generated_mvp_verified_concept
针对原理应用题，这道题围绕基因在染色体上展开，判断依据是萨顿假说、摩尔根果蝇实验。,10,基因在染色体上,generated_mvp_verified_concept
在原理应用题的遗传与进化模块中，基因在染色体上常要求学生萨顿假说、摩尔根果蝇实验。,10,基因在染色体上,generated_mvp_verified_concept
若原理应用题题目出现基因在染色体上相关情境，应重点关注萨顿假说、摩尔根果蝇实验。,10,基因在染色体上,generated_mvp_verified_concept
本题来自原理应用题，属于基因在染色体上知识模块，解题时应能萨顿假说、摩尔根果蝇实验。,10,基因在染色体上,generated_mvp_verified_concept
在结论推理题中，本题考查基因在染色体上，核心要求是萨顿假说、摩尔根果蝇实验。,10,基因在染色体上,generated_mvp_verified_concept
针对结论推理题，这道题围绕基因在染色体上展开，判断依据是萨顿假说、摩尔根果蝇实验。,10,基因在染色体上,generated_mvp_verified_concept
在结论推理题的遗传与进化模块中，基因在染色体上常要求学生萨顿假说、摩尔根果蝇实验。,10,基因在染色体上,generated_mvp_verified_concept
若结论推理题题目出现基因在染色体上相关情境，应重点关注萨顿假说、摩尔根果蝇实验。,10,基因在染色体上,generated_mvp_verified_concept
本题来自结论推理题，属于基因在染色体上知识模块，解题时应能萨顿假说、摩尔根果蝇实验。,10,基因在染色体上,generated_mvp_verified_concept
在过程排序题中，本题考查基因在染色体上，核心要求是萨顿假说、摩尔根果蝇实验。,10,基因在染色体上,generated_mvp_verified_concept
针对过程排序题，这道题围绕基因在染色体上展开，判断依据是萨顿假说、摩尔根果蝇实验。,10,基因在染色体上,generated_mvp_verified_concept
在过程排序题的遗传与进化模块中，基因在染色体上常要求学生萨顿假说、摩尔根果蝇实验。,10,基因在染色体上,generated_mvp_verified_concept
若过程排序题题目出现基因在染色体上相关情境，应重点关注萨顿假说、摩尔根果蝇实验。,10,基因在染色体上,generated_mvp_verified_concept
本题来自过程排序题，属于基因在染色体上知识模块，解题时应能萨顿假说、摩尔根果蝇实验。,10,基因在染色体上,generated_mvp_verified_concept
在对照实验题中，本题考查基因在染色体上，核心要求是萨顿假说、摩尔根果蝇实验。,10,基因在染色体上,generated_mvp_verified_concept
针对对照实验题，这道题围绕基因在染色体上展开，判断依据是萨顿假说、摩尔根果蝇实验。,10,基因在染色体上,generated_mvp_verified_concept
在对照实验题的遗传与进化模块中，基因在染色体上常要求学生萨顿假说、摩尔根果蝇实验。,10,基因在染色体上,generated_mvp_verified_concept
若对照实验题题目出现基因在染色体上相关情境，应重点关注萨顿假说、摩尔根果蝇实验。,10,基因在染色体上,generated_mvp_verified_concept
本题来自对照实验题，属于基因在染色体上知识模块，解题时应能萨顿假说、摩尔根果蝇实验。,10,基因在染色体上,generated_mvp_verified_concept
在模型建构题中，本题考查基因在染色体上，核心要求是萨顿假说、摩尔根果蝇实验。,10,基因在染色体上,generated_mvp_verified_concept
针对模型建构题，这道题围绕基因在染色体上展开，判断依据是萨顿假说、摩尔根果蝇实验。,10,基因在染色体上,generated_mvp_verified_concept
在模型建构题的遗传与进化模块中，基因在染色体上常要求学生萨顿假说、摩尔根果蝇实验。,10,基因在染色体上,generated_mvp_verified_concept
若模型建构题题目出现基因在染色体上相关情境，应重点关注萨顿假说、摩尔根果蝇实验。,10,基因在染色体上,generated_mvp_verified_concept
本题来自模型建构题，属于基因在染色体上知识模块，解题时应能萨顿假说、摩尔根果蝇实验。,10,基因在染色体上,generated_mvp_verified_concept
在单项选择题中，本题考查现代生物进化理论，核心要求是自然选择、基因频率、物种形成。,11,现代生物进化理论,generated_mvp_verified_concept
针对单项选择题，这道题围绕现代生物进化理论展开，判断依据是自然选择、基因频率、物种形成。,11,现代生物进化理论,generated_mvp_verified_concept
在单项选择题的遗传与进化模块中，现代生物进化理论常要求学生自然选择、基因频率、物种形成。,11,现代生物进化理论,generated_mvp_verified_concept
若单项选择题题目出现现代生物进化理论相关情境，应重点关注自然选择、基因频率、物种形成。,11,现代生物进化理论,generated_mvp_verified_concept
本题来自单项选择题，属于现代生物进化理论知识模块，解题时应能自然选择、基因频率、物种形成。,11,现代生物进化理论,generated_mvp_verified_concept
在多项判断题中，本题考查现代生物进化理论，核心要求是自然选择、基因频率、物种形成。,11,现代生物进化理论,generated_mvp_verified_concept
针对多项判断题，这道题围绕现代生物进化理论展开，判断依据是自然选择、基因频率、物种形成。,11,现代生物进化理论,generated_mvp_verified_concept
在多项判断题的遗传与进化模块中，现代生物进化理论常要求学生自然选择、基因频率、物种形成。,11,现代生物进化理论,generated_mvp_verified_concept
若多项判断题题目出现现代生物进化理论相关情境，应重点关注自然选择、基因频率、物种形成。,11,现代生物进化理论,generated_mvp_verified_concept
本题来自多项判断题，属于现代生物进化理论知识模块，解题时应能自然选择、基因频率、物种形成。,11,现代生物进化理论,generated_mvp_verified_concept
在实验分析题中，本题考查现代生物进化理论，核心要求是自然选择、基因频率、物种形成。,11,现代生物进化理论,generated_mvp_verified_concept
针对实验分析题，这道题围绕现代生物进化理论展开，判断依据是自然选择、基因频率、物种形成。,11,现代生物进化理论,generated_mvp_verified_concept
在实验分析题的遗传与进化模块中，现代生物进化理论常要求学生自然选择、基因频率、物种形成。,11,现代生物进化理论,generated_mvp_verified_concept
若实验分析题题目出现现代生物进化理论相关情境，应重点关注自然选择、基因频率、物种形成。,11,现代生物进化理论,generated_mvp_verified_concept
本题来自实验分析题，属于现代生物进化理论知识模块，解题时应能自然选择、基因频率、物种形成。,11,现代生物进化理论,generated_mvp_verified_concept
在图表识别题中，本题考查现代生物进化理论，核心要求是自然选择、基因频率、物种形成。,11,现代生物进化理论,generated_mvp_verified_concept
针对图表识别题，这道题围绕现代生物进化理论展开，判断依据是自然选择、基因频率、物种形成。,11,现代生物进化理论,generated_mvp_verified_concept
在图表识别题的遗传与进化模块中，现代生物进化理论常要求学生自然选择、基因频率、物种形成。,11,现代生物进化理论,generated_mvp_verified_concept
若图表识别题题目出现现代生物进化理论相关情境，应重点关注自然选择、基因频率、物种形成。,11,现代生物进化理论,generated_mvp_verified_concept
本题来自图表识别题，属于现代生物进化理论知识模块，解题时应能自然选择、基因频率、物种形成。,11,现代生物进化理论,generated_mvp_verified_concept
在遗传系谱题中，本题考查现代生物进化理论，核心要求是自然选择、基因频率、物种形成。,11,现代生物进化理论,generated_mvp_verified_concept
针对遗传系谱题，这道题围绕现代生物进化理论展开，判断依据是自然选择、基因频率、物种形成。,11,现代生物进化理论,generated_mvp_verified_concept
在遗传系谱题的遗传与进化模块中，现代生物进化理论常要求学生自然选择、基因频率、物种形成。,11,现代生物进化理论,generated_mvp_verified_concept
若遗传系谱题题目出现现代生物进化理论相关情境，应重点关注自然选择、基因频率、物种形成。,11,现代生物进化理论,generated_mvp_verified_concept
本题来自遗传系谱题，属于现代生物进化理论知识模块，解题时应能自然选择、基因频率、物种形成。,11,现代生物进化理论,generated_mvp_verified_concept
在概念辨析题中，本题考查现代生物进化理论，核心要求是自然选择、基因频率、物种形成。,11,现代生物进化理论,generated_mvp_verified_concept
针对概念辨析题，这道题围绕现代生物进化理论展开，判断依据是自然选择、基因频率、物种形成。,11,现代生物进化理论,generated_mvp_verified_concept
在概念辨析题的遗传与进化模块中，现代生物进化理论常要求学生自然选择、基因频率、物种形成。,11,现代生物进化理论,generated_mvp_verified_concept
若概念辨析题题目出现现代生物进化理论相关情境，应重点关注自然选择、基因频率、物种形成。,11,现代生物进化理论,generated_mvp_verified_concept
本题来自概念辨析题，属于现代生物进化理论知识模块，解题时应能自然选择、基因频率、物种形成。,11,现代生物进化理论,generated_mvp_verified_concept
在数据推断题中，本题考查现代生物进化理论，核心要求是自然选择、基因频率、物种形成。,11,现代生物进化理论,generated_mvp_verified_concept
针对数据推断题，这道题围绕现代生物进化理论展开，判断依据是自然选择、基因频率、物种形成。,11,现代生物进化理论,generated_mvp_verified_concept
在数据推断题的遗传与进化模块中，现代生物进化理论常要求学生自然选择、基因频率、物种形成。,11,现代生物进化理论,generated_mvp_verified_concept
若数据推断题题目出现现代生物进化理论相关情境，应重点关注自然选择、基因频率、物种形成。,11,现代生物进化理论,generated_mvp_verified_concept
本题来自数据推断题，属于现代生物进化理论知识模块，解题时应能自然选择、基因频率、物种形成。,11,现代生物进化理论,generated_mvp_verified_concept
在情境应用题中，本题考查现代生物进化理论，核心要求是自然选择、基因频率、物种形成。,11,现代生物进化理论,generated_mvp_verified_concept
针对情境应用题，这道题围绕现代生物进化理论展开，判断依据是自然选择、基因频率、物种形成。,11,现代生物进化理论,generated_mvp_verified_concept
在情境应用题的遗传与进化模块中，现代生物进化理论常要求学生自然选择、基因频率、物种形成。,11,现代生物进化理论,generated_mvp_verified_concept
若情境应用题题目出现现代生物进化理论相关情境，应重点关注自然选择、基因频率、物种形成。,11,现代生物进化理论,generated_mvp_verified_concept
本题来自情境应用题，属于现代生物进化理论知识模块，解题时应能自然选择、基因频率、物种形成。,11,现代生物进化理论,generated_mvp_verified_concept
在复习巩固题中，本题考查现代生物进化理论，核心要求是自然选择、基因频率、物种形成。,11,现代生物进化理论,generated_mvp_verified_concept
针对复习巩固题，这道题围绕现代生物进化理论展开，判断依据是自然选择、基因频率、物种形成。,11,现代生物进化理论,generated_mvp_verified_concept
在复习巩固题的遗传与进化模块中，现代生物进化理论常要求学生自然选择、基因频率、物种形成。,11,现代生物进化理论,generated_mvp_verified_concept
若复习巩固题题目出现现代生物进化理论相关情境，应重点关注自然选择、基因频率、物种形成。,11,现代生物进化理论,generated_mvp_verified_concept
本题来自复习巩固题，属于现代生物进化理论知识模块，解题时应能自然选择、基因频率、物种形成。,11,现代生物进化理论,generated_mvp_verified_concept
在错因分析题中，本题考查现代生物进化理论，核心要求是自然选择、基因频率、物种形成。,11,现代生物进化理论,generated_mvp_verified_concept
针对错因分析题，这道题围绕现代生物进化理论展开，判断依据是自然选择、基因频率、物种形成。,11,现代生物进化理论,generated_mvp_verified_concept
在错因分析题的遗传与进化模块中，现代生物进化理论常要求学生自然选择、基因频率、物种形成。,11,现代生物进化理论,generated_mvp_verified_concept
若错因分析题题目出现现代生物进化理论相关情境，应重点关注自然选择、基因频率、物种形成。,11,现代生物进化理论,generated_mvp_verified_concept
本题来自错因分析题，属于现代生物进化理论知识模块，解题时应能自然选择、基因频率、物种形成。,11,现代生物进化理论,generated_mvp_verified_concept
在教材基础题中，本题考查现代生物进化理论，核心要求是自然选择、基因频率、物种形成。,11,现代生物进化理论,generated_mvp_verified_concept
针对教材基础题，这道题围绕现代生物进化理论展开，判断依据是自然选择、基因频率、物种形成。,11,现代生物进化理论,generated_mvp_verified_concept
在教材基础题的遗传与进化模块中，现代生物进化理论常要求学生自然选择、基因频率、物种形成。,11,现代生物进化理论,generated_mvp_verified_concept
若教材基础题题目出现现代生物进化理论相关情境，应重点关注自然选择、基因频率、物种形成。,11,现代生物进化理论,generated_mvp_verified_concept
本题来自教材基础题，属于现代生物进化理论知识模块，解题时应能自然选择、基因频率、物种形成。,11,现代生物进化理论,generated_mvp_verified_concept
在能力提升题中，本题考查现代生物进化理论，核心要求是自然选择、基因频率、物种形成。,11,现代生物进化理论,generated_mvp_verified_concept
针对能力提升题，这道题围绕现代生物进化理论展开，判断依据是自然选择、基因频率、物种形成。,11,现代生物进化理论,generated_mvp_verified_concept
在能力提升题的遗传与进化模块中，现代生物进化理论常要求学生自然选择、基因频率、物种形成。,11,现代生物进化理论,generated_mvp_verified_concept
若能力提升题题目出现现代生物进化理论相关情境，应重点关注自然选择、基因频率、物种形成。,11,现代生物进化理论,generated_mvp_verified_concept
本题来自能力提升题，属于现代生物进化理论知识模块，解题时应能自然选择、基因频率、物种形成。,11,现代生物进化理论,generated_mvp_verified_concept
在综合训练题中，本题考查现代生物进化理论，核心要求是自然选择、基因频率、物种形成。,11,现代生物进化理论,generated_mvp_verified_concept
针对综合训练题，这道题围绕现代生物进化理论展开，判断依据是自然选择、基因频率、物种形成。,11,现代生物进化理论,generated_mvp_verified_concept
在综合训练题的遗传与进化模块中，现代生物进化理论常要求学生自然选择、基因频率、物种形成。,11,现代生物进化理论,generated_mvp_verified_concept
若综合训练题题目出现现代生物进化理论相关情境，应重点关注自然选择、基因频率、物种形成。,11,现代生物进化理论,generated_mvp_verified_concept
本题来自综合训练题，属于现代生物进化理论知识模块，解题时应能自然选择、基因频率、物种形成。,11,现代生物进化理论,generated_mvp_verified_concept
在考点归纳题中，本题考查现代生物进化理论，核心要求是自然选择、基因频率、物种形成。,11,现代生物进化理论,generated_mvp_verified_concept
针对考点归纳题，这道题围绕现代生物进化理论展开，判断依据是自然选择、基因频率、物种形成。,11,现代生物进化理论,generated_mvp_verified_concept
在考点归纳题的遗传与进化模块中，现代生物进化理论常要求学生自然选择、基因频率、物种形成。,11,现代生物进化理论,generated_mvp_verified_concept
若考点归纳题题目出现现代生物进化理论相关情境，应重点关注自然选择、基因频率、物种形成。,11,现代生物进化理论,generated_mvp_verified_concept
本题来自考点归纳题，属于现代生物进化理论知识模块，解题时应能自然选择、基因频率、物种形成。,11,现代生物进化理论,generated_mvp_verified_concept
在现象解释题中，本题考查现代生物进化理论，核心要求是自然选择、基因频率、物种形成。,11,现代生物进化理论,generated_mvp_verified_concept
针对现象解释题，这道题围绕现代生物进化理论展开，判断依据是自然选择、基因频率、物种形成。,11,现代生物进化理论,generated_mvp_verified_concept
在现象解释题的遗传与进化模块中，现代生物进化理论常要求学生自然选择、基因频率、物种形成。,11,现代生物进化理论,generated_mvp_verified_concept
若现象解释题题目出现现代生物进化理论相关情境，应重点关注自然选择、基因频率、物种形成。,11,现代生物进化理论,generated_mvp_verified_concept
本题来自现象解释题，属于现代生物进化理论知识模块，解题时应能自然选择、基因频率、物种形成。,11,现代生物进化理论,generated_mvp_verified_concept
在原理应用题中，本题考查现代生物进化理论，核心要求是自然选择、基因频率、物种形成。,11,现代生物进化理论,generated_mvp_verified_concept
针对原理应用题，这道题围绕现代生物进化理论展开，判断依据是自然选择、基因频率、物种形成。,11,现代生物进化理论,generated_mvp_verified_concept
在原理应用题的遗传与进化模块中，现代生物进化理论常要求学生自然选择、基因频率、物种形成。,11,现代生物进化理论,generated_mvp_verified_concept
若原理应用题题目出现现代生物进化理论相关情境，应重点关注自然选择、基因频率、物种形成。,11,现代生物进化理论,generated_mvp_verified_concept
本题来自原理应用题，属于现代生物进化理论知识模块，解题时应能自然选择、基因频率、物种形成。,11,现代生物进化理论,generated_mvp_verified_concept
在结论推理题中，本题考查现代生物进化理论，核心要求是自然选择、基因频率、物种形成。,11,现代生物进化理论,generated_mvp_verified_concept
针对结论推理题，这道题围绕现代生物进化理论展开，判断依据是自然选择、基因频率、物种形成。,11,现代生物进化理论,generated_mvp_verified_concept
在结论推理题的遗传与进化模块中，现代生物进化理论常要求学生自然选择、基因频率、物种形成。,11,现代生物进化理论,generated_mvp_verified_concept
若结论推理题题目出现现代生物进化理论相关情境，应重点关注自然选择、基因频率、物种形成。,11,现代生物进化理论,generated_mvp_verified_concept
本题来自结论推理题，属于现代生物进化理论知识模块，解题时应能自然选择、基因频率、物种形成。,11,现代生物进化理论,generated_mvp_verified_concept
在过程排序题中，本题考查现代生物进化理论，核心要求是自然选择、基因频率、物种形成。,11,现代生物进化理论,generated_mvp_verified_concept
针对过程排序题，这道题围绕现代生物进化理论展开，判断依据是自然选择、基因频率、物种形成。,11,现代生物进化理论,generated_mvp_verified_concept
在过程排序题的遗传与进化模块中，现代生物进化理论常要求学生自然选择、基因频率、物种形成。,11,现代生物进化理论,generated_mvp_verified_concept
若过程排序题题目出现现代生物进化理论相关情境，应重点关注自然选择、基因频率、物种形成。,11,现代生物进化理论,generated_mvp_verified_concept
本题来自过程排序题，属于现代生物进化理论知识模块，解题时应能自然选择、基因频率、物种形成。,11,现代生物进化理论,generated_mvp_verified_concept
在对照实验题中，本题考查现代生物进化理论，核心要求是自然选择、基因频率、物种形成。,11,现代生物进化理论,generated_mvp_verified_concept
针对对照实验题，这道题围绕现代生物进化理论展开，判断依据是自然选择、基因频率、物种形成。,11,现代生物进化理论,generated_mvp_verified_concept
在对照实验题的遗传与进化模块中，现代生物进化理论常要求学生自然选择、基因频率、物种形成。,11,现代生物进化理论,generated_mvp_verified_concept
若对照实验题题目出现现代生物进化理论相关情境，应重点关注自然选择、基因频率、物种形成。,11,现代生物进化理论,generated_mvp_verified_concept
本题来自对照实验题，属于现代生物进化理论知识模块，解题时应能自然选择、基因频率、物种形成。,11,现代生物进化理论,generated_mvp_verified_concept
在模型建构题中，本题考查现代生物进化理论，核心要求是自然选择、基因频率、物种形成。,11,现代生物进化理论,generated_mvp_verified_concept
针对模型建构题，这道题围绕现代生物进化理论展开，判断依据是自然选择、基因频率、物种形成。,11,现代生物进化理论,generated_mvp_verified_concept
在模型建构题的遗传与进化模块中，现代生物进化理论常要求学生自然选择、基因频率、物种形成。,11,现代生物进化理论,generated_mvp_verified_concept
若模型建构题题目出现现代生物进化理论相关情境，应重点关注自然选择、基因频率、物种形成。,11,现代生物进化理论,generated_mvp_verified_concept
本题来自模型建构题，属于现代生物进化理论知识模块，解题时应能自然选择、基因频率、物种形成。,11,现代生物进化理论,generated_mvp_verified_concept
在单项选择题中，本题考查生物共同祖先证据，核心要求是化石、比较解剖学、胚胎学等证据。,12,生物共同祖先证据,generated_mvp_verified_concept
针对单项选择题，这道题围绕生物共同祖先证据展开，判断依据是化石、比较解剖学、胚胎学等证据。,12,生物共同祖先证据,generated_mvp_verified_concept
在单项选择题的遗传与进化模块中，生物共同祖先证据常要求学生化石、比较解剖学、胚胎学等证据。,12,生物共同祖先证据,generated_mvp_verified_concept
若单项选择题题目出现生物共同祖先证据相关情境，应重点关注化石、比较解剖学、胚胎学等证据。,12,生物共同祖先证据,generated_mvp_verified_concept
本题来自单项选择题，属于生物共同祖先证据知识模块，解题时应能化石、比较解剖学、胚胎学等证据。,12,生物共同祖先证据,generated_mvp_verified_concept
在多项判断题中，本题考查生物共同祖先证据，核心要求是化石、比较解剖学、胚胎学等证据。,12,生物共同祖先证据,generated_mvp_verified_concept
针对多项判断题，这道题围绕生物共同祖先证据展开，判断依据是化石、比较解剖学、胚胎学等证据。,12,生物共同祖先证据,generated_mvp_verified_concept
在多项判断题的遗传与进化模块中，生物共同祖先证据常要求学生化石、比较解剖学、胚胎学等证据。,12,生物共同祖先证据,generated_mvp_verified_concept
若多项判断题题目出现生物共同祖先证据相关情境，应重点关注化石、比较解剖学、胚胎学等证据。,12,生物共同祖先证据,generated_mvp_verified_concept
本题来自多项判断题，属于生物共同祖先证据知识模块，解题时应能化石、比较解剖学、胚胎学等证据。,12,生物共同祖先证据,generated_mvp_verified_concept
在实验分析题中，本题考查生物共同祖先证据，核心要求是化石、比较解剖学、胚胎学等证据。,12,生物共同祖先证据,generated_mvp_verified_concept
针对实验分析题，这道题围绕生物共同祖先证据展开，判断依据是化石、比较解剖学、胚胎学等证据。,12,生物共同祖先证据,generated_mvp_verified_concept
在实验分析题的遗传与进化模块中，生物共同祖先证据常要求学生化石、比较解剖学、胚胎学等证据。,12,生物共同祖先证据,generated_mvp_verified_concept
若实验分析题题目出现生物共同祖先证据相关情境，应重点关注化石、比较解剖学、胚胎学等证据。,12,生物共同祖先证据,generated_mvp_verified_concept
本题来自实验分析题，属于生物共同祖先证据知识模块，解题时应能化石、比较解剖学、胚胎学等证据。,12,生物共同祖先证据,generated_mvp_verified_concept
在图表识别题中，本题考查生物共同祖先证据，核心要求是化石、比较解剖学、胚胎学等证据。,12,生物共同祖先证据,generated_mvp_verified_concept
针对图表识别题，这道题围绕生物共同祖先证据展开，判断依据是化石、比较解剖学、胚胎学等证据。,12,生物共同祖先证据,generated_mvp_verified_concept
在图表识别题的遗传与进化模块中，生物共同祖先证据常要求学生化石、比较解剖学、胚胎学等证据。,12,生物共同祖先证据,generated_mvp_verified_concept
若图表识别题题目出现生物共同祖先证据相关情境，应重点关注化石、比较解剖学、胚胎学等证据。,12,生物共同祖先证据,generated_mvp_verified_concept
本题来自图表识别题，属于生物共同祖先证据知识模块，解题时应能化石、比较解剖学、胚胎学等证据。,12,生物共同祖先证据,generated_mvp_verified_concept
在遗传系谱题中，本题考查生物共同祖先证据，核心要求是化石、比较解剖学、胚胎学等证据。,12,生物共同祖先证据,generated_mvp_verified_concept
针对遗传系谱题，这道题围绕生物共同祖先证据展开，判断依据是化石、比较解剖学、胚胎学等证据。,12,生物共同祖先证据,generated_mvp_verified_concept
在遗传系谱题的遗传与进化模块中，生物共同祖先证据常要求学生化石、比较解剖学、胚胎学等证据。,12,生物共同祖先证据,generated_mvp_verified_concept
若遗传系谱题题目出现生物共同祖先证据相关情境，应重点关注化石、比较解剖学、胚胎学等证据。,12,生物共同祖先证据,generated_mvp_verified_concept
本题来自遗传系谱题，属于生物共同祖先证据知识模块，解题时应能化石、比较解剖学、胚胎学等证据。,12,生物共同祖先证据,generated_mvp_verified_concept
在概念辨析题中，本题考查生物共同祖先证据，核心要求是化石、比较解剖学、胚胎学等证据。,12,生物共同祖先证据,generated_mvp_verified_concept
针对概念辨析题，这道题围绕生物共同祖先证据展开，判断依据是化石、比较解剖学、胚胎学等证据。,12,生物共同祖先证据,generated_mvp_verified_concept
在概念辨析题的遗传与进化模块中，生物共同祖先证据常要求学生化石、比较解剖学、胚胎学等证据。,12,生物共同祖先证据,generated_mvp_verified_concept
若概念辨析题题目出现生物共同祖先证据相关情境，应重点关注化石、比较解剖学、胚胎学等证据。,12,生物共同祖先证据,generated_mvp_verified_concept
本题来自概念辨析题，属于生物共同祖先证据知识模块，解题时应能化石、比较解剖学、胚胎学等证据。,12,生物共同祖先证据,generated_mvp_verified_concept
在数据推断题中，本题考查生物共同祖先证据，核心要求是化石、比较解剖学、胚胎学等证据。,12,生物共同祖先证据,generated_mvp_verified_concept
针对数据推断题，这道题围绕生物共同祖先证据展开，判断依据是化石、比较解剖学、胚胎学等证据。,12,生物共同祖先证据,generated_mvp_verified_concept
在数据推断题的遗传与进化模块中，生物共同祖先证据常要求学生化石、比较解剖学、胚胎学等证据。,12,生物共同祖先证据,generated_mvp_verified_concept
若数据推断题题目出现生物共同祖先证据相关情境，应重点关注化石、比较解剖学、胚胎学等证据。,12,生物共同祖先证据,generated_mvp_verified_concept
本题来自数据推断题，属于生物共同祖先证据知识模块，解题时应能化石、比较解剖学、胚胎学等证据。,12,生物共同祖先证据,generated_mvp_verified_concept
在情境应用题中，本题考查生物共同祖先证据，核心要求是化石、比较解剖学、胚胎学等证据。,12,生物共同祖先证据,generated_mvp_verified_concept
针对情境应用题，这道题围绕生物共同祖先证据展开，判断依据是化石、比较解剖学、胚胎学等证据。,12,生物共同祖先证据,generated_mvp_verified_concept
在情境应用题的遗传与进化模块中，生物共同祖先证据常要求学生化石、比较解剖学、胚胎学等证据。,12,生物共同祖先证据,generated_mvp_verified_concept
若情境应用题题目出现生物共同祖先证据相关情境，应重点关注化石、比较解剖学、胚胎学等证据。,12,生物共同祖先证据,generated_mvp_verified_concept
本题来自情境应用题，属于生物共同祖先证据知识模块，解题时应能化石、比较解剖学、胚胎学等证据。,12,生物共同祖先证据,generated_mvp_verified_concept
在复习巩固题中，本题考查生物共同祖先证据，核心要求是化石、比较解剖学、胚胎学等证据。,12,生物共同祖先证据,generated_mvp_verified_concept
针对复习巩固题，这道题围绕生物共同祖先证据展开，判断依据是化石、比较解剖学、胚胎学等证据。,12,生物共同祖先证据,generated_mvp_verified_concept
在复习巩固题的遗传与进化模块中，生物共同祖先证据常要求学生化石、比较解剖学、胚胎学等证据。,12,生物共同祖先证据,generated_mvp_verified_concept
若复习巩固题题目出现生物共同祖先证据相关情境，应重点关注化石、比较解剖学、胚胎学等证据。,12,生物共同祖先证据,generated_mvp_verified_concept
本题来自复习巩固题，属于生物共同祖先证据知识模块，解题时应能化石、比较解剖学、胚胎学等证据。,12,生物共同祖先证据,generated_mvp_verified_concept
在错因分析题中，本题考查生物共同祖先证据，核心要求是化石、比较解剖学、胚胎学等证据。,12,生物共同祖先证据,generated_mvp_verified_concept
针对错因分析题，这道题围绕生物共同祖先证据展开，判断依据是化石、比较解剖学、胚胎学等证据。,12,生物共同祖先证据,generated_mvp_verified_concept
在错因分析题的遗传与进化模块中，生物共同祖先证据常要求学生化石、比较解剖学、胚胎学等证据。,12,生物共同祖先证据,generated_mvp_verified_concept
若错因分析题题目出现生物共同祖先证据相关情境，应重点关注化石、比较解剖学、胚胎学等证据。,12,生物共同祖先证据,generated_mvp_verified_concept
本题来自错因分析题，属于生物共同祖先证据知识模块，解题时应能化石、比较解剖学、胚胎学等证据。,12,生物共同祖先证据,generated_mvp_verified_concept
在教材基础题中，本题考查生物共同祖先证据，核心要求是化石、比较解剖学、胚胎学等证据。,12,生物共同祖先证据,generated_mvp_verified_concept
针对教材基础题，这道题围绕生物共同祖先证据展开，判断依据是化石、比较解剖学、胚胎学等证据。,12,生物共同祖先证据,generated_mvp_verified_concept
在教材基础题的遗传与进化模块中，生物共同祖先证据常要求学生化石、比较解剖学、胚胎学等证据。,12,生物共同祖先证据,generated_mvp_verified_concept
若教材基础题题目出现生物共同祖先证据相关情境，应重点关注化石、比较解剖学、胚胎学等证据。,12,生物共同祖先证据,generated_mvp_verified_concept
本题来自教材基础题，属于生物共同祖先证据知识模块，解题时应能化石、比较解剖学、胚胎学等证据。,12,生物共同祖先证据,generated_mvp_verified_concept
在能力提升题中，本题考查生物共同祖先证据，核心要求是化石、比较解剖学、胚胎学等证据。,12,生物共同祖先证据,generated_mvp_verified_concept
针对能力提升题，这道题围绕生物共同祖先证据展开，判断依据是化石、比较解剖学、胚胎学等证据。,12,生物共同祖先证据,generated_mvp_verified_concept
在能力提升题的遗传与进化模块中，生物共同祖先证据常要求学生化石、比较解剖学、胚胎学等证据。,12,生物共同祖先证据,generated_mvp_verified_concept
若能力提升题题目出现生物共同祖先证据相关情境，应重点关注化石、比较解剖学、胚胎学等证据。,12,生物共同祖先证据,generated_mvp_verified_concept
本题来自能力提升题，属于生物共同祖先证据知识模块，解题时应能化石、比较解剖学、胚胎学等证据。,12,生物共同祖先证据,generated_mvp_verified_concept
在综合训练题中，本题考查生物共同祖先证据，核心要求是化石、比较解剖学、胚胎学等证据。,12,生物共同祖先证据,generated_mvp_verified_concept
针对综合训练题，这道题围绕生物共同祖先证据展开，判断依据是化石、比较解剖学、胚胎学等证据。,12,生物共同祖先证据,generated_mvp_verified_concept
在综合训练题的遗传与进化模块中，生物共同祖先证据常要求学生化石、比较解剖学、胚胎学等证据。,12,生物共同祖先证据,generated_mvp_verified_concept
若综合训练题题目出现生物共同祖先证据相关情境，应重点关注化石、比较解剖学、胚胎学等证据。,12,生物共同祖先证据,generated_mvp_verified_concept
本题来自综合训练题，属于生物共同祖先证据知识模块，解题时应能化石、比较解剖学、胚胎学等证据。,12,生物共同祖先证据,generated_mvp_verified_concept
在考点归纳题中，本题考查生物共同祖先证据，核心要求是化石、比较解剖学、胚胎学等证据。,12,生物共同祖先证据,generated_mvp_verified_concept
针对考点归纳题，这道题围绕生物共同祖先证据展开，判断依据是化石、比较解剖学、胚胎学等证据。,12,生物共同祖先证据,generated_mvp_verified_concept
在考点归纳题的遗传与进化模块中，生物共同祖先证据常要求学生化石、比较解剖学、胚胎学等证据。,12,生物共同祖先证据,generated_mvp_verified_concept
若考点归纳题题目出现生物共同祖先证据相关情境，应重点关注化石、比较解剖学、胚胎学等证据。,12,生物共同祖先证据,generated_mvp_verified_concept
本题来自考点归纳题，属于生物共同祖先证据知识模块，解题时应能化石、比较解剖学、胚胎学等证据。,12,生物共同祖先证据,generated_mvp_verified_concept
在现象解释题中，本题考查生物共同祖先证据，核心要求是化石、比较解剖学、胚胎学等证据。,12,生物共同祖先证据,generated_mvp_verified_concept
针对现象解释题，这道题围绕生物共同祖先证据展开，判断依据是化石、比较解剖学、胚胎学等证据。,12,生物共同祖先证据,generated_mvp_verified_concept
在现象解释题的遗传与进化模块中，生物共同祖先证据常要求学生化石、比较解剖学、胚胎学等证据。,12,生物共同祖先证据,generated_mvp_verified_concept
若现象解释题题目出现生物共同祖先证据相关情境，应重点关注化石、比较解剖学、胚胎学等证据。,12,生物共同祖先证据,generated_mvp_verified_concept
本题来自现象解释题，属于生物共同祖先证据知识模块，解题时应能化石、比较解剖学、胚胎学等证据。,12,生物共同祖先证据,generated_mvp_verified_concept
在原理应用题中，本题考查生物共同祖先证据，核心要求是化石、比较解剖学、胚胎学等证据。,12,生物共同祖先证据,generated_mvp_verified_concept
针对原理应用题，这道题围绕生物共同祖先证据展开，判断依据是化石、比较解剖学、胚胎学等证据。,12,生物共同祖先证据,generated_mvp_verified_concept
在原理应用题的遗传与进化模块中，生物共同祖先证据常要求学生化石、比较解剖学、胚胎学等证据。,12,生物共同祖先证据,generated_mvp_verified_concept
若原理应用题题目出现生物共同祖先证据相关情境，应重点关注化石、比较解剖学、胚胎学等证据。,12,生物共同祖先证据,generated_mvp_verified_concept
本题来自原理应用题，属于生物共同祖先证据知识模块，解题时应能化石、比较解剖学、胚胎学等证据。,12,生物共同祖先证据,generated_mvp_verified_concept
在结论推理题中，本题考查生物共同祖先证据，核心要求是化石、比较解剖学、胚胎学等证据。,12,生物共同祖先证据,generated_mvp_verified_concept
针对结论推理题，这道题围绕生物共同祖先证据展开，判断依据是化石、比较解剖学、胚胎学等证据。,12,生物共同祖先证据,generated_mvp_verified_concept
在结论推理题的遗传与进化模块中，生物共同祖先证据常要求学生化石、比较解剖学、胚胎学等证据。,12,生物共同祖先证据,generated_mvp_verified_concept
若结论推理题题目出现生物共同祖先证据相关情境，应重点关注化石、比较解剖学、胚胎学等证据。,12,生物共同祖先证据,generated_mvp_verified_concept
本题来自结论推理题，属于生物共同祖先证据知识模块，解题时应能化石、比较解剖学、胚胎学等证据。,12,生物共同祖先证据,generated_mvp_verified_concept
在过程排序题中，本题考查生物共同祖先证据，核心要求是化石、比较解剖学、胚胎学等证据。,12,生物共同祖先证据,generated_mvp_verified_concept
针对过程排序题，这道题围绕生物共同祖先证据展开，判断依据是化石、比较解剖学、胚胎学等证据。,12,生物共同祖先证据,generated_mvp_verified_concept
在过程排序题的遗传与进化模块中，生物共同祖先证据常要求学生化石、比较解剖学、胚胎学等证据。,12,生物共同祖先证据,generated_mvp_verified_concept
若过程排序题题目出现生物共同祖先证据相关情境，应重点关注化石、比较解剖学、胚胎学等证据。,12,生物共同祖先证据,generated_mvp_verified_concept
本题来自过程排序题，属于生物共同祖先证据知识模块，解题时应能化石、比较解剖学、胚胎学等证据。,12,生物共同祖先证据,generated_mvp_verified_concept
在对照实验题中，本题考查生物共同祖先证据，核心要求是化石、比较解剖学、胚胎学等证据。,12,生物共同祖先证据,generated_mvp_verified_concept
针对对照实验题，这道题围绕生物共同祖先证据展开，判断依据是化石、比较解剖学、胚胎学等证据。,12,生物共同祖先证据,generated_mvp_verified_concept
在对照实验题的遗传与进化模块中，生物共同祖先证据常要求学生化石、比较解剖学、胚胎学等证据。,12,生物共同祖先证据,generated_mvp_verified_concept
若对照实验题题目出现生物共同祖先证据相关情境，应重点关注化石、比较解剖学、胚胎学等证据。,12,生物共同祖先证据,generated_mvp_verified_concept
本题来自对照实验题，属于生物共同祖先证据知识模块，解题时应能化石、比较解剖学、胚胎学等证据。,12,生物共同祖先证据,generated_mvp_verified_concept
在模型建构题中，本题考查生物共同祖先证据，核心要求是化石、比较解剖学、胚胎学等证据。,12,生物共同祖先证据,generated_mvp_verified_concept
针对模型建构题，这道题围绕生物共同祖先证据展开，判断依据是化石、比较解剖学、胚胎学等证据。,12,生物共同祖先证据,generated_mvp_verified_concept
在模型建构题的遗传与进化模块中，生物共同祖先证据常要求学生化石、比较解剖学、胚胎学等证据。,12,生物共同祖先证据,generated_mvp_verified_concept
若模型建构题题目出现生物共同祖先证据相关情境，应重点关注化石、比较解剖学、胚胎学等证据。,12,生物共同祖先证据,generated_mvp_verified_concept
本题来自模型建构题，属于生物共同祖先证据知识模块，解题时应能化石、比较解剖学、胚胎学等证据。,12,生物共同祖先证据,generated_mvp_verified_concept
在单项选择题中，本题考查协同进化与生物多样性，核心要求是共同进化和生物多样性的形成。,13,协同进化与生物多样性,generated_mvp_verified_concept
针对单项选择题，这道题围绕协同进化与生物多样性展开，判断依据是共同进化和生物多样性的形成。,13,协同进化与生物多样性,generated_mvp_verified_concept
在单项选择题的遗传与进化模块中，协同进化与生物多样性常要求学生共同进化和生物多样性的形成。,13,协同进化与生物多样性,generated_mvp_verified_concept
若单项选择题题目出现协同进化与生物多样性相关情境，应重点关注共同进化和生物多样性的形成。,13,协同进化与生物多样性,generated_mvp_verified_concept
本题来自单项选择题，属于协同进化与生物多样性知识模块，解题时应能共同进化和生物多样性的形成。,13,协同进化与生物多样性,generated_mvp_verified_concept
在多项判断题中，本题考查协同进化与生物多样性，核心要求是共同进化和生物多样性的形成。,13,协同进化与生物多样性,generated_mvp_verified_concept
针对多项判断题，这道题围绕协同进化与生物多样性展开，判断依据是共同进化和生物多样性的形成。,13,协同进化与生物多样性,generated_mvp_verified_concept
在多项判断题的遗传与进化模块中，协同进化与生物多样性常要求学生共同进化和生物多样性的形成。,13,协同进化与生物多样性,generated_mvp_verified_concept
若多项判断题题目出现协同进化与生物多样性相关情境，应重点关注共同进化和生物多样性的形成。,13,协同进化与生物多样性,generated_mvp_verified_concept
本题来自多项判断题，属于协同进化与生物多样性知识模块，解题时应能共同进化和生物多样性的形成。,13,协同进化与生物多样性,generated_mvp_verified_concept
在实验分析题中，本题考查协同进化与生物多样性，核心要求是共同进化和生物多样性的形成。,13,协同进化与生物多样性,generated_mvp_verified_concept
针对实验分析题，这道题围绕协同进化与生物多样性展开，判断依据是共同进化和生物多样性的形成。,13,协同进化与生物多样性,generated_mvp_verified_concept
在实验分析题的遗传与进化模块中，协同进化与生物多样性常要求学生共同进化和生物多样性的形成。,13,协同进化与生物多样性,generated_mvp_verified_concept
若实验分析题题目出现协同进化与生物多样性相关情境，应重点关注共同进化和生物多样性的形成。,13,协同进化与生物多样性,generated_mvp_verified_concept
本题来自实验分析题，属于协同进化与生物多样性知识模块，解题时应能共同进化和生物多样性的形成。,13,协同进化与生物多样性,generated_mvp_verified_concept
在图表识别题中，本题考查协同进化与生物多样性，核心要求是共同进化和生物多样性的形成。,13,协同进化与生物多样性,generated_mvp_verified_concept
针对图表识别题，这道题围绕协同进化与生物多样性展开，判断依据是共同进化和生物多样性的形成。,13,协同进化与生物多样性,generated_mvp_verified_concept
在图表识别题的遗传与进化模块中，协同进化与生物多样性常要求学生共同进化和生物多样性的形成。,13,协同进化与生物多样性,generated_mvp_verified_concept
若图表识别题题目出现协同进化与生物多样性相关情境，应重点关注共同进化和生物多样性的形成。,13,协同进化与生物多样性,generated_mvp_verified_concept
本题来自图表识别题，属于协同进化与生物多样性知识模块，解题时应能共同进化和生物多样性的形成。,13,协同进化与生物多样性,generated_mvp_verified_concept
在遗传系谱题中，本题考查协同进化与生物多样性，核心要求是共同进化和生物多样性的形成。,13,协同进化与生物多样性,generated_mvp_verified_concept
针对遗传系谱题，这道题围绕协同进化与生物多样性展开，判断依据是共同进化和生物多样性的形成。,13,协同进化与生物多样性,generated_mvp_verified_concept
在遗传系谱题的遗传与进化模块中，协同进化与生物多样性常要求学生共同进化和生物多样性的形成。,13,协同进化与生物多样性,generated_mvp_verified_concept
若遗传系谱题题目出现协同进化与生物多样性相关情境，应重点关注共同进化和生物多样性的形成。,13,协同进化与生物多样性,generated_mvp_verified_concept
本题来自遗传系谱题，属于协同进化与生物多样性知识模块，解题时应能共同进化和生物多样性的形成。,13,协同进化与生物多样性,generated_mvp_verified_concept
在概念辨析题中，本题考查协同进化与生物多样性，核心要求是共同进化和生物多样性的形成。,13,协同进化与生物多样性,generated_mvp_verified_concept
针对概念辨析题，这道题围绕协同进化与生物多样性展开，判断依据是共同进化和生物多样性的形成。,13,协同进化与生物多样性,generated_mvp_verified_concept
在概念辨析题的遗传与进化模块中，协同进化与生物多样性常要求学生共同进化和生物多样性的形成。,13,协同进化与生物多样性,generated_mvp_verified_concept
若概念辨析题题目出现协同进化与生物多样性相关情境，应重点关注共同进化和生物多样性的形成。,13,协同进化与生物多样性,generated_mvp_verified_concept
本题来自概念辨析题，属于协同进化与生物多样性知识模块，解题时应能共同进化和生物多样性的形成。,13,协同进化与生物多样性,generated_mvp_verified_concept
在数据推断题中，本题考查协同进化与生物多样性，核心要求是共同进化和生物多样性的形成。,13,协同进化与生物多样性,generated_mvp_verified_concept
针对数据推断题，这道题围绕协同进化与生物多样性展开，判断依据是共同进化和生物多样性的形成。,13,协同进化与生物多样性,generated_mvp_verified_concept
在数据推断题的遗传与进化模块中，协同进化与生物多样性常要求学生共同进化和生物多样性的形成。,13,协同进化与生物多样性,generated_mvp_verified_concept
若数据推断题题目出现协同进化与生物多样性相关情境，应重点关注共同进化和生物多样性的形成。,13,协同进化与生物多样性,generated_mvp_verified_concept
本题来自数据推断题，属于协同进化与生物多样性知识模块，解题时应能共同进化和生物多样性的形成。,13,协同进化与生物多样性,generated_mvp_verified_concept
在情境应用题中，本题考查协同进化与生物多样性，核心要求是共同进化和生物多样性的形成。,13,协同进化与生物多样性,generated_mvp_verified_concept
针对情境应用题，这道题围绕协同进化与生物多样性展开，判断依据是共同进化和生物多样性的形成。,13,协同进化与生物多样性,generated_mvp_verified_concept
在情境应用题的遗传与进化模块中，协同进化与生物多样性常要求学生共同进化和生物多样性的形成。,13,协同进化与生物多样性,generated_mvp_verified_concept
若情境应用题题目出现协同进化与生物多样性相关情境，应重点关注共同进化和生物多样性的形成。,13,协同进化与生物多样性,generated_mvp_verified_concept
本题来自情境应用题，属于协同进化与生物多样性知识模块，解题时应能共同进化和生物多样性的形成。,13,协同进化与生物多样性,generated_mvp_verified_concept
在复习巩固题中，本题考查协同进化与生物多样性，核心要求是共同进化和生物多样性的形成。,13,协同进化与生物多样性,generated_mvp_verified_concept
针对复习巩固题，这道题围绕协同进化与生物多样性展开，判断依据是共同进化和生物多样性的形成。,13,协同进化与生物多样性,generated_mvp_verified_concept
在复习巩固题的遗传与进化模块中，协同进化与生物多样性常要求学生共同进化和生物多样性的形成。,13,协同进化与生物多样性,generated_mvp_verified_concept
若复习巩固题题目出现协同进化与生物多样性相关情境，应重点关注共同进化和生物多样性的形成。,13,协同进化与生物多样性,generated_mvp_verified_concept
本题来自复习巩固题，属于协同进化与生物多样性知识模块，解题时应能共同进化和生物多样性的形成。,13,协同进化与生物多样性,generated_mvp_verified_concept
在错因分析题中，本题考查协同进化与生物多样性，核心要求是共同进化和生物多样性的形成。,13,协同进化与生物多样性,generated_mvp_verified_concept
针对错因分析题，这道题围绕协同进化与生物多样性展开，判断依据是共同进化和生物多样性的形成。,13,协同进化与生物多样性,generated_mvp_verified_concept
在错因分析题的遗传与进化模块中，协同进化与生物多样性常要求学生共同进化和生物多样性的形成。,13,协同进化与生物多样性,generated_mvp_verified_concept
若错因分析题题目出现协同进化与生物多样性相关情境，应重点关注共同进化和生物多样性的形成。,13,协同进化与生物多样性,generated_mvp_verified_concept
本题来自错因分析题，属于协同进化与生物多样性知识模块，解题时应能共同进化和生物多样性的形成。,13,协同进化与生物多样性,generated_mvp_verified_concept
在教材基础题中，本题考查协同进化与生物多样性，核心要求是共同进化和生物多样性的形成。,13,协同进化与生物多样性,generated_mvp_verified_concept
针对教材基础题，这道题围绕协同进化与生物多样性展开，判断依据是共同进化和生物多样性的形成。,13,协同进化与生物多样性,generated_mvp_verified_concept
在教材基础题的遗传与进化模块中，协同进化与生物多样性常要求学生共同进化和生物多样性的形成。,13,协同进化与生物多样性,generated_mvp_verified_concept
若教材基础题题目出现协同进化与生物多样性相关情境，应重点关注共同进化和生物多样性的形成。,13,协同进化与生物多样性,generated_mvp_verified_concept
本题来自教材基础题，属于协同进化与生物多样性知识模块，解题时应能共同进化和生物多样性的形成。,13,协同进化与生物多样性,generated_mvp_verified_concept
在能力提升题中，本题考查协同进化与生物多样性，核心要求是共同进化和生物多样性的形成。,13,协同进化与生物多样性,generated_mvp_verified_concept
针对能力提升题，这道题围绕协同进化与生物多样性展开，判断依据是共同进化和生物多样性的形成。,13,协同进化与生物多样性,generated_mvp_verified_concept
在能力提升题的遗传与进化模块中，协同进化与生物多样性常要求学生共同进化和生物多样性的形成。,13,协同进化与生物多样性,generated_mvp_verified_concept
若能力提升题题目出现协同进化与生物多样性相关情境，应重点关注共同进化和生物多样性的形成。,13,协同进化与生物多样性,generated_mvp_verified_concept
本题来自能力提升题，属于协同进化与生物多样性知识模块，解题时应能共同进化和生物多样性的形成。,13,协同进化与生物多样性,generated_mvp_verified_concept
在综合训练题中，本题考查协同进化与生物多样性，核心要求是共同进化和生物多样性的形成。,13,协同进化与生物多样性,generated_mvp_verified_concept
针对综合训练题，这道题围绕协同进化与生物多样性展开，判断依据是共同进化和生物多样性的形成。,13,协同进化与生物多样性,generated_mvp_verified_concept
在综合训练题的遗传与进化模块中，协同进化与生物多样性常要求学生共同进化和生物多样性的形成。,13,协同进化与生物多样性,generated_mvp_verified_concept
若综合训练题题目出现协同进化与生物多样性相关情境，应重点关注共同进化和生物多样性的形成。,13,协同进化与生物多样性,generated_mvp_verified_concept
本题来自综合训练题，属于协同进化与生物多样性知识模块，解题时应能共同进化和生物多样性的形成。,13,协同进化与生物多样性,generated_mvp_verified_concept
在考点归纳题中，本题考查协同进化与生物多样性，核心要求是共同进化和生物多样性的形成。,13,协同进化与生物多样性,generated_mvp_verified_concept
针对考点归纳题，这道题围绕协同进化与生物多样性展开，判断依据是共同进化和生物多样性的形成。,13,协同进化与生物多样性,generated_mvp_verified_concept
在考点归纳题的遗传与进化模块中，协同进化与生物多样性常要求学生共同进化和生物多样性的形成。,13,协同进化与生物多样性,generated_mvp_verified_concept
若考点归纳题题目出现协同进化与生物多样性相关情境，应重点关注共同进化和生物多样性的形成。,13,协同进化与生物多样性,generated_mvp_verified_concept
本题来自考点归纳题，属于协同进化与生物多样性知识模块，解题时应能共同进化和生物多样性的形成。,13,协同进化与生物多样性,generated_mvp_verified_concept
在现象解释题中，本题考查协同进化与生物多样性，核心要求是共同进化和生物多样性的形成。,13,协同进化与生物多样性,generated_mvp_verified_concept
针对现象解释题，这道题围绕协同进化与生物多样性展开，判断依据是共同进化和生物多样性的形成。,13,协同进化与生物多样性,generated_mvp_verified_concept
在现象解释题的遗传与进化模块中，协同进化与生物多样性常要求学生共同进化和生物多样性的形成。,13,协同进化与生物多样性,generated_mvp_verified_concept
若现象解释题题目出现协同进化与生物多样性相关情境，应重点关注共同进化和生物多样性的形成。,13,协同进化与生物多样性,generated_mvp_verified_concept
本题来自现象解释题，属于协同进化与生物多样性知识模块，解题时应能共同进化和生物多样性的形成。,13,协同进化与生物多样性,generated_mvp_verified_concept
在原理应用题中，本题考查协同进化与生物多样性，核心要求是共同进化和生物多样性的形成。,13,协同进化与生物多样性,generated_mvp_verified_concept
针对原理应用题，这道题围绕协同进化与生物多样性展开，判断依据是共同进化和生物多样性的形成。,13,协同进化与生物多样性,generated_mvp_verified_concept
在原理应用题的遗传与进化模块中，协同进化与生物多样性常要求学生共同进化和生物多样性的形成。,13,协同进化与生物多样性,generated_mvp_verified_concept
若原理应用题题目出现协同进化与生物多样性相关情境，应重点关注共同进化和生物多样性的形成。,13,协同进化与生物多样性,generated_mvp_verified_concept
本题来自原理应用题，属于协同进化与生物多样性知识模块，解题时应能共同进化和生物多样性的形成。,13,协同进化与生物多样性,generated_mvp_verified_concept
在结论推理题中，本题考查协同进化与生物多样性，核心要求是共同进化和生物多样性的形成。,13,协同进化与生物多样性,generated_mvp_verified_concept
针对结论推理题，这道题围绕协同进化与生物多样性展开，判断依据是共同进化和生物多样性的形成。,13,协同进化与生物多样性,generated_mvp_verified_concept
在结论推理题的遗传与进化模块中，协同进化与生物多样性常要求学生共同进化和生物多样性的形成。,13,协同进化与生物多样性,generated_mvp_verified_concept
若结论推理题题目出现协同进化与生物多样性相关情境，应重点关注共同进化和生物多样性的形成。,13,协同进化与生物多样性,generated_mvp_verified_concept
本题来自结论推理题，属于协同进化与生物多样性知识模块，解题时应能共同进化和生物多样性的形成。,13,协同进化与生物多样性,generated_mvp_verified_concept
在过程排序题中，本题考查协同进化与生物多样性，核心要求是共同进化和生物多样性的形成。,13,协同进化与生物多样性,generated_mvp_verified_concept
针对过程排序题，这道题围绕协同进化与生物多样性展开，判断依据是共同进化和生物多样性的形成。,13,协同进化与生物多样性,generated_mvp_verified_concept
在过程排序题的遗传与进化模块中，协同进化与生物多样性常要求学生共同进化和生物多样性的形成。,13,协同进化与生物多样性,generated_mvp_verified_concept
若过程排序题题目出现协同进化与生物多样性相关情境，应重点关注共同进化和生物多样性的形成。,13,协同进化与生物多样性,generated_mvp_verified_concept
本题来自过程排序题，属于协同进化与生物多样性知识模块，解题时应能共同进化和生物多样性的形成。,13,协同进化与生物多样性,generated_mvp_verified_concept
在对照实验题中，本题考查协同进化与生物多样性，核心要求是共同进化和生物多样性的形成。,13,协同进化与生物多样性,generated_mvp_verified_concept
针对对照实验题，这道题围绕协同进化与生物多样性展开，判断依据是共同进化和生物多样性的形成。,13,协同进化与生物多样性,generated_mvp_verified_concept
在对照实验题的遗传与进化模块中，协同进化与生物多样性常要求学生共同进化和生物多样性的形成。,13,协同进化与生物多样性,generated_mvp_verified_concept
若对照实验题题目出现协同进化与生物多样性相关情境，应重点关注共同进化和生物多样性的形成。,13,协同进化与生物多样性,generated_mvp_verified_concept
本题来自对照实验题，属于协同进化与生物多样性知识模块，解题时应能共同进化和生物多样性的形成。,13,协同进化与生物多样性,generated_mvp_verified_concept
在模型建构题中，本题考查协同进化与生物多样性，核心要求是共同进化和生物多样性的形成。,13,协同进化与生物多样性,generated_mvp_verified_concept
针对模型建构题，这道题围绕协同进化与生物多样性展开，判断依据是共同进化和生物多样性的形成。,13,协同进化与生物多样性,generated_mvp_verified_concept
在模型建构题的遗传与进化模块中，协同进化与生物多样性常要求学生共同进化和生物多样性的形成。,13,协同进化与生物多样性,generated_mvp_verified_concept
若模型建构题题目出现协同进化与生物多样性相关情境，应重点关注共同进化和生物多样性的形成。,13,协同进化与生物多样性,generated_mvp_verified_concept
本题来自模型建构题，属于协同进化与生物多样性知识模块，解题时应能共同进化和生物多样性的形成。,13,协同进化与生物多样性,generated_mvp_verified_concept
在单项选择题中，本题考查探究实践与模型实验，核心要求是解释模拟实验、观察实验和调查实验目的。,14,探究实践与模型实验,generated_mvp_verified_concept
针对单项选择题，这道题围绕探究实践与模型实验展开，判断依据是解释模拟实验、观察实验和调查实验目的。,14,探究实践与模型实验,generated_mvp_verified_concept
在单项选择题的遗传与进化模块中，探究实践与模型实验常要求学生解释模拟实验、观察实验和调查实验目的。,14,探究实践与模型实验,generated_mvp_verified_concept
若单项选择题题目出现探究实践与模型实验相关情境，应重点关注解释模拟实验、观察实验和调查实验目的。,14,探究实践与模型实验,generated_mvp_verified_concept
本题来自单项选择题，属于探究实践与模型实验知识模块，解题时应能解释模拟实验、观察实验和调查实验目的。,14,探究实践与模型实验,generated_mvp_verified_concept
在多项判断题中，本题考查探究实践与模型实验，核心要求是解释模拟实验、观察实验和调查实验目的。,14,探究实践与模型实验,generated_mvp_verified_concept
针对多项判断题，这道题围绕探究实践与模型实验展开，判断依据是解释模拟实验、观察实验和调查实验目的。,14,探究实践与模型实验,generated_mvp_verified_concept
在多项判断题的遗传与进化模块中，探究实践与模型实验常要求学生解释模拟实验、观察实验和调查实验目的。,14,探究实践与模型实验,generated_mvp_verified_concept
若多项判断题题目出现探究实践与模型实验相关情境，应重点关注解释模拟实验、观察实验和调查实验目的。,14,探究实践与模型实验,generated_mvp_verified_concept
本题来自多项判断题，属于探究实践与模型实验知识模块，解题时应能解释模拟实验、观察实验和调查实验目的。,14,探究实践与模型实验,generated_mvp_verified_concept
在实验分析题中，本题考查探究实践与模型实验，核心要求是解释模拟实验、观察实验和调查实验目的。,14,探究实践与模型实验,generated_mvp_verified_concept
针对实验分析题，这道题围绕探究实践与模型实验展开，判断依据是解释模拟实验、观察实验和调查实验目的。,14,探究实践与模型实验,generated_mvp_verified_concept
在实验分析题的遗传与进化模块中，探究实践与模型实验常要求学生解释模拟实验、观察实验和调查实验目的。,14,探究实践与模型实验,generated_mvp_verified_concept
若实验分析题题目出现探究实践与模型实验相关情境，应重点关注解释模拟实验、观察实验和调查实验目的。,14,探究实践与模型实验,generated_mvp_verified_concept
本题来自实验分析题，属于探究实践与模型实验知识模块，解题时应能解释模拟实验、观察实验和调查实验目的。,14,探究实践与模型实验,generated_mvp_verified_concept
在图表识别题中，本题考查探究实践与模型实验，核心要求是解释模拟实验、观察实验和调查实验目的。,14,探究实践与模型实验,generated_mvp_verified_concept
针对图表识别题，这道题围绕探究实践与模型实验展开，判断依据是解释模拟实验、观察实验和调查实验目的。,14,探究实践与模型实验,generated_mvp_verified_concept
在图表识别题的遗传与进化模块中，探究实践与模型实验常要求学生解释模拟实验、观察实验和调查实验目的。,14,探究实践与模型实验,generated_mvp_verified_concept
若图表识别题题目出现探究实践与模型实验相关情境，应重点关注解释模拟实验、观察实验和调查实验目的。,14,探究实践与模型实验,generated_mvp_verified_concept
本题来自图表识别题，属于探究实践与模型实验知识模块，解题时应能解释模拟实验、观察实验和调查实验目的。,14,探究实践与模型实验,generated_mvp_verified_concept
在遗传系谱题中，本题考查探究实践与模型实验，核心要求是解释模拟实验、观察实验和调查实验目的。,14,探究实践与模型实验,generated_mvp_verified_concept
针对遗传系谱题，这道题围绕探究实践与模型实验展开，判断依据是解释模拟实验、观察实验和调查实验目的。,14,探究实践与模型实验,generated_mvp_verified_concept
在遗传系谱题的遗传与进化模块中，探究实践与模型实验常要求学生解释模拟实验、观察实验和调查实验目的。,14,探究实践与模型实验,generated_mvp_verified_concept
若遗传系谱题题目出现探究实践与模型实验相关情境，应重点关注解释模拟实验、观察实验和调查实验目的。,14,探究实践与模型实验,generated_mvp_verified_concept
本题来自遗传系谱题，属于探究实践与模型实验知识模块，解题时应能解释模拟实验、观察实验和调查实验目的。,14,探究实践与模型实验,generated_mvp_verified_concept
在概念辨析题中，本题考查探究实践与模型实验，核心要求是解释模拟实验、观察实验和调查实验目的。,14,探究实践与模型实验,generated_mvp_verified_concept
针对概念辨析题，这道题围绕探究实践与模型实验展开，判断依据是解释模拟实验、观察实验和调查实验目的。,14,探究实践与模型实验,generated_mvp_verified_concept
在概念辨析题的遗传与进化模块中，探究实践与模型实验常要求学生解释模拟实验、观察实验和调查实验目的。,14,探究实践与模型实验,generated_mvp_verified_concept
若概念辨析题题目出现探究实践与模型实验相关情境，应重点关注解释模拟实验、观察实验和调查实验目的。,14,探究实践与模型实验,generated_mvp_verified_concept
本题来自概念辨析题，属于探究实践与模型实验知识模块，解题时应能解释模拟实验、观察实验和调查实验目的。,14,探究实践与模型实验,generated_mvp_verified_concept
在数据推断题中，本题考查探究实践与模型实验，核心要求是解释模拟实验、观察实验和调查实验目的。,14,探究实践与模型实验,generated_mvp_verified_concept
针对数据推断题，这道题围绕探究实践与模型实验展开，判断依据是解释模拟实验、观察实验和调查实验目的。,14,探究实践与模型实验,generated_mvp_verified_concept
在数据推断题的遗传与进化模块中，探究实践与模型实验常要求学生解释模拟实验、观察实验和调查实验目的。,14,探究实践与模型实验,generated_mvp_verified_concept
若数据推断题题目出现探究实践与模型实验相关情境，应重点关注解释模拟实验、观察实验和调查实验目的。,14,探究实践与模型实验,generated_mvp_verified_concept
本题来自数据推断题，属于探究实践与模型实验知识模块，解题时应能解释模拟实验、观察实验和调查实验目的。,14,探究实践与模型实验,generated_mvp_verified_concept
在情境应用题中，本题考查探究实践与模型实验，核心要求是解释模拟实验、观察实验和调查实验目的。,14,探究实践与模型实验,generated_mvp_verified_concept
针对情境应用题，这道题围绕探究实践与模型实验展开，判断依据是解释模拟实验、观察实验和调查实验目的。,14,探究实践与模型实验,generated_mvp_verified_concept
在情境应用题的遗传与进化模块中，探究实践与模型实验常要求学生解释模拟实验、观察实验和调查实验目的。,14,探究实践与模型实验,generated_mvp_verified_concept
若情境应用题题目出现探究实践与模型实验相关情境，应重点关注解释模拟实验、观察实验和调查实验目的。,14,探究实践与模型实验,generated_mvp_verified_concept
本题来自情境应用题，属于探究实践与模型实验知识模块，解题时应能解释模拟实验、观察实验和调查实验目的。,14,探究实践与模型实验,generated_mvp_verified_concept
在复习巩固题中，本题考查探究实践与模型实验，核心要求是解释模拟实验、观察实验和调查实验目的。,14,探究实践与模型实验,generated_mvp_verified_concept
针对复习巩固题，这道题围绕探究实践与模型实验展开，判断依据是解释模拟实验、观察实验和调查实验目的。,14,探究实践与模型实验,generated_mvp_verified_concept
在复习巩固题的遗传与进化模块中，探究实践与模型实验常要求学生解释模拟实验、观察实验和调查实验目的。,14,探究实践与模型实验,generated_mvp_verified_concept
若复习巩固题题目出现探究实践与模型实验相关情境，应重点关注解释模拟实验、观察实验和调查实验目的。,14,探究实践与模型实验,generated_mvp_verified_concept
本题来自复习巩固题，属于探究实践与模型实验知识模块，解题时应能解释模拟实验、观察实验和调查实验目的。,14,探究实践与模型实验,generated_mvp_verified_concept
在错因分析题中，本题考查探究实践与模型实验，核心要求是解释模拟实验、观察实验和调查实验目的。,14,探究实践与模型实验,generated_mvp_verified_concept
针对错因分析题，这道题围绕探究实践与模型实验展开，判断依据是解释模拟实验、观察实验和调查实验目的。,14,探究实践与模型实验,generated_mvp_verified_concept
在错因分析题的遗传与进化模块中，探究实践与模型实验常要求学生解释模拟实验、观察实验和调查实验目的。,14,探究实践与模型实验,generated_mvp_verified_concept
若错因分析题题目出现探究实践与模型实验相关情境，应重点关注解释模拟实验、观察实验和调查实验目的。,14,探究实践与模型实验,generated_mvp_verified_concept
本题来自错因分析题，属于探究实践与模型实验知识模块，解题时应能解释模拟实验、观察实验和调查实验目的。,14,探究实践与模型实验,generated_mvp_verified_concept
在教材基础题中，本题考查探究实践与模型实验，核心要求是解释模拟实验、观察实验和调查实验目的。,14,探究实践与模型实验,generated_mvp_verified_concept
针对教材基础题，这道题围绕探究实践与模型实验展开，判断依据是解释模拟实验、观察实验和调查实验目的。,14,探究实践与模型实验,generated_mvp_verified_concept
在教材基础题的遗传与进化模块中，探究实践与模型实验常要求学生解释模拟实验、观察实验和调查实验目的。,14,探究实践与模型实验,generated_mvp_verified_concept
若教材基础题题目出现探究实践与模型实验相关情境，应重点关注解释模拟实验、观察实验和调查实验目的。,14,探究实践与模型实验,generated_mvp_verified_concept
本题来自教材基础题，属于探究实践与模型实验知识模块，解题时应能解释模拟实验、观察实验和调查实验目的。,14,探究实践与模型实验,generated_mvp_verified_concept
在能力提升题中，本题考查探究实践与模型实验，核心要求是解释模拟实验、观察实验和调查实验目的。,14,探究实践与模型实验,generated_mvp_verified_concept
针对能力提升题，这道题围绕探究实践与模型实验展开，判断依据是解释模拟实验、观察实验和调查实验目的。,14,探究实践与模型实验,generated_mvp_verified_concept
在能力提升题的遗传与进化模块中，探究实践与模型实验常要求学生解释模拟实验、观察实验和调查实验目的。,14,探究实践与模型实验,generated_mvp_verified_concept
若能力提升题题目出现探究实践与模型实验相关情境，应重点关注解释模拟实验、观察实验和调查实验目的。,14,探究实践与模型实验,generated_mvp_verified_concept
本题来自能力提升题，属于探究实践与模型实验知识模块，解题时应能解释模拟实验、观察实验和调查实验目的。,14,探究实践与模型实验,generated_mvp_verified_concept
在综合训练题中，本题考查探究实践与模型实验，核心要求是解释模拟实验、观察实验和调查实验目的。,14,探究实践与模型实验,generated_mvp_verified_concept
针对综合训练题，这道题围绕探究实践与模型实验展开，判断依据是解释模拟实验、观察实验和调查实验目的。,14,探究实践与模型实验,generated_mvp_verified_concept
在综合训练题的遗传与进化模块中，探究实践与模型实验常要求学生解释模拟实验、观察实验和调查实验目的。,14,探究实践与模型实验,generated_mvp_verified_concept
若综合训练题题目出现探究实践与模型实验相关情境，应重点关注解释模拟实验、观察实验和调查实验目的。,14,探究实践与模型实验,generated_mvp_verified_concept
本题来自综合训练题，属于探究实践与模型实验知识模块，解题时应能解释模拟实验、观察实验和调查实验目的。,14,探究实践与模型实验,generated_mvp_verified_concept
在考点归纳题中，本题考查探究实践与模型实验，核心要求是解释模拟实验、观察实验和调查实验目的。,14,探究实践与模型实验,generated_mvp_verified_concept
针对考点归纳题，这道题围绕探究实践与模型实验展开，判断依据是解释模拟实验、观察实验和调查实验目的。,14,探究实践与模型实验,generated_mvp_verified_concept
在考点归纳题的遗传与进化模块中，探究实践与模型实验常要求学生解释模拟实验、观察实验和调查实验目的。,14,探究实践与模型实验,generated_mvp_verified_concept
若考点归纳题题目出现探究实践与模型实验相关情境，应重点关注解释模拟实验、观察实验和调查实验目的。,14,探究实践与模型实验,generated_mvp_verified_concept
本题来自考点归纳题，属于探究实践与模型实验知识模块，解题时应能解释模拟实验、观察实验和调查实验目的。,14,探究实践与模型实验,generated_mvp_verified_concept
在现象解释题中，本题考查探究实践与模型实验，核心要求是解释模拟实验、观察实验和调查实验目的。,14,探究实践与模型实验,generated_mvp_verified_concept
针对现象解释题，这道题围绕探究实践与模型实验展开，判断依据是解释模拟实验、观察实验和调查实验目的。,14,探究实践与模型实验,generated_mvp_verified_concept
在现象解释题的遗传与进化模块中，探究实践与模型实验常要求学生解释模拟实验、观察实验和调查实验目的。,14,探究实践与模型实验,generated_mvp_verified_concept
若现象解释题题目出现探究实践与模型实验相关情境，应重点关注解释模拟实验、观察实验和调查实验目的。,14,探究实践与模型实验,generated_mvp_verified_concept
本题来自现象解释题，属于探究实践与模型实验知识模块，解题时应能解释模拟实验、观察实验和调查实验目的。,14,探究实践与模型实验,generated_mvp_verified_concept
在原理应用题中，本题考查探究实践与模型实验，核心要求是解释模拟实验、观察实验和调查实验目的。,14,探究实践与模型实验,generated_mvp_verified_concept
针对原理应用题，这道题围绕探究实践与模型实验展开，判断依据是解释模拟实验、观察实验和调查实验目的。,14,探究实践与模型实验,generated_mvp_verified_concept
在原理应用题的遗传与进化模块中，探究实践与模型实验常要求学生解释模拟实验、观察实验和调查实验目的。,14,探究实践与模型实验,generated_mvp_verified_concept
若原理应用题题目出现探究实践与模型实验相关情境，应重点关注解释模拟实验、观察实验和调查实验目的。,14,探究实践与模型实验,generated_mvp_verified_concept
本题来自原理应用题，属于探究实践与模型实验知识模块，解题时应能解释模拟实验、观察实验和调查实验目的。,14,探究实践与模型实验,generated_mvp_verified_concept
在结论推理题中，本题考查探究实践与模型实验，核心要求是解释模拟实验、观察实验和调查实验目的。,14,探究实践与模型实验,generated_mvp_verified_concept
针对结论推理题，这道题围绕探究实践与模型实验展开，判断依据是解释模拟实验、观察实验和调查实验目的。,14,探究实践与模型实验,generated_mvp_verified_concept
在结论推理题的遗传与进化模块中，探究实践与模型实验常要求学生解释模拟实验、观察实验和调查实验目的。,14,探究实践与模型实验,generated_mvp_verified_concept
若结论推理题题目出现探究实践与模型实验相关情境，应重点关注解释模拟实验、观察实验和调查实验目的。,14,探究实践与模型实验,generated_mvp_verified_concept
本题来自结论推理题，属于探究实践与模型实验知识模块，解题时应能解释模拟实验、观察实验和调查实验目的。,14,探究实践与模型实验,generated_mvp_verified_concept
在过程排序题中，本题考查探究实践与模型实验，核心要求是解释模拟实验、观察实验和调查实验目的。,14,探究实践与模型实验,generated_mvp_verified_concept
针对过程排序题，这道题围绕探究实践与模型实验展开，判断依据是解释模拟实验、观察实验和调查实验目的。,14,探究实践与模型实验,generated_mvp_verified_concept
在过程排序题的遗传与进化模块中，探究实践与模型实验常要求学生解释模拟实验、观察实验和调查实验目的。,14,探究实践与模型实验,generated_mvp_verified_concept
若过程排序题题目出现探究实践与模型实验相关情境，应重点关注解释模拟实验、观察实验和调查实验目的。,14,探究实践与模型实验,generated_mvp_verified_concept
本题来自过程排序题，属于探究实践与模型实验知识模块，解题时应能解释模拟实验、观察实验和调查实验目的。,14,探究实践与模型实验,generated_mvp_verified_concept
在对照实验题中，本题考查探究实践与模型实验，核心要求是解释模拟实验、观察实验和调查实验目的。,14,探究实践与模型实验,generated_mvp_verified_concept
针对对照实验题，这道题围绕探究实践与模型实验展开，判断依据是解释模拟实验、观察实验和调查实验目的。,14,探究实践与模型实验,generated_mvp_verified_concept
在对照实验题的遗传与进化模块中，探究实践与模型实验常要求学生解释模拟实验、观察实验和调查实验目的。,14,探究实践与模型实验,generated_mvp_verified_concept
若对照实验题题目出现探究实践与模型实验相关情境，应重点关注解释模拟实验、观察实验和调查实验目的。,14,探究实践与模型实验,generated_mvp_verified_concept
本题来自对照实验题，属于探究实践与模型实验知识模块，解题时应能解释模拟实验、观察实验和调查实验目的。,14,探究实践与模型实验,generated_mvp_verified_concept
在模型建构题中，本题考查探究实践与模型实验，核心要求是解释模拟实验、观察实验和调查实验目的。,14,探究实践与模型实验,generated_mvp_verified_concept
针对模型建构题，这道题围绕探究实践与模型实验展开，判断依据是解释模拟实验、观察实验和调查实验目的。,14,探究实践与模型实验,generated_mvp_verified_concept
在模型建构题的遗传与进化模块中，探究实践与模型实验常要求学生解释模拟实验、观察实验和调查实验目的。,14,探究实践与模型实验,generated_mvp_verified_concept
若模型建构题题目出现探究实践与模型实验相关情境，应重点关注解释模拟实验、观察实验和调查实验目的。,14,探究实践与模型实验,generated_mvp_verified_concept
本题来自模型建构题，属于探究实践与模型实验知识模块，解题时应能解释模拟实验、观察实验和调查实验目的。,14,探究实践与模型实验,generated_mvp_verified_concept
